clean_file,enhanced_file,sampling_rate,PESQ,SI_SDR,STOI,DNSMOS_p808_mos,DNSMOS_mos_sig,DNSMOS_mos_bak,DNSMOS_mos_ovr
p106_emo_adoration_freeform,spectral_p106_emo_adoration_freeform_fold10_100648-1-0-0_SNR5dB.wav,16000,1.0534294843673706,2.439359426498413,0.6444886922836304,2.448336567197527,3.740595399702132,2.313871314441243,2.4758472399198945
