clean_file,enhanced_file,sampling_rate,PESQ,SI_SDR,STOI,DNSMOS_p808_mos,DNSMOS_mos_sig,DNSMOS_mos_bak,DNSMOS_mos_ovr
p101_emo_adoration_sentences,WF_p101_emo_adoration_sentences_fold10_100795-3-0-0_SNR-5dB.wav,16000,1.1915979385375977,-5.385251998901367,0.7698288559913635,3.4089291095733643,4.055719978861731,2.058912304781348,2.5248295836764703
