clean_file,enhanced_file,sampling_rate,PESQ,SI_SDR,STOI,DNSMOS_p808_mos,DNSMOS_mos_sig,DNSMOS_mos_bak,DNSMOS_mos_ovr
p101_emo_amazement_sentences,WF_p101_emo_amazement_sentences_fold10_102857-5-0-0_SNR-5dB.wav,16000,1.4796260595321655,4.336922645568848,0.6965808868408203,2.5360308647155763,3.1319133124500786,2.4747711217995603,2.328801387278829
