clean_file,enhanced_file,sampling_rate,PESQ,SI_SDR,STOI,DNSMOS_p808_mos,DNSMOS_mos_sig,DNSMOS_mos_bak,DNSMOS_mos_ovr
p101_emo_confusion_freeform,WF_p101_emo_confusion_freeform_fold10_159742-8-0-0_SNR-5dB.wav,16000,1.0604496002197266,-6.185426712036133,0.5160462856292725,2.2101098696390786,1.6169530604366298,2.2125735437253575,1.4671075933278441
