clean_file,enhanced_file,sampling_rate,PESQ,SI_SDR,STOI,DNSMOS_p808_mos,DNSMOS_mos_sig,DNSMOS_mos_bak,DNSMOS_mos_ovr
p101_emo_amusement_freeform,WF_p101_emo_amusement_freeform_fold10_115241-9-0-1_SNR-5dB.wav,16000,1.043960452079773,-6.848493576049805,0.47496840357780457,2.5238572529384067,3.2593757578008935,1.9518415482679763,2.2415737401003355
