clean_file,enhanced_file,sampling_rate,PESQ,SI_SDR,STOI,DNSMOS_p808_mos,DNSMOS_mos_sig,DNSMOS_mos_bak,DNSMOS_mos_ovr
p101_emo_confusion_sentences,WF_p101_emo_confusion_sentences_fold10_162134-7-0-0_SNR-5dB.wav,16000,1.1580156087875366,-4.049127578735352,0.3271995782852173,2.026318686349051,2.8797953825462317,1.6151467629049103,1.6888316580673222
