clean_file,enhanced_file,sampling_rate,PESQ,SI_SDR,STOI,DNSMOS_p808_mos,DNSMOS_mos_sig,DNSMOS_mos_bak,DNSMOS_mos_ovr
p101_emo_anger_freeform,WF_p101_emo_anger_freeform_fold10_119067-0-0-0_SNR-5dB.wav,16000,1.0645558834075928,1.6071569919586182,0.6072729825973511,2.3035640035356795,3.1127211461301747,1.5184554685272154,1.6255863158485777
