clean_file,enhanced_file,sampling_rate,PESQ,SI_SDR,STOI,DNSMOS_p808_mos,DNSMOS_mos_sig,DNSMOS_mos_bak,DNSMOS_mos_ovr
p101_emo_amazement_freeform,WF_p101_emo_amazement_freeform_fold10_101382-2-0-10_SNR-5dB.wav,16000,1.098060131072998,-5.941760540008545,0.4800594747066498,2.615274715423584,3.7533511197324456,1.6690030355290244,2.0372310424274476
