clean_file,enhanced_file,sampling_rate,PESQ,SI_SDR,STOI,DNSMOS_p808_mos,DNSMOS_mos_sig,DNSMOS_mos_bak,DNSMOS_mos_ovr
p101_emo_confusion_sentences,WF_p101_emo_confusion_sentences_fold10_162134-7-0-0_SNR-5dB.wav,16000,1.1651556491851807,-3.5402297973632812,0.32789668440818787,1.975529738834926,2.671072728843295,1.5622847144101606,1.5384394178172285
