clean_file,enhanced_file,sampling_rate,PESQ,SI_SDR,STOI,DNSMOS_p808_mos,DNSMOS_mos_sig,DNSMOS_mos_bak,DNSMOS_mos_ovr
p101_emo_confusion_sentences,WF_p101_emo_confusion_sentences_fold10_162134-7-0-0_SNR-5dB.wav,16000,1.1587803363800049,-3.9163293838500977,0.32729312777519226,2.035039118358067,2.645329152255811,1.5785429904604737,1.5717510016616631
