clean_file,enhanced_file,sampling_rate,PESQ,SI_SDR,STOI,DNSMOS_p808_mos,DNSMOS_mos_sig,DNSMOS_mos_bak,DNSMOS_mos_ovr
p101_emo_amazement_sentences,WF_p101_emo_amazement_sentences_fold10_102857-5-0-0_SNR-5dB.wav,16000,1.436342477798462,3.891160249710083,0.7023056745529175,2.4950234413146974,3.649555364773655,2.47209760984486,2.630854753651301
