clean_file,enhanced_file,sampling_rate,PESQ,SI_SDR,STOI,DNSMOS_p808_mos,DNSMOS_mos_sig,DNSMOS_mos_bak,DNSMOS_mos_ovr
p101_emo_amusement_freeform,WF_p101_emo_amusement_freeform_fold10_115241-9-0-1_SNR-5dB.wav,16000,1.0450146198272705,-6.10825252532959,0.49169132113456726,2.4209794998168945,3.4293623438746397,1.6160735756872306,2.092641966679027
