clean_file,enhanced_file,sampling_rate,PESQ,SI_SDR,STOI,DNSMOS_p808_mos,DNSMOS_mos_sig,DNSMOS_mos_bak,DNSMOS_mos_ovr
p101_emo_amazement_sentences,WF_p101_emo_amazement_sentences_fold10_102857-5-0-0_SNR-5dB.wav,16000,1.3261691331863403,2.389981508255005,0.6973273158073425,2.425037384033203,4.013420482605142,2.4689548917754216,2.803801943706644
