clean_file,enhanced_file,sampling_rate,PESQ,SI_SDR,STOI,DNSMOS_p808_mos,DNSMOS_mos_sig,DNSMOS_mos_bak,DNSMOS_mos_ovr
p101_emo_anger_sentences,WF_p101_emo_anger_sentences_fold10_157207-6-0-0_SNR-5dB.wav,16000,2.0709450244903564,-4.923806667327881,0.922065019607544,3.0982162271227156,4.099196974291286,3.0338345071631,3.143662086474366
