clean_file,enhanced_file,sampling_rate,PESQ,SI_SDR,STOI,DNSMOS_p808_mos,DNSMOS_mos_sig,DNSMOS_mos_bak,DNSMOS_mos_ovr
p101_emo_anger_sentences,WF_p101_emo_anger_sentences_fold10_157207-6-0-0_SNR-5dB.wav,16000,1.9884729385375977,-4.889996528625488,0.9219598174095154,3.1068222182137624,4.130781471175699,3.1818902375345806,3.1918047377440266
