clean_file,enhanced_file,sampling_rate,PESQ,SI_SDR,STOI,DNSMOS_p808_mos,DNSMOS_mos_sig,DNSMOS_mos_bak,DNSMOS_mos_ovr
p101_emo_confusion_sentences,WF_p101_emo_confusion_sentences_fold10_162134-7-0-0_SNR-5dB.wav,16000,1.1675504446029663,-3.5561599731445312,0.32976576685905457,1.9731995378221785,3.04251714873648,1.5831938056594748,1.709672221932887
