clean_file,enhanced_file,sampling_rate,PESQ,SI_SDR,STOI,DNSMOS_p808_mos,DNSMOS_mos_sig,DNSMOS_mos_bak,DNSMOS_mos_ovr
p101_emo_amusement_sentences,WF_p101_emo_amusement_sentences_fold10_118278-4-0-0_SNR-5dB.wav,16000,1.094494342803955,-1.9258880615234375,0.6608624458312988,2.5975354398999895,2.984536702153289,2.307815011885,2.1889279713135883
