clean_file,enhanced_file,sampling_rate,PESQ,SI_SDR,STOI,DNSMOS_p808_mos,DNSMOS_mos_sig,DNSMOS_mos_bak,DNSMOS_mos_ovr
p101_emo_amazement_freeform,WF_p101_emo_amazement_freeform_fold10_101382-2-0-10_SNR-5dB.wav,16000,1.081135869026184,-5.74188756942749,0.4683375358581543,2.5575090408325196,3.824270818280341,1.705475814001165,2.0591064172049878
