clean_file,enhanced_file,sampling_rate,PESQ,SI_SDR,STOI,DNSMOS_p808_mos,DNSMOS_mos_sig,DNSMOS_mos_bak,DNSMOS_mos_ovr
p101_emo_amusement_sentences,WF_p101_emo_amusement_sentences_fold10_118278-4-0-0_SNR-5dB.wav,16000,1.0949044227600098,-1.9478709697723389,0.6641449332237244,2.5973465783255443,2.916049331385476,2.2993436215991987,2.158626291932173
