clean_file,enhanced_file,sampling_rate,PESQ,SI_SDR,STOI,DNSMOS_p808_mos,DNSMOS_mos_sig,DNSMOS_mos_bak,DNSMOS_mos_ovr
p101_emo_adoration_freeform,WF_p101_emo_adoration_freeform_fold10_100648-1-0-0_SNR-5dB.wav,16000,1.1250314712524414,-4.7268147468566895,0.44943687319755554,2.3747457776750838,2.1907323166696635,1.7381430423292823,1.424913253220955
