clean_file,enhanced_file,sampling_rate,PESQ,SI_SDR,STOI,DNSMOS_p808_mos,DNSMOS_mos_sig,DNSMOS_mos_bak,DNSMOS_mos_ovr
p101_emo_confusion_freeform,WF_p101_emo_confusion_freeform_fold10_159742-8-0-0_SNR-5dB.wav,16000,1.0704869031906128,-5.496790409088135,0.5126661062240601,2.249280055363973,1.4391943934383642,2.089124630095536,1.268485574169104
