clean_file,enhanced_file,sampling_rate,PESQ,SI_SDR,STOI,DNSMOS_p808_mos,DNSMOS_mos_sig,DNSMOS_mos_bak,DNSMOS_mos_ovr
p101_emo_adoration_freeform,WF_p101_emo_adoration_freeform_fold10_100648-1-0-0_SNR-5dB.wav,16000,1.1264476776123047,-4.779761791229248,0.4473716616630554,2.3905320848737444,2.1848955198384106,1.711678109761447,1.4033876433793557
