clean_file,enhanced_file,sampling_rate,PESQ,SI_SDR,STOI,DNSMOS_p808_mos,DNSMOS_mos_sig,DNSMOS_mos_bak,DNSMOS_mos_ovr
p101_emo_anger_sentences,WF_p101_emo_anger_sentences_fold10_157207-6-0-0_SNR-5dB.wav,16000,1.881187915802002,-5.157992362976074,0.9144546985626221,3.06290408543178,3.953581482842164,2.749858624814707,2.907321960689253
