clean_file,enhanced_file,sampling_rate,PESQ,SI_SDR,STOI,DNSMOS_p808_mos,DNSMOS_mos_sig,DNSMOS_mos_bak,DNSMOS_mos_ovr
p101_emo_adoration_sentences,WF_p101_emo_adoration_sentences_fold10_100795-3-0-0_SNR-5dB.wav,16000,1.2778102159500122,-5.2048773765563965,0.7779737710952759,3.2981057167053223,4.1528756011819405,1.8355533245187956,2.429254192482053
