clean_file,enhanced_file,sampling_rate,PESQ,SI_SDR,STOI,DNSMOS_p808_mos,DNSMOS_mos_sig,DNSMOS_mos_bak,DNSMOS_mos_ovr
p101_emo_anger_freeform,WF_p101_emo_anger_freeform_fold10_119067-0-0-0_SNR-5dB.wav,16000,1.0528898239135742,0.22719570994377136,0.6107974052429199,2.315398488725935,3.351075264754212,1.5253138137523374,1.6707451380890492
