clean_file,enhanced_file,sampling_rate,PESQ,SI_SDR,STOI,DNSMOS_p808_mos,DNSMOS_mos_sig,DNSMOS_mos_bak,DNSMOS_mos_ovr
p101_emo_anger_sentences,WF_p101_emo_anger_sentences_fold10_157207-6-0-0_SNR-5dB.wav,16000,2.079141855239868,-4.8817925453186035,0.9244373440742493,3.1128186838967458,4.116129051979565,3.1843725106281444,3.2079612567554725
