clean_file,enhanced_file,sampling_rate,PESQ,SI_SDR,STOI,DNSMOS_p808_mos,DNSMOS_mos_sig,DNSMOS_mos_bak,DNSMOS_mos_ovr
p101_emo_adoration_freeform,WF_p101_emo_adoration_freeform_fold10_100648-1-0-0_SNR-5dB.wav,16000,1.1400179862976074,-5.838515281677246,0.4623415768146515,2.3591792242867604,2.2727605555307755,1.8115315466778017,1.594196918681996
