clean_file,enhanced_file,sampling_rate,PESQ,SI_SDR,STOI,DNSMOS_p808_mos,DNSMOS_mos_sig,DNSMOS_mos_bak,DNSMOS_mos_ovr
p101_emo_adoration_sentences,WF_p101_emo_adoration_sentences_fold10_100795-3-0-0_SNR-5dB.wav,16000,1.2889769077301025,-5.2017059326171875,0.7784655690193176,3.2849223613739014,4.169554004554466,1.8519604704687276,2.43735281792666
