clean_file,enhanced_file,sampling_rate,PESQ,SI_SDR,STOI,DNSMOS_p808_mos,DNSMOS_mos_sig,DNSMOS_mos_bak,DNSMOS_mos_ovr
p101_emo_adoration_sentences,WF_p101_emo_adoration_sentences_fold10_100795-3-0-0_SNR-5dB.wav,16000,1.1786375045776367,-5.597507953643799,0.7621055245399475,3.444816827774048,3.8568598483225545,1.9604850176281703,2.3521549843893936
