clean_file,enhanced_file,sampling_rate,PESQ,SI_SDR,STOI,DNSMOS_p808_mos,DNSMOS_mos_sig,DNSMOS_mos_bak,DNSMOS_mos_ovr
p101_emo_amazement_sentences,WF_p101_emo_amazement_sentences_fold10_102857-5-0-0_SNR-5dB.wav,16000,1.362706184387207,3.3945865631103516,0.6829256415367126,2.4773671627044678,3.5402254176736996,2.351696745563407,2.4759140003631455
