clean_file,enhanced_file,sampling_rate,PESQ,SI_SDR,STOI,DNSMOS_p808_mos,DNSMOS_mos_sig,DNSMOS_mos_bak,DNSMOS_mos_ovr
p101_emo_anger_sentences,WF_p101_emo_anger_sentences_fold10_157207-6-0-0_SNR-5dB.wav,16000,2.199345350265503,-4.883927822113037,0.9338057637214661,3.1511055741991316,4.164442188125979,2.8639061556583223,3.1135723339638885
