clean_file,enhanced_file,sampling_rate,PESQ,SI_SDR,STOI,DNSMOS_p808_mos,DNSMOS_mos_sig,DNSMOS_mos_bak,DNSMOS_mos_ovr
p101_emo_anger_freeform,WF_p101_emo_anger_freeform_fold10_119067-0-0-0_SNR-5dB.wav,16000,1.05459463596344,0.47183436155319214,0.6112263798713684,2.3082054342542375,3.2641429343691937,1.5405978977393626,1.6549996149523445
