clean_file,enhanced_file,sampling_rate,PESQ,SI_SDR,STOI,DNSMOS_p808_mos,DNSMOS_mos_sig,DNSMOS_mos_bak,DNSMOS_mos_ovr
p101_emo_amazement_sentences,WF_p101_emo_amazement_sentences_fold10_102857-5-0-0_SNR-5dB.wav,16000,1.3949158191680908,3.6827383041381836,0.6924067735671997,2.4829622745513915,3.4516381696317104,2.331541452165018,2.43709154965495
