clean_file,enhanced_file,sampling_rate,PESQ,SI_SDR,STOI,DNSMOS_p808_mos,DNSMOS_mos_sig,DNSMOS_mos_bak,DNSMOS_mos_ovr
p101_emo_confusion_freeform,WF_p101_emo_confusion_freeform_fold10_159742-8-0-0_SNR-5dB.wav,16000,1.0602681636810303,-6.040986061096191,0.5271153450012207,2.2273534138997397,1.8847850696344957,1.96164958682603,1.552168096355204
