clean_file,enhanced_file,sampling_rate,PESQ,SI_SDR,STOI,DNSMOS_p808_mos,DNSMOS_mos_sig,DNSMOS_mos_bak,DNSMOS_mos_ovr
p101_emo_anger_freeform,WF_p101_emo_anger_freeform_fold10_119067-0-0-0_SNR-5dB.wav,16000,1.064956545829773,1.6505720615386963,0.6078467965126038,2.3042213235582625,3.078221919968042,1.525585926642736,1.6160204195845338
