clean_file,enhanced_file,sampling_rate,PESQ,SI_SDR,STOI,DNSMOS_p808_mos,DNSMOS_mos_sig,DNSMOS_mos_bak,DNSMOS_mos_ovr
p101_emo_amusement_freeform,WF_p101_emo_amusement_freeform_fold10_115241-9-0-1_SNR-5dB.wav,16000,1.0459487438201904,-6.189012050628662,0.4934645891189575,2.517784220831735,3.01273448534818,1.7137597933286635,2.0090307319617984
