clean_file,enhanced_file,sampling_rate,PESQ,SI_SDR,STOI,DNSMOS_p808_mos,DNSMOS_mos_sig,DNSMOS_mos_bak,DNSMOS_mos_ovr
p101_emo_amusement_sentences,WF_p101_emo_amusement_sentences_fold10_118278-4-0-0_SNR-5dB.wav,16000,1.0839219093322754,-2.9171395301818848,0.6676501631736755,2.3784094197409495,2.5897400490267763,2.2614701868980673,1.9952959718209928
