clean_file,enhanced_file,sampling_rate,PESQ,SI_SDR,STOI,DNSMOS_p808_mos,DNSMOS_mos_sig,DNSMOS_mos_bak,DNSMOS_mos_ovr
p101_emo_amusement_freeform,WF_p101_emo_amusement_freeform_fold10_115241-9-0-1_SNR-5dB.wav,16000,1.0461903810501099,-6.160805702209473,0.49450746178627014,2.513646023614066,3.0100540064568184,1.7144809609719591,2.007686872304283
