clean_file,enhanced_file,sampling_rate,PESQ,SI_SDR,STOI,DNSMOS_p808_mos,DNSMOS_mos_sig,DNSMOS_mos_bak,DNSMOS_mos_ovr
p101_emo_amusement_freeform,WF_p101_emo_amusement_freeform_fold10_115241-9-0-1_SNR-5dB.wav,16000,1.045720100402832,-6.436985969543457,0.4817925989627838,2.5230240481240407,3.243370466915055,1.832884869357282,2.160784375732843
