clean_file,enhanced_file,sampling_rate,PESQ,SI_SDR,STOI,DNSMOS_p808_mos,DNSMOS_mos_sig,DNSMOS_mos_bak,DNSMOS_mos_ovr
p101_emo_confusion_freeform,WF_p101_emo_confusion_freeform_fold10_159742-8-0-0_SNR-5dB.wav,16000,1.0771558284759521,-6.24047327041626,0.5411010384559631,2.230975389480591,2.721458368649643,1.9535656241834722,1.8552047492590937
