clean_file,enhanced_file,sampling_rate,PESQ,SI_SDR,STOI,DNSMOS_p808_mos,DNSMOS_mos_sig,DNSMOS_mos_bak,DNSMOS_mos_ovr
p101_emo_amazement_freeform,WF_p101_emo_amazement_freeform_fold10_101382-2-0-10_SNR-5dB.wav,16000,1.1044209003448486,-5.604539394378662,0.48803144693374634,2.589103937149048,3.93287085292348,1.7266858916262489,2.140748148209231
