clean_file,enhanced_file,sampling_rate,PESQ,SI_SDR,STOI,DNSMOS_p808_mos,DNSMOS_mos_sig,DNSMOS_mos_bak,DNSMOS_mos_ovr
p101_emo_amusement_sentences,WF_p101_emo_amusement_sentences_fold10_118278-4-0-0_SNR-5dB.wav,16000,1.079827070236206,-3.9316251277923584,0.6868813633918762,2.490098237991333,3.4553106166682768,2.1816568514684507,2.3169836824146652
