clean_file,enhanced_file,sampling_rate,PESQ,SI_SDR,STOI,DNSMOS_p808_mos,DNSMOS_mos_sig,DNSMOS_mos_bak,DNSMOS_mos_ovr
p101_emo_confusion_freeform,WF_p101_emo_confusion_freeform_fold10_159742-8-0-0_SNR-5dB.wav,16000,1.0786254405975342,-6.005594253540039,0.5432026982307434,2.247692823410034,2.7646193631279736,1.9238766537438747,1.8518912696701155
