clean_file,enhanced_file,sampling_rate,PESQ,SI_SDR,STOI,DNSMOS_p808_mos,DNSMOS_mos_sig,DNSMOS_mos_bak,DNSMOS_mos_ovr
p101_emo_adoration_freeform,WF_p101_emo_adoration_freeform_fold10_100648-1-0-0_SNR-5dB.wav,16000,1.120583415031433,-5.347569465637207,0.43761467933654785,2.416008540562221,2.1498859307681717,1.7757350220004835,1.4409839045625463
