clean_file,enhanced_file,sampling_rate,PESQ,SI_SDR,STOI,DNSMOS_p808_mos,DNSMOS_mos_sig,DNSMOS_mos_bak,DNSMOS_mos_ovr
p101_emo_adoration_freeform,WF_p101_emo_adoration_freeform_fold10_100648-1-0-0_SNR-5dB.wav,16000,1.113837480545044,-4.877957344055176,0.4396783411502838,2.407060010092599,2.0521725412334497,1.8623831113450169,1.5019983439823263
