clean_file,enhanced_file,sampling_rate,PESQ,SI_SDR,STOI,DNSMOS_p808_mos,DNSMOS_mos_sig,DNSMOS_mos_bak,DNSMOS_mos_ovr
p101_emo_anger_freeform,WF_p101_emo_anger_freeform_fold10_119067-0-0-0_SNR-5dB.wav,16000,1.0658565759658813,1.8575026988983154,0.6093079447746277,2.2962145805358887,3.0346636395410913,1.571250765194227,1.6248456215110656
