clean_file,enhanced_file,sampling_rate,PESQ,SI_SDR,STOI,DNSMOS_p808_mos,DNSMOS_mos_sig,DNSMOS_mos_bak,DNSMOS_mos_ovr
p101_emo_amazement_freeform,WF_p101_emo_amazement_freeform_fold10_101382-2-0-10_SNR-5dB.wav,16000,1.1333765983581543,-5.559011459350586,0.4994477331638336,2.6145978450775145,3.8824193950044816,1.6908579070537542,2.1109285465849545
