clean_file,enhanced_file,sampling_rate,PESQ,SI_SDR,STOI,DNSMOS_p808_mos,DNSMOS_mos_sig,DNSMOS_mos_bak,DNSMOS_mos_ovr
p101_emo_amusement_sentences,WF_p101_emo_amusement_sentences_fold10_118278-4-0-0_SNR-5dB.wav,16000,1.0944768190383911,-1.985521912574768,0.6652894616127014,2.578099012374878,2.905891994729775,2.2972068410976796,2.158073941160002
