clean_file,enhanced_file,sampling_rate,PESQ,SI_SDR,STOI,DNSMOS_p808_mos,DNSMOS_mos_sig,DNSMOS_mos_bak,DNSMOS_mos_ovr
p101_emo_amazement_freeform,WF_p101_emo_amazement_freeform_fold10_101382-2-0-10_SNR-5dB.wav,16000,1.1084105968475342,-5.397937774658203,0.4937930107116699,2.5823071002960205,3.980494830820598,1.7391572950944763,2.1447503734809503
