clean_file,enhanced_file,sampling_rate,PESQ,SI_SDR,STOI,DNSMOS_p808_mos,DNSMOS_mos_sig,DNSMOS_mos_bak,DNSMOS_mos_ovr
p101_emo_confusion_sentences,WF_p101_emo_confusion_sentences_fold10_162134-7-0-0_SNR-5dB.wav,16000,1.1665300130844116,-3.570906162261963,0.32910019159317017,1.98102981703622,2.7555307891363756,1.55031544018575,1.5638656805877846
