clean_file,enhanced_file,sampling_rate,PESQ,SI_SDR,STOI,DNSMOS_p808_mos,DNSMOS_mos_sig,DNSMOS_mos_bak,DNSMOS_mos_ovr
p101_emo_adoration_sentences,WF_p101_emo_adoration_sentences_fold10_100795-3-0-0_SNR-5dB.wav,16000,1.1218031644821167,-5.8626275062561035,0.7461621761322021,3.36627197265625,3.739675365508483,2.0117292088607766,2.294462569774398
