clean_file,enhanced_file,sampling_rate,PESQ,SI_SDR,STOI,DNSMOS_p808_mos,DNSMOS_mos_sig,DNSMOS_mos_bak,DNSMOS_mos_ovr
sentences_23_regular.wav,enhanced_tensor_P107_S23_F10_SNR100.wav,16000,4.643888473510742,91.53196716308594,1.0,2.228352963924408,1.1421691782994097,1.9487372978682076,1.155941630713041
