clean_file,enhanced_file,sampling_rate,PESQ,SI_SDR,STOI,DNSMOS_p808_mos,DNSMOS_mos_sig,DNSMOS_mos_bak,DNSMOS_mos_ovr
p102_rainbow_03_regular,WF_p102_rainbow_03_regular_fold10_162134-7-10-0_SNR15dB.wav,16000,1.30006742477417,15.502431869506836,0.8650968670845032,3.367291212081909,4.311041448654365,2.4411565254474263,2.9445301198438325
