clean_file,enhanced_file,sampling_rate,PESQ,SI_SDR,STOI,DNSMOS_p808_mos,DNSMOS_mos_sig,DNSMOS_mos_bak,DNSMOS_mos_ovr
p101_rainbow_05_loud,WF_p101_rainbow_05_loud_fold10_118278-4-0-5_SNR15dB.wav,16000,2.1618728637695312,16.16448402404785,0.9590817093849182,3.2837761640548706,3.565389577675248,2.597372590115844,2.6142454316479986
