clean_file,enhanced_file,sampling_rate,PESQ,SI_SDR,STOI,DNSMOS_p808_mos,DNSMOS_mos_sig,DNSMOS_mos_bak,DNSMOS_mos_ovr
p105_sentences_02_lowpitch,WF_p105_sentences_02_lowpitch_fold10_7965-3-16-0_SNR15dB.wav,16000,2.539870500564575,16.008872985839844,0.8505252599716187,3.7307515144348145,4.198205976677553,3.2000973835546915,3.28629345531209
