clean_file,enhanced_file,sampling_rate,PESQ,SI_SDR,STOI,DNSMOS_p808_mos,DNSMOS_mos_sig,DNSMOS_mos_bak,DNSMOS_mos_ovr
p103_emo_pain_freeform,WF_p103_emo_pain_freeform_fold10_167750-4-1-0_SNR15dB.wav,16000,1.3712705373764038,14.956589698791504,0.7866882681846619,3.0602451051984514,4.241832315185843,2.6568104557926753,2.9344251946949336
