clean_file,enhanced_file,sampling_rate,PESQ,SI_SDR,STOI,DNSMOS_p808_mos,DNSMOS_mos_sig,DNSMOS_mos_bak,DNSMOS_mos_ovr
p101_rainbow_05_highpitch,WF_p101_rainbow_05_highpitch_fold10_118278-4-0-4_SNR15dB.wav,16000,2.0855050086975098,17.169950485229492,0.9332765936851501,3.1555051803588867,4.01248413081573,3.1336138980121695,3.204267058899892
