clean_file,enhanced_file,sampling_rate,PESQ,SI_SDR,STOI,DNSMOS_p808_mos,DNSMOS_mos_sig,DNSMOS_mos_bak,DNSMOS_mos_ovr
p105_emo_contentment_freeform,WF_p105_emo_contentment_freeform_fold10_39847-5-0-7_SNR15dB.wav,16000,1.595512866973877,12.64980697631836,0.687815248966217,2.8527145385742188,3.116535360622223,2.8518281679645607,2.2955329581767043
