clean_file,enhanced_file,sampling_rate,PESQ,SI_SDR,STOI,DNSMOS_p808_mos,DNSMOS_mos_sig,DNSMOS_mos_bak,DNSMOS_mos_ovr
p103_emo_distress_sentences,WF_p103_emo_distress_sentences_fold10_167464-0-0-20_SNR15dB.wav,16000,2.438673496246338,17.29274559020996,0.7098410725593567,3.397750735282898,4.3501041327069965,3.8051496095786237,3.7731735293738544
