clean_file,enhanced_file,sampling_rate,PESQ,SI_SDR,STOI,DNSMOS_p808_mos,DNSMOS_mos_sig,DNSMOS_mos_bak,DNSMOS_mos_ovr
p105_rainbow_04_fast,WF_p105_rainbow_04_fast_fold10_74364-8-1-15_SNR15dB.wav,16000,1.3608450889587402,14.26543140411377,0.8965622782707214,3.6968034744262694,4.287816334493955,3.3074374286560646,3.474127162703546
