clean_file,enhanced_file,sampling_rate,PESQ,SI_SDR,STOI,DNSMOS_p808_mos,DNSMOS_mos_sig,DNSMOS_mos_bak,DNSMOS_mos_ovr
p105_emo_adoration_freeform,WF_p105_emo_adoration_freeform_fold10_39847-5-0-0_SNR15dB.wav,16000,1.5746104717254639,10.517434120178223,0.6053744554519653,2.826784133911133,3.127729458487712,2.786327141907268,2.266582747607809
