clean_file,enhanced_file,sampling_rate,PESQ,SI_SDR,STOI,DNSMOS_p808_mos,DNSMOS_mos_sig,DNSMOS_mos_bak,DNSMOS_mos_ovr
p105_emo_amusement_sentences,WF_p105_emo_amusement_sentences_fold10_39847-5-0-2_SNR15dB.wav,16000,1.860363245010376,16.156278610229492,0.5877677202224731,2.8200922352927074,3.3168625383800943,2.9538382754819184,2.558539423282979
