clean_file,enhanced_file,sampling_rate,PESQ,SI_SDR,STOI,DNSMOS_p808_mos,DNSMOS_mos_sig,DNSMOS_mos_bak,DNSMOS_mos_ovr
p103_sentences_07_slow,WF_p103_sentences_07_slow_fold10_187863-4-0-2_SNR15dB.wav,16000,1.622360348701477,14.732828140258789,0.7936041951179504,2.9354902505874634,4.144839001732862,2.487110386668621,2.8220775577410633
