clean_file,enhanced_file,sampling_rate,PESQ,SI_SDR,STOI,DNSMOS_p808_mos,DNSMOS_mos_sig,DNSMOS_mos_bak,DNSMOS_mos_ovr
p103_rainbow_06_highpitch,WF_p103_rainbow_06_highpitch_fold10_180127-4-0-15_SNR15dB.wav,16000,1.8578598499298096,17.18929672241211,0.7410168647766113,3.258438507715861,3.8954339129301565,4.059296332176117,3.395831645446389
