clean_file,enhanced_file,sampling_rate,PESQ,SI_SDR,STOI,DNSMOS_p808_mos,DNSMOS_mos_sig,DNSMOS_mos_bak,DNSMOS_mos_ovr
p104_rainbow_02_regular,WF_p104_rainbow_02_regular_fold10_200786-5-1-0_SNR15dB.wav,16000,1.7583651542663574,13.58995532989502,0.8811386823654175,3.2256575311933244,3.947023103909417,3.511606113948986,3.179624397219773
