clean_file,enhanced_file,sampling_rate,PESQ,SI_SDR,STOI,DNSMOS_p808_mos,DNSMOS_mos_sig,DNSMOS_mos_bak,DNSMOS_mos_ovr
p101_emo_embarassment_freeform,WF_p101_emo_embarassment_freeform_fold10_102857-5-0-11_SNR15dB.wav,16000,2.710148572921753,16.82939338684082,0.9579049348831177,3.4030748435429166,4.035063065779611,2.890132027240262,3.0037345044474137
