clean_file,enhanced_file,sampling_rate,PESQ,SI_SDR,STOI,DNSMOS_p808_mos,DNSMOS_mos_sig,DNSMOS_mos_bak,DNSMOS_mos_ovr
p104_rainbow_05_whisper,WF_p104_rainbow_05_whisper_fold10_207213-2-0-134_SNR15dB.wav,16000,1.8865100145339966,8.058683395385742,0.9019080996513367,3.1146974563598633,2.871245258872851,2.9250192424256936,2.162804234275149
