clean_file,enhanced_file,sampling_rate,PESQ,SI_SDR,STOI,DNSMOS_p808_mos,DNSMOS_mos_sig,DNSMOS_mos_bak,DNSMOS_mos_ovr
p103_rainbow_04_whisper,WF_p103_rainbow_04_whisper_fold10_179868-1-0-0_SNR15dB.wav,16000,1.2457301616668701,5.652885913848877,0.6480315327644348,2.6548054218292236,1.9273640660528835,3.3927170721129154,1.778510171846624
