clean_file,enhanced_file,sampling_rate,PESQ,SI_SDR,STOI,DNSMOS_p808_mos,DNSMOS_mos_sig,DNSMOS_mos_bak,DNSMOS_mos_ovr
p104_emo_serenity_freeform,WF_p104_emo_serenity_freeform_fold10_196084-2-0-2_SNR15dB.wav,16000,2.19815993309021,13.26812744140625,0.8879885673522949,3.7916715145111084,3.9644062032180383,3.428116356106751,3.1685295610780915
