clean_file,enhanced_file,sampling_rate,PESQ,SI_SDR,STOI,DNSMOS_p808_mos,DNSMOS_mos_sig,DNSMOS_mos_bak,DNSMOS_mos_ovr
p104_rainbow_07_fast,WF_p104_rainbow_07_fast_fold10_208652-8-4-0_SNR15dB.wav,16000,1.673964262008667,14.15779972076416,0.9212244153022766,3.419868537357875,4.185056060604913,2.8115524729664476,3.0342323862285374
