clean_file,enhanced_file,sampling_rate,PESQ,SI_SDR,STOI,DNSMOS_p808_mos,DNSMOS_mos_sig,DNSMOS_mos_bak,DNSMOS_mos_ovr
p104_sentences_10_fast,WF_p104_sentences_10_fast_fold10_28808-1-0-5_SNR15dB.wav,16000,1.8740911483764648,15.131916999816895,0.8433042168617249,3.0365167685917447,4.046987529183312,2.5819666493216276,2.922163494775199
