clean_file,enhanced_file,sampling_rate,PESQ,SI_SDR,STOI,DNSMOS_p808_mos,DNSMOS_mos_sig,DNSMOS_mos_bak,DNSMOS_mos_ovr
p104_sentences_08_slow,WF_p104_sentences_08_slow_fold10_28808-1-0-3_SNR15dB.wav,16000,1.7381479740142822,14.18890380859375,0.7604151964187622,2.7524276801518033,3.988845006866717,2.7020498083525024,2.8534225278145358
