clean_file,enhanced_file,sampling_rate,PESQ,SI_SDR,STOI,DNSMOS_p808_mos,DNSMOS_mos_sig,DNSMOS_mos_bak,DNSMOS_mos_ovr
p104_emo_serenity_sentences,WF_p104_emo_serenity_sentences_fold10_196086-2-0-0_SNR15dB.wav,16000,1.9336261749267578,13.897796630859375,0.8312609791755676,3.859912395477295,3.949463341930132,3.415669045110418,3.162357324521549
