clean_file,enhanced_file,sampling_rate,PESQ,SI_SDR,STOI,DNSMOS_p808_mos,DNSMOS_mos_sig,DNSMOS_mos_bak,DNSMOS_mos_ovr
p103_rainbow_08_fast,WF_p103_rainbow_08_fast_fold10_180127-4-0-7_SNR15dB.wav,16000,2.066800594329834,14.44029426574707,0.9297700524330139,3.6154395852770125,4.222918901118111,3.3357247201568128,3.3918134701636133
