clean_file,enhanced_file,sampling_rate,PESQ,SI_SDR,STOI,DNSMOS_p808_mos,DNSMOS_mos_sig,DNSMOS_mos_bak,DNSMOS_mos_ovr
p101_emo_sadness_sentences,WF_p101_emo_sadness_sentences_fold10_102857-5-0-30_SNR15dB.wav,16000,3.29013991355896,15.027581214904785,0.9611417651176453,3.8389485563550676,4.488504949495292,4.484900661442997,4.19684564054128
