clean_file,enhanced_file,sampling_rate,PESQ,SI_SDR,STOI,DNSMOS_p808_mos,DNSMOS_mos_sig,DNSMOS_mos_bak,DNSMOS_mos_ovr
p104_interjection_greetings,WF_p104_interjection_greetings_fold10_197554-2-0-23_SNR15dB.wav,16000,2.103339195251465,20.248477935791016,0.8239498734474182,2.8030683994293213,3.5489226956138116,2.209258676159904,2.3306027076185765
