clean_file,enhanced_file,sampling_rate,PESQ,SI_SDR,STOI,DNSMOS_p808_mos,DNSMOS_mos_sig,DNSMOS_mos_bak,DNSMOS_mos_ovr
p101_rainbow_03_loud,WF_p101_rainbow_03_loud_fold10_117889-9-0-20_SNR15dB.wav,16000,2.36381459236145,15.566164016723633,0.9565250873565674,3.3578938245773315,3.2437258926139156,2.2559762302470086,2.225151202531083
