clean_file,enhanced_file,sampling_rate,PESQ,SI_SDR,STOI,DNSMOS_p808_mos,DNSMOS_mos_sig,DNSMOS_mos_bak,DNSMOS_mos_ovr
p104_emo_amusement_freeform,WF_p104_emo_amusement_freeform_fold10_188813-7-7-0_SNR15dB.wav,16000,1.4222697019577026,17.10518455505371,0.8858725428581238,2.942858934402466,3.779917724021959,1.9428198240606696,2.3149665668068806
