clean_file,enhanced_file,sampling_rate,PESQ,SI_SDR,STOI,DNSMOS_p808_mos,DNSMOS_mos_sig,DNSMOS_mos_bak,DNSMOS_mos_ovr
p104_sentences_05_loud,WF_p104_sentences_05_loud_fold10_28808-1-0-10_SNR15dB.wav,16000,1.7106640338897705,14.76798152923584,0.871466875076294,2.7644736766815186,3.7884849429167398,2.150558839150071,2.2387757167427864
