clean_file,enhanced_file,sampling_rate,PESQ,SI_SDR,STOI,DNSMOS_p808_mos,DNSMOS_mos_sig,DNSMOS_mos_bak,DNSMOS_mos_ovr
p103_rainbow_01_lowpitch,WF_p103_rainbow_01_lowpitch_fold10_17486-3-1-0_SNR15dB.wav,16000,1.7199804782867432,13.51676082611084,0.842991292476654,3.3956214586893716,4.2800157593597215,2.7666321202454096,3.0155755594810856
