clean_file,enhanced_file,sampling_rate,PESQ,SI_SDR,STOI,DNSMOS_p808_mos,DNSMOS_mos_sig,DNSMOS_mos_bak,DNSMOS_mos_ovr
p106_emo_amusement_sentences,WF_p106_emo_amusement_sentences_fold10_84249-9-0-7_SNR15dB.wav,16000,1.862109899520874,16.88726234436035,0.8532950282096863,2.7731178601582847,3.9075360295253563,1.8452071662453318,2.2072926269042124
