clean_file,enhanced_file,sampling_rate,PESQ,SI_SDR,STOI,DNSMOS_p808_mos,DNSMOS_mos_sig,DNSMOS_mos_bak,DNSMOS_mos_ovr
p104_vegetative_coughing,WF_p104_vegetative_coughing_fold10_34050-7-3-0_SNR15dB.wav,16000,1.9123579263687134,14.170555114746094,0.8471999168395996,2.5207091740199496,2.1519657913552366,3.15700908000671,1.9133017708827855
