clean_file,enhanced_file,sampling_rate,PESQ,SI_SDR,STOI,DNSMOS_p808_mos,DNSMOS_mos_sig,DNSMOS_mos_bak,DNSMOS_mos_ovr
p104_sentences_06_loud,WF_p104_sentences_06_loud_fold10_28808-1-0-11_SNR15dB.wav,16000,1.6759817600250244,14.916648864746094,0.7843667268753052,2.6836612224578857,3.7378209432523137,2.0785806696013682,2.320049350241938
