clean_file,enhanced_file,sampling_rate,PESQ,SI_SDR,STOI,DNSMOS_p808_mos,DNSMOS_mos_sig,DNSMOS_mos_bak,DNSMOS_mos_ovr
p102_sentences_02_regular,WF_p102_sentences_02_regular_fold10_162134-7-8-5_SNR15dB.wav,16000,1.3627313375473022,14.711256980895996,0.8555806279182434,3.426072359085083,4.140821114835529,2.2285695057467323,2.717341453151322
