clean_file,enhanced_file,sampling_rate,PESQ,SI_SDR,STOI,DNSMOS_p808_mos,DNSMOS_mos_sig,DNSMOS_mos_bak,DNSMOS_mos_ovr
p104_sentences_13_lowpitch,WF_p104_sentences_13_lowpitch_fold10_28808-1-0-8_SNR15dB.wav,16000,1.7653502225875854,14.560661315917969,0.8126776218414307,2.914483070373535,4.169590090100236,2.3010067369256064,2.7933651961601336
