clean_file,enhanced_file,sampling_rate,PESQ,SI_SDR,STOI,DNSMOS_p808_mos,DNSMOS_mos_sig,DNSMOS_mos_bak,DNSMOS_mos_ovr
p104_rainbow_01_highpitch,WF_p104_rainbow_01_highpitch_fold10_199261-3-0-1_SNR15dB.wav,16000,1.8947725296020508,13.618374824523926,0.9009579420089722,3.9412691593170166,4.336833657709339,3.806133525298143,3.6385462887630933
