clean_file,enhanced_file,sampling_rate,PESQ,SI_SDR,STOI,DNSMOS_p808_mos,DNSMOS_mos_sig,DNSMOS_mos_bak,DNSMOS_mos_ovr
p103_emo_distress_freeform,WF_p103_emo_distress_freeform_fold10_167464-0-0-2_SNR15dB.wav,16000,2.030388593673706,15.483136177062988,0.9019522666931152,3.512151908874512,4.391743735511641,3.244439083423959,3.430337900412405
