clean_file,enhanced_file,sampling_rate,PESQ,SI_SDR,STOI,DNSMOS_p808_mos,DNSMOS_mos_sig,DNSMOS_mos_bak,DNSMOS_mos_ovr
p102_emo_relief_sentences,WF_p102_emo_relief_sentences_fold10_15544-5-0-7_SNR15dB.wav,16000,2.667766809463501,16.760711669921875,0.8824613094329834,3.691823959350586,4.440971629020033,2.6356639632121706,3.1414188940214207
