clean_file,enhanced_file,sampling_rate,PESQ,SI_SDR,STOI,DNSMOS_p808_mos,DNSMOS_mos_sig,DNSMOS_mos_bak,DNSMOS_mos_ovr
p102_rainbow_05_whisper,WF_p102_rainbow_05_whisper_fold10_162134-7-12-4_SNR15dB.wav,16000,1.3048393726348877,9.459125518798828,0.8076503872871399,2.736825863520304,1.8111846722190625,2.736070071213764,1.489150587702684
