clean_file,enhanced_file,sampling_rate,PESQ,SI_SDR,STOI,DNSMOS_p808_mos,DNSMOS_mos_sig,DNSMOS_mos_bak,DNSMOS_mos_ovr
p105_sentences_01_regular,WF_p105_sentences_01_regular_fold10_77927-3-1-1_SNR15dB.wav,16000,1.7327122688293457,12.906980514526367,0.8167364597320557,3.346947526931763,3.993522938054629,2.4467910657594167,2.7954203663780097
