clean_file,enhanced_file,sampling_rate,PESQ,SI_SDR,STOI,DNSMOS_p808_mos,DNSMOS_mos_sig,DNSMOS_mos_bak,DNSMOS_mos_ovr
p106_melodic_happy_birthday,WF_p106_melodic_happy_birthday_fold10_99192-4-0-30_SNR15dB.wav,16000,1.5408419370651245,14.97697925567627,0.7469846606254578,2.6685859816414967,4.093101691193338,2.634127466122163,2.825950136713414
