clean_file,enhanced_file,sampling_rate,PESQ,SI_SDR,STOI,DNSMOS_p808_mos,DNSMOS_mos_sig,DNSMOS_mos_bak,DNSMOS_mos_ovr
p102_sentences_01_highpitch,WF_p102_sentences_01_highpitch_fold10_162134-7-4-0_SNR15dB.wav,16000,1.2945067882537842,15.626310348510742,0.8073036074638367,3.2129538853963218,3.8411956749913005,1.9652694971963944,2.3509718279662777
