clean_file,enhanced_file,sampling_rate,PESQ,SI_SDR,STOI,DNSMOS_p808_mos,DNSMOS_mos_sig,DNSMOS_mos_bak,DNSMOS_mos_ovr
p102_rainbow_04_lowpitch,WF_p102_rainbow_04_lowpitch_fold10_162134-7-11-2_SNR15dB.wav,16000,1.2981622219085693,15.260659217834473,0.8929346799850464,2.8250180880228677,4.357643182292086,2.197987676797258,2.872661557940137
