clean_file,enhanced_file,sampling_rate,PESQ,SI_SDR,STOI,DNSMOS_p808_mos,DNSMOS_mos_sig,DNSMOS_mos_bak,DNSMOS_mos_ovr
p105_sentences_09_fast,WF_p105_sentences_09_fast_fold10_83191-9-0-4_SNR15dB.wav,16000,2.3257293701171875,17.303945541381836,0.7853822112083435,3.048036643436977,4.009500426663114,2.731185330339364,3.001995610167007
