clean_file,enhanced_file,sampling_rate,PESQ,SI_SDR,STOI,DNSMOS_p808_mos,DNSMOS_mos_sig,DNSMOS_mos_bak,DNSMOS_mos_ovr
p105_sentences_05_loud,WF_p105_sentences_05_loud_fold10_83191-9-0-0_SNR15dB.wav,16000,2.0127334594726562,14.705320358276367,0.6781608462333679,3.4972050530569896,4.121536582902564,2.7782831200520968,3.0784202263628027
