clean_file,enhanced_file,sampling_rate,PESQ,SI_SDR,STOI,DNSMOS_p808_mos,DNSMOS_mos_sig,DNSMOS_mos_bak,DNSMOS_mos_ovr
p102_sentences_08_slow,WF_p102_sentences_08_slow_fold10_162148-3-0-0_SNR15dB.wav,16000,1.8493618965148926,14.701818466186523,0.8849446773529053,3.8649006843566895,4.032017930630778,2.288841084438078,2.6015617395638193
