clean_file,enhanced_file,sampling_rate,PESQ,SI_SDR,STOI,DNSMOS_p808_mos,DNSMOS_mos_sig,DNSMOS_mos_bak,DNSMOS_mos_ovr
p104_rainbow_04_lowpitch,WF_p104_rainbow_04_lowpitch_fold10_203424-9-0-18_SNR15dB.wav,16000,1.3788647651672363,14.50698471069336,0.8693016767501831,2.641219275338309,4.1069441344304884,2.740591916050989,2.9142961154802447
