clean_file,enhanced_file,sampling_rate,PESQ,SI_SDR,STOI,DNSMOS_p808_mos,DNSMOS_mos_sig,DNSMOS_mos_bak,DNSMOS_mos_ovr
p102_emo_sadness_freeform,WF_p102_emo_sadness_freeform_fold10_15544-5-0-8_SNR15dB.wav,16000,2.436245918273926,16.32077407836914,0.9464976787567139,3.556607484817505,4.3118634009962955,2.7192116622439175,3.142359222876288
