clean_file,enhanced_file,sampling_rate,PESQ,SI_SDR,STOI,DNSMOS_p808_mos,DNSMOS_mos_sig,DNSMOS_mos_bak,DNSMOS_mos_ovr
p102_rainbow_03_fast,WF_p102_rainbow_03_fast_fold10_162134-7-0-0_SNR15dB.wav,16000,1.4710543155670166,15.816487312316895,0.9294280409812927,3.145721435546875,3.8482143557056263,2.229210102004677,2.5621693035081985
