clean_file,enhanced_file,sampling_rate,PESQ,SI_SDR,STOI,DNSMOS_p808_mos,DNSMOS_mos_sig,DNSMOS_mos_bak,DNSMOS_mos_ovr
p103_emo_disappointment_sentences,WF_p103_emo_disappointment_sentences_fold10_167464-0-0-17_SNR15dB.wav,16000,2.3861351013183594,11.129823684692383,0.6180983185768127,3.447700103123983,4.117792734914803,3.871230779239722,3.5591684612745813
