clean_file,enhanced_file,sampling_rate,PESQ,SI_SDR,STOI,DNSMOS_p808_mos,DNSMOS_mos_sig,DNSMOS_mos_bak,DNSMOS_mos_ovr
p103_rainbow_01_loud,WF_p103_rainbow_01_loud_fold10_17486-3-0-0_SNR15dB.wav,16000,2.0258119106292725,14.964655876159668,0.9328482747077942,3.7238385677337646,4.136555509321922,3.0561854567025892,3.130674586860687
