clean_file,enhanced_file,sampling_rate,PESQ,SI_SDR,STOI,DNSMOS_p808_mos,DNSMOS_mos_sig,DNSMOS_mos_bak,DNSMOS_mos_ovr
p102_sentences_16_regular,WF_p102_sentences_16_regular_fold10_164194-2-0-29_SNR15dB.wav,16000,1.9347217082977295,14.504579544067383,0.7985346913337708,3.792727470397949,4.335510274067038,2.4210684861853737,2.9690440147571313
