clean_file,enhanced_file,sampling_rate,PESQ,SI_SDR,STOI,DNSMOS_p808_mos,DNSMOS_mos_sig,DNSMOS_mos_bak,DNSMOS_mos_ovr
p106_emo_guilt_freeform,WF_p106_emo_guilt_freeform_fold10_93567-8-0-18_SNR15dB.wav,16000,1.7513351440429688,14.181843757629395,0.8558502197265625,2.7757587830225625,4.131826833935339,2.3419804209361668,2.6240295004125787
