clean_file,enhanced_file,sampling_rate,PESQ,SI_SDR,STOI,DNSMOS_p808_mos,DNSMOS_mos_sig,DNSMOS_mos_bak,DNSMOS_mos_ovr
p102_rainbow_07_regular,WF_p102_rainbow_07_regular_fold10_162134-7-15-3_SNR15dB.wav,16000,1.3868368864059448,14.756143569946289,0.8953459858894348,3.091280937194824,4.1957925652915,2.4049784254844084,2.8630738464499657
