clean_file,enhanced_file,sampling_rate,PESQ,SI_SDR,STOI,DNSMOS_p808_mos,DNSMOS_mos_sig,DNSMOS_mos_bak,DNSMOS_mos_ovr
p104_emo_confusion_sentences,WF_p104_emo_confusion_sentences_fold10_189982-0-0-16_SNR15dB.wav,16000,2.266063928604126,13.609169006347656,0.6288955211639404,3.43544602394104,3.655188586609565,3.5688597592278266,2.980816646932779
