clean_file,enhanced_file,sampling_rate,PESQ,SI_SDR,STOI,DNSMOS_p808_mos,DNSMOS_mos_sig,DNSMOS_mos_bak,DNSMOS_mos_ovr
p105_sentences_06_loud,WF_p105_sentences_06_loud_fold10_83191-9-0-11_SNR15dB.wav,16000,2.1000022888183594,16.71266746520996,0.8275637626647949,3.379903554916382,4.330806120540493,2.4252027963236906,3.006804769343527
