clean_file,enhanced_file,sampling_rate,PESQ,SI_SDR,STOI,DNSMOS_p808_mos,DNSMOS_mos_sig,DNSMOS_mos_bak,DNSMOS_mos_ovr
p103_emo_fear_sentences,WF_p103_emo_fear_sentences_fold10_167464-0-0-4_SNR15dB.wav,16000,2.382347345352173,16.118684768676758,0.6655498147010803,3.459561268488566,4.320784270200979,3.672752271552014,3.6877886619545546
