clean_file,enhanced_file,sampling_rate,PESQ,SI_SDR,STOI,DNSMOS_p808_mos,DNSMOS_mos_sig,DNSMOS_mos_bak,DNSMOS_mos_ovr
p105_rainbow_08_loud,WF_p105_rainbow_08_loud_fold10_77901-9-0-1_SNR15dB.wav,16000,1.4378602504730225,14.580205917358398,0.8605191707611084,2.9662173816135953,4.250039124082101,2.498372727675714,2.9548939503999194
