clean_file,enhanced_file,sampling_rate,PESQ,SI_SDR,STOI,DNSMOS_p808_mos,DNSMOS_mos_sig,DNSMOS_mos_bak,DNSMOS_mos_ovr
p105_sentences_01_fast,WF_p105_sentences_01_fast_fold10_77901-9-0-7_SNR15dB.wav,16000,1.7740797996520996,15.658735275268555,0.864334225654602,3.297024965286255,4.24879434704224,2.359995916415636,2.838050711607438
