clean_file,enhanced_file,sampling_rate,PESQ,SI_SDR,STOI,DNSMOS_p808_mos,DNSMOS_mos_sig,DNSMOS_mos_bak,DNSMOS_mos_ovr
p103_rainbow_08_loud,WF_p103_rainbow_08_loud_fold10_180127-4-0-9_SNR15dB.wav,16000,1.8493778705596924,16.41621971130371,0.8929497003555298,3.3623707635062083,3.7379076328770204,3.2737215813956624,3.0326767526489795
