clean_file,enhanced_file,sampling_rate,PESQ,SI_SDR,STOI,DNSMOS_p808_mos,DNSMOS_mos_sig,DNSMOS_mos_bak,DNSMOS_mos_ovr
p105_sentences_11_highpitch,WF_p105_sentences_11_highpitch_fold10_83195-9-0-11_SNR15dB.wav,16000,1.8334174156188965,14.444533348083496,0.6409313082695007,2.7251618249075755,3.342322574602811,2.5754460050005457,2.297280815212299
