clean_file,enhanced_file,sampling_rate,PESQ,SI_SDR,STOI,DNSMOS_p808_mos,DNSMOS_mos_sig,DNSMOS_mos_bak,DNSMOS_mos_ovr
p103_rainbow_02_fast,WF_p103_rainbow_02_fast_fold10_178261-7-0-0_SNR15dB.wav,16000,1.3899296522140503,15.75973892211914,0.9304804801940918,3.079194188117981,4.18835424614382,2.879538607217693,3.08012576059149
