clean_file,enhanced_file,sampling_rate,PESQ,SI_SDR,STOI,DNSMOS_p808_mos,DNSMOS_mos_sig,DNSMOS_mos_bak,DNSMOS_mos_ovr
p104_emo_embarassment_sentences,WF_p104_emo_embarassment_sentences_fold10_189982-0-0-38_SNR15dB.wav,16000,2.269524574279785,17.31775665283203,0.9055997729301453,3.4818220933278403,3.771419132829346,2.885665200892822,2.8395966639700028
