clean_file,enhanced_file,sampling_rate,PESQ,SI_SDR,STOI,DNSMOS_p808_mos,DNSMOS_mos_sig,DNSMOS_mos_bak,DNSMOS_mos_ovr
p102_rainbow_08_fast,WF_p102_rainbow_08_fast_fold10_162134-7-16-1_SNR15dB.wav,16000,1.2863271236419678,13.713713645935059,0.892612636089325,3.3263583183288574,4.123683390050193,1.8150897751985038,2.3671572945064305
