clean_file,enhanced_file,sampling_rate,PESQ,SI_SDR,STOI,DNSMOS_p808_mos,DNSMOS_mos_sig,DNSMOS_mos_bak,DNSMOS_mos_ovr
p103_emo_embarassment_freeform,WF_p103_emo_embarassment_freeform_fold10_167464-0-0-21_SNR15dB.wav,16000,2.2430429458618164,15.264093399047852,0.8691424131393433,3.049644422531128,4.0421302938437105,2.6958667825638476,2.875834308467182
