clean_file,enhanced_file,sampling_rate,PESQ,SI_SDR,STOI,DNSMOS_p808_mos,DNSMOS_mos_sig,DNSMOS_mos_bak,DNSMOS_mos_ovr
p103_sentences_09_fast,WF_p103_sentences_09_fast_fold10_187863-4-0-4_SNR15dB.wav,16000,1.5222587585449219,14.796991348266602,0.8381285667419434,3.0548751831054686,4.3806571718686165,3.2597849939881973,3.42744437697784
