clean_file,enhanced_file,sampling_rate,PESQ,SI_SDR,STOI,DNSMOS_p808_mos,DNSMOS_mos_sig,DNSMOS_mos_bak,DNSMOS_mos_ovr
p102_rainbow_03_whisper,WF_p102_rainbow_03_whisper_fold10_162134-7-10-2_SNR15dB.wav,16000,1.267643928527832,10.078033447265625,0.8339536190032959,2.9202953338623048,1.673239226876209,2.853630412297836,1.2997909584675642
