clean_file,enhanced_file,sampling_rate,PESQ,SI_SDR,STOI,DNSMOS_p808_mos,DNSMOS_mos_sig,DNSMOS_mos_bak,DNSMOS_mos_ovr
p105_emo_relief_sentences,WF_p105_emo_relief_sentences_fold10_72220-3-2-4_SNR15dB.wav,16000,1.8239972591400146,14.89725112915039,0.6972846984863281,3.4302400747934976,4.058925189845968,2.8113970475828496,3.031127015733825
