clean_file,enhanced_file,sampling_rate,PESQ,SI_SDR,STOI,DNSMOS_p808_mos,DNSMOS_mos_sig,DNSMOS_mos_bak,DNSMOS_mos_ovr
p101_rainbow_05_regular,WF_p101_rainbow_05_regular_fold10_118278-4-0-7_SNR15dB.wav,16000,2.088827133178711,13.284896850585938,0.902884840965271,3.0615556836128235,4.337179589611742,2.9182104900511265,3.300020361317272
