clean_file,enhanced_file,sampling_rate,PESQ,SI_SDR,STOI,DNSMOS_p808_mos,DNSMOS_mos_sig,DNSMOS_mos_bak,DNSMOS_mos_ovr
p103_sentences_01_slow,WF_p103_sentences_01_slow_fold10_181624-4-7-0_SNR15dB.wav,16000,1.4076714515686035,14.50229549407959,0.7115883827209473,3.2099736531575522,4.367548078523087,3.620072289704666,3.631886707365133
