clean_file,enhanced_file,sampling_rate,PESQ,SI_SDR,STOI,DNSMOS_p808_mos,DNSMOS_mos_sig,DNSMOS_mos_bak,DNSMOS_mos_ovr
p105_sentences_02_regular,WF_p105_sentences_02_regular_fold10_7965-3-22-0_SNR15dB.wav,16000,2.661858558654785,13.787853240966797,0.6989442706108093,3.916233471461705,3.8943391744023814,3.6793950726849727,3.2845995668014
