clean_file,enhanced_file,sampling_rate,PESQ,SI_SDR,STOI,DNSMOS_p808_mos,DNSMOS_mos_sig,DNSMOS_mos_bak,DNSMOS_mos_ovr
p103_sentences_03_whisper,WF_p103_sentences_03_whisper_fold10_187110-2-0-6_SNR15dB.wav,16000,1.4967262744903564,9.258655548095703,0.5494063496589661,2.9957665375300815,1.9887384490373765,2.6974925089049187,1.6837215140702486
