clean_file,enhanced_file,sampling_rate,PESQ,SI_SDR,STOI,DNSMOS_p808_mos,DNSMOS_mos_sig,DNSMOS_mos_bak,DNSMOS_mos_ovr
p103_emo_contentment_freeform,WF_p103_emo_contentment_freeform_fold10_167464-0-0-10_SNR15dB.wav,16000,2.4994699954986572,13.7974853515625,0.8146077394485474,3.306044135774885,4.220847252609082,3.653266111884104,3.533508191244288
