clean_file,enhanced_file,sampling_rate,PESQ,SI_SDR,STOI,DNSMOS_p808_mos,DNSMOS_mos_sig,DNSMOS_mos_bak,DNSMOS_mos_ovr
p105_rainbow_07_fast,WF_p105_rainbow_07_fast_fold10_74922-4-0-0_SNR15dB.wav,16000,1.329548716545105,14.688308715820312,0.8725910186767578,3.054101126534598,4.496538506318383,3.1784380351860158,3.573033076875176
