clean_file,enhanced_file,sampling_rate,PESQ,SI_SDR,STOI,DNSMOS_p808_mos,DNSMOS_mos_sig,DNSMOS_mos_bak,DNSMOS_mos_ovr
p101_emo_fear_freeform,WF_p101_emo_fear_freeform_fold10_102857-5-0-15_SNR15dB.wav,16000,3.0177505016326904,18.047731399536133,0.9080713391304016,3.440622295652117,4.202092735907337,2.8828950354209377,3.187491668683218
