clean_file,enhanced_file,sampling_rate,PESQ,SI_SDR,STOI,DNSMOS_p808_mos,DNSMOS_mos_sig,DNSMOS_mos_bak,DNSMOS_mos_ovr
p105_emo_anger_sentences,WF_p105_emo_anger_sentences_fold10_39847-5-0-4_SNR15dB.wav,16000,1.7472164630889893,16.121374130249023,0.8003584742546082,2.9370195865631104,3.758803716044558,2.476002509597863,2.648177847799179
