clean_file,enhanced_file,sampling_rate,PESQ,SI_SDR,STOI,DNSMOS_p808_mos,DNSMOS_mos_sig,DNSMOS_mos_bak,DNSMOS_mos_ovr
p105_nonverbal_crying,WF_p105_nonverbal_crying_fold10_73524-0-0-128_SNR15dB.wav,16000,2.4241020679473877,16.34163475036621,0.8412981033325195,2.7748848370143344,2.6628806122600692,2.7891930482875718,1.9648310216127902
