clean_file,enhanced_file,sampling_rate,PESQ,SI_SDR,STOI,DNSMOS_p808_mos,DNSMOS_mos_sig,DNSMOS_mos_bak,DNSMOS_mos_ovr
p103_rainbow_02_regular,WF_p103_rainbow_02_regular_fold10_178261-7-3-1_SNR15dB.wav,16000,1.6038124561309814,14.074248313903809,0.895810067653656,3.0470894745418002,4.241986932492506,3.115018775865784,3.2780987829671773
