clean_file,enhanced_file,sampling_rate,PESQ,SI_SDR,STOI,DNSMOS_p808_mos,DNSMOS_mos_sig,DNSMOS_mos_bak,DNSMOS_mos_ovr
p104_sentences_01_lowpitch,WF_p104_sentences_01_lowpitch_fold10_26255-3-6-0_SNR15dB.wav,16000,1.5966384410858154,16.63481903076172,0.8473857045173645,3.296873378753662,4.443087511795115,3.7608985382635645,3.87013693259217
