clean_file,enhanced_file,sampling_rate,PESQ,SI_SDR,STOI,DNSMOS_p808_mos,DNSMOS_mos_sig,DNSMOS_mos_bak,DNSMOS_mos_ovr
p102_rainbow_03_lowpitch,WF_p102_rainbow_03_lowpitch_fold10_162134-7-1-0_SNR15dB.wav,16000,1.3944882154464722,14.47116756439209,0.8947615623474121,3.3019428849220276,4.248298498250848,2.3012588658930846,2.8375373300272266
