clean_file,enhanced_file,sampling_rate,PESQ,SI_SDR,STOI,DNSMOS_p808_mos,DNSMOS_mos_sig,DNSMOS_mos_bak,DNSMOS_mos_ovr
p104_rainbow_02_slow,WF_p104_rainbow_02_slow_fold10_200786-5-1-1_SNR15dB.wav,16000,1.7443921566009521,13.924456596374512,0.8580037951469421,3.200197015489851,4.18992188739991,3.9754462767636247,3.6335229874153603
