clean_file,enhanced_file,sampling_rate,PESQ,SI_SDR,STOI,DNSMOS_p808_mos,DNSMOS_mos_sig,DNSMOS_mos_bak,DNSMOS_mos_ovr
p104_emo_realization_sentences,WF_p104_emo_realization_sentences_fold10_195063-4-0-0_SNR15dB.wav,16000,1.266115665435791,15.134817123413086,0.9215171337127686,2.9314055102212087,4.152750285369015,1.967946217419399,2.4127481609026735
