clean_file,enhanced_file,sampling_rate,PESQ,SI_SDR,STOI,DNSMOS_p808_mos,DNSMOS_mos_sig,DNSMOS_mos_bak,DNSMOS_mos_ovr
p101_rainbow_04_whisper,WF_p101_rainbow_04_whisper_fold10_118278-4-0-2_SNR15dB.wav,16000,2.11557674407959,11.959802627563477,0.8295628428459167,3.273449659347534,3.852887755611227,3.3372666789932466,3.1562865315101947
