clean_file,enhanced_file,sampling_rate,PESQ,SI_SDR,STOI,DNSMOS_p808_mos,DNSMOS_mos_sig,DNSMOS_mos_bak,DNSMOS_mos_ovr
p105_rainbow_06_whisper,WF_p105_rainbow_06_whisper_fold10_74364-8-1-9_SNR15dB.wav,16000,1.3202831745147705,8.58760929107666,0.8419197201728821,2.949487884839376,2.8836983385036326,3.359920943606962,2.3130340374510054
