clean_file,enhanced_file,sampling_rate,PESQ,SI_SDR,STOI,DNSMOS_p808_mos,DNSMOS_mos_sig,DNSMOS_mos_bak,DNSMOS_mos_ovr
p102_rainbow_07_loud,WF_p102_rainbow_07_loud_fold10_162134-7-15-1_SNR15dB.wav,16000,1.4317288398742676,16.071260452270508,0.9109378457069397,2.96165132522583,4.056593880605935,2.3651831456720336,2.791512520442561
