clean_file,enhanced_file,sampling_rate,PESQ,SI_SDR,STOI,DNSMOS_p808_mos,DNSMOS_mos_sig,DNSMOS_mos_bak,DNSMOS_mos_ovr
p106_emo_amusement_freeform,WF_p106_emo_amusement_freeform_fold10_84249-9-0-6_SNR15dB.wav,16000,1.784395694732666,15.693739891052246,0.8652998805046082,2.842201130730765,3.6921663339176622,2.077798888248018,2.336425618834403
