clean_file,enhanced_file,sampling_rate,PESQ,SI_SDR,STOI,DNSMOS_p808_mos,DNSMOS_mos_sig,DNSMOS_mos_bak,DNSMOS_mos_ovr
p106_emo_realization_freeform,WF_p106_emo_realization_freeform_fold10_97756-3-0-0_SNR15dB.wav,16000,1.7557315826416016,13.858031272888184,0.7184275984764099,3.091710646947225,4.328932079086324,2.6548252722543357,3.0423325205158966
