clean_file,enhanced_file,sampling_rate,PESQ,SI_SDR,STOI,DNSMOS_p808_mos,DNSMOS_mos_sig,DNSMOS_mos_bak,DNSMOS_mos_ovr
p102_sentences_23_regular,WF_p102_sentences_23_regular_fold10_164377-9-1-50_SNR15dB.wav,16000,2.059039354324341,15.12904167175293,0.8246695399284363,3.589219331741333,4.221616237133695,3.367984847379221,3.4094644045637867
