clean_file,enhanced_file,sampling_rate,PESQ,SI_SDR,STOI,DNSMOS_p808_mos,DNSMOS_mos_sig,DNSMOS_mos_bak,DNSMOS_mos_ovr
p104_rainbow_08_whisper,WF_p104_rainbow_08_whisper_fold10_25037-6-1-0_SNR15dB.wav,16000,1.4964264631271362,7.037508010864258,0.8123531341552734,3.3955042362213135,1.9911870949592672,3.2707814081439404,1.6768453490580881
