clean_file,enhanced_file,sampling_rate,PESQ,SI_SDR,STOI,DNSMOS_p808_mos,DNSMOS_mos_sig,DNSMOS_mos_bak,DNSMOS_mos_ovr
p105_rainbow_07_lowpitch,WF_p105_rainbow_07_lowpitch_fold10_74922-4-0-3_SNR15dB.wav,16000,1.6507177352905273,14.685453414916992,0.8573361039161682,3.382815326963152,4.278652323829307,3.7418727981407103,3.6444628495814393
