clean_file,enhanced_file,sampling_rate,PESQ,SI_SDR,STOI,DNSMOS_p808_mos,DNSMOS_mos_sig,DNSMOS_mos_bak,DNSMOS_mos_ovr
p101_rainbow_01_whisper,WF_p101_rainbow_01_whisper_fold10_115241-9-0-9_SNR15dB.wav,16000,1.2339152097702026,5.3869171142578125,0.8263329267501831,2.4880526065826416,3.257602684171324,2.367094634305751,2.242440035411251
