clean_file,enhanced_file,sampling_rate,PESQ,SI_SDR,STOI,DNSMOS_p808_mos,DNSMOS_mos_sig,DNSMOS_mos_bak,DNSMOS_mos_ovr
p101_rainbow_01_highpitch,WF_p101_rainbow_01_highpitch_fold10_115241-9-0-14_SNR15dB.wav,16000,2.1811411380767822,15.753152847290039,0.9422276020050049,3.1001922289530435,2.9420990632499233,1.8295320353935312,1.7917169947405096
