clean_file,enhanced_file,sampling_rate,PESQ,SI_SDR,STOI,DNSMOS_p808_mos,DNSMOS_mos_sig,DNSMOS_mos_bak,DNSMOS_mos_ovr
p102_rainbow_03_slow,WF_p102_rainbow_03_slow_fold10_162134-7-10-1_SNR15dB.wav,16000,1.2888065576553345,14.880027770996094,0.892819881439209,3.094365954399109,4.343172826663149,2.207427860878291,2.8003973515514144
