clean_file,enhanced_file,sampling_rate,PESQ,SI_SDR,STOI,DNSMOS_p808_mos,DNSMOS_mos_sig,DNSMOS_mos_bak,DNSMOS_mos_ovr
p101_rainbow_02_loud,WF_p101_rainbow_02_loud_fold10_115418-9-0-15_SNR15dB.wav,16000,1.8298563957214355,15.517240524291992,0.9368100762367249,2.9111104011535645,4.101848245393927,2.196079537631153,2.6797053605938204
