clean_file,enhanced_file,sampling_rate,PESQ,SI_SDR,STOI,DNSMOS_p808_mos,DNSMOS_mos_sig,DNSMOS_mos_bak,DNSMOS_mos_ovr
p103_rainbow_06_regular,WF_p103_rainbow_06_regular_fold10_180127-4-0-18_SNR15dB.wav,16000,2.076028823852539,15.444601058959961,0.9153274297714233,3.6295905113220215,4.2263582890737865,4.305203069700094,3.867709057728497
