clean_file,enhanced_file,sampling_rate,PESQ,SI_SDR,STOI,DNSMOS_p808_mos,DNSMOS_mos_sig,DNSMOS_mos_bak,DNSMOS_mos_ovr
p104_emo_cuteness_sentences,WF_p104_emo_cuteness_sentences_fold10_189982-0-0-2_SNR15dB.wav,16000,2.201272487640381,18.02455711364746,0.7171759009361267,3.1909372806549072,3.6909979108429014,3.2166306834808926,2.9421085814898746
