clean_file,enhanced_file,sampling_rate,PESQ,SI_SDR,STOI,DNSMOS_p808_mos,DNSMOS_mos_sig,DNSMOS_mos_bak,DNSMOS_mos_ovr
p103_sentences_06_loud,WF_p103_sentences_06_loud_fold10_187863-4-0-1_SNR15dB.wav,16000,1.552903175354004,15.434550285339355,0.8183736205101013,2.7525359903063094,3.953071720658864,2.5300330156907966,2.79956988931119
