clean_file,enhanced_file,sampling_rate,PESQ,SI_SDR,STOI,DNSMOS_p808_mos,DNSMOS_mos_sig,DNSMOS_mos_bak,DNSMOS_mos_ovr
p105_sentences_02_fast,WF_p105_sentences_02_fast_fold10_7913-3-2-0_SNR15dB.wav,16000,2.0530667304992676,14.186004638671875,0.7697241902351379,3.8848980835505893,4.497437168702277,2.9040433337223415,3.3757856032737803
