clean_file,enhanced_file,sampling_rate,PESQ,SI_SDR,STOI,DNSMOS_p808_mos,DNSMOS_mos_sig,DNSMOS_mos_bak,DNSMOS_mos_ovr
p104_rainbow_01_lowpitch,WF_p104_rainbow_01_lowpitch_fold10_199261-3-0-4_SNR15dB.wav,16000,2.3984158039093018,14.07613754272461,0.9310016632080078,3.9010778665542603,4.3356862170706965,3.4999141012985566,3.498465255899803
