clean_file,enhanced_file,sampling_rate,PESQ,SI_SDR,STOI,DNSMOS_p808_mos,DNSMOS_mos_sig,DNSMOS_mos_bak,DNSMOS_mos_ovr
p101_rainbow_01_regular,WF_p101_rainbow_01_regular_fold10_115241-9-0-6_SNR15dB.wav,16000,1.6003843545913696,10.283933639526367,0.870364785194397,2.671453067234584,3.3468716862389636,2.5166159253260525,2.42466023903798
