clean_file,enhanced_file,sampling_rate,PESQ,SI_SDR,STOI,DNSMOS_p808_mos,DNSMOS_mos_sig,DNSMOS_mos_bak,DNSMOS_mos_ovr
p103_interjection_anger,WF_p103_interjection_anger_fold10_172519-9-0-10_SNR15dB.wav,16000,2.2337493896484375,17.302764892578125,0.6812657117843628,2.9129840305873325,2.9295480140859134,2.7834818915661086,2.2856034413565443
