clean_file,enhanced_file,sampling_rate,PESQ,SI_SDR,STOI,DNSMOS_p808_mos,DNSMOS_mos_sig,DNSMOS_mos_bak,DNSMOS_mos_ovr
p105_rainbow_03_whisper,WF_p105_rainbow_03_whisper_fold10_74364-8-1-14_SNR15dB.wav,16000,1.3498846292495728,8.79440975189209,0.7644701600074768,3.1706343718937466,3.66342268611216,3.5021934195856774,2.9752789749887687
