clean_file,enhanced_file,sampling_rate,PESQ,SI_SDR,STOI,DNSMOS_p808_mos,DNSMOS_mos_sig,DNSMOS_mos_bak,DNSMOS_mos_ovr
p103_emo_realization_freeform,WF_p103_emo_realization_freeform_fold10_17074-1-0-0_SNR15dB.wav,16000,3.170653820037842,16.682451248168945,0.6265900731086731,3.581065688814436,3.5119372195018053,3.4061563749566592,2.8710746752352208
