clean_file,enhanced_file,sampling_rate,PESQ,SI_SDR,STOI,DNSMOS_p808_mos,DNSMOS_mos_sig,DNSMOS_mos_bak,DNSMOS_mos_ovr
p105_emo_guilt_sentences,WF_p105_emo_guilt_sentences_fold10_66115-1-0-1_SNR15dB.wav,16000,3.209627151489258,14.614497184753418,0.6845383644104004,3.7571537494659424,3.9233097544552162,4.130723898074799,3.542645781964219
