clean_file,enhanced_file,sampling_rate,PESQ,SI_SDR,STOI,DNSMOS_p808_mos,DNSMOS_mos_sig,DNSMOS_mos_bak,DNSMOS_mos_ovr
p102_rainbow_06_highpitch,WF_p102_rainbow_06_highpitch_fold10_162134-7-13-1_SNR15dB.wav,16000,1.3397035598754883,17.391740798950195,0.8073242902755737,2.4640920162200928,3.4456332330982224,1.878210857594404,2.059817207450405
