clean_file,enhanced_file,sampling_rate,PESQ,SI_SDR,STOI,DNSMOS_p808_mos,DNSMOS_mos_sig,DNSMOS_mos_bak,DNSMOS_mos_ovr
p105_sentences_20_regular,WF_p105_sentences_20_regular_fold10_83502-0-0-11_SNR15dB.wav,16000,1.9550933837890625,13.47865104675293,0.6917400360107422,3.180756296430315,4.249206503980536,3.230635017931251,3.314375125380242
