clean_file,enhanced_file,sampling_rate,PESQ,SI_SDR,STOI,DNSMOS_p808_mos,DNSMOS_mos_sig,DNSMOS_mos_bak,DNSMOS_mos_ovr
p103_emo_pain_sentences,WF_p103_emo_pain_sentences_fold10_167750-4-2-0_SNR15dB.wav,16000,1.4514310359954834,14.485855102539062,0.6994184255599976,2.95585560798645,4.207087382811125,2.287875205529609,2.6023690234925962
