clean_file,enhanced_file,sampling_rate,PESQ,SI_SDR,STOI,DNSMOS_p808_mos,DNSMOS_mos_sig,DNSMOS_mos_bak,DNSMOS_mos_ovr
p105_vegetative_throat,WF_p105_vegetative_throat_fold10_83502-0-0-7_SNR15dB.wav,16000,1.8813488483428955,17.919174194335938,0.7793780565261841,2.767470121383667,2.101017559660727,2.1334848803021123,1.673729325347745
