clean_file,enhanced_file,sampling_rate,PESQ,SI_SDR,STOI,DNSMOS_p808_mos,DNSMOS_mos_sig,DNSMOS_mos_bak,DNSMOS_mos_ovr
p102_rainbow_08_lowpitch,WF_p102_rainbow_08_lowpitch_fold10_162134-7-17-2_SNR15dB.wav,16000,1.3682841062545776,14.181356430053711,0.9265130758285522,3.2068780830928256,4.224379890213318,2.5230721303676447,2.9713749688955953
