clean_file,enhanced_file,sampling_rate,PESQ,SI_SDR,STOI,DNSMOS_p808_mos,DNSMOS_mos_sig,DNSMOS_mos_bak,DNSMOS_mos_ovr
p102_emo_guilt_sentences,WF_p102_emo_guilt_sentences_fold10_15544-5-0-13_SNR15dB.wav,16000,2.564347267150879,16.333194732666016,0.8873547315597534,3.4936909079551697,4.114432351868147,2.6713500222418167,2.873942392945546
