clean_file,enhanced_file,sampling_rate,PESQ,SI_SDR,STOI,DNSMOS_p808_mos,DNSMOS_mos_sig,DNSMOS_mos_bak,DNSMOS_mos_ovr
p102_sentences_07_slow,WF_p102_sentences_07_slow_fold10_162134-7-9-4_SNR15dB.wav,16000,1.3471554517745972,15.748753547668457,0.8553773760795593,3.087720513343811,4.306424751781895,2.244592952868165,2.8172803823332315
