clean_file,enhanced_file,sampling_rate,PESQ,SI_SDR,STOI,DNSMOS_p808_mos,DNSMOS_mos_sig,DNSMOS_mos_bak,DNSMOS_mos_ovr
p105_sentences_21_regular,WF_p105_sentences_21_regular_fold10_83502-0-0-12_SNR15dB.wav,16000,1.7994892597198486,12.919073104858398,0.6355937123298645,3.2356338500976562,3.895734909007897,2.992224460953142,2.9247094358381314
