clean_file,enhanced_file,sampling_rate,PESQ,SI_SDR,STOI,DNSMOS_p808_mos,DNSMOS_mos_sig,DNSMOS_mos_bak,DNSMOS_mos_ovr
p105_rainbow_07_slow,WF_p105_rainbow_07_slow_fold10_74922-4-0-5_SNR15dB.wav,16000,1.2566490173339844,9.761334419250488,0.8047564029693604,3.018289157322475,2.9582637235328426,3.676109827220136,2.500768499924426
