clean_file,enhanced_file,sampling_rate,PESQ,SI_SDR,STOI,DNSMOS_p808_mos,DNSMOS_mos_sig,DNSMOS_mos_bak,DNSMOS_mos_ovr
p103_emo_neutral_freeform,WF_p103_emo_neutral_freeform_fold10_167464-0-0-9_SNR15dB.wav,16000,2.2785537242889404,12.860108375549316,0.7567001581192017,3.4132611751556396,4.103649227797078,3.5290370136828666,3.315512407358984
