clean_file,enhanced_file,sampling_rate,PESQ,SI_SDR,STOI,DNSMOS_p808_mos,DNSMOS_mos_sig,DNSMOS_mos_bak,DNSMOS_mos_ovr
p104_rainbow_03_loud,WF_p104_rainbow_03_loud_fold10_200786-5-1-5_SNR15dB.wav,16000,1.7674002647399902,15.412282943725586,0.8759802579879761,3.5257552351270403,4.057698956522368,3.250292951815919,3.20202463401743
