clean_file,enhanced_file,sampling_rate,PESQ,SI_SDR,STOI,DNSMOS_p808_mos,DNSMOS_mos_sig,DNSMOS_mos_bak,DNSMOS_mos_ovr
p104_sentences_02_regular,WF_p104_sentences_02_regular_fold10_27070-2-0-5_SNR15dB.wav,16000,1.6045551300048828,14.615205764770508,0.856964111328125,3.2487633568899974,4.351169364434318,2.5657139112401777,3.0725418899579693
