clean_file,enhanced_file,sampling_rate,PESQ,SI_SDR,STOI,DNSMOS_p808_mos,DNSMOS_mos_sig,DNSMOS_mos_bak,DNSMOS_mos_ovr
p101_emo_realization_sentences,WF_p101_emo_realization_sentences_fold10_102857-5-0-27_SNR15dB.wav,16000,2.9662816524505615,18.049785614013672,0.8018023371696472,3.9311273097991943,4.4250854724068835,3.991079496272076,3.9332163802921913
