clean_file,enhanced_file,sampling_rate,PESQ,SI_SDR,STOI,DNSMOS_p808_mos,DNSMOS_mos_sig,DNSMOS_mos_bak,DNSMOS_mos_ovr
p102_sentences_14_lowpitch,WF_p102_sentences_14_lowpitch_fold10_164194-2-0-24_SNR15dB.wav,16000,1.7914689779281616,15.765227317810059,0.7973673343658447,3.3516440987586975,4.081698885067562,3.1418450168692034,3.2619371715578303
