clean_file,enhanced_file,sampling_rate,PESQ,SI_SDR,STOI,DNSMOS_p808_mos,DNSMOS_mos_sig,DNSMOS_mos_bak,DNSMOS_mos_ovr
p101_rainbow_06_highpitch,WF_p101_rainbow_06_highpitch_fold10_118558-5-0-1_SNR15dB.wav,16000,1.9947140216827393,18.78024673461914,0.8843026161193848,3.5067312717437744,3.4846407683511873,3.3022601019118345,2.883827535779979
