clean_file,enhanced_file,sampling_rate,PESQ,SI_SDR,STOI,DNSMOS_p808_mos,DNSMOS_mos_sig,DNSMOS_mos_bak,DNSMOS_mos_ovr
p101_rainbow_06_fast,WF_p101_rainbow_06_fast_fold10_118558-5-0-0_SNR15dB.wav,16000,2.11142635345459,14.184364318847656,0.9032014012336731,3.5612881183624268,3.9604772233416314,3.771950021961756,3.428279536043811
