clean_file,enhanced_file,sampling_rate,PESQ,SI_SDR,STOI,DNSMOS_p808_mos,DNSMOS_mos_sig,DNSMOS_mos_bak,DNSMOS_mos_ovr
p103_emo_desire_freeform,WF_p103_emo_desire_freeform_fold10_167464-0-0-14_SNR15dB.wav,16000,2.1153059005737305,13.676294326782227,0.8691511154174805,3.3778576850891113,4.166074745908007,2.86552277691475,2.9869062592933635
