clean_file,enhanced_file,sampling_rate,PESQ,SI_SDR,STOI,DNSMOS_p808_mos,DNSMOS_mos_sig,DNSMOS_mos_bak,DNSMOS_mos_ovr
p102_sentences_22_regular,WF_p102_sentences_22_regular_fold10_164377-9-1-43_SNR15dB.wav,16000,2.1516730785369873,14.847222328186035,0.8268659710884094,3.6883887449900308,3.7666826309068124,2.7706365128574006,2.7558070421186494
