clean_file,enhanced_file,sampling_rate,PESQ,SI_SDR,STOI,DNSMOS_p808_mos,DNSMOS_mos_sig,DNSMOS_mos_bak,DNSMOS_mos_ovr
p101_sentences_11_highpitch,WF_p101_sentences_11_highpitch_fold10_142641-3-0-0_SNR15dB.wav,16000,1.4004096984863281,15.547039031982422,0.8026207089424133,3.062258005142212,3.1636428030273853,2.259317275919641,2.180186540207615
