clean_file,enhanced_file,sampling_rate,PESQ,SI_SDR,STOI,DNSMOS_p808_mos,DNSMOS_mos_sig,DNSMOS_mos_bak,DNSMOS_mos_ovr
p102_emo_disappointment_sentences,WF_p102_emo_disappointment_sentences_fold10_155280-2-0-13_SNR15dB.wav,16000,2.6422314643859863,15.451603889465332,0.766929566860199,3.816673755645752,4.104872226353896,2.8638243986683225,3.120138111304253
