clean_file,enhanced_file,sampling_rate,PESQ,SI_SDR,STOI,DNSMOS_p808_mos,DNSMOS_mos_sig,DNSMOS_mos_bak,DNSMOS_mos_ovr
p101_emo_neutral_freeform,WF_p101_emo_neutral_freeform_fold10_102857-5-0-20_SNR15dB.wav,16000,2.631924629211426,12.615516662597656,0.9171015620231628,3.7727170331137523,4.067755832491516,4.065553957596433,3.626165938851306
