clean_file,enhanced_file,sampling_rate,PESQ,SI_SDR,STOI,DNSMOS_p808_mos,DNSMOS_mos_sig,DNSMOS_mos_bak,DNSMOS_mos_ovr
p105_emo_fear_sentences,WF_p105_emo_fear_sentences_fold10_59513-3-0-4_SNR15dB.wav,16000,1.9649810791015625,12.459789276123047,0.6431485414505005,3.490084250768026,3.037198969492407,2.8268749543130145,2.2131580962291877
