clean_file,enhanced_file,sampling_rate,PESQ,SI_SDR,STOI,DNSMOS_p808_mos,DNSMOS_mos_sig,DNSMOS_mos_bak,DNSMOS_mos_ovr
p103_emo_cuteness_freeform,WF_p103_emo_cuteness_freeform_fold10_167464-0-0-12_SNR15dB.wav,16000,2.21748685836792,16.249149322509766,0.833975076675415,3.4700063467025757,4.0714431044047235,4.239399714723535,3.7120002372419245
