clean_file,enhanced_file,sampling_rate,PESQ,SI_SDR,STOI,DNSMOS_p808_mos,DNSMOS_mos_sig,DNSMOS_mos_bak,DNSMOS_mos_ovr
p105_sentences_23_regular,WF_p105_sentences_23_regular_fold10_83502-0-0-2_SNR15dB.wav,16000,2.0144569873809814,13.347626686096191,0.6169202327728271,3.3590904644557407,4.090173504682007,3.8207040497714013,3.510846500510804
