clean_file,enhanced_file,sampling_rate,PESQ,SI_SDR,STOI,DNSMOS_p808_mos,DNSMOS_mos_sig,DNSMOS_mos_bak,DNSMOS_mos_ovr
p103_emo_serenity_freeform,WF_p103_emo_serenity_freeform_fold10_171478-9-0-55_SNR15dB.wav,16000,2.001019239425659,13.29252815246582,0.7459904551506042,3.15297337940761,4.234739882918093,3.5862198739172477,3.5242855811516867
