clean_file,enhanced_file,sampling_rate,PESQ,SI_SDR,STOI,DNSMOS_p808_mos,DNSMOS_mos_sig,DNSMOS_mos_bak,DNSMOS_mos_ovr
p101_rainbow_07_slow,WF_p101_rainbow_07_slow_fold10_119067-0-0-2_SNR15dB.wav,16000,2.121701955795288,13.356017112731934,0.7849671840667725,3.4556593213762556,3.6944119258008064,3.714708626035087,3.1266184543933355
