clean_file,enhanced_file,sampling_rate,PESQ,SI_SDR,STOI,DNSMOS_p808_mos,DNSMOS_mos_sig,DNSMOS_mos_bak,DNSMOS_mos_ovr
p106_emo_disappointment_freeform,WF_p106_emo_disappointment_freeform_fold10_88121-8-1-0_SNR15dB.wav,16000,1.7859183549880981,13.21290397644043,0.8832382559776306,3.514216729572841,3.6718763704078192,3.15147860341999,2.830744305594575
