clean_file,enhanced_file,sampling_rate,PESQ,SI_SDR,STOI,DNSMOS_p808_mos,DNSMOS_mos_sig,DNSMOS_mos_bak,DNSMOS_mos_ovr
p101_sentences_06_loud,WF_p101_sentences_06_loud_fold10_138017-9-1-16_SNR15dB.wav,16000,1.9103343486785889,15.699888229370117,0.8852591514587402,3.120073397954305,3.9617520389444816,2.533242420270532,2.8058526077528327
