clean_file,enhanced_file,sampling_rate,PESQ,SI_SDR,STOI,DNSMOS_p808_mos,DNSMOS_mos_sig,DNSMOS_mos_bak,DNSMOS_mos_ovr
p106_emo_distress_freeform,WF_p106_emo_distress_freeform_fold10_93567-8-0-10_SNR15dB.wav,16000,1.8067238330841064,13.32184886932373,0.8919959664344788,3.357465846197946,3.962614629005484,2.2517862356835936,2.524055068610888
