clean_file,enhanced_file,sampling_rate,PESQ,SI_SDR,STOI,DNSMOS_p808_mos,DNSMOS_mos_sig,DNSMOS_mos_bak,DNSMOS_mos_ovr
p106_emo_guilt_sentences,WF_p106_emo_guilt_sentences_fold10_93567-8-0-19_SNR15dB.wav,16000,1.9248754978179932,14.420565605163574,0.8564742207527161,2.9648797512054443,4.406260098016363,2.5754202828907564,3.045210522397255
