clean_file,enhanced_file,sampling_rate,PESQ,SI_SDR,STOI,DNSMOS_p808_mos,DNSMOS_mos_sig,DNSMOS_mos_bak,DNSMOS_mos_ovr
p105_rainbow_01_lowpitch,WF_p105_rainbow_01_lowpitch_fold10_73524-0-0-5_SNR15dB.wav,16000,2.067917585372925,10.47592544555664,0.9064956903457642,3.6614573001861572,3.787831274303791,3.6737016557398805,3.189800178796673
