clean_file,enhanced_file,sampling_rate,PESQ,SI_SDR,STOI,DNSMOS_p808_mos,DNSMOS_mos_sig,DNSMOS_mos_bak,DNSMOS_mos_ovr
p103_rainbow_01_whisper,WF_p103_rainbow_01_whisper_fold10_175850-1-0-0_SNR15dB.wav,16000,1.2769252061843872,4.299933433532715,0.6702221035957336,2.559950669606527,2.090815702145132,3.2508259589911472,1.7663342641059143
