clean_file,enhanced_file,sampling_rate,PESQ,SI_SDR,STOI,DNSMOS_p808_mos,DNSMOS_mos_sig,DNSMOS_mos_bak,DNSMOS_mos_ovr
p104_emo_relief_freeform,WF_p104_emo_relief_freeform_fold10_195063-4-1-0_SNR15dB.wav,16000,1.4147934913635254,13.1058349609375,0.843974769115448,2.8945114612579346,4.4091830701169785,2.698692634260617,3.1426115818806992
