clean_file,enhanced_file,sampling_rate,PESQ,SI_SDR,STOI,DNSMOS_p808_mos,DNSMOS_mos_sig,DNSMOS_mos_bak,DNSMOS_mos_ovr
p101_rainbow_03_highpitch,WF_p101_rainbow_03_highpitch_fold10_117889-9-0-12_SNR15dB.wav,16000,1.8460109233856201,15.657894134521484,0.8714442253112793,2.7487871646881104,3.6790431928641687,1.7313582020130123,1.9751099796493152
