clean_file,enhanced_file,sampling_rate,PESQ,SI_SDR,STOI,DNSMOS_p808_mos,DNSMOS_mos_sig,DNSMOS_mos_bak,DNSMOS_mos_ovr
p103_emo_neutral_sentences,WF_p103_emo_neutral_sentences_fold10_167750-4-0-0_SNR15dB.wav,16000,1.9438868761062622,13.040252685546875,0.5984700918197632,3.3435128927230835,3.281474883959537,3.2385880935438545,2.5214038408341244
