clean_file,enhanced_file,sampling_rate,PESQ,SI_SDR,STOI,DNSMOS_p808_mos,DNSMOS_mos_sig,DNSMOS_mos_bak,DNSMOS_mos_ovr
p102_rainbow_02_lowpitch,WF_p102_rainbow_02_lowpitch_fold10_159742-8-0-6_SNR15dB.wav,16000,2.0799050331115723,14.944453239440918,0.9454212188720703,4.029411872227986,4.277397540823025,2.236776071673935,2.8193441958057814
