clean_file,enhanced_file,sampling_rate,PESQ,SI_SDR,STOI,DNSMOS_p808_mos,DNSMOS_mos_sig,DNSMOS_mos_bak,DNSMOS_mos_ovr
p101_rainbow_08_fast,WF_p101_rainbow_08_fast_fold10_128240-3-0-20_SNR15dB.wav,16000,2.059042453765869,14.484354019165039,0.9442581534385681,3.7208752632141113,4.021065434981239,2.0609630702923614,2.464713536168306
