clean_file,enhanced_file,sampling_rate,PESQ,SI_SDR,STOI,DNSMOS_p808_mos,DNSMOS_mos_sig,DNSMOS_mos_bak,DNSMOS_mos_ovr
p104_rainbow_04_regular,WF_p104_rainbow_04_regular_fold10_203424-9-0-26_SNR15dB.wav,16000,1.509263038635254,14.884562492370605,0.8560453057289124,2.7843233176640103,4.04030738427572,2.504578724037565,2.6717876168573262
