clean_file,enhanced_file,sampling_rate,PESQ,SI_SDR,STOI,DNSMOS_p808_mos,DNSMOS_mos_sig,DNSMOS_mos_bak,DNSMOS_mos_ovr
p101_sentences_01_fast,WF_p101_sentences_01_fast_fold10_129750-2-0-3_SNR15dB.wav,16000,1.8904139995574951,14.874837875366211,0.9299064874649048,3.148205348423549,4.430842303719962,2.5448116522383892,3.1006103606220754
