clean_file,enhanced_file,sampling_rate,PESQ,SI_SDR,STOI,DNSMOS_p808_mos,DNSMOS_mos_sig,DNSMOS_mos_bak,DNSMOS_mos_ovr
p105_emo_confusion_sentences,WF_p105_emo_confusion_sentences_fold10_39847-5-0-6_SNR15dB.wav,16000,2.146131753921509,14.915609359741211,0.514085054397583,2.7114059925079346,2.9730449986271905,2.924247106210877,2.268822120591982
