clean_file,enhanced_file,sampling_rate,PESQ,SI_SDR,STOI,DNSMOS_p808_mos,DNSMOS_mos_sig,DNSMOS_mos_bak,DNSMOS_mos_ovr
p104_melodic_happy_birthday,WF_p104_melodic_happy_birthday_fold10_197554-2-0-26_SNR15dB.wav,16000,1.9191431999206543,19.117834091186523,0.8395175933837891,2.590908016477312,4.123898068101569,2.765625165853792,2.921973580309968
