clean_file,enhanced_file,sampling_rate,PESQ,SI_SDR,STOI,DNSMOS_p808_mos,DNSMOS_mos_sig,DNSMOS_mos_bak,DNSMOS_mos_ovr
p101_interjection_anger,WF_p101_interjection_anger_fold10_102857-5-0-7_SNR15dB.wav,16000,2.9499757289886475,21.750459671020508,0.9586532711982727,2.8339922428131104,3.6093219781826065,3.139390056978327,2.918184848500039
