clean_file,enhanced_file,sampling_rate,PESQ,SI_SDR,STOI,DNSMOS_p808_mos,DNSMOS_mos_sig,DNSMOS_mos_bak,DNSMOS_mos_ovr
p105_vegetative_yawning,WF_p105_vegetative_yawning_fold10_83502-0-0-8_SNR15dB.wav,16000,1.7117246389389038,12.539175033569336,0.42678719758987427,2.5546247959136963,3.35591045073046,3.1470136013638603,2.4562379488725585
