clean_file,enhanced_file,sampling_rate,PESQ,SI_SDR,STOI,DNSMOS_p808_mos,DNSMOS_mos_sig,DNSMOS_mos_bak,DNSMOS_mos_ovr
p105_rainbow_01_slow,WF_p105_rainbow_01_slow_fold10_73524-0-0-54_SNR15dB.wav,16000,1.7149431705474854,9.834633827209473,0.8468557596206665,3.166640559832255,2.9903988837173316,4.269776672950635,2.6612883448412448
