clean_file,enhanced_file,sampling_rate,PESQ,SI_SDR,STOI,DNSMOS_p808_mos,DNSMOS_mos_sig,DNSMOS_mos_bak,DNSMOS_mos_ovr
p104_nonverbal_laughter_closed,WF_p104_nonverbal_laughter_closed_fold10_197554-2-0-60_SNR15dB.wav,16000,2.0072360038757324,11.92051887512207,0.8018850088119507,2.4211442470550537,1.815146368113304,3.6253829301611025,1.4721577858931174
