clean_file,enhanced_file,sampling_rate,PESQ,SI_SDR,STOI,DNSMOS_p808_mos,DNSMOS_mos_sig,DNSMOS_mos_bak,DNSMOS_mos_ovr
p101_sentences_01_regular,WF_p101_sentences_01_regular_fold10_129750-2-0-4_SNR15dB.wav,16000,2.0410962104797363,14.143106460571289,0.8567498922348022,3.361805558204651,4.449551032100711,2.681265786616029,3.184298572362473
