clean_file,enhanced_file,sampling_rate,PESQ,SI_SDR,STOI,DNSMOS_p808_mos,DNSMOS_mos_sig,DNSMOS_mos_bak,DNSMOS_mos_ovr
p105_sentences_13_lowpitch,WF_p105_sentences_13_lowpitch_fold10_83195-9-0-2_SNR15dB.wav,16000,1.9985013008117676,15.525063514709473,0.7143284678459167,2.90231796673366,3.7593314670062705,2.612480831708408,2.7569378528051613
