clean_file,enhanced_file,sampling_rate,PESQ,SI_SDR,STOI,DNSMOS_p808_mos,DNSMOS_mos_sig,DNSMOS_mos_bak,DNSMOS_mos_ovr
p106_emo_fear_freeform,WF_p106_emo_fear_freeform_fold10_93567-8-0-16_SNR15dB.wav,16000,2.0195810794830322,16.049345016479492,0.8179417848587036,2.9616608142852785,3.7980219565524664,2.2943479232458452,2.543384164602544
