clean_file,enhanced_file,sampling_rate,PESQ,SI_SDR,STOI,DNSMOS_p808_mos,DNSMOS_mos_sig,DNSMOS_mos_bak,DNSMOS_mos_ovr
p103_rainbow_06_loud,WF_p103_rainbow_06_loud_fold10_180127-4-0-16_SNR15dB.wav,16000,1.8231264352798462,16.80270004272461,0.9060519337654114,3.3182724952697753,3.757453914914585,2.848471511586488,2.823306856568819
