clean_file,enhanced_file,sampling_rate,PESQ,SI_SDR,STOI,DNSMOS_p808_mos,DNSMOS_mos_sig,DNSMOS_mos_bak,DNSMOS_mos_ovr
p101_rainbow_02_regular,WF_p101_rainbow_02_regular_fold10_115418-9-0-29_SNR15dB.wav,16000,1.9266505241394043,13.736802101135254,0.8577752709388733,2.747895836830139,4.047069335823737,2.4822388367307875,2.8799676398526612
