clean_file,enhanced_file,sampling_rate,PESQ,SI_SDR,STOI,DNSMOS_p808_mos,DNSMOS_mos_sig,DNSMOS_mos_bak,DNSMOS_mos_ovr
p105_sentences_17_regular,WF_p105_sentences_17_regular_fold10_83502-0-0-0_SNR15dB.wav,16000,1.6974208354949951,12.760902404785156,0.6989803910255432,3.161003521510533,3.797701500758534,3.2782454329973976,3.0314830908314283
