clean_file,enhanced_file,sampling_rate,PESQ,SI_SDR,STOI,DNSMOS_p808_mos,DNSMOS_mos_sig,DNSMOS_mos_bak,DNSMOS_mos_ovr
p103_sentences_02_regular,WF_p103_sentences_02_regular_fold10_187110-2-0-27_SNR15dB.wav,16000,2.2386202812194824,15.225462913513184,0.7988738417625427,3.4991020134517123,3.932000951532292,2.8123827089583755,2.8690410304884146
