clean_file,enhanced_file,sampling_rate,PESQ,SI_SDR,STOI,DNSMOS_p808_mos,DNSMOS_mos_sig,DNSMOS_mos_bak,DNSMOS_mos_ovr
p101_emo_pain_sentences,WF_p101_emo_pain_sentences_fold10_102857-5-0-23_SNR15dB.wav,16000,3.1750545501708984,17.760318756103516,0.9597075581550598,3.8075288363865445,4.111309943946969,3.3985877360190027,3.385458406206383
