clean_file,enhanced_file,sampling_rate,PESQ,SI_SDR,STOI,DNSMOS_p808_mos,DNSMOS_mos_sig,DNSMOS_mos_bak,DNSMOS_mos_ovr
p101_sentences_02_slow,WF_p101_sentences_02_slow_fold10_136558-9-1-26_SNR15dB.wav,16000,1.4484671354293823,7.199037551879883,0.703183114528656,2.638103178569249,2.8324608298416245,3.256077431202701,2.2450492676046
