clean_file,enhanced_file,sampling_rate,PESQ,SI_SDR,STOI,DNSMOS_p808_mos,DNSMOS_mos_sig,DNSMOS_mos_bak,DNSMOS_mos_ovr
p106_emo_interest_sentences,WF_p106_emo_interest_sentences_fold10_93567-8-0-3_SNR15dB.wav,16000,2.079845905303955,15.810766220092773,0.7013466358184814,3.2274561723073325,3.1551456200717927,2.882759618424244,2.3639161213651225
