clean_file,enhanced_file,sampling_rate,PESQ,SI_SDR,STOI,DNSMOS_p808_mos,DNSMOS_mos_sig,DNSMOS_mos_bak,DNSMOS_mos_ovr
p104_emo_neutral_sentences,WF_p104_emo_neutral_sentences_fold10_189985-0-0-1_SNR15dB.wav,16000,2.436411142349243,16.748981475830078,0.7015261650085449,3.5740565061569214,3.6044096515545765,3.3009362370144566,2.8443521055611947
