clean_file,enhanced_file,sampling_rate,PESQ,SI_SDR,STOI,DNSMOS_p808_mos,DNSMOS_mos_sig,DNSMOS_mos_bak,DNSMOS_mos_ovr
p104_rainbow_01_slow,WF_p104_rainbow_01_slow_fold10_200460-6-1-0_SNR15dB.wav,16000,1.7587976455688477,14.212926864624023,0.9230300784111023,3.8069682802472795,4.368496456006999,4.027435566858663,3.7781562776000115
