clean_file,enhanced_file,sampling_rate,PESQ,SI_SDR,STOI,DNSMOS_p808_mos,DNSMOS_mos_sig,DNSMOS_mos_bak,DNSMOS_mos_ovr
p104_rainbow_03_lowpitch,WF_p104_rainbow_03_lowpitch_fold10_202334-9-0-105_SNR15dB.wav,16000,1.5735093355178833,14.260753631591797,0.87289959192276,2.906393051147461,3.716224439199423,2.430293573951876,2.4282853746797466
