clean_file,enhanced_file,sampling_rate,PESQ,SI_SDR,STOI,DNSMOS_p808_mos,DNSMOS_mos_sig,DNSMOS_mos_bak,DNSMOS_mos_ovr
p102_sentences_02_fast,WF_p102_sentences_02_fast_fold10_162134-7-8-1_SNR15dB.wav,16000,1.4250924587249756,16.165771484375,0.9360153079032898,3.360106945037842,3.9896522945451984,2.1026429875032084,2.553728215737117
