clean_file,enhanced_file,sampling_rate,PESQ,SI_SDR,STOI,DNSMOS_p808_mos,DNSMOS_mos_sig,DNSMOS_mos_bak,DNSMOS_mos_ovr
p103_interjection_greetings,WF_p103_interjection_greetings_fold10_172519-9-0-53_SNR15dB.wav,16000,1.8061721324920654,15.404805183410645,0.7711986899375916,2.891902651105608,3.7953772174059592,2.892219756219976,2.845617477136027
