clean_file,enhanced_file,sampling_rate,PESQ,SI_SDR,STOI,DNSMOS_p808_mos,DNSMOS_mos_sig,DNSMOS_mos_bak,DNSMOS_mos_ovr
p105_emo_interest_sentences,WF_p105_emo_interest_sentences_fold10_69661-3-0-23_SNR15dB.wav,16000,1.2955440282821655,12.95727825164795,0.6271611452102661,3.5715808868408203,4.046749183732974,2.9623745660225005,3.081160733792333
