clean_file,enhanced_file,sampling_rate,PESQ,SI_SDR,STOI,DNSMOS_p808_mos,DNSMOS_mos_sig,DNSMOS_mos_bak,DNSMOS_mos_ovr
p103_rainbow_04_fast,WF_p103_rainbow_04_fast_fold10_178826-2-0-16_SNR15dB.wav,16000,1.7274197340011597,15.10083293914795,0.8969741463661194,3.2676709493001304,4.248477563150547,2.3846019470158857,2.811294705639503
