clean_file,enhanced_file,sampling_rate,PESQ,SI_SDR,STOI,DNSMOS_p808_mos,DNSMOS_mos_sig,DNSMOS_mos_bak,DNSMOS_mos_ovr
p105_sentences_24_regular,WF_p105_sentences_24_regular_fold10_83502-0-0-3_SNR15dB.wav,16000,1.6985727548599243,12.960575103759766,0.6114538311958313,3.02568176814488,3.6238019078400923,3.170792912327752,2.7937801554624393
