clean_file,enhanced_file,sampling_rate,PESQ,SI_SDR,STOI,DNSMOS_p808_mos,DNSMOS_mos_sig,DNSMOS_mos_bak,DNSMOS_mos_ovr
p102_vegetative_sneezing,WF_p102_vegetative_sneezing_fold10_165166-8-0-1_SNR15dB.wav,16000,2.882788896560669,15.185819625854492,0.887496829032898,3.074533224105835,2.81891846846764,2.088600862344145,2.0107255952764564
