clean_file,enhanced_file,sampling_rate,PESQ,SI_SDR,STOI,DNSMOS_p808_mos,DNSMOS_mos_sig,DNSMOS_mos_bak,DNSMOS_mos_ovr
p103_rainbow_07_lowpitch,WF_p103_rainbow_07_lowpitch_fold10_180127-4-0-4_SNR15dB.wav,16000,1.9243931770324707,16.202091217041016,0.894646942615509,3.277021816798619,4.09459902659304,3.617109327794959,3.4730445919317114
