clean_file,enhanced_file,sampling_rate,PESQ,SI_SDR,STOI,DNSMOS_p808_mos,DNSMOS_mos_sig,DNSMOS_mos_bak,DNSMOS_mos_ovr
p104_sentences_01_whisper,WF_p104_sentences_01_whisper_fold10_26344-4-1-0_SNR15dB.wav,16000,1.485332727432251,10.683594703674316,0.749733030796051,3.1721161093030656,3.5505112682036897,2.9737246714667154,2.580469758134876
