clean_file,enhanced_file,sampling_rate,PESQ,SI_SDR,STOI,DNSMOS_p808_mos,DNSMOS_mos_sig,DNSMOS_mos_bak,DNSMOS_mos_ovr
p105_emo_disappointment_sentences,WF_p105_emo_disappointment_sentences_fold10_51024-3-0-16_SNR15dB.wav,16000,1.4141721725463867,12.106366157531738,0.6708860993385315,2.8742249488830565,2.9122111189278006,2.8475037128472946,2.2367081366697916
