clean_file,enhanced_file,sampling_rate,PESQ,SI_SDR,STOI,DNSMOS_p808_mos,DNSMOS_mos_sig,DNSMOS_mos_bak,DNSMOS_mos_ovr
p103_rainbow_08_regular,WF_p103_rainbow_08_regular_fold10_181624-4-1-0_SNR15dB.wav,16000,1.4338854551315308,15.511819839477539,0.9053617715835571,2.960364137377058,4.2610650861671155,3.1857851353334334,3.3795295979687845
