clean_file,enhanced_file,sampling_rate,PESQ,SI_SDR,STOI,DNSMOS_p808_mos,DNSMOS_mos_sig,DNSMOS_mos_bak,DNSMOS_mos_ovr
p106_emo_amazement_freeform,WF_p106_emo_amazement_freeform_fold10_84249-9-0-11_SNR15dB.wav,16000,1.7202112674713135,16.08919906616211,0.8434271216392517,2.9344894545418874,4.221746604446407,2.297777445729435,2.770283534954507
