clean_file,enhanced_file,sampling_rate,PESQ,SI_SDR,STOI,DNSMOS_p808_mos,DNSMOS_mos_sig,DNSMOS_mos_bak,DNSMOS_mos_ovr
p105_nonverbal_laughter_closed,WF_p105_nonverbal_laughter_closed_fold10_73524-0-0-133_SNR15dB.wav,16000,1.8404752016067505,12.894196510314941,0.7389275431632996,2.875974416732788,2.1757305766844577,4.189932499872374,2.0941811261296803
