clean_file,enhanced_file,sampling_rate,PESQ,SI_SDR,STOI,DNSMOS_p808_mos,DNSMOS_mos_sig,DNSMOS_mos_bak,DNSMOS_mos_ovr
p101_emo_anger_freeform,WF_p101_emo_anger_freeform_fold10_100795-3-1-0_SNR15dB.wav,16000,2.0534145832061768,15.117177963256836,0.9278516173362732,3.3389809812818254,3.8737633748465266,2.3193526734645844,2.600469097933225
