clean_file,enhanced_file,sampling_rate,PESQ,SI_SDR,STOI,DNSMOS_p808_mos,DNSMOS_mos_sig,DNSMOS_mos_bak,DNSMOS_mos_ovr
p102_sentences_09_fast,WF_p102_sentences_09_fast_fold10_163459-3-0-0_SNR15dB.wav,16000,1.7801268100738525,15.355430603027344,0.9002091288566589,3.708911418914795,4.518846047472583,3.047358914402479,3.497138948609866
