clean_file,enhanced_file,sampling_rate,PESQ,SI_SDR,STOI,DNSMOS_p808_mos,DNSMOS_mos_sig,DNSMOS_mos_bak,DNSMOS_mos_ovr
p104_emo_guilt_freeform,WF_p104_emo_guilt_freeform_fold10_189982-0-0-44_SNR15dB.wav,16000,2.1208577156066895,16.076393127441406,0.8557419180870056,3.506774604320526,4.100731360353282,3.561877643659823,3.3703300814969337
