clean_file,enhanced_file,sampling_rate,PESQ,SI_SDR,STOI,DNSMOS_p808_mos,DNSMOS_mos_sig,DNSMOS_mos_bak,DNSMOS_mos_ovr
p102_interjection_agreement,WF_p102_interjection_agreement_fold10_157207-6-10-0_SNR15dB.wav,16000,2.1486682891845703,14.953969955444336,0.8238498568534851,3.3270890712738037,3.7443824926898626,2.4923016170015746,2.6810201847138213
