clean_file,enhanced_file,sampling_rate,PESQ,SI_SDR,STOI,DNSMOS_p808_mos,DNSMOS_mos_sig,DNSMOS_mos_bak,DNSMOS_mos_ovr
p105_sentences_22_regular,WF_p105_sentences_22_regular_fold10_83502-0-0-13_SNR15dB.wav,16000,1.5074880123138428,12.212570190429688,0.6669933199882507,3.19013626234872,3.9284826653380307,2.8733719220979475,2.8771398549616833
