clean_file,enhanced_file,sampling_rate,PESQ,SI_SDR,STOI,DNSMOS_p808_mos,DNSMOS_mos_sig,DNSMOS_mos_bak,DNSMOS_mos_ovr
p103_sentences_19_regular,WF_p103_sentences_19_regular_fold10_188813-7-0-0_SNR15dB.wav,16000,1.6113770008087158,13.97142219543457,0.7259237170219421,3.005079882485526,4.193915214098122,3.056272109889869,3.2567802724093267
