clean_file,enhanced_file,sampling_rate,PESQ,SI_SDR,STOI,DNSMOS_p808_mos,DNSMOS_mos_sig,DNSMOS_mos_bak,DNSMOS_mos_ovr
p102_rainbow_01_loud,WF_p102_rainbow_01_loud_fold10_159742-8-0-11_SNR15dB.wav,16000,1.8282347917556763,14.912944793701172,0.9472276568412781,3.7145040035247803,3.646756876865791,2.3657829151654894,2.5619939234725324
