clean_file,enhanced_file,sampling_rate,PESQ,SI_SDR,STOI,DNSMOS_p808_mos,DNSMOS_mos_sig,DNSMOS_mos_bak,DNSMOS_mos_ovr
p104_emo_amazement_freeform,WF_p104_emo_amazement_freeform_fold10_188813-7-5-0_SNR15dB.wav,16000,1.463003158569336,16.828224182128906,0.7958009243011475,2.963426411151886,4.277663809762603,2.9920266757763536,3.31159258919345
