clean_file,enhanced_file,sampling_rate,PESQ,SI_SDR,STOI,DNSMOS_p808_mos,DNSMOS_mos_sig,DNSMOS_mos_bak,DNSMOS_mos_ovr
p106_interjection_congratulations,WF_p106_interjection_congratulations_fold10_99192-4-0-27_SNR15dB.wav,16000,1.4624965190887451,14.746406555175781,0.7320970296859741,2.743540048599243,3.9603299927050366,2.343904773641642,2.6669476242346994
