clean_file,enhanced_file,sampling_rate,PESQ,SI_SDR,STOI,DNSMOS_p808_mos,DNSMOS_mos_sig,DNSMOS_mos_bak,DNSMOS_mos_ovr
p104_emo_desire_freeform,WF_p104_emo_desire_freeform_fold10_189982-0-0-20_SNR15dB.wav,16000,2.174877405166626,16.40485954284668,0.8828834295272827,3.3827229738235474,4.111087775514676,2.8839563462561433,2.9967033070676097
