clean_file,enhanced_file,sampling_rate,PESQ,SI_SDR,STOI,DNSMOS_p808_mos,DNSMOS_mos_sig,DNSMOS_mos_bak,DNSMOS_mos_ovr
p105_sentences_02_whisper,WF_p105_sentences_02_whisper_fold10_81791-3-0-0_SNR15dB.wav,16000,1.7764391899108887,8.091300964355469,0.7080849409103394,3.3457861287253245,2.1628741196032983,3.573531552426822,1.9229926351265587
