clean_file,enhanced_file,sampling_rate,PESQ,SI_SDR,STOI,DNSMOS_p808_mos,DNSMOS_mos_sig,DNSMOS_mos_bak,DNSMOS_mos_ovr
p103_sentences_04_whisper,WF_p103_sentences_04_whisper_fold10_187110-2-0-8_SNR15dB.wav,16000,1.26570463180542,8.043278694152832,0.6286027431488037,2.868216173989432,2.074917104097871,3.267346120670004,1.7846969894338025
