clean_file,enhanced_file,sampling_rate,PESQ,SI_SDR,STOI,DNSMOS_p808_mos,DNSMOS_mos_sig,DNSMOS_mos_bak,DNSMOS_mos_ovr
p104_emo_fear_freeform,WF_p104_emo_fear_freeform_fold10_189982-0-0-42_SNR15dB.wav,16000,2.40474009513855,15.908258438110352,0.8110247254371643,3.414283275604248,3.505683131199865,3.2351097454353344,2.844670240802629
