clean_file,enhanced_file,sampling_rate,PESQ,SI_SDR,STOI,DNSMOS_p808_mos,DNSMOS_mos_sig,DNSMOS_mos_bak,DNSMOS_mos_ovr
p103_rainbow_04_regular,WF_p103_rainbow_04_regular_fold10_178826-2-0-39_SNR15dB.wav,16000,1.8003628253936768,15.46581745147705,0.909805178642273,3.34486562865121,4.410049327502651,2.651130071237134,3.110146572847067
