clean_file,enhanced_file,sampling_rate,PESQ,SI_SDR,STOI,DNSMOS_p808_mos,DNSMOS_mos_sig,DNSMOS_mos_bak,DNSMOS_mos_ovr
p106_emo_relief_freeform,WF_p106_emo_relief_freeform_fold10_99192-4-0-1_SNR15dB.wav,16000,1.421269178390503,14.567371368408203,0.867828905582428,3.1132118020738875,4.552701842405854,2.780673720813919,3.2234586547873123
