clean_file,enhanced_file,sampling_rate,PESQ,SI_SDR,STOI,DNSMOS_p808_mos,DNSMOS_mos_sig,DNSMOS_mos_bak,DNSMOS_mos_ovr
p104_sentences_21_regular,WF_p104_sentences_21_regular_fold10_30344-3-0-4_SNR15dB.wav,16000,2.455296516418457,14.568273544311523,0.7779929041862488,3.546999045780727,3.5903802100454096,2.426955337148297,2.3616907311332325
