clean_file,enhanced_file,sampling_rate,PESQ,SI_SDR,STOI,DNSMOS_p808_mos,DNSMOS_mos_sig,DNSMOS_mos_bak,DNSMOS_mos_ovr
p101_sentences_01_loud,WF_p101_sentences_01_loud_fold10_129750-2-0-36_SNR15dB.wav,16000,1.9851415157318115,16.021163940429688,0.8611015677452087,3.3451503912607827,3.4134228421980572,2.275856277903591,2.3803189986469615
