clean_file,enhanced_file,sampling_rate,PESQ,SI_SDR,STOI,DNSMOS_p808_mos,DNSMOS_mos_sig,DNSMOS_mos_bak,DNSMOS_mos_ovr
p104_sentences_01_regular,WF_p104_sentences_01_regular_fold10_26255-3-8-0_SNR15dB.wav,16000,1.918969750404358,16.602689743041992,0.7100099325180054,3.3946027755737305,4.346010634828381,2.950088818890156,3.2740711577012136
