clean_file,enhanced_file,sampling_rate,PESQ,SI_SDR,STOI,DNSMOS_p808_mos,DNSMOS_mos_sig,DNSMOS_mos_bak,DNSMOS_mos_ovr
p102_sentences_02_slow,WF_p102_sentences_02_slow_fold10_162134-7-8-6_SNR15dB.wav,16000,1.2899045944213867,15.515738487243652,0.8791404366493225,3.3465588773999895,4.197474941398722,2.230277726971494,2.74369146728601
