clean_file,enhanced_file,sampling_rate,PESQ,SI_SDR,STOI,DNSMOS_p808_mos,DNSMOS_mos_sig,DNSMOS_mos_bak,DNSMOS_mos_ovr
p102_rainbow_06_slow,WF_p102_rainbow_06_slow_fold10_162134-7-14-0_SNR15dB.wav,16000,1.2563997507095337,15.514537811279297,0.9029878377914429,3.262388229370117,4.35665488596166,2.260475525924223,2.8354097767570536
