clean_file,enhanced_file,sampling_rate,PESQ,SI_SDR,STOI,DNSMOS_p808_mos,DNSMOS_mos_sig,DNSMOS_mos_bak,DNSMOS_mos_ovr
p101_rainbow_03_lowpitch,WF_p101_rainbow_03_lowpitch_fold10_117889-9-0-30_SNR15dB.wav,16000,2.3078646659851074,14.798423767089844,0.8987666964530945,3.408814787864685,3.823734344556133,2.4325142577827195,2.7173458294398647
