clean_file,enhanced_file,sampling_rate,PESQ,SI_SDR,STOI,DNSMOS_p808_mos,DNSMOS_mos_sig,DNSMOS_mos_bak,DNSMOS_mos_ovr
p102_rainbow_04_whisper,WF_p102_rainbow_04_whisper_fold10_162134-7-11-5_SNR15dB.wav,16000,1.2739980220794678,10.673030853271484,0.8137306571006775,2.787558889389038,1.7964829944123586,3.0234419811376654,1.592663587160741
