clean_file,enhanced_file,sampling_rate,PESQ,SI_SDR,STOI,DNSMOS_p808_mos,DNSMOS_mos_sig,DNSMOS_mos_bak,DNSMOS_mos_ovr
p105_rainbow_05_whisper,WF_p105_rainbow_05_whisper_fold10_74364-8-1-27_SNR15dB.wav,16000,1.3456382751464844,11.529173851013184,0.8489478826522827,3.155308723449707,3.6404891908965546,2.939051101676754,2.679741772618719
