clean_file,enhanced_file,sampling_rate,PESQ,SI_SDR,STOI,DNSMOS_p808_mos,DNSMOS_mos_sig,DNSMOS_mos_bak,DNSMOS_mos_ovr
p104_rainbow_03_fast,WF_p104_rainbow_03_fast_fold10_200786-5-1-3_SNR15dB.wav,16000,1.7197420597076416,15.302475929260254,0.9183880686759949,3.467064917087555,3.7749714807325496,2.7811285189766854,2.79374965081831
