clean_file,enhanced_file,sampling_rate,PESQ,SI_SDR,STOI,DNSMOS_p808_mos,DNSMOS_mos_sig,DNSMOS_mos_bak,DNSMOS_mos_ovr
p103_rainbow_05_fast,WF_p103_rainbow_05_fast_fold10_180127-4-0-0_SNR15dB.wav,16000,1.9054818153381348,14.887336730957031,0.9141069650650024,3.65943451722463,4.1702971208381205,3.9531758418729055,3.619608290412007
