clean_file,enhanced_file,sampling_rate,PESQ,SI_SDR,STOI,DNSMOS_p808_mos,DNSMOS_mos_sig,DNSMOS_mos_bak,DNSMOS_mos_ovr
p106_emo_adoration_sentences,WF_p106_emo_adoration_sentences_fold10_84249-9-0-10_SNR15dB.wav,16000,1.7103551626205444,14.21267318725586,0.8473241925239563,2.956155260403951,4.324277114280076,2.442541086342119,2.8087006488319317
