clean_file,enhanced_file,sampling_rate,PESQ,SI_SDR,STOI,DNSMOS_p808_mos,DNSMOS_mos_sig,DNSMOS_mos_bak,DNSMOS_mos_ovr
p102_emo_pain_sentences,WF_p102_emo_pain_sentences_fold10_15544-5-0-19_SNR15dB.wav,16000,2.8174843788146973,18.01453399658203,0.9559150338172913,3.975102322442191,4.35308733110095,2.761212718781956,3.1543458595259755
