clean_file,enhanced_file,sampling_rate,PESQ,SI_SDR,STOI,DNSMOS_p808_mos,DNSMOS_mos_sig,DNSMOS_mos_bak,DNSMOS_mos_ovr
p101_rainbow_04_regular,WF_p101_rainbow_04_regular_fold10_118278-4-0-12_SNR15dB.wav,16000,1.9978731870651245,14.85007381439209,0.8726583123207092,3.1765991846720376,4.145567708180429,2.764877543128499,3.083721713702431
