clean_file,enhanced_file,sampling_rate,PESQ,SI_SDR,STOI,DNSMOS_p808_mos,DNSMOS_mos_sig,DNSMOS_mos_bak,DNSMOS_mos_ovr
p105_emo_amusement_freeform,WF_p105_emo_amusement_freeform_fold10_39847-5-0-12_SNR15dB.wav,16000,1.5628626346588135,12.783470153808594,0.7228757739067078,3.0452240705490112,3.7692933791544654,2.9252228123350545,2.847500886067249
