clean_file,enhanced_file,sampling_rate,PESQ,SI_SDR,STOI,DNSMOS_p808_mos,DNSMOS_mos_sig,DNSMOS_mos_bak,DNSMOS_mos_ovr
p101_rainbow_08_highpitch,WF_p101_rainbow_08_highpitch_fold10_128240-3-0-39_SNR15dB.wav,16000,1.8676776885986328,14.7367582321167,0.9033709764480591,3.346075971921285,4.258509717108118,2.3506834934110032,2.8729452121641503
