clean_file,enhanced_file,sampling_rate,PESQ,SI_SDR,STOI,DNSMOS_p808_mos,DNSMOS_mos_sig,DNSMOS_mos_bak,DNSMOS_mos_ovr
p105_emo_embarassment_sentences,WF_p105_emo_embarassment_sentences_fold10_54086-1-2-0_SNR15dB.wav,16000,1.9911582469940186,14.323881149291992,0.7508525252342224,3.2801074028015136,3.3532490478984576,2.1591293313746767,2.285167534053422
