clean_file,enhanced_file,sampling_rate,PESQ,SI_SDR,STOI,DNSMOS_p808_mos,DNSMOS_mos_sig,DNSMOS_mos_bak,DNSMOS_mos_ovr
p102_rainbow_02_loud,WF_p102_rainbow_02_loud_fold10_159742-8-0-5_SNR15dB.wav,16000,1.737433671951294,15.264588356018066,0.9683046936988831,3.5417895317077637,4.26857274869083,2.068089183906726,2.6930978226358766
