clean_file,enhanced_file,sampling_rate,PESQ,SI_SDR,STOI,DNSMOS_p808_mos,DNSMOS_mos_sig,DNSMOS_mos_bak,DNSMOS_mos_ovr
p106_emo_contentment_sentences,WF_p106_emo_contentment_sentences_fold10_85665-3-0-0_SNR15dB.wav,16000,1.7589994668960571,13.174687385559082,0.8757525086402893,3.782104015350342,4.2799770564050625,3.734396323802888,3.610149899360903
