clean_file,enhanced_file,sampling_rate,PESQ,SI_SDR,STOI,DNSMOS_p808_mos,DNSMOS_mos_sig,DNSMOS_mos_bak,DNSMOS_mos_ovr
p104_rainbow_06_whisper,WF_p104_rainbow_06_whisper_fold10_208652-8-2-0_SNR15dB.wav,16000,1.3982203006744385,7.399475574493408,0.8242049217224121,3.150590181350708,2.1956034004156297,3.1866787628383575,1.8574476312967345
