clean_file,enhanced_file,sampling_rate,PESQ,SI_SDR,STOI,DNSMOS_p808_mos,DNSMOS_mos_sig,DNSMOS_mos_bak,DNSMOS_mos_ovr
p105_rainbow_06_regular,WF_p105_rainbow_06_regular_fold10_74364-8-1-7_SNR15dB.wav,16000,2.0853259563446045,13.74653434753418,0.8453581929206848,3.0974438871656145,3.948631707744472,3.8062316043461917,3.406546446737511
