clean_file,enhanced_file,sampling_rate,PESQ,SI_SDR,STOI,DNSMOS_p808_mos,DNSMOS_mos_sig,DNSMOS_mos_bak,DNSMOS_mos_ovr
p101_sentences_12_highpitch,WF_p101_sentences_12_highpitch_fold10_14468-3-0-2_SNR15dB.wav,16000,1.954339861869812,15.637373924255371,0.8274219036102295,2.870732307434082,3.3078537244236155,2.058097246208636,2.132840884427554
