clean_file,enhanced_file,sampling_rate,PESQ,SI_SDR,STOI,DNSMOS_p808_mos,DNSMOS_mos_sig,DNSMOS_mos_bak,DNSMOS_mos_ovr
p102_emo_confusion_freeform,WF_p102_emo_confusion_freeform_fold10_155262-2-0-11_SNR15dB.wav,16000,1.9713358879089355,15.532059669494629,0.9180859923362732,3.4737919739314487,3.912599257339963,2.3546717006307536,2.6493877473266774
