clean_file,enhanced_file,sampling_rate,PESQ,SI_SDR,STOI,DNSMOS_p808_mos,DNSMOS_mos_sig,DNSMOS_mos_bak,DNSMOS_mos_ovr
p101_rainbow_05_lowpitch,WF_p101_rainbow_05_lowpitch_fold10_118278-4-0-6_SNR15dB.wav,16000,1.8919730186462402,13.048002243041992,0.8805680274963379,3.102768580118815,4.0652556776697315,2.599085081169761,2.9060709137775125
