clean_file,enhanced_file,sampling_rate,PESQ,SI_SDR,STOI,DNSMOS_p808_mos,DNSMOS_mos_sig,DNSMOS_mos_bak,DNSMOS_mos_ovr
p105_rainbow_08_fast,WF_p105_rainbow_08_fast_fold10_74922-4-0-7_SNR15dB.wav,16000,1.3769437074661255,15.252347946166992,0.8812972903251648,3.0379417623792375,4.548763638749581,2.956972571604981,3.4632115548684186
