clean_file,enhanced_file,sampling_rate,PESQ,SI_SDR,STOI,DNSMOS_p808_mos,DNSMOS_mos_sig,DNSMOS_mos_bak,DNSMOS_mos_ovr
p101_emo_extasy_freeform,WF_p101_emo_extasy_freeform_fold10_102857-5-0-13_SNR15dB.wav,16000,3.1269690990448,19.8778018951416,0.8714039325714111,2.802637815475464,4.106927929639098,2.0779244176137888,2.6055900038119573
