clean_file,enhanced_file,sampling_rate,PESQ,SI_SDR,STOI,DNSMOS_p808_mos,DNSMOS_mos_sig,DNSMOS_mos_bak,DNSMOS_mos_ovr
p105_rainbow_02_loud,WF_p105_rainbow_02_loud_fold10_73524-0-0-74_SNR15dB.wav,16000,2.587334632873535,14.574689865112305,0.8892717957496643,3.841735635484968,4.089449426438377,4.18221802149167,3.6695070265889735
