clean_file,enhanced_file,sampling_rate,PESQ,SI_SDR,STOI,DNSMOS_p808_mos,DNSMOS_mos_sig,DNSMOS_mos_bak,DNSMOS_mos_ovr
p105_rainbow_05_lowpitch,WF_p105_rainbow_05_lowpitch_fold10_74364-8-1-24_SNR15dB.wav,16000,2.2534897327423096,13.241615295410156,0.9286190867424011,3.5177080631256104,4.377070513812119,2.987322288128079,3.339404940328901
