clean_file,enhanced_file,sampling_rate,PESQ,SI_SDR,STOI,DNSMOS_p808_mos,DNSMOS_mos_sig,DNSMOS_mos_bak,DNSMOS_mos_ovr
p106_rainbow_01_highpitch,WF_p106_rainbow_01_highpitch_fold10_99192-4-0-48_SNR15dB.wav,16000,1.4813112020492554,18.078369140625,0.7222535610198975,2.5352420806884766,3.416437567978428,1.9832486920250083,2.274694540300576
