clean_file,enhanced_file,sampling_rate,PESQ,SI_SDR,STOI,DNSMOS_p808_mos,DNSMOS_mos_sig,DNSMOS_mos_bak,DNSMOS_mos_ovr
p105_emo_serenity_sentences,WF_p105_emo_serenity_sentences_fold10_72538-3-0-4_SNR15dB.wav,16000,1.637451171875,13.051867485046387,0.6738096475601196,3.3080759843190513,3.6930594548462197,3.0000195841911768,2.768562686920351
