clean_file,enhanced_file,sampling_rate,PESQ,SI_SDR,STOI,DNSMOS_p808_mos,DNSMOS_mos_sig,DNSMOS_mos_bak,DNSMOS_mos_ovr
p103_rainbow_01_highpitch,WF_p103_rainbow_01_highpitch_fold10_174292-6-2-0_SNR15dB.wav,16000,2.0678932666778564,14.848299026489258,0.8295738697052002,3.1757452487945557,3.4109514397158467,2.0487496909020306,2.000737738937943
