clean_file,enhanced_file,sampling_rate,PESQ,SI_SDR,STOI,DNSMOS_p808_mos,DNSMOS_mos_sig,DNSMOS_mos_bak,DNSMOS_mos_ovr
p102_sentences_17_regular,WF_p102_sentences_17_regular_fold10_164194-2-0-7_SNR15dB.wav,16000,2.2291102409362793,15.161124229431152,0.8076759576797485,3.3698413372039795,3.955599316647167,3.053498131661651,3.1119891046733663
