clean_file,enhanced_file,sampling_rate,PESQ,SI_SDR,STOI,DNSMOS_p808_mos,DNSMOS_mos_sig,DNSMOS_mos_bak,DNSMOS_mos_ovr
p102_rainbow_05_fast,WF_p102_rainbow_05_fast_fold10_162134-7-11-6_SNR15dB.wav,16000,1.5700857639312744,14.638446807861328,0.9189868569374084,2.910877227783203,4.196978698134743,2.348328492250643,2.8267941527697973
