clean_file,enhanced_file,sampling_rate,PESQ,SI_SDR,STOI,DNSMOS_p808_mos,DNSMOS_mos_sig,DNSMOS_mos_bak,DNSMOS_mos_ovr
p103_interjection_filler,WF_p103_interjection_filler_fold10_172519-9-0-49_SNR15dB.wav,16000,2.025798797607422,16.278284072875977,0.5162580013275146,2.4767776216779436,3.0143049726388034,2.829800535314599,2.245346755920843
