clean_file,enhanced_file,sampling_rate,PESQ,SI_SDR,STOI,DNSMOS_p808_mos,DNSMOS_mos_sig,DNSMOS_mos_bak,DNSMOS_mos_ovr
p103_rainbow_08_highpitch,WF_p103_rainbow_08_highpitch_fold10_180127-4-0-8_SNR15dB.wav,16000,1.858781099319458,15.509657859802246,0.7414088249206543,2.973430940083095,3.2897507924114713,3.7959939293720444,2.819886955611942
