clean_file,enhanced_file,sampling_rate,PESQ,SI_SDR,STOI,DNSMOS_p808_mos,DNSMOS_mos_sig,DNSMOS_mos_bak,DNSMOS_mos_ovr
p105_emo_relief_freeform,WF_p105_emo_relief_freeform_fold10_72220-3-2-3_SNR15dB.wav,16000,1.652080774307251,13.666139602661133,0.6853679418563843,3.229944944381714,3.305931870292921,2.7917745938257292,2.4483088401162876
