clean_file,enhanced_file,sampling_rate,PESQ,SI_SDR,STOI,DNSMOS_p808_mos,DNSMOS_mos_sig,DNSMOS_mos_bak,DNSMOS_mos_ovr
p105_sentences_03_whisper,WF_p105_sentences_03_whisper_fold10_81791-3-0-1_SNR15dB.wav,16000,1.8932135105133057,8.991866111755371,0.6825075745582581,3.3571015426090787,3.3445740205729004,4.108289638299864,2.9986535593014887
