clean_file,enhanced_file,sampling_rate,PESQ,SI_SDR,STOI,DNSMOS_p808_mos,DNSMOS_mos_sig,DNSMOS_mos_bak,DNSMOS_mos_ovr
p103_rainbow_05_whisper,WF_p103_rainbow_05_whisper_fold10_180127-4-0-13_SNR15dB.wav,16000,1.3189940452575684,4.8682990074157715,0.6111795902252197,3.5380291598183766,1.91854835859767,3.7346136030439028,1.8081943217506524
