clean_file,enhanced_file,sampling_rate,PESQ,SI_SDR,STOI,DNSMOS_p808_mos,DNSMOS_mos_sig,DNSMOS_mos_bak,DNSMOS_mos_ovr
p103_rainbow_02_whisper,WF_p103_rainbow_02_whisper_fold10_178261-7-3-3_SNR15dB.wav,16000,1.1797218322753906,7.928181171417236,0.6951715350151062,2.9127210208347867,1.8306966597878325,3.519865239935902,1.6915473741157467
