clean_file,enhanced_file,sampling_rate,PESQ,SI_SDR,STOI,DNSMOS_p808_mos,DNSMOS_mos_sig,DNSMOS_mos_bak,DNSMOS_mos_ovr
p104_emo_relief_sentences,WF_p104_emo_relief_sentences_fold10_196069-2-0-0_SNR15dB.wav,16000,1.6723425388336182,14.52326774597168,0.8774712681770325,3.411980470021566,4.364418369480459,2.587808858668175,3.0663579709638498
