clean_file,enhanced_file,sampling_rate,PESQ,SI_SDR,STOI,DNSMOS_p808_mos,DNSMOS_mos_sig,DNSMOS_mos_bak,DNSMOS_mos_ovr
p103_sentences_17_regular,WF_p103_sentences_17_regular_fold10_188497-2-0-23_SNR15dB.wav,16000,2.1129910945892334,13.815812110900879,0.7180073857307434,3.2054171902792796,3.7657667779381976,3.1688457723641243,2.950884559855527
