clean_file,enhanced_file,sampling_rate,PESQ,SI_SDR,STOI,DNSMOS_p808_mos,DNSMOS_mos_sig,DNSMOS_mos_bak,DNSMOS_mos_ovr
p101_sentences_18_regular,WF_p101_sentences_18_regular_fold10_14470-2-0-21_SNR15dB.wav,16000,1.9328821897506714,12.810612678527832,0.8201609253883362,3.156835913658142,3.7934269883021683,2.4062058796329158,2.6559196322994145
