clean_file,enhanced_file,sampling_rate,PESQ,SI_SDR,STOI,DNSMOS_p808_mos,DNSMOS_mos_sig,DNSMOS_mos_bak,DNSMOS_mos_ovr
p101_rainbow_05_whisper,WF_p101_rainbow_05_whisper_fold10_118278-4-0-9_SNR15dB.wav,16000,1.6852123737335205,10.28697395324707,0.858793318271637,3.1190192699432373,4.032578130857582,2.9160543691544802,2.9789179842519746
