clean_file,enhanced_file,sampling_rate,PESQ,SI_SDR,STOI,DNSMOS_p808_mos,DNSMOS_mos_sig,DNSMOS_mos_bak,DNSMOS_mos_ovr
p105_rainbow_01_highpitch,WF_p105_rainbow_01_highpitch_fold10_73524-0-0-31_SNR15dB.wav,16000,1.990598440170288,14.624590873718262,0.9210248589515686,3.458008050918579,4.071207894831064,3.9860353635062618,3.583875489949758
