clean_file,enhanced_file,sampling_rate,PESQ,SI_SDR,STOI,DNSMOS_p808_mos,DNSMOS_mos_sig,DNSMOS_mos_bak,DNSMOS_mos_ovr
p102_rainbow_05_lowpitch,WF_p102_rainbow_05_lowpitch_fold10_162134-7-12-1_SNR15dB.wav,16000,1.391108512878418,14.00058650970459,0.9070832133293152,3.303524613380432,3.991531427467576,2.2706025771456835,2.640815339485296
