clean_file,enhanced_file,sampling_rate,PESQ,SI_SDR,STOI,DNSMOS_p808_mos,DNSMOS_mos_sig,DNSMOS_mos_bak,DNSMOS_mos_ovr
p102_vegetative_yawning,WF_p102_vegetative_yawning_fold10_165166-8-0-3_SNR15dB.wav,16000,2.5151655673980713,15.141095161437988,0.6113290786743164,2.4052352905273438,3.301599188858398,2.480984701740807,2.3673235954285006
