clean_file,enhanced_file,sampling_rate,PESQ,SI_SDR,STOI,DNSMOS_p808_mos,DNSMOS_mos_sig,DNSMOS_mos_bak,DNSMOS_mos_ovr
p106_emo_confusion_sentences,WF_p106_emo_confusion_sentences_fold10_85574-3-0-2_SNR15dB.wav,16000,2.5000593662261963,17.984458923339844,0.7870280742645264,3.5883097308022633,4.0735720864660205,2.631574616620395,2.888031182769038
