clean_file,enhanced_file,sampling_rate,PESQ,SI_SDR,STOI,DNSMOS_p808_mos,DNSMOS_mos_sig,DNSMOS_mos_bak,DNSMOS_mos_ovr
p102_rainbow_06_regular,WF_p102_rainbow_06_regular_fold10_162134-7-13-4_SNR15dB.wav,16000,1.4554734230041504,16.021095275878906,0.8868661522865295,3.4275364875793457,4.17453526992368,2.403131790538004,2.897526046215317
