clean_file,enhanced_file,sampling_rate,PESQ,SI_SDR,STOI,DNSMOS_p808_mos,DNSMOS_mos_sig,DNSMOS_mos_bak,DNSMOS_mos_ovr
p101_rainbow_07_whisper,WF_p101_rainbow_07_whisper_fold10_128240-3-0-1_SNR15dB.wav,16000,1.7856987714767456,10.927356719970703,0.920661985874176,3.526681218828474,3.747447524064003,2.0270361747648935,2.323162449991294
