clean_file,enhanced_file,sampling_rate,PESQ,SI_SDR,STOI,DNSMOS_p808_mos,DNSMOS_mos_sig,DNSMOS_mos_bak,DNSMOS_mos_ovr
p101_emo_pride_freeform,WF_p101_emo_pride_freeform_fold10_102857-5-0-24_SNR15dB.wav,16000,2.8942110538482666,18.438356399536133,0.9777753949165344,3.4742655754089355,3.878202887770281,3.146257756952646,3.084135469471699
