clean_file,enhanced_file,sampling_rate,PESQ,SI_SDR,STOI,DNSMOS_p808_mos,DNSMOS_mos_sig,DNSMOS_mos_bak,DNSMOS_mos_ovr
p103_sentences_01_whisper,WF_p103_sentences_01_whisper_fold10_181624-4-8-0_SNR15dB.wav,16000,1.153494954109192,4.1304850578308105,0.5362607836723328,2.931009292602539,1.759477875968223,3.6530152724403266,1.628541530272776
