clean_file,enhanced_file,sampling_rate,PESQ,SI_SDR,STOI,DNSMOS_p808_mos,DNSMOS_mos_sig,DNSMOS_mos_bak,DNSMOS_mos_ovr
p101_vegetative_sneezing,WF_p101_vegetative_sneezing_fold10_147491-9-2-10_SNR15dB.wav,16000,2.275545835494995,18.790821075439453,0.8302475214004517,2.589627265930176,1.829166079786191,2.993013698161747,1.70560736584483
