clean_file,enhanced_file,sampling_rate,PESQ,SI_SDR,STOI,DNSMOS_p808_mos,DNSMOS_mos_sig,DNSMOS_mos_bak,DNSMOS_mos_ovr
p104_sentences_01_loud,WF_p104_sentences_01_loud_fold10_26255-3-13-1_SNR15dB.wav,16000,1.7114088535308838,16.28858757019043,0.8866017460823059,3.4346521695454917,3.4284443573785404,2.491992291650804,2.4647091449148
