clean_file,enhanced_file,sampling_rate,PESQ,SI_SDR,STOI,DNSMOS_p808_mos,DNSMOS_mos_sig,DNSMOS_mos_bak,DNSMOS_mos_ovr
p105_emo_amazement_sentences,WF_p105_emo_amazement_sentences_fold10_39847-5-0-11_SNR15dB.wav,16000,1.8652263879776,15.766562461853027,0.6890047192573547,3.146148204803467,3.4085763734565906,2.4048661783409857,2.403511015820502
