clean_file,enhanced_file,sampling_rate,PESQ,SI_SDR,STOI,DNSMOS_p808_mos,DNSMOS_mos_sig,DNSMOS_mos_bak,DNSMOS_mos_ovr
p103_vegetative_eating,WF_p103_vegetative_eating_fold10_188813-7-11-1_SNR15dB.wav,16000,1.2119288444519043,6.330918312072754,0.4787740707397461,2.1951003074645996,1.6347414024468276,3.601266080601744,1.44561371860351
