clean_file,enhanced_file,sampling_rate,PESQ,SI_SDR,STOI,DNSMOS_p808_mos,DNSMOS_mos_sig,DNSMOS_mos_bak,DNSMOS_mos_ovr
p102_emo_anger_sentences,WF_p102_emo_anger_sentences_fold10_155262-2-0-101_SNR15dB.wav,16000,1.8672353029251099,16.046112060546875,0.9389793872833252,3.279120922088623,3.489924900835814,1.962993634542355,2.2240477591144625
