clean_file,enhanced_file,sampling_rate,PESQ,SI_SDR,STOI,DNSMOS_p808_mos,DNSMOS_mos_sig,DNSMOS_mos_bak,DNSMOS_mos_ovr
p105_emo_distress_sentences,WF_p105_emo_distress_sentences_fold10_54086-1-0-0_SNR15dB.wav,16000,2.1803982257843018,16.192424774169922,0.7881549000740051,3.526406764984131,4.293594978731113,2.543693566580404,3.07304882126688
