clean_file,enhanced_file,sampling_rate,PESQ,SI_SDR,STOI,DNSMOS_p808_mos,DNSMOS_mos_sig,DNSMOS_mos_bak,DNSMOS_mos_ovr
p101_rainbow_06_lowpitch,WF_p101_rainbow_06_lowpitch_fold10_118558-5-1-0_SNR15dB.wav,16000,2.50283145904541,14.437981605529785,0.9215354919433594,3.602609157562256,3.6179989051728625,4.280995941454826,3.335432373177866
