clean_file,enhanced_file,sampling_rate,PESQ,SI_SDR,STOI,DNSMOS_p808_mos,DNSMOS_mos_sig,DNSMOS_mos_bak,DNSMOS_mos_ovr
p104_rainbow_05_slow,WF_p104_rainbow_05_slow_fold10_207213-2-0-130_SNR15dB.wav,16000,1.654097080230713,14.303446769714355,0.900544285774231,3.0451592036655972,4.175218566288532,2.5855269841279247,2.9261908503957095
