clean_file,enhanced_file,sampling_rate,PESQ,SI_SDR,STOI,DNSMOS_p808_mos,DNSMOS_mos_sig,DNSMOS_mos_bak,DNSMOS_mos_ovr
p101_rainbow_01_lowpitch,WF_p101_rainbow_01_lowpitch_fold10_115241-9-0-20_SNR15dB.wav,16000,1.6481964588165283,14.667581558227539,0.8586984276771545,2.6933604308537076,4.006137239798121,2.611716443450862,2.8908202786153088
