clean_file,enhanced_file,sampling_rate,PESQ,SI_SDR,STOI,DNSMOS_p808_mos,DNSMOS_mos_sig,DNSMOS_mos_bak,DNSMOS_mos_ovr
p105_rainbow_03_loud,WF_p105_rainbow_03_loud_fold10_74364-8-1-10_SNR15dB.wav,16000,1.9011238813400269,14.388218879699707,0.8159568905830383,3.494274684361049,4.239175089572085,2.3904560808866404,2.8792044282870415
