clean_file,enhanced_file,sampling_rate,PESQ,SI_SDR,STOI,DNSMOS_p808_mos,DNSMOS_mos_sig,DNSMOS_mos_bak,DNSMOS_mos_ovr
p106_emo_contentment_freeform,WF_p106_emo_contentment_freeform_fold10_85574-3-0-8_SNR15dB.wav,16000,1.7387933731079102,15.133105278015137,0.9447309970855713,3.54607085386912,4.346457845173423,3.885897261518086,3.670068166473154
