clean_file,enhanced_file,sampling_rate,PESQ,SI_SDR,STOI,DNSMOS_p808_mos,DNSMOS_mos_sig,DNSMOS_mos_bak,DNSMOS_mos_ovr
p102_emo_distress_sentences,WF_p102_emo_distress_sentences_fold10_155280-2-0-6_SNR15dB.wav,16000,2.750551223754883,16.06121826171875,0.8869107961654663,3.436981201171875,4.372618815375851,3.603166673996001,3.7128749767740894
