clean_file,enhanced_file,sampling_rate,PESQ,SI_SDR,STOI,DNSMOS_p808_mos,DNSMOS_mos_sig,DNSMOS_mos_bak,DNSMOS_mos_ovr
p105_rainbow_03_fast,WF_p105_rainbow_03_fast_fold10_74364-8-1-0_SNR15dB.wav,16000,1.811829924583435,13.793283462524414,0.9255874156951904,3.4506229162216187,4.207133258543302,2.58206240384546,2.9746709038208166
