clean_file,enhanced_file,sampling_rate,PESQ,SI_SDR,STOI,DNSMOS_p808_mos,DNSMOS_mos_sig,DNSMOS_mos_bak,DNSMOS_mos_ovr
p101_rainbow_01_fast,WF_p101_rainbow_01_fast_fold10_115241-9-0-1_SNR15dB.wav,16000,1.7441737651824951,13.509688377380371,0.8448880910873413,2.6780965668814525,4.004942943393147,2.2075383906991832,2.6401927216761925
