clean_file,enhanced_file,sampling_rate,PESQ,SI_SDR,STOI,DNSMOS_p808_mos,DNSMOS_mos_sig,DNSMOS_mos_bak,DNSMOS_mos_ovr
p103_sentences_23_regular,WF_p103_sentences_23_regular_fold10_188813-7-10-2_SNR15dB.wav,16000,1.6800975799560547,14.652040481567383,0.7472794055938721,2.9238220964159285,4.356107631137022,2.805528911187962,3.2150810624313158
