clean_file,enhanced_file,sampling_rate,PESQ,SI_SDR,STOI,DNSMOS_p808_mos,DNSMOS_mos_sig,DNSMOS_mos_bak,DNSMOS_mos_ovr
p105_rainbow_01_loud,WF_p105_rainbow_01_loud_fold10_73524-0-0-32_SNR15dB.wav,16000,2.409993886947632,13.391878128051758,0.9187930822372437,3.933344602584839,4.161757970045343,3.9949566509278007,3.687397898261171
