clean_file,enhanced_file,sampling_rate,PESQ,SI_SDR,STOI,DNSMOS_p808_mos,DNSMOS_mos_sig,DNSMOS_mos_bak,DNSMOS_mos_ovr
p103_sentences_10_fast,WF_p103_sentences_10_fast_fold10_187863-4-0-5_SNR15dB.wav,16000,1.388453722000122,14.624935150146484,0.9396548271179199,2.8835372924804688,4.422977878017681,3.290022377309717,3.494133994902688
