clean_file,enhanced_file,sampling_rate,PESQ,SI_SDR,STOI,DNSMOS_p808_mos,DNSMOS_mos_sig,DNSMOS_mos_bak,DNSMOS_mos_ovr
p103_rainbow_01_regular,WF_p103_rainbow_01_regular_fold10_17486-3-2-0_SNR15dB.wav,16000,1.6664527654647827,13.574350357055664,0.8906161785125732,3.3350080649058023,4.066879828730943,2.7766262956955767,2.937212722669696
