clean_file,enhanced_file,sampling_rate,PESQ,SI_SDR,STOI,DNSMOS_p808_mos,DNSMOS_mos_sig,DNSMOS_mos_bak,DNSMOS_mos_ovr
p101_rainbow_04_lowpitch,WF_p101_rainbow_04_lowpitch_fold10_118278-4-0-11_SNR15dB.wav,16000,1.553077220916748,11.857547760009766,0.8255384564399719,3.188807487487793,3.878408139822356,2.7557052687274846,2.858228460060799
