clean_file,enhanced_file,sampling_rate,PESQ,SI_SDR,STOI,DNSMOS_p808_mos,DNSMOS_mos_sig,DNSMOS_mos_bak,DNSMOS_mos_ovr
p104_sentences_02_fast,WF_p104_sentences_02_fast_fold10_27070-2-0-0_SNR15dB.wav,16000,1.4716070890426636,15.423995971679688,0.8605844974517822,3.1468242577144077,4.452523066195139,2.539280936671456,3.0714259181291155
