clean_file,enhanced_file,sampling_rate,PESQ,SI_SDR,STOI,DNSMOS_p808_mos,DNSMOS_mos_sig,DNSMOS_mos_bak,DNSMOS_mos_ovr
p103_sentences_01_regular,WF_p103_sentences_01_regular_fold10_181624-4-6-0_SNR15dB.wav,16000,1.3707565069198608,12.968547821044922,0.744407594203949,3.3137857573372975,4.443473552217232,3.901622605534268,3.913309666135984
