clean_file,enhanced_file,sampling_rate,PESQ,SI_SDR,STOI,DNSMOS_p808_mos,DNSMOS_mos_sig,DNSMOS_mos_bak,DNSMOS_mos_ovr
p103_vegetative_throat,WF_p103_vegetative_throat_fold10_188813-7-13-0_SNR15dB.wav,16000,1.4618560075759888,12.773904800415039,0.5774548053741455,2.2714457511901855,2.412952730126691,2.419923571065725,1.6243237808545463
