clean_file,enhanced_file,sampling_rate,PESQ,SI_SDR,STOI,DNSMOS_p808_mos,DNSMOS_mos_sig,DNSMOS_mos_bak,DNSMOS_mos_ovr
p102_emo_cuteness_freeform,WF_p102_emo_cuteness_freeform_fold10_155262-2-0-48_SNR15dB.wav,16000,1.9068201780319214,15.876392364501953,0.9084652662277222,3.5672930649348666,4.172229607424964,2.576667063336294,2.9664658763933565
