clean_file,enhanced_file,sampling_rate,PESQ,SI_SDR,STOI,DNSMOS_p808_mos,DNSMOS_mos_sig,DNSMOS_mos_bak,DNSMOS_mos_ovr
p102_emo_pain_freeform,WF_p102_emo_pain_freeform_fold10_15544-5-0-18_SNR15dB.wav,16000,2.6901049613952637,17.9217529296875,0.9743255376815796,3.6186633110046387,4.317428192141437,2.5505710867330835,2.989292544075845
