clean_file,enhanced_file,sampling_rate,PESQ,SI_SDR,STOI,DNSMOS_p808_mos,DNSMOS_mos_sig,DNSMOS_mos_bak,DNSMOS_mos_ovr
p101_interjection_agreement,WF_p101_interjection_agreement_fold10_102857-5-0-6_SNR15dB.wav,16000,2.896009922027588,19.671220779418945,0.8978466391563416,3.393228530883789,4.019018238595065,3.1063818638619582,3.1275135536352203
