clean_file,enhanced_file,sampling_rate,PESQ,SI_SDR,STOI,DNSMOS_p808_mos,DNSMOS_mos_sig,DNSMOS_mos_bak,DNSMOS_mos_ovr
p103_rainbow_02_lowpitch,WF_p103_rainbow_02_lowpitch_fold10_178261-7-3-0_SNR15dB.wav,16000,1.512387752532959,15.56384563446045,0.8904440402984619,2.702637263706752,3.894887084042177,3.0393312574442293,2.962860078584376
