clean_file,enhanced_file,sampling_rate,PESQ,SI_SDR,STOI,DNSMOS_p808_mos,DNSMOS_mos_sig,DNSMOS_mos_bak,DNSMOS_mos_ovr
p105_rainbow_05_highpitch,WF_p105_rainbow_05_highpitch_fold10_74364-8-1-22_SNR15dB.wav,16000,1.2781368494033813,10.52938461303711,0.8741170763969421,3.351706402642386,3.8191211582674294,2.6559638905861074,2.610049811771293
