clean_file,enhanced_file,sampling_rate,PESQ,SI_SDR,STOI,DNSMOS_p808_mos,DNSMOS_mos_sig,DNSMOS_mos_bak,DNSMOS_mos_ovr
p105_rainbow_02_slow,WF_p105_rainbow_02_slow_fold10_73524-0-0-98_SNR15dB.wav,16000,2.1883962154388428,10.406051635742188,0.8379054069519043,3.3226025445120677,3.2126218601737238,3.935990405233493,2.7605125090017313
