clean_file,enhanced_file,sampling_rate,PESQ,SI_SDR,STOI,DNSMOS_p808_mos,DNSMOS_mos_sig,DNSMOS_mos_bak,DNSMOS_mos_ovr
p102_emo_sadness_sentences,WF_p102_emo_sadness_sentences_fold10_15544-5-0-9_SNR15dB.wav,16000,2.709716320037842,15.826423645019531,0.8398014903068542,3.75549578666687,4.4950118422082745,3.080259522008949,3.504120378222239
