clean_file,enhanced_file,sampling_rate,PESQ,SI_SDR,STOI,DNSMOS_p808_mos,DNSMOS_mos_sig,DNSMOS_mos_bak,DNSMOS_mos_ovr
p106_interjection_greetings,WF_p106_interjection_greetings_fold10_99192-4-0-3_SNR15dB.wav,16000,1.630814790725708,16.514719009399414,0.7522568702697754,2.621197541554769,3.9211178778866453,1.9938852482904543,2.3343224886479415
