clean_file,enhanced_file,sampling_rate,PESQ,SI_SDR,STOI,DNSMOS_p808_mos,DNSMOS_mos_sig,DNSMOS_mos_bak,DNSMOS_mos_ovr
p102_sentences_18_regular,WF_p102_sentences_18_regular_fold10_164377-9-0-16_SNR15dB.wav,16000,2.291228771209717,13.730323791503906,0.8339893817901611,3.8119564056396484,3.7027881333197428,3.0392180644948636,2.9485665832570884
