clean_file,enhanced_file,sampling_rate,PESQ,SI_SDR,STOI,DNSMOS_p808_mos,DNSMOS_mos_sig,DNSMOS_mos_bak,DNSMOS_mos_ovr
p106_emo_disgust_sentences,WF_p106_emo_disgust_sentences_fold10_93567-8-0-1_SNR15dB.wav,16000,1.890023946762085,17.159435272216797,0.875892698764801,2.9214223861694335,4.177345373346478,2.275997059353899,2.7599922133814365
