clean_file,enhanced_file,sampling_rate,PESQ,SI_SDR,STOI,DNSMOS_p808_mos,DNSMOS_mos_sig,DNSMOS_mos_bak,DNSMOS_mos_ovr
p101_rainbow_06_regular,WF_p101_rainbow_06_regular_fold10_118558-5-1-1_SNR15dB.wav,16000,2.7444934844970703,15.981888771057129,0.8665037751197815,3.554867744445801,4.025100881815016,4.007138419821646,3.5530017194907444
