clean_file,enhanced_file,sampling_rate,PESQ,SI_SDR,STOI,DNSMOS_p808_mos,DNSMOS_mos_sig,DNSMOS_mos_bak,DNSMOS_mos_ovr
p103_sentences_02_slow,WF_p103_sentences_02_slow_fold10_187110-2-0-30_SNR15dB.wav,16000,2.0274007320404053,15.308747291564941,0.7578099966049194,3.3365815564205774,4.03180863974098,3.278213040484059,3.2346360911438956
