clean_file,enhanced_file,sampling_rate,PESQ,SI_SDR,STOI,DNSMOS_p808_mos,DNSMOS_mos_sig,DNSMOS_mos_bak,DNSMOS_mos_ovr
p104_rainbow_06_fast,WF_p104_rainbow_06_fast_fold10_207213-2-0-41_SNR15dB.wav,16000,1.621684193611145,15.597055435180664,0.9095878005027771,3.2816243171691895,4.150151723338787,2.5514366190093236,2.93798992597335
