clean_file,enhanced_file,sampling_rate,PESQ,SI_SDR,STOI,DNSMOS_p808_mos,DNSMOS_mos_sig,DNSMOS_mos_bak,DNSMOS_mos_ovr
p106_emo_disgust_freeform,WF_p106_emo_disgust_freeform_fold10_93567-8-0-0_SNR15dB.wav,16000,1.7781322002410889,16.0440616607666,0.8408269286155701,2.8813508578709195,3.9475864456087435,2.181762957196906,2.5017960779068793
