clean_file,enhanced_file,sampling_rate,PESQ,SI_SDR,STOI,DNSMOS_p808_mos,DNSMOS_mos_sig,DNSMOS_mos_bak,DNSMOS_mos_ovr
p101_rainbow_04_fast,WF_p101_rainbow_04_fast_fold10_118278-4-0-0_SNR15dB.wav,16000,2.322983503341675,14.064669609069824,0.9400548338890076,3.6048636436462402,4.2956698948729395,2.6090071971491207,3.0849638699840662
