clean_file,enhanced_file,sampling_rate,PESQ,SI_SDR,STOI,DNSMOS_p808_mos,DNSMOS_mos_sig,DNSMOS_mos_bak,DNSMOS_mos_ovr
p104_sentences_02_slow,WF_p104_sentences_02_slow_fold10_27070-2-0-7_SNR15dB.wav,16000,1.9302412271499634,15.43178939819336,0.8162667155265808,3.425278663635254,4.3852799522312065,3.1407392267001404,3.442228521706685
