clean_file,enhanced_file,sampling_rate,PESQ,SI_SDR,STOI,DNSMOS_p808_mos,DNSMOS_mos_sig,DNSMOS_mos_bak,DNSMOS_mos_ovr
p102_rainbow_02_whisper,WF_p102_rainbow_02_whisper_fold10_159742-8-0-9_SNR15dB.wav,16000,1.5547428131103516,10.863872528076172,0.8429836630821228,3.471899926662445,1.3677061785740874,2.3790761287664806,1.2527837815396494
