clean_file,enhanced_file,sampling_rate,PESQ,SI_SDR,STOI,DNSMOS_p808_mos,DNSMOS_mos_sig,DNSMOS_mos_bak,DNSMOS_mos_ovr
p102_sentences_01_lowpitch,WF_p102_sentences_01_lowpitch_fold10_162134-7-6-0_SNR15dB.wav,16000,1.3773276805877686,15.10560131072998,0.8467152714729309,3.6133387088775635,4.301637317957237,2.361184228921839,2.880866269684077
