clean_file,enhanced_file,sampling_rate,PESQ,SI_SDR,STOI,DNSMOS_p808_mos,DNSMOS_mos_sig,DNSMOS_mos_bak,DNSMOS_mos_ovr
p101_emo_pride_sentences,WF_p101_emo_pride_sentences_fold10_102857-5-0-25_SNR15dB.wav,16000,2.875061511993408,17.87990951538086,0.9584692716598511,3.66386079788208,4.0574702262858064,3.8189640285891344,3.5543603836420092
