clean_file,enhanced_file,sampling_rate,PESQ,SI_SDR,STOI,DNSMOS_p808_mos,DNSMOS_mos_sig,DNSMOS_mos_bak,DNSMOS_mos_ovr
p104_emo_guilt_sentences,WF_p104_emo_guilt_sentences_fold10_189982-0-0-45_SNR15dB.wav,16000,2.2448785305023193,15.149369239807129,0.8044849634170532,3.432858943939209,3.8552122407707943,3.002019376380613,2.820275374730673
