clean_file,enhanced_file,sampling_rate,PESQ,SI_SDR,STOI,DNSMOS_p808_mos,DNSMOS_mos_sig,DNSMOS_mos_bak,DNSMOS_mos_ovr
p101_rainbow_04_highpitch,WF_p101_rainbow_04_highpitch_fold10_118278-4-0-1_SNR15dB.wav,16000,1.722736120223999,17.055561065673828,0.8689265847206116,2.683075428009033,3.9081799785365567,2.3843060415299826,2.7054965960434627
