clean_file,enhanced_file,sampling_rate,PESQ,SI_SDR,STOI,DNSMOS_p808_mos,DNSMOS_mos_sig,DNSMOS_mos_bak,DNSMOS_mos_ovr
p102_sentences_03_whisper,WF_p102_sentences_03_whisper_fold10_162134-7-9-0_SNR15dB.wav,16000,1.5251866579055786,7.812850475311279,0.7130294442176819,2.663547476132711,1.967282283436407,2.8610208159006003,1.5621217241226109
