clean_file,enhanced_file,sampling_rate,PESQ,SI_SDR,STOI,DNSMOS_p808_mos,DNSMOS_mos_sig,DNSMOS_mos_bak,DNSMOS_mos_ovr
p106_emo_anger_sentences,WF_p106_emo_anger_sentences_fold10_85574-3-0-0_SNR15dB.wav,16000,2.1571524143218994,16.32842254638672,0.91099613904953,3.3775686025619507,3.458723092208459,2.2828916315683694,2.390132815238894
