clean_file,enhanced_file,sampling_rate,PESQ,SI_SDR,STOI,DNSMOS_p808_mos,DNSMOS_mos_sig,DNSMOS_mos_bak,DNSMOS_mos_ovr
p105_interjection_greetings,WF_p105_interjection_greetings_fold10_73524-0-0-114_SNR15dB.wav,16000,3.1574079990386963,18.31011199951172,0.7090999484062195,3.2038594245910645,4.043703769836299,3.345446585345826,3.3236000439058153
