clean_file,enhanced_file,sampling_rate,PESQ,SI_SDR,STOI,DNSMOS_p808_mos,DNSMOS_mos_sig,DNSMOS_mos_bak,DNSMOS_mos_ovr
p105_rainbow_08_highpitch,WF_p105_rainbow_08_highpitch_fold10_77901-9-0-0_SNR15dB.wav,16000,1.3116611242294312,14.02773380279541,0.8087446093559265,2.7943973541259766,3.824770303278428,2.5863817686754667,2.6557639805322464
