clean_file,enhanced_file,sampling_rate,PESQ,SI_SDR,STOI,DNSMOS_p808_mos,DNSMOS_mos_sig,DNSMOS_mos_bak,DNSMOS_mos_ovr
p104_rainbow_08_regular,WF_p104_rainbow_08_regular_fold10_24076-1-1-0_SNR15dB.wav,16000,1.569463849067688,14.036445617675781,0.8556195497512817,3.0228254113878523,4.02013880344884,2.8376772070769163,2.8701401584450776
