clean_file,enhanced_file,sampling_rate,PESQ,SI_SDR,STOI,DNSMOS_p808_mos,DNSMOS_mos_sig,DNSMOS_mos_bak,DNSMOS_mos_ovr
p104_emo_interest_sentences,WF_p104_emo_interest_sentences_fold10_189982-0-0-7_SNR15dB.wav,16000,2.0245416164398193,17.135467529296875,0.755778431892395,3.059216618537903,3.4616849458127232,2.4613238011650678,2.349854402597738
