clean_file,enhanced_file,sampling_rate,PESQ,SI_SDR,STOI,DNSMOS_p808_mos,DNSMOS_mos_sig,DNSMOS_mos_bak,DNSMOS_mos_ovr
p101_emo_realization_freeform,WF_p101_emo_realization_freeform_fold10_102857-5-0-26_SNR15dB.wav,16000,2.5887255668640137,14.223965644836426,0.8855916261672974,3.6896043504987444,4.320325669668212,4.139471558989865,3.8982277723672327
