clean_file,enhanced_file,sampling_rate,PESQ,SI_SDR,STOI,DNSMOS_p808_mos,DNSMOS_mos_sig,DNSMOS_mos_bak,DNSMOS_mos_ovr
p106_emo_sadness_sentences,WF_p106_emo_sadness_sentences_fold10_99192-4-0-17_SNR15dB.wav,16000,1.7856156826019287,13.118850708007812,0.8232433199882507,2.908862590789795,4.3746526842058095,2.976978606694422,3.183189695964538
