clean_file,enhanced_file,sampling_rate,PESQ,SI_SDR,STOI,DNSMOS_p808_mos,DNSMOS_mos_sig,DNSMOS_mos_bak,DNSMOS_mos_ovr
p101_emo_disgust_sentences,WF_p101_emo_disgust_sentences_fold10_102857-5-0-0_SNR15dB.wav,16000,3.1777515411376953,18.369863510131836,0.9224725365638733,3.2843316282544817,4.187035931897124,3.4059956762407713,3.418578152412077
