clean_file,enhanced_file,sampling_rate,PESQ,SI_SDR,STOI,DNSMOS_p808_mos,DNSMOS_mos_sig,DNSMOS_mos_bak,DNSMOS_mos_ovr
p104_rainbow_03_regular,WF_p104_rainbow_03_regular_fold10_202334-9-0-106_SNR15dB.wav,16000,1.556033730506897,14.4365873336792,0.8425791263580322,2.889347110475813,3.8344042481015728,2.346907094959792,2.456502021993031
