clean_file,enhanced_file,sampling_rate,PESQ,SI_SDR,STOI,DNSMOS_p808_mos,DNSMOS_mos_sig,DNSMOS_mos_bak,DNSMOS_mos_ovr
p102_sentences_04_whisper,WF_p102_sentences_04_whisper_fold10_162134-7-9-1_SNR15dB.wav,16000,1.3763257265090942,8.621378898620605,0.7892171144485474,3.0492368221282957,1.999693051438727,3.2775549935406496,1.809415070725527
