clean_file,enhanced_file,sampling_rate,PESQ,SI_SDR,STOI,DNSMOS_p808_mos,DNSMOS_mos_sig,DNSMOS_mos_bak,DNSMOS_mos_ovr
p103_emo_sadness_freeform,WF_p103_emo_sadness_freeform_fold10_171478-9-0-38_SNR15dB.wav,16000,2.0080718994140625,13.994749069213867,0.811980664730072,3.381540060043335,4.318715946260899,4.1241478793078485,3.817395406870501
