clean_file,enhanced_file,sampling_rate,PESQ,SI_SDR,STOI,DNSMOS_p808_mos,DNSMOS_mos_sig,DNSMOS_mos_bak,DNSMOS_mos_ovr
p101_rainbow_06_whisper,WF_p101_rainbow_06_whisper_fold10_118558-5-2-0_SNR15dB.wav,16000,2.460973024368286,12.951336860656738,0.9267035126686096,3.813854694366455,4.15742105015276,4.362740456489069,3.816087229986697
