clean_file,enhanced_file,sampling_rate,PESQ,SI_SDR,STOI,DNSMOS_p808_mos,DNSMOS_mos_sig,DNSMOS_mos_bak,DNSMOS_mos_ovr
p101_rainbow_04_loud,WF_p101_rainbow_04_loud_fold10_118278-4-0-10_SNR15dB.wav,16000,1.8635451793670654,15.477914810180664,0.895575225353241,3.296494404474894,4.138805994795991,2.697607549831641,3.0399467240037326
