clean_file,enhanced_file,sampling_rate,PESQ,SI_SDR,STOI,DNSMOS_p808_mos,DNSMOS_mos_sig,DNSMOS_mos_bak,DNSMOS_mos_ovr
p103_sentences_08_slow,WF_p103_sentences_08_slow_fold10_187863-4-0-3_SNR15dB.wav,16000,1.6274926662445068,14.687110900878906,0.733910858631134,2.900777116417885,4.3124445398247095,2.7804707530591197,3.114149847407614
