clean_file,enhanced_file,sampling_rate,PESQ,SI_SDR,STOI,DNSMOS_p808_mos,DNSMOS_mos_sig,DNSMOS_mos_bak,DNSMOS_mos_ovr
p101_emo_amusement_sentences,WF_p101_emo_amusement_sentences_fold10_100795-3-0-0_SNR15dB.wav,16000,2.2276360988616943,14.852446556091309,0.9524750709533691,3.53613018989563,4.30101909531409,2.509490400093705,2.996627676750127
