clean_file,enhanced_file,sampling_rate,PESQ,SI_SDR,STOI,DNSMOS_p808_mos,DNSMOS_mos_sig,DNSMOS_mos_bak,DNSMOS_mos_ovr
p103_rainbow_05_lowpitch,WF_p103_rainbow_05_lowpitch_fold10_180127-4-0-11_SNR15dB.wav,16000,2.065058469772339,15.940946578979492,0.902668833732605,3.273541586739676,4.163814449663582,3.669549775368147,3.495918037880171
