clean_file,enhanced_file,sampling_rate,PESQ,SI_SDR,STOI,DNSMOS_p808_mos,DNSMOS_mos_sig,DNSMOS_mos_bak,DNSMOS_mos_ovr
p102_nonverbal_laughter_closed,WF_p102_nonverbal_laughter_closed_fold10_157207-6-9-0_SNR15dB.wav,16000,1.7249431610107422,14.224705696105957,0.8937721848487854,2.61905845006307,2.617859256960624,3.556038472777287,2.275233096373699
