clean_file,enhanced_file,sampling_rate,PESQ,SI_SDR,STOI,DNSMOS_p808_mos,DNSMOS_mos_sig,DNSMOS_mos_bak,DNSMOS_mos_ovr
p106_rainbow_01_regular,WF_p106_rainbow_01_regular_fold10_99192-4-0-53_SNR15dB.wav,16000,1.3356943130493164,9.740732192993164,0.8773584961891174,3.178358554840088,3.9592714948525254,3.3789120106739805,3.0522534011605
