clean_file,enhanced_file,sampling_rate,PESQ,SI_SDR,STOI,DNSMOS_p808_mos,DNSMOS_mos_sig,DNSMOS_mos_bak,DNSMOS_mos_ovr
p104_emo_anger_sentences,WF_p104_emo_anger_sentences_fold10_189982-0-0-11_SNR15dB.wav,16000,2.1991865634918213,18.65279769897461,0.8405492305755615,3.2605312347412108,3.672612245826854,2.7606790687649028,2.7201114492510365
