clean_file,enhanced_file,sampling_rate,PESQ,SI_SDR,STOI,DNSMOS_p808_mos,DNSMOS_mos_sig,DNSMOS_mos_bak,DNSMOS_mos_ovr
p101_emo_contentment_freeform,WF_p101_emo_contentment_freeform_fold10_101382-2-0-12_SNR15dB.wav,16000,1.6839344501495361,12.170654296875,0.8042056560516357,3.026387555258615,4.220507920822834,2.5641981510370933,2.9669800898400522
