clean_file,enhanced_file,sampling_rate,PESQ,SI_SDR,STOI,DNSMOS_p808_mos,DNSMOS_mos_sig,DNSMOS_mos_bak,DNSMOS_mos_ovr
p102_rainbow_02_highpitch,WF_p102_rainbow_02_highpitch_fold10_159742-8-0-4_SNR15dB.wav,16000,1.47971510887146,15.675492286682129,0.8631476759910583,3.0156174898147583,4.140139002757413,2.117619164173924,2.6849910908394
