clean_file,enhanced_file,sampling_rate,PESQ,SI_SDR,STOI,DNSMOS_p808_mos,DNSMOS_mos_sig,DNSMOS_mos_bak,DNSMOS_mos_ovr
p103_sentences_01_highpitch,WF_p103_sentences_01_highpitch_fold10_181624-4-3-0_SNR15dB.wav,16000,1.4588894844055176,13.809514999389648,0.7027453780174255,2.921500265598297,4.215346477770567,2.864537032353602,3.0582527732322147
