clean_file,enhanced_file,sampling_rate,PESQ,SI_SDR,STOI,DNSMOS_p808_mos,DNSMOS_mos_sig,DNSMOS_mos_bak,DNSMOS_mos_ovr
p105_sentences_02_slow,WF_p105_sentences_02_slow_fold10_7965-3-3-0_SNR15dB.wav,16000,2.3333492279052734,12.355066299438477,0.6995389461517334,3.443080391202654,3.597605700754014,4.302618394226869,3.254540232914589
