clean_file,enhanced_file,sampling_rate,PESQ,SI_SDR,STOI,DNSMOS_p808_mos,DNSMOS_mos_sig,DNSMOS_mos_bak,DNSMOS_mos_ovr
p101_emo_guilt_sentences,WF_p101_emo_guilt_sentences_fold10_102857-5-0-18_SNR15dB.wav,16000,3.0541205406188965,16.685279846191406,0.9109485149383545,3.556012487411499,3.8267956581952545,3.0144210125019306,2.904577849844077
