clean_file,enhanced_file,sampling_rate,PESQ,SI_SDR,STOI,DNSMOS_p808_mos,DNSMOS_mos_sig,DNSMOS_mos_bak,DNSMOS_mos_ovr
p101_emo_cuteness_freeform,WF_p101_emo_cuteness_freeform_fold10_101382-2-0-21_SNR15dB.wav,16000,1.7880544662475586,11.610547065734863,0.801476776599884,3.1243682503700256,4.225394472155991,2.6155541310054176,3.005120576155747
