clean_file,enhanced_file,sampling_rate,PESQ,SI_SDR,STOI,DNSMOS_p808_mos,DNSMOS_mos_sig,DNSMOS_mos_bak,DNSMOS_mos_ovr
p104_sentences_02_lowpitch,WF_p104_sentences_02_lowpitch_fold10_27070-2-0-4_SNR15dB.wav,16000,1.652988076210022,15.85877513885498,0.8594127893447876,2.903108903339931,4.4249272646295825,2.923181143340092,3.291074058090185
