clean_file,enhanced_file,sampling_rate,PESQ,SI_SDR,STOI,DNSMOS_p808_mos,DNSMOS_mos_sig,DNSMOS_mos_bak,DNSMOS_mos_ovr
p101_sentences_02_loud,WF_p101_sentences_02_loud_fold10_136558-9-0-2_SNR15dB.wav,16000,2.201395034790039,15.001638412475586,0.9600648880004883,3.358695904413859,4.013753248359141,1.74092954820047,2.2698878725209592
