clean_file,enhanced_file,sampling_rate,PESQ,SI_SDR,STOI,DNSMOS_p808_mos,DNSMOS_mos_sig,DNSMOS_mos_bak,DNSMOS_mos_ovr
p103_rainbow_02_loud,WF_p103_rainbow_02_loud_fold10_178261-7-2-0_SNR15dB.wav,16000,1.5586464405059814,17.472856521606445,0.8822594285011292,2.8732233388083324,3.9911519911555806,2.5313028416901884,2.8407487165455128
