clean_file,enhanced_file,sampling_rate,PESQ,SI_SDR,STOI,DNSMOS_p808_mos,DNSMOS_mos_sig,DNSMOS_mos_bak,DNSMOS_mos_ovr
p102_vegetative_coughing,WF_p102_vegetative_coughing_fold10_164646-6-0-0_SNR15dB.wav,16000,1.7211861610412598,14.944147109985352,0.778933048248291,2.843296459742955,2.3879912130058645,1.9834626781727274,1.5226047204151578
