clean_file,enhanced_file,sampling_rate,PESQ,SI_SDR,STOI,DNSMOS_p808_mos,DNSMOS_mos_sig,DNSMOS_mos_bak,DNSMOS_mos_ovr
p105_emo_neutral_sentences,WF_p105_emo_neutral_sentences_fold10_7062-6-0-0_SNR15dB.wav,16000,1.5190908908843994,14.182779312133789,0.6464016437530518,2.9626477360725403,3.817211590293007,3.645731267838409,3.2291764479518443
