clean_file,enhanced_file,sampling_rate,PESQ,SI_SDR,STOI,DNSMOS_p808_mos,DNSMOS_mos_sig,DNSMOS_mos_bak,DNSMOS_mos_ovr
p105_emo_realization_freeform,WF_p105_emo_realization_freeform_fold10_72220-3-0-0_SNR15dB.wav,16000,1.6802902221679688,15.823478698730469,0.7502149343490601,3.0155113140741983,3.975175332227645,2.3884725759315804,2.7580707102226967
