clean_file,enhanced_file,sampling_rate,PESQ,SI_SDR,STOI,DNSMOS_p808_mos,DNSMOS_mos_sig,DNSMOS_mos_bak,DNSMOS_mos_ovr
p101_sentences_07_slow,WF_p101_sentences_07_slow_fold10_138017-9-1-4_SNR15dB.wav,16000,1.7038437128067017,8.534629821777344,0.6548781991004944,2.9809082576206754,2.8666679575115306,3.630153521256464,2.4137421490535735
