clean_file,enhanced_file,sampling_rate,PESQ,SI_SDR,STOI,DNSMOS_p808_mos,DNSMOS_mos_sig,DNSMOS_mos_bak,DNSMOS_mos_ovr
p103_emo_cuteness_sentences,WF_p103_emo_cuteness_sentences_fold10_167464-0-0-13_SNR15dB.wav,16000,2.2790791988372803,15.942206382751465,0.7083830237388611,3.562689701716105,4.205285683095885,3.5537197895627686,3.543161568654843
