clean_file,enhanced_file,sampling_rate,PESQ,SI_SDR,STOI,DNSMOS_p808_mos,DNSMOS_mos_sig,DNSMOS_mos_bak,DNSMOS_mos_ovr
p103_emo_disgust_sentences,WF_p103_emo_disgust_sentences_fold10_167464-0-0-19_SNR15dB.wav,16000,2.3961362838745117,17.23456382751465,0.7405934929847717,3.413890872682844,4.283758397818986,4.112591168607109,3.8392623522943388
