clean_file,enhanced_file,sampling_rate,PESQ,SI_SDR,STOI,DNSMOS_p808_mos,DNSMOS_mos_sig,DNSMOS_mos_bak,DNSMOS_mos_ovr
p101_sentences_02_fast,WF_p101_sentences_02_fast_fold10_129750-2-0-48_SNR15dB.wav,16000,1.8550968170166016,12.02354621887207,0.9309594035148621,3.3313889503479004,4.130248751697927,2.706371160262016,2.9697481190244748
