clean_file,enhanced_file,sampling_rate,PESQ,SI_SDR,STOI,DNSMOS_p808_mos,DNSMOS_mos_sig,DNSMOS_mos_bak,DNSMOS_mos_ovr
p104_rainbow_07_regular,WF_p104_rainbow_07_regular_fold10_209672-3-6-0_SNR15dB.wav,16000,1.8959429264068604,12.487640380859375,0.9064873456954956,3.9273412908826555,4.2853320849716345,3.470357996761205,3.4510662486665713
