clean_file,enhanced_file,sampling_rate,PESQ,SI_SDR,STOI,DNSMOS_p808_mos,DNSMOS_mos_sig,DNSMOS_mos_bak,DNSMOS_mos_ovr
p101_sentences_08_slow,WF_p101_sentences_08_slow_fold10_138017-9-1-6_SNR15dB.wav,16000,1.9918462038040161,10.220660209655762,0.6740078330039978,3.0303214618137906,2.765381284361587,3.752257879899923,2.3598393100680064
