clean_file,enhanced_file,sampling_rate,PESQ,SI_SDR,STOI,DNSMOS_p808_mos,DNSMOS_mos_sig,DNSMOS_mos_bak,DNSMOS_mos_ovr
p105_emo_desire_sentences,WF_p105_emo_desire_sentences_fold10_41306-3-0-13_SNR15dB.wav,16000,2.412278175354004,15.060674667358398,0.6586276888847351,3.4269561767578125,3.83977772507283,3.71496177907986,3.2695321491680875
