clean_file,enhanced_file,sampling_rate,PESQ,SI_SDR,STOI,DNSMOS_p808_mos,DNSMOS_mos_sig,DNSMOS_mos_bak,DNSMOS_mos_ovr
p102_rainbow_08_loud,WF_p102_rainbow_08_loud_fold10_162134-7-17-1_SNR15dB.wav,16000,1.392214298248291,14.379740715026855,0.9281206727027893,3.0027181080409457,3.730330923034541,1.9957145480092862,2.279264491606218
