clean_file,enhanced_file,sampling_rate,PESQ,SI_SDR,STOI,DNSMOS_p808_mos,DNSMOS_mos_sig,DNSMOS_mos_bak,DNSMOS_mos_ovr
p105_rainbow_03_lowpitch,WF_p105_rainbow_03_lowpitch_fold10_74364-8-1-11_SNR15dB.wav,16000,1.9150426387786865,13.871818542480469,0.8773621320724487,3.2709553718566893,4.061317936900357,2.4059394361453412,2.7326662260964683
