clean_file,enhanced_file,sampling_rate,PESQ,SI_SDR,STOI,DNSMOS_p808_mos,DNSMOS_mos_sig,DNSMOS_mos_bak,DNSMOS_mos_ovr
p103_emo_adoration_sentences,WF_p103_emo_adoration_sentences_fold10_165166-8-0-5_SNR15dB.wav,16000,2.2082386016845703,13.514196395874023,0.7177099585533142,2.9594099862234935,4.125124415799001,2.4944484633744044,2.814537375938495
