clean_file,enhanced_file,sampling_rate,PESQ,SI_SDR,STOI,DNSMOS_p808_mos,DNSMOS_mos_sig,DNSMOS_mos_bak,DNSMOS_mos_ovr
p104_emo_pride_freeform,WF_p104_emo_pride_freeform_fold10_189985-0-0-4_SNR15dB.wav,16000,2.0888473987579346,17.90835189819336,0.8963528871536255,3.168916940689087,3.6898304471437604,2.58048536897919,2.5481305327804384
