clean_file,enhanced_file,sampling_rate,PESQ,SI_SDR,STOI,DNSMOS_p808_mos,DNSMOS_mos_sig,DNSMOS_mos_bak,DNSMOS_mos_ovr
p102_emo_amazement_freeform,WF_p102_emo_amazement_freeform_fold10_155241-9-0-56_SNR15dB.wav,16000,2.1619982719421387,14.838979721069336,0.9276688694953918,3.578763961791992,4.3504457689506095,2.679602000793727,3.1225330820672306
