clean_file,enhanced_file,sampling_rate,PESQ,SI_SDR,STOI,DNSMOS_p808_mos,DNSMOS_mos_sig,DNSMOS_mos_bak,DNSMOS_mos_ovr
p102_rainbow_03_loud,WF_p102_rainbow_03_loud_fold10_162134-7-0-2_SNR15dB.wav,16000,1.6539490222930908,16.88888168334961,0.9465104341506958,3.1897926330566406,4.07806237697834,2.132776488562358,2.686914044016054
