clean_file,enhanced_file,sampling_rate,PESQ,SI_SDR,STOI,DNSMOS_p808_mos,DNSMOS_mos_sig,DNSMOS_mos_bak,DNSMOS_mos_ovr
p101_sentences_13_lowpitch,WF_p101_sentences_13_lowpitch_fold10_14468-3-0-3_SNR15dB.wav,16000,1.9139277935028076,15.832938194274902,0.9328907132148743,3.2163946628570557,3.4967500034104546,2.444264667983047,2.5079275418344054
