clean_file,enhanced_file,sampling_rate,PESQ,SI_SDR,STOI,DNSMOS_p808_mos,DNSMOS_mos_sig,DNSMOS_mos_bak,DNSMOS_mos_ovr
p102_emo_contentment_freeform,WF_p102_emo_contentment_freeform_fold10_155262-2-0-2_SNR15dB.wav,16000,1.8163928985595703,14.92077922821045,0.8723587989807129,3.462455908457438,3.980717558079649,3.3246170695564086,3.1986244088232643
