clean_file,enhanced_file,sampling_rate,PESQ,SI_SDR,STOI,DNSMOS_p808_mos,DNSMOS_mos_sig,DNSMOS_mos_bak,DNSMOS_mos_ovr
p103_rainbow_07_loud,WF_p103_rainbow_07_loud_fold10_180127-4-0-3_SNR15dB.wav,16000,1.9284179210662842,17.416555404663086,0.8861931562423706,3.3769334724971225,3.3454361556928656,2.5692930090465724,2.408544497069941
