clean_file,enhanced_file,sampling_rate,PESQ,SI_SDR,STOI,DNSMOS_p808_mos,DNSMOS_mos_sig,DNSMOS_mos_bak,DNSMOS_mos_ovr
p102_emo_neutral_sentences,WF_p102_emo_neutral_sentences_fold10_15544-5-0-17_SNR15dB.wav,16000,2.587717294692993,16.8851318359375,0.9143801331520081,3.7172672748565674,4.142626489199344,3.6610837462047923,3.4602535907162095
