clean_file,enhanced_file,sampling_rate,PESQ,SI_SDR,STOI,DNSMOS_p808_mos,DNSMOS_mos_sig,DNSMOS_mos_bak,DNSMOS_mos_ovr
p105_emo_cuteness_freeform,WF_p105_emo_cuteness_freeform_fold10_39847-5-0-9_SNR15dB.wav,16000,1.3163633346557617,12.394712448120117,0.7075558304786682,2.7646563053131104,3.4856261578716747,2.971041119662383,2.619835555451463
