clean_file,enhanced_file,sampling_rate,PESQ,SI_SDR,STOI,DNSMOS_p808_mos,DNSMOS_mos_sig,DNSMOS_mos_bak,DNSMOS_mos_ovr
p103_emo_embarassment_sentences,WF_p103_emo_embarassment_sentences_fold10_167464-0-0-22_SNR15dB.wav,16000,2.3973608016967773,14.887910842895508,0.8373683094978333,3.59690580368042,4.125707385509836,3.6568254423701654,3.4878104794207587
