clean_file,enhanced_file,sampling_rate,PESQ,SI_SDR,STOI,DNSMOS_p808_mos,DNSMOS_mos_sig,DNSMOS_mos_bak,DNSMOS_mos_ovr
p105_rainbow_01_fast,WF_p105_rainbow_01_fast_fold10_73524-0-0-30_SNR15dB.wav,16000,2.223818778991699,11.320477485656738,0.9289644956588745,3.742016911506653,3.673734151820914,3.8594260040930393,3.18328024610782
