clean_file,enhanced_file,sampling_rate,PESQ,SI_SDR,STOI,DNSMOS_p808_mos,DNSMOS_mos_sig,DNSMOS_mos_bak,DNSMOS_mos_ovr
p101_sentences_10_fast,WF_p101_sentences_10_fast_fold10_141240-5-1-0_SNR15dB.wav,16000,2.660738229751587,15.870779991149902,0.9415643811225891,3.590719257082258,3.459431771681403,3.004656761905519,2.7484504475522313
