clean_file,enhanced_file,sampling_rate,PESQ,SI_SDR,STOI,DNSMOS_p808_mos,DNSMOS_mos_sig,DNSMOS_mos_bak,DNSMOS_mos_ovr
p105_rainbow_07_whisper,WF_p105_rainbow_07_whisper_fold10_74922-4-0-6_SNR15dB.wav,16000,1.2558215856552124,10.770753860473633,0.7791251540184021,3.122989995138986,3.3930984675785005,3.807944244682048,2.915865466550384
