clean_file,enhanced_file,sampling_rate,PESQ,SI_SDR,STOI,DNSMOS_p808_mos,DNSMOS_mos_sig,DNSMOS_mos_bak,DNSMOS_mos_ovr
p101_emo_adoration_sentences,WF_p101_emo_adoration_sentences_fold10_100648-1-1-0_SNR15dB.wav,16000,1.8977599143981934,14.838106155395508,0.8821814656257629,3.0535292625427246,3.9609959394203464,2.3537813654854944,2.6527602642148875
