clean_file,enhanced_file,sampling_rate,PESQ,SI_SDR,STOI,DNSMOS_p808_mos,DNSMOS_mos_sig,DNSMOS_mos_bak,DNSMOS_mos_ovr
p102_rainbow_01_fast,WF_p102_rainbow_01_fast_fold10_159742-8-0-1_SNR15dB.wav,16000,1.7924007177352905,12.193197250366211,0.9216818809509277,3.467425060272217,3.5275732406082825,2.0571937271677796,2.2215985059452854
