clean_file,enhanced_file,sampling_rate,PESQ,SI_SDR,STOI,DNSMOS_p808_mos,DNSMOS_mos_sig,DNSMOS_mos_bak,DNSMOS_mos_ovr
p104_rainbow_06_highpitch,WF_p104_rainbow_06_highpitch_fold10_207213-2-0-52_SNR15dB.wav,16000,1.8744351863861084,14.900102615356445,0.9171151518821716,3.2754796743392944,4.456185200534906,2.442493406902423,2.969521430399925
