clean_file,enhanced_file,sampling_rate,PESQ,SI_SDR,STOI,DNSMOS_p808_mos,DNSMOS_mos_sig,DNSMOS_mos_bak,DNSMOS_mos_ovr
p102_rainbow_06_lowpitch,WF_p102_rainbow_06_lowpitch_fold10_162134-7-13-3_SNR15dB.wav,16000,1.3946212530136108,15.14461612701416,0.9015389084815979,3.4121975898742676,4.164855276567969,2.16710976067024,2.718219559141091
