clean_file,enhanced_file,sampling_rate,PESQ,SI_SDR,STOI,DNSMOS_p808_mos,DNSMOS_mos_sig,DNSMOS_mos_bak,DNSMOS_mos_ovr
p102_emo_fear_freeform,WF_p102_emo_fear_freeform_fold10_15544-5-0-10_SNR15dB.wav,16000,2.5057668685913086,17.964046478271484,0.9504621624946594,3.6187271595001222,4.110664057631427,2.4355591901518676,2.821751123367873
