clean_file,enhanced_file,sampling_rate,PESQ,SI_SDR,STOI,DNSMOS_p808_mos,DNSMOS_mos_sig,DNSMOS_mos_bak,DNSMOS_mos_ovr
p101_rainbow_01_slow,WF_p101_rainbow_01_slow_fold10_115241-9-0-8_SNR15dB.wav,16000,1.3782997131347656,9.402515411376953,0.8284154534339905,2.6420947710673013,3.94090817925821,2.7806264976284822,2.940263925057381
