clean_file,enhanced_file,sampling_rate,PESQ,SI_SDR,STOI,DNSMOS_p808_mos,DNSMOS_mos_sig,DNSMOS_mos_bak,DNSMOS_mos_ovr
p104_rainbow_02_fast,WF_p104_rainbow_02_fast_fold10_200460-6-3-0_SNR15dB.wav,16000,1.608687400817871,15.078025817871094,0.9244648814201355,3.796170651912689,4.23143324255294,3.783043746010395,3.6181943661100773
