clean_file,enhanced_file,sampling_rate,PESQ,SI_SDR,STOI,DNSMOS_p808_mos,DNSMOS_mos_sig,DNSMOS_mos_bak,DNSMOS_mos_ovr
p101_rainbow_07_highpitch,WF_p101_rainbow_07_highpitch_fold10_118558-5-2-2_SNR15dB.wav,16000,2.0939383506774902,18.607454299926758,0.9591699242591858,3.1878692507743835,3.479309970116292,2.5346377524756987,2.3905300826086227
