clean_file,enhanced_file,sampling_rate,PESQ,SI_SDR,STOI,DNSMOS_p808_mos,DNSMOS_mos_sig,DNSMOS_mos_bak,DNSMOS_mos_ovr
p104_rainbow_05_fast,WF_p104_rainbow_05_fast_fold10_203424-9-0-46_SNR15dB.wav,16000,1.6055365800857544,15.01809024810791,0.925610363483429,2.849625507990519,4.064147728932365,2.5431281738885283,2.8378540764703755
