clean_file,enhanced_file,sampling_rate,PESQ,SI_SDR,STOI,DNSMOS_p808_mos,DNSMOS_mos_sig,DNSMOS_mos_bak,DNSMOS_mos_ovr
p101_sentences_24_regular,WF_p101_sentences_24_regular_fold10_146244-4-0-0_SNR15dB.wav,16000,1.3872311115264893,12.699955940246582,0.7770030498504639,3.067265033721924,3.9743291742526106,3.892177935007741,3.458515463197548
