clean_file,enhanced_file,sampling_rate,PESQ,SI_SDR,STOI,DNSMOS_p808_mos,DNSMOS_mos_sig,DNSMOS_mos_bak,DNSMOS_mos_ovr
p103_rainbow_08_whisper,WF_p103_rainbow_08_whisper_fold10_181624-4-10-0_SNR15dB.wav,16000,1.0191705226898193,7.634122848510742,0.7624725699424744,2.80961697442191,2.278798641571668,3.858060977067164,1.9684858002603662
