clean_file,enhanced_file,sampling_rate,PESQ,SI_SDR,STOI,DNSMOS_p808_mos,DNSMOS_mos_sig,DNSMOS_mos_bak,DNSMOS_mos_ovr
p102_rainbow_04_highpitch,WF_p102_rainbow_04_highpitch_fold10_162134-7-11-0_SNR15dB.wav,16000,1.2415906190872192,15.46683406829834,0.819892168045044,2.7578157583872476,3.6962655948537955,1.7834222221919867,2.111252156714466
