clean_file,enhanced_file,sampling_rate,PESQ,SI_SDR,STOI,DNSMOS_p808_mos,DNSMOS_mos_sig,DNSMOS_mos_bak,DNSMOS_mos_ovr
p102_sentences_19_regular,WF_p102_sentences_19_regular_fold10_164377-9-1-15_SNR15dB.wav,16000,2.0881381034851074,14.644901275634766,0.8429477214813232,3.934385061264038,4.021225371493956,2.9180538034654577,3.005149559073214
