clean_file,enhanced_file,sampling_rate,PESQ,SI_SDR,STOI,DNSMOS_p808_mos,DNSMOS_mos_sig,DNSMOS_mos_bak,DNSMOS_mos_ovr
p101_rainbow_05_slow,WF_p101_rainbow_05_slow_fold10_118278-4-0-8_SNR15dB.wav,16000,1.8528807163238525,11.437192916870117,0.8029003739356995,3.2282962799072266,3.7723698172660103,3.7371304914482812,3.206433355025954
