clean_file,enhanced_file,sampling_rate,PESQ,SI_SDR,STOI,DNSMOS_p808_mos,DNSMOS_mos_sig,DNSMOS_mos_bak,DNSMOS_mos_ovr
p103_emo_interest_sentences,WF_p103_emo_interest_sentences_fold10_167464-0-0-8_SNR15dB.wav,16000,2.2563180923461914,14.007429122924805,0.5866076350212097,3.4804462591807046,3.66270845531635,2.829755289281252,2.68702254422015
