clean_file,enhanced_file,sampling_rate,PESQ,SI_SDR,STOI,DNSMOS_p808_mos,DNSMOS_mos_sig,DNSMOS_mos_bak,DNSMOS_mos_ovr
p101_sentences_03_whisper,WF_p101_sentences_03_whisper_fold10_138017-9-0-2_SNR15dB.wav,16000,1.3898205757141113,7.785401344299316,0.6216906905174255,3.0251193841298423,1.705411172474131,3.147400209271954,1.4460362011520083
