clean_file,enhanced_file,sampling_rate,PESQ,SI_SDR,STOI,DNSMOS_p808_mos,DNSMOS_mos_sig,DNSMOS_mos_bak,DNSMOS_mos_ovr
p103_emo_amusement_freeform,WF_p103_emo_amusement_freeform_fold10_165166-8-0-8_SNR15dB.wav,16000,2.095067262649536,14.928950309753418,0.8954639434814453,2.9789216121037803,4.298548622519472,2.10222044083485,2.647289248055869
