clean_file,enhanced_file,sampling_rate,PESQ,SI_SDR,STOI,DNSMOS_p808_mos,DNSMOS_mos_sig,DNSMOS_mos_bak,DNSMOS_mos_ovr
p104_sentences_09_fast,WF_p104_sentences_09_fast_fold10_28808-1-0-4_SNR15dB.wav,16000,1.8312013149261475,15.4624605178833,0.825439453125,3.1698515755789622,4.045264586963926,2.4357472665098525,2.79664889118392
