clean_file,enhanced_file,sampling_rate,PESQ,SI_SDR,STOI,DNSMOS_p808_mos,DNSMOS_mos_sig,DNSMOS_mos_bak,DNSMOS_mos_ovr
p101_emo_confusion_sentences,WF_p101_emo_confusion_sentences_fold10_101382-2-0-10_SNR15dB.wav,16000,1.964824914932251,13.823760986328125,0.6092067956924438,2.8365907669067383,3.8297567048436476,2.243519996215204,2.5051179712160687
