clean_file,enhanced_file,sampling_rate,PESQ,SI_SDR,STOI,DNSMOS_p808_mos,DNSMOS_mos_sig,DNSMOS_mos_bak,DNSMOS_mos_ovr
p101_emo_pain_freeform,WF_p101_emo_pain_freeform_fold10_102857-5-0-22_SNR15dB.wav,16000,2.885867118835449,20.650409698486328,0.9570611715316772,3.1100057874407088,4.040076261937376,3.3795311261003076,3.3229579571312935
