clean_file,enhanced_file,sampling_rate,PESQ,SI_SDR,STOI,DNSMOS_p808_mos,DNSMOS_mos_sig,DNSMOS_mos_bak,DNSMOS_mos_ovr
p103_emo_amazement_freeform,WF_p103_emo_amazement_freeform_fold10_165166-8-0-6_SNR15dB.wav,16000,2.0507144927978516,14.329721450805664,0.7624894380569458,3.180292749404907,4.249948366155139,2.2963352739821468,2.7953341965526546
