clean_file,enhanced_file,sampling_rate,PESQ,SI_SDR,STOI,DNSMOS_p808_mos,DNSMOS_mos_sig,DNSMOS_mos_bak,DNSMOS_mos_ovr
p105_rainbow_02_lowpitch,WF_p105_rainbow_02_lowpitch_fold10_73524-0-0-8_SNR15dB.wav,16000,2.4995946884155273,13.779752731323242,0.8678916096687317,3.7151254177093507,4.05170863634252,4.122323574176675,3.576809008029552
