clean_file,enhanced_file,sampling_rate,PESQ,SI_SDR,STOI,DNSMOS_p808_mos,DNSMOS_mos_sig,DNSMOS_mos_bak,DNSMOS_mos_ovr
p103_sentences_01_loud,WF_p103_sentences_01_loud_fold10_181624-4-4-0_SNR15dB.wav,16000,1.3119468688964844,14.973697662353516,0.8705969452857971,3.091010536466326,4.426804346558773,2.236474850033742,2.9658378051112444
