clean_file,enhanced_file,sampling_rate,PESQ,SI_SDR,STOI,DNSMOS_p808_mos,DNSMOS_mos_sig,DNSMOS_mos_bak,DNSMOS_mos_ovr
p102_nonverbal_laughter_open,WF_p102_nonverbal_laughter_open_fold10_157800-6-0-0_SNR15dB.wav,16000,1.928072452545166,15.607255935668945,0.9606700539588928,2.9225311279296875,4.118571976236781,4.476178420190031,3.862024782641143
