clean_file,enhanced_file,sampling_rate,PESQ,SI_SDR,STOI,DNSMOS_p808_mos,DNSMOS_mos_sig,DNSMOS_mos_bak,DNSMOS_mos_ovr
p103_emo_fear_freeform,WF_p103_emo_fear_freeform_fold10_167464-0-0-3_SNR15dB.wav,16000,2.259202241897583,14.772773742675781,0.7529321312904358,3.2997874873025075,4.281112092844107,3.1027177487518194,3.3487805695936776
