clean_file,enhanced_file,sampling_rate,PESQ,SI_SDR,STOI,DNSMOS_p808_mos,DNSMOS_mos_sig,DNSMOS_mos_bak,DNSMOS_mos_ovr
p102_interjection_greetings,WF_p102_interjection_greetings_fold10_157207-6-5-0_SNR15dB.wav,16000,1.801216959953308,15.865225791931152,0.9332677721977234,3.2011988162994385,3.6781824946574075,2.255827684626513,2.5197029525629326
