clean_file,enhanced_file,sampling_rate,PESQ,SI_SDR,STOI,DNSMOS_p808_mos,DNSMOS_mos_sig,DNSMOS_mos_bak,DNSMOS_mos_ovr
p101_sentences_20_regular,WF_p101_sentences_20_regular_fold10_14470-2-0-56_SNR15dB.wav,16000,1.948202133178711,14.883764266967773,0.8416669368743896,2.98595654964447,3.97764749124072,2.7432919646838325,2.9057034987109387
