clean_file,enhanced_file,sampling_rate,PESQ,SI_SDR,STOI,DNSMOS_p808_mos,DNSMOS_mos_sig,DNSMOS_mos_bak,DNSMOS_mos_ovr
p104_sentences_12_highpitch,WF_p104_sentences_12_highpitch_fold10_28808-1-0-7_SNR15dB.wav,16000,1.7598717212677002,14.703246116638184,0.7725989818572998,2.7538553987230574,4.00164577807733,2.1082514264279855,2.434545761513964
