clean_file,enhanced_file,sampling_rate,PESQ,SI_SDR,STOI,DNSMOS_p808_mos,DNSMOS_mos_sig,DNSMOS_mos_bak,DNSMOS_mos_ovr
p104_rainbow_02_loud,WF_p104_rainbow_02_loud_fold10_200460-6-5-0_SNR15dB.wav,16000,1.7525362968444824,14.78087329864502,0.9530611038208008,3.6641733169555666,4.281761677874558,4.119927512374222,3.772157510800368
