clean_file,enhanced_file,sampling_rate,PESQ,SI_SDR,STOI,DNSMOS_p808_mos,DNSMOS_mos_sig,DNSMOS_mos_bak,DNSMOS_mos_ovr
p103_rainbow_03_regular,WF_p103_rainbow_03_regular_fold10_178826-2-0-10_SNR15dB.wav,16000,1.925022840499878,14.549161911010742,0.7676869034767151,3.2597414425441196,4.350205965932459,2.8008557345194296,3.16393631218033
