clean_file,enhanced_file,sampling_rate,PESQ,SI_SDR,STOI,DNSMOS_p808_mos,DNSMOS_mos_sig,DNSMOS_mos_bak,DNSMOS_mos_ovr
p105_emo_pain_sentences,WF_p105_emo_pain_sentences_fold10_71312-3-0-2_SNR15dB.wav,16000,2.001094102859497,14.687968254089355,0.7354074120521545,3.3433376948038735,3.7854415859922703,2.3582347150173764,2.606401573235678
