clean_file,enhanced_file,sampling_rate,PESQ,SI_SDR,STOI,DNSMOS_p808_mos,DNSMOS_mos_sig,DNSMOS_mos_bak,DNSMOS_mos_ovr
p101_emo_desire_sentences,WF_p101_emo_desire_sentences_fold10_101382-2-0-42_SNR15dB.wav,16000,1.9798073768615723,14.390403747558594,0.8428740501403809,2.7493063381740024,4.169833866655113,2.483632826108565,2.9869675383874603
