clean_file,enhanced_file,sampling_rate,PESQ,SI_SDR,STOI,DNSMOS_p808_mos,DNSMOS_mos_sig,DNSMOS_mos_bak,DNSMOS_mos_ovr
p104_rainbow_04_fast,WF_p104_rainbow_04_fast_fold10_202334-9-0-63_SNR15dB.wav,16000,1.4792577028274536,14.314325332641602,0.8893778324127197,2.935943305492401,4.2085652295037805,2.523841297029174,2.9042755633036337
