clean_file,enhanced_file,sampling_rate,PESQ,SI_SDR,STOI,DNSMOS_p808_mos,DNSMOS_mos_sig,DNSMOS_mos_bak,DNSMOS_mos_ovr
p101_rainbow_07_regular,WF_p101_rainbow_07_regular_fold10_119067-0-0-1_SNR15dB.wav,16000,2.0240426063537598,14.857715606689453,0.9262338280677795,3.511664056777954,3.929262028863877,2.795853100633402,2.9539717955144607
