clean_file,enhanced_file,sampling_rate,PESQ,SI_SDR,STOI,DNSMOS_p808_mos,DNSMOS_mos_sig,DNSMOS_mos_bak,DNSMOS_mos_ovr
p104_sentences_22_regular,WF_p104_sentences_22_regular_fold10_34050-7-0-0_SNR15dB.wav,16000,1.7574726343154907,16.481088638305664,0.7131668925285339,3.302166904721941,4.093022942925881,3.1540860712512333,3.2205486126918013
