clean_file,enhanced_file,sampling_rate,PESQ,SI_SDR,STOI,DNSMOS_p808_mos,DNSMOS_mos_sig,DNSMOS_mos_bak,DNSMOS_mos_ovr
p104_rainbow_06_loud,WF_p104_rainbow_06_loud_fold10_207213-2-0-73_SNR15dB.wav,16000,1.6935863494873047,15.249065399169922,0.9142374992370605,3.25474222501119,4.151206197512585,2.418585424621078,2.6975912937481756
