clean_file,enhanced_file,sampling_rate,PESQ,SI_SDR,STOI,DNSMOS_p808_mos,DNSMOS_mos_sig,DNSMOS_mos_bak,DNSMOS_mos_ovr
p101_nonverbal_crying,WF_p101_nonverbal_crying_fold10_106014-5-0-0_SNR15dB.wav,16000,2.120948314666748,17.2930908203125,0.8494635820388794,2.6728113889694214,3.918220044883495,2.414104880701778,2.6395930346021443
