clean_file,enhanced_file,sampling_rate,PESQ,SI_SDR,STOI,DNSMOS_p808_mos,DNSMOS_mos_sig,DNSMOS_mos_bak,DNSMOS_mos_ovr
p102_sentences_24_regular,WF_p102_sentences_24_regular_fold10_164377-9-1-92_SNR15dB.wav,16000,2.4422097206115723,15.563560485839844,0.7592973709106445,3.590358257293701,3.9667753091074793,3.2198014989082333,3.1642267291455104
