clean_file,enhanced_file,sampling_rate,PESQ,SI_SDR,STOI,DNSMOS_p808_mos,DNSMOS_mos_sig,DNSMOS_mos_bak,DNSMOS_mos_ovr
p101_sentences_05_loud,WF_p101_sentences_05_loud_fold10_138017-9-1-10_SNR15dB.wav,16000,2.2325713634490967,14.959782600402832,0.7749524712562561,3.3467549482981362,3.6347442750153323,3.325048153142951,2.9561809640886643
