clean_file,enhanced_file,sampling_rate,PESQ,SI_SDR,STOI,DNSMOS_p808_mos,DNSMOS_mos_sig,DNSMOS_mos_bak,DNSMOS_mos_ovr
p105_emo_sadness_sentences,WF_p105_emo_sadness_sentences_fold10_72538-3-0-1_SNR15dB.wav,16000,2.3986051082611084,13.897968292236328,0.6840081214904785,3.440279150009155,3.34431275598383,3.2271912059561942,2.6253494573164473
