clean_file,enhanced_file,sampling_rate,PESQ,SI_SDR,STOI,DNSMOS_p808_mos,DNSMOS_mos_sig,DNSMOS_mos_bak,DNSMOS_mos_ovr
p103_sentences_20_regular,WF_p103_sentences_20_regular_fold10_188813-7-1-0_SNR15dB.wav,16000,1.602773904800415,15.150856971740723,0.7402335405349731,3.0694043976919994,4.362503780608558,2.8504733728800136,3.2629924646238213
