clean_file,enhanced_file,sampling_rate,PESQ,SI_SDR,STOI,DNSMOS_p808_mos,DNSMOS_mos_sig,DNSMOS_mos_bak,DNSMOS_mos_ovr
p103_interjection_congratulations,WF_p103_interjection_congratulations_fold10_172519-9-0-13_SNR15dB.wav,16000,1.795320987701416,16.245506286621094,0.7315917611122131,2.4998258650302887,3.4438743645926326,3.03799922495081,2.729139132645286
