clean_file,enhanced_file,sampling_rate,PESQ,SI_SDR,STOI,DNSMOS_p808_mos,DNSMOS_mos_sig,DNSMOS_mos_bak,DNSMOS_mos_ovr
p103_emo_pride_freeform,WF_p103_emo_pride_freeform_fold10_167750-4-3-0_SNR15dB.wav,16000,1.5445637702941895,14.779172897338867,0.8806948661804199,3.1892704010009765,4.353548823890727,2.7776186529646485,3.2142836830590378
