clean_file,enhanced_file,sampling_rate,PESQ,SI_SDR,STOI,DNSMOS_p808_mos,DNSMOS_mos_sig,DNSMOS_mos_bak,DNSMOS_mos_ovr
p102_sentences_06_loud,WF_p102_sentences_06_loud_fold10_162134-7-9-3_SNR15dB.wav,16000,1.4664102792739868,16.701473236083984,0.8550695776939392,3.3700718539101735,4.305430099716206,2.0246660826898526,2.689584269004856
