clean_file,enhanced_file,sampling_rate,PESQ,SI_SDR,STOI,DNSMOS_p808_mos,DNSMOS_mos_sig,DNSMOS_mos_bak,DNSMOS_mos_ovr
p106_emo_desire_sentences,WF_p106_emo_desire_sentences_fold10_88121-8-0-3_SNR15dB.wav,16000,1.5366765260696411,13.817813873291016,0.865797758102417,3.3296648263931274,4.42747447173978,3.6976063412583744,3.6354040235982747
