clean_file,enhanced_file,sampling_rate,PESQ,SI_SDR,STOI,DNSMOS_p808_mos,DNSMOS_mos_sig,DNSMOS_mos_bak,DNSMOS_mos_ovr
p105_rainbow_08_lowpitch,WF_p105_rainbow_08_lowpitch_fold10_77901-9-0-2_SNR15dB.wav,16000,1.433416485786438,15.801074981689453,0.8975294232368469,3.0327958379473006,4.301727960539132,2.5628220416659295,3.073256636873116
