clean_file,enhanced_file,sampling_rate,PESQ,SI_SDR,STOI,DNSMOS_p808_mos,DNSMOS_mos_sig,DNSMOS_mos_bak,DNSMOS_mos_ovr
p104_emo_amusement_sentences,WF_p104_emo_amusement_sentences_fold10_188813-7-8-0_SNR15dB.wav,16000,1.5201325416564941,16.200742721557617,0.7322619557380676,2.946927845478058,4.039122964319628,2.5597674780883377,2.8350978651959866
