clean_file,enhanced_file,sampling_rate,PESQ,SI_SDR,STOI,DNSMOS_p808_mos,DNSMOS_mos_sig,DNSMOS_mos_bak,DNSMOS_mos_ovr
p103_sentences_02_whisper,WF_p103_sentences_02_whisper_fold10_187110-2-0-34_SNR15dB.wav,16000,1.2447489500045776,5.954765796661377,0.5762853622436523,2.9073943410600935,1.8995825818442256,3.3584159805516025,1.678925640058295
