clean_file,enhanced_file,sampling_rate,PESQ,SI_SDR,STOI,DNSMOS_p808_mos,DNSMOS_mos_sig,DNSMOS_mos_bak,DNSMOS_mos_ovr
p106_emo_serenity_sentences,WF_p106_emo_serenity_sentences_fold10_99192-4-0-20_SNR15dB.wav,16000,1.6000609397888184,13.940176963806152,0.7996963262557983,3.066151523590088,3.977148956205499,2.9282361369143897,2.8131121709187936
