clean_file,enhanced_file,sampling_rate,PESQ,SI_SDR,STOI,DNSMOS_p808_mos,DNSMOS_mos_sig,DNSMOS_mos_bak,DNSMOS_mos_ovr
p102_sentences_01_loud,WF_p102_sentences_01_loud_fold10_162134-7-5-0_SNR15dB.wav,16000,1.4029948711395264,15.549444198608398,0.9047574400901794,3.6953290700912476,4.4435229631317625,2.001983220138821,2.787549610959257
