clean_file,enhanced_file,sampling_rate,PESQ,SI_SDR,STOI,DNSMOS_p808_mos,DNSMOS_mos_sig,DNSMOS_mos_bak,DNSMOS_mos_ovr
p105_emo_contentment_sentences,WF_p105_emo_contentment_sentences_fold10_39847-5-0-8_SNR15dB.wav,16000,1.8331211805343628,14.719382286071777,0.5911322236061096,2.94121778011322,3.4481753932189205,2.953652822602182,2.651420824299578
