clean_file,enhanced_file,sampling_rate,PESQ,SI_SDR,STOI,DNSMOS_p808_mos,DNSMOS_mos_sig,DNSMOS_mos_bak,DNSMOS_mos_ovr
p101_emo_embarassment_sentences,WF_p101_emo_embarassment_sentences_fold10_102857-5-0-12_SNR15dB.wav,16000,3.011991024017334,17.148740768432617,0.9283932447433472,3.5141077041625977,4.370802917928242,3.9514863552634427,3.8849368868661163
