clean_file,enhanced_file,sampling_rate,PESQ,SI_SDR,STOI,DNSMOS_p808_mos,DNSMOS_mos_sig,DNSMOS_mos_bak,DNSMOS_mos_ovr
p105_rainbow_06_lowpitch,WF_p105_rainbow_06_lowpitch_fold10_74364-8-1-6_SNR15dB.wav,16000,1.6219537258148193,14.125495910644531,0.869608998298645,3.6505141854286194,4.475086090517955,3.7925332691189686,3.8935799400692375
