clean_file,enhanced_file,sampling_rate,PESQ,SI_SDR,STOI,DNSMOS_p808_mos,DNSMOS_mos_sig,DNSMOS_mos_bak,DNSMOS_mos_ovr
p105_sentences_01_whisper,WF_p105_sentences_01_whisper_fold10_7913-3-1-0_SNR15dB.wav,16000,1.6055197715759277,11.409555435180664,0.7427200675010681,3.560671397617885,3.001434171438696,3.8592046008143677,2.6270355124705462
