clean_file,enhanced_file,sampling_rate,PESQ,SI_SDR,STOI,DNSMOS_p808_mos,DNSMOS_mos_sig,DNSMOS_mos_bak,DNSMOS_mos_ovr
p103_rainbow_02_slow,WF_p103_rainbow_02_slow_fold10_178261-7-3-2_SNR15dB.wav,16000,1.8872601985931396,16.909568786621094,0.7108023166656494,2.6383821027619496,3.79958049084028,2.8989930636782377,2.819533885993555
