clean_file,enhanced_file,sampling_rate,PESQ,SI_SDR,STOI,DNSMOS_p808_mos,DNSMOS_mos_sig,DNSMOS_mos_bak,DNSMOS_mos_ovr
p101_emo_fear_sentences,WF_p101_emo_fear_sentences_fold10_102857-5-0-16_SNR15dB.wav,16000,3.079399585723877,16.1771183013916,0.8681631088256836,3.290522745677403,4.036314731429434,3.536399975115341,3.333144978629163
