clean_file,enhanced_file,sampling_rate,PESQ,SI_SDR,STOI,DNSMOS_p808_mos,DNSMOS_mos_sig,DNSMOS_mos_bak,DNSMOS_mos_ovr
p102_rainbow_08_whisper,WF_p102_rainbow_08_whisper_fold10_162134-7-2-0_SNR15dB.wav,16000,1.1665618419647217,11.480369567871094,0.7341286540031433,3.0087311949048723,1.5444668567891537,2.693180290951343,1.2227578741851626
