clean_file,enhanced_file,sampling_rate,PESQ,SI_SDR,STOI,DNSMOS_p808_mos,DNSMOS_mos_sig,DNSMOS_mos_bak,DNSMOS_mos_ovr
p104_sentences_01_fast,WF_p104_sentences_01_fast_fold10_26173-8-0-0_SNR15dB.wav,16000,2.118908643722534,15.537837982177734,0.8750407099723816,3.749634583791097,4.183990245796038,2.5438392203585893,3.0143594406044354
