clean_file,enhanced_file,sampling_rate,PESQ,SI_SDR,STOI,DNSMOS_p808_mos,DNSMOS_mos_sig,DNSMOS_mos_bak,DNSMOS_mos_ovr
p105_sentences_02_highpitch,WF_p105_sentences_02_highpitch_fold10_7913-3-3-0_SNR15dB.wav,16000,1.688502311706543,14.02556324005127,0.7683887481689453,3.5385373660496304,4.161229844075978,2.742912513770116,2.89764827491057
