clean_file,enhanced_file,sampling_rate,PESQ,SI_SDR,STOI,DNSMOS_p808_mos,DNSMOS_mos_sig,DNSMOS_mos_bak,DNSMOS_mos_ovr
p102_emo_realization_sentences,WF_p102_emo_realization_sentences_fold10_15544-5-0-5_SNR15dB.wav,16000,2.3762400150299072,15.607768058776855,0.8901388645172119,3.5521236658096313,4.155892728327202,2.4322613437463243,2.812361637089962
