clean_file,enhanced_file,sampling_rate,PESQ,SI_SDR,STOI,DNSMOS_p808_mos,DNSMOS_mos_sig,DNSMOS_mos_bak,DNSMOS_mos_ovr
p103_sentences_02_fast,WF_p103_sentences_02_fast_fold10_181624-4-9-0_SNR15dB.wav,16000,1.4757086038589478,15.078767776489258,0.9461061954498291,3.1847002506256104,4.564637135901797,3.42364461305892,3.741034644221225
