clean_file,enhanced_file,sampling_rate,PESQ,SI_SDR,STOI,DNSMOS_p808_mos,DNSMOS_mos_sig,DNSMOS_mos_bak,DNSMOS_mos_ovr
p104_sentences_24_regular,WF_p104_sentences_24_regular_fold10_34050-7-2-0_SNR15dB.wav,16000,1.6476092338562012,16.609386444091797,0.7884467244148254,3.001727274485997,4.2045969716555165,2.628987994077444,2.990020830382853
