clean_file,enhanced_file,sampling_rate,PESQ,SI_SDR,STOI,DNSMOS_p808_mos,DNSMOS_mos_sig,DNSMOS_mos_bak,DNSMOS_mos_ovr
p104_emo_disappointment_sentences,WF_p104_emo_disappointment_sentences_fold10_189982-0-0-28_SNR15dB.wav,16000,2.1655690670013428,15.883352279663086,0.8033931255340576,3.564906676610311,4.2142279197676045,3.5646432064945155,3.5155366404804513
