clean_file,enhanced_file,sampling_rate,PESQ,SI_SDR,STOI,DNSMOS_p808_mos,DNSMOS_mos_sig,DNSMOS_mos_bak,DNSMOS_mos_ovr
p103_emo_contentment_sentences,WF_p103_emo_contentment_sentences_fold10_167464-0-0-11_SNR15dB.wav,16000,2.5698909759521484,12.635163307189941,0.5775309801101685,3.629940668741862,4.173747257881161,4.276587818875237,3.769471348364935
