clean_file,enhanced_file,sampling_rate,PESQ,SI_SDR,STOI,DNSMOS_p808_mos,DNSMOS_mos_sig,DNSMOS_mos_bak,DNSMOS_mos_ovr
p102_sentences_01_whisper,WF_p102_sentences_01_whisper_fold10_162134-7-8-0_SNR15dB.wav,16000,1.1881641149520874,11.216803550720215,0.6842300891876221,3.0965810298919676,2.1508766865682376,3.1030729711247163,1.7524080927866266
