clean_file,enhanced_file,sampling_rate,PESQ,SI_SDR,STOI,DNSMOS_p808_mos,DNSMOS_mos_sig,DNSMOS_mos_bak,DNSMOS_mos_ovr
p101_emo_guilt_freeform,WF_p101_emo_guilt_freeform_fold10_102857-5-0-17_SNR15dB.wav,16000,2.994070529937744,15.69379997253418,0.9577269554138184,3.600152850151062,3.8064787572579153,2.560465722695181,2.6436636216635367
