clean_file,enhanced_file,sampling_rate,PESQ,SI_SDR,STOI,DNSMOS_p808_mos,DNSMOS_mos_sig,DNSMOS_mos_bak,DNSMOS_mos_ovr
p102_rainbow_02_fast,WF_p102_rainbow_02_fast_fold10_159742-8-0-3_SNR15dB.wav,16000,1.8642984628677368,14.2855224609375,0.9430445432662964,3.6239163194383894,4.328400882771837,2.419260187415243,3.0011184052874347
