clean_file,enhanced_file,sampling_rate,PESQ,SI_SDR,STOI,DNSMOS_p808_mos,DNSMOS_mos_sig,DNSMOS_mos_bak,DNSMOS_mos_ovr
p103_sentences_02_highpitch,WF_p103_sentences_02_highpitch_fold10_187110-2-0-1_SNR15dB.wav,16000,1.8441109657287598,14.494776725769043,0.6490983963012695,3.1367595195770264,3.4883927940428627,2.203983574010545,2.238402115725133
