clean_file,enhanced_file,sampling_rate,PESQ,SI_SDR,STOI,DNSMOS_p808_mos,DNSMOS_mos_sig,DNSMOS_mos_bak,DNSMOS_mos_ovr
p103_rainbow_06_lowpitch,WF_p103_rainbow_06_lowpitch_fold10_180127-4-0-17_SNR15dB.wav,16000,1.8970866203308105,16.096765518188477,0.9009563326835632,3.165669345855713,4.116931119737998,3.416727788729203,3.3943802432672143
