clean_file,enhanced_file,sampling_rate,PESQ,SI_SDR,STOI,DNSMOS_p808_mos,DNSMOS_mos_sig,DNSMOS_mos_bak,DNSMOS_mos_ovr
p102_emo_disappointment_freeform,WF_p102_emo_disappointment_freeform_fold10_155280-2-0-11_SNR15dB.wav,16000,2.790698766708374,16.690427780151367,0.8573675751686096,3.763005188533238,3.994674246273998,2.762037136462566,2.9785219538471766
