clean_file,enhanced_file,sampling_rate,PESQ,SI_SDR,STOI,DNSMOS_p808_mos,DNSMOS_mos_sig,DNSMOS_mos_bak,DNSMOS_mos_ovr
p104_sentences_01_highpitch,WF_p104_sentences_01_highpitch_fold10_26255-3-0-0_SNR15dB.wav,16000,1.5214262008666992,15.819931983947754,0.8395839929580688,3.0827879110972085,4.206726430332496,2.723069762311411,3.104336813099323
