clean_file,enhanced_file,sampling_rate,PESQ,SI_SDR,STOI,DNSMOS_p808_mos,DNSMOS_mos_sig,DNSMOS_mos_bak,DNSMOS_mos_ovr
p105_rainbow_04_slow,WF_p105_rainbow_04_slow_fold10_74364-8-1-2_SNR15dB.wav,16000,1.6164324283599854,11.613323211669922,0.8729578256607056,3.5132880210876465,3.6339997746373234,4.007404219453606,3.1786467958229596
