clean_file,enhanced_file,sampling_rate,PESQ,SI_SDR,STOI,DNSMOS_p808_mos,DNSMOS_mos_sig,DNSMOS_mos_bak,DNSMOS_mos_ovr
p104_rainbow_01_regular,WF_p104_rainbow_01_regular_fold10_200460-6-0-0_SNR15dB.wav,16000,1.8128057718276978,13.291668891906738,0.8827388882637024,3.994050979614258,4.175648215937205,3.865774852929911,3.594487974846902
