clean_file,enhanced_file,sampling_rate,PESQ,SI_SDR,STOI,DNSMOS_p808_mos,DNSMOS_mos_sig,DNSMOS_mos_bak,DNSMOS_mos_ovr
p102_nonverbal_yelling,WF_p102_nonverbal_yelling_fold10_159742-8-0-0_SNR15dB.wav,16000,1.9853830337524414,18.0440616607666,0.880835235118866,2.5796315670013428,3.594563471328238,2.4718740486346924,2.6094644477439477
