clean_file,enhanced_file,sampling_rate,PESQ,SI_SDR,STOI,DNSMOS_p808_mos,DNSMOS_mos_sig,DNSMOS_mos_bak,DNSMOS_mos_ovr
p103_nonverbal_cheering,WF_p103_nonverbal_cheering_fold10_172519-9-0-8_SNR15dB.wav,16000,1.8968098163604736,17.675233840942383,0.7538393139839172,2.5789927414485385,2.9245184243401647,1.8600655784207478,1.8755272478163352
