clean_file,enhanced_file,sampling_rate,PESQ,SI_SDR,STOI,DNSMOS_p808_mos,DNSMOS_mos_sig,DNSMOS_mos_bak,DNSMOS_mos_ovr
p106_nonverbal_crying,WF_p106_nonverbal_crying_fold10_99192-4-0-33_SNR15dB.wav,16000,1.5674185752868652,15.091407775878906,0.6568577885627747,2.1493799686431885,3.251843513899731,2.3859120596673753,2.380079815448158
