clean_file,enhanced_file,sampling_rate,PESQ,SI_SDR,STOI,DNSMOS_p808_mos,DNSMOS_mos_sig,DNSMOS_mos_bak,DNSMOS_mos_ovr
p104_sentences_20_regular,WF_p104_sentences_20_regular_fold10_30344-3-0-3_SNR15dB.wav,16000,2.3346598148345947,14.288350105285645,0.8092917203903198,3.8197852202824185,4.393462741392019,3.3517758530079407,3.485370846494139
