clean_file,enhanced_file,sampling_rate,PESQ,SI_SDR,STOI,DNSMOS_p808_mos,DNSMOS_mos_sig,DNSMOS_mos_bak,DNSMOS_mos_ovr
p105_sentences_04_whisper,WF_p105_sentences_04_whisper_fold10_81791-3-1-0_SNR15dB.wav,16000,1.7088247537612915,7.530844688415527,0.6176870465278625,3.301744052342006,3.211798657335905,4.15655436483444,2.836486877896632
