clean_file,enhanced_file,sampling_rate,PESQ,SI_SDR,STOI,DNSMOS_p808_mos,DNSMOS_mos_sig,DNSMOS_mos_bak,DNSMOS_mos_ovr
p101_emo_amusement_freeform,WF_p101_emo_amusement_freeform_fold10_100648-1-4-0_SNR15dB.wav,16000,1.9848613739013672,13.948651313781738,0.9046223163604736,3.3016977650778636,3.7698883539844026,2.3481807238529866,2.615408739057007
