clean_file,enhanced_file,sampling_rate,PESQ,SI_SDR,STOI,DNSMOS_p808_mos,DNSMOS_mos_sig,DNSMOS_mos_bak,DNSMOS_mos_ovr
p105_rainbow_05_fast,WF_p105_rainbow_05_fast_fold10_74364-8-1-21_SNR15dB.wav,16000,1.6781651973724365,13.581446647644043,0.9418702721595764,3.5475130558013914,4.302764430688708,2.9394504826704373,3.2449423788815053
