clean_file,enhanced_file,sampling_rate,PESQ,SI_SDR,STOI,DNSMOS_p808_mos,DNSMOS_mos_sig,DNSMOS_mos_bak,DNSMOS_mos_ovr
p105_rainbow_02_whisper,WF_p105_rainbow_02_whisper_fold10_73524-0-0-99_SNR15dB.wav,16000,1.74612557888031,9.159805297851562,0.8618593811988831,3.3384701865059987,2.931579720728648,4.259658891785008,2.6656433154338006
