clean_file,enhanced_file,sampling_rate,PESQ,SI_SDR,STOI,DNSMOS_p808_mos,DNSMOS_mos_sig,DNSMOS_mos_bak,DNSMOS_mos_ovr
p101_emo_disgust_freeform,WF_p101_emo_disgust_freeform_fold10_102103-3-1-0_SNR15dB.wav,16000,1.3949544429779053,10.034957885742188,0.5652593970298767,2.6792007173810686,3.3764076318343874,2.610816932984349,2.4082074220249665
