clean_file,enhanced_file,sampling_rate,PESQ,SI_SDR,STOI,DNSMOS_p808_mos,DNSMOS_mos_sig,DNSMOS_mos_bak,DNSMOS_mos_ovr
p105_sentences_16_regular,WF_p105_sentences_16_regular_fold10_83195-9-0-7_SNR15dB.wav,16000,1.8811519145965576,10.609315872192383,0.5824171900749207,2.7539265155792236,3.6952354453247303,3.1529096080605385,2.8765987801542203
