clean_file,enhanced_file,sampling_rate,PESQ,SI_SDR,STOI,DNSMOS_p808_mos,DNSMOS_mos_sig,DNSMOS_mos_bak,DNSMOS_mos_ovr
p105_rainbow_08_whisper,WF_p105_rainbow_08_whisper_fold10_77901-9-0-6_SNR15dB.wav,16000,1.3113195896148682,10.351263046264648,0.789777398109436,2.92330949647086,3.144841766406068,3.704341555130733,2.5743812942493127
