clean_file,enhanced_file,sampling_rate,PESQ,SI_SDR,STOI,DNSMOS_p808_mos,DNSMOS_mos_sig,DNSMOS_mos_bak,DNSMOS_mos_ovr
p105_rainbow_06_slow,WF_p105_rainbow_06_slow_fold10_74364-8-1-8_SNR15dB.wav,16000,1.4708688259124756,10.261870384216309,0.8585920929908752,3.3087680680411204,2.6386176939427877,3.33375911451319,2.1104879629616633
