clean_file,enhanced_file,sampling_rate,PESQ,SI_SDR,STOI,DNSMOS_p808_mos,DNSMOS_mos_sig,DNSMOS_mos_bak,DNSMOS_mos_ovr
p103_rainbow_03_highpitch,WF_p103_rainbow_03_highpitch_fold10_178261-7-3-5_SNR15dB.wav,16000,1.8519173860549927,17.590946197509766,0.7488163709640503,2.6768099466959634,3.2753413242611926,2.562627017107389,2.3397885584390585
