clean_file,enhanced_file,sampling_rate,PESQ,SI_SDR,STOI,DNSMOS_p808_mos,DNSMOS_mos_sig,DNSMOS_mos_bak,DNSMOS_mos_ovr
p104_rainbow_06_regular,WF_p104_rainbow_06_regular_fold10_207213-2-0-85_SNR15dB.wav,16000,1.689217209815979,14.442280769348145,0.8939955234527588,3.267079710960388,4.200437906179812,2.529839627730496,2.8727739078003185
