clean_file,enhanced_file,sampling_rate,PESQ,SI_SDR,STOI,DNSMOS_p808_mos,DNSMOS_mos_sig,DNSMOS_mos_bak,DNSMOS_mos_ovr
p104_rainbow_01_loud,WF_p104_rainbow_01_loud_fold10_199261-3-0-2_SNR15dB.wav,16000,2.091188669204712,14.034714698791504,0.9221761226654053,3.842503070831299,4.1512044161256565,3.6520999473804108,3.4893100537989894
