clean_file,enhanced_file,sampling_rate,PESQ,SI_SDR,STOI,DNSMOS_p808_mos,DNSMOS_mos_sig,DNSMOS_mos_bak,DNSMOS_mos_ovr
p104_rainbow_08_slow,WF_p104_rainbow_08_slow_fold10_25037-6-0-0_SNR15dB.wav,16000,1.6080094575881958,13.284610748291016,0.8845654726028442,3.5574804033551897,4.2446723794787085,3.004420303748279,3.1218357024217056
