clean_file,enhanced_file,sampling_rate,PESQ,SI_SDR,STOI,DNSMOS_p808_mos,DNSMOS_mos_sig,DNSMOS_mos_bak,DNSMOS_mos_ovr
p101_rainbow_08_slow,WF_p101_rainbow_08_slow_fold10_128470-3-0-5_SNR15dB.wav,16000,2.0983688831329346,11.979310989379883,0.8798772692680359,3.838691370827811,3.9948811397487796,2.3910597518394243,2.654142003237209
