clean_file,enhanced_file,sampling_rate,PESQ,SI_SDR,STOI,DNSMOS_p808_mos,DNSMOS_mos_sig,DNSMOS_mos_bak,DNSMOS_mos_ovr
p101_rainbow_08_lowpitch,WF_p101_rainbow_08_lowpitch_fold10_128470-3-0-0_SNR15dB.wav,16000,2.2631616592407227,14.656522750854492,0.8740631937980652,3.52074180330549,4.473381700644001,2.1337276354010557,2.8563143270912716
