clean_file,enhanced_file,sampling_rate,PESQ,SI_SDR,STOI,DNSMOS_p808_mos,DNSMOS_mos_sig,DNSMOS_mos_bak,DNSMOS_mos_ovr
p103_emo_adoration_freeform,WF_p103_emo_adoration_freeform_fold10_165166-8-0-4_SNR15dB.wav,16000,1.9242550134658813,13.854333877563477,0.8174136877059937,3.3072289398738315,4.248168031295685,2.641354278042884,2.962306811051364
