clean_file,enhanced_file,sampling_rate,PESQ,SI_SDR,STOI,DNSMOS_p808_mos,DNSMOS_mos_sig,DNSMOS_mos_bak,DNSMOS_mos_ovr
p101_rainbow_03_fast,WF_p101_rainbow_03_fast_fold10_11722-3-1-0_SNR15dB.wav,16000,2.0706567764282227,14.512027740478516,0.9459142088890076,3.8417136669158936,3.5747465486325343,1.8386405644792494,2.0972901804878568
