clean_file,enhanced_file,sampling_rate,PESQ,SI_SDR,STOI,DNSMOS_p808_mos,DNSMOS_mos_sig,DNSMOS_mos_bak,DNSMOS_mos_ovr
p105_emo_disgust_sentences,WF_p105_emo_disgust_sentences_fold10_51024-3-0-23_SNR15dB.wav,16000,1.9679993391036987,13.276239395141602,0.7285284399986267,3.488450050354004,4.169324215137744,2.6991215639264143,3.021221465615704
