clean_file,enhanced_file,sampling_rate,PESQ,SI_SDR,STOI,DNSMOS_p808_mos,DNSMOS_mos_sig,DNSMOS_mos_bak,DNSMOS_mos_ovr
p105_rainbow_01_whisper,WF_p105_rainbow_01_whisper_fold10_73524-0-0-6_SNR15dB.wav,16000,1.7181793451309204,9.313838958740234,0.8846362233161926,3.2266554832458496,2.3313134332819105,3.9289206953385545,2.0941908305683645
