clean_file,enhanced_file,sampling_rate,PESQ,SI_SDR,STOI,DNSMOS_p808_mos,DNSMOS_mos_sig,DNSMOS_mos_bak,DNSMOS_mos_ovr
p101_nonverbal_laughter_open,WF_p101_nonverbal_laughter_open_fold10_106014-5-0-2_SNR15dB.wav,16000,2.3652639389038086,20.458972930908203,0.9195137023925781,2.557150363922119,3.3733084128380115,3.276303812043432,2.8398476874585348
