clean_file,enhanced_file,sampling_rate,PESQ,SI_SDR,STOI,DNSMOS_p808_mos,DNSMOS_mos_sig,DNSMOS_mos_bak,DNSMOS_mos_ovr
p106_interjection_filler,WF_p106_interjection_filler_fold10_99192-4-0-28_SNR15dB.wav,16000,1.8755123615264893,13.935739517211914,0.6316389441490173,2.5923752784729004,4.0556571145942755,2.4246496216147864,2.6738812859519725
