clean_file,enhanced_file,sampling_rate,PESQ,SI_SDR,STOI,DNSMOS_p808_mos,DNSMOS_mos_sig,DNSMOS_mos_bak,DNSMOS_mos_ovr
p104_sentences_23_regular,WF_p104_sentences_23_regular_fold10_34050-7-1-0_SNR15dB.wav,16000,1.6620512008666992,15.765157699584961,0.7095145583152771,3.3539066995893205,4.350713827131381,3.0077850881382497,3.32185155975705
