clean_file,enhanced_file,sampling_rate,PESQ,SI_SDR,STOI,DNSMOS_p808_mos,DNSMOS_mos_sig,DNSMOS_mos_bak,DNSMOS_mos_ovr
p102_emo_embarassment_sentences,WF_p102_emo_embarassment_sentences_fold10_155311-3-0-0_SNR15dB.wav,16000,1.9854198694229126,14.644012451171875,0.8824143409729004,3.80623459815979,4.173466961491681,2.2335346382429355,2.6196283660170008
