clean_file,enhanced_file,sampling_rate,PESQ,SI_SDR,STOI,DNSMOS_p808_mos,DNSMOS_mos_sig,DNSMOS_mos_bak,DNSMOS_mos_ovr
p105_sentences_01_loud,WF_p105_sentences_01_loud_fold10_77927-3-0-1_SNR15dB.wav,16000,2.1021976470947266,14.486211776733398,0.8935908079147339,3.392111349105835,4.211570027587349,2.327775117553051,2.877730122735117
