clean_file,enhanced_file,sampling_rate,PESQ,SI_SDR,STOI,DNSMOS_p808_mos,DNSMOS_mos_sig,DNSMOS_mos_bak,DNSMOS_mos_ovr
p101_rainbow_03_slow,WF_p101_rainbow_03_slow_fold10_117889-9-0-39_SNR15dB.wav,16000,2.1131274700164795,10.898223876953125,0.8280521631240845,3.4444386959075928,3.892319658678088,3.6665736714668165,3.2877577490794336
