clean_file,enhanced_file,sampling_rate,PESQ,SI_SDR,STOI,DNSMOS_p808_mos,DNSMOS_mos_sig,DNSMOS_mos_bak,DNSMOS_mos_ovr
p104_rainbow_07_whisper,WF_p104_rainbow_07_whisper_fold10_22973-3-0-0_SNR15dB.wav,16000,1.2783010005950928,5.889542102813721,0.8055515885353088,2.6032066685812816,2.0939530763152647,2.542077878314115,1.6566597575236155
