clean_file,enhanced_file,sampling_rate,PESQ,SI_SDR,STOI,DNSMOS_p808_mos,DNSMOS_mos_sig,DNSMOS_mos_bak,DNSMOS_mos_ovr
p102_rainbow_08_slow,WF_p102_rainbow_08_slow_fold10_162134-7-17-4_SNR15dB.wav,16000,1.3541072607040405,14.418143272399902,0.909528911113739,2.99708434513637,4.097408909901957,2.272099876602462,2.6813636836392405
