clean_file,enhanced_file,sampling_rate,PESQ,SI_SDR,STOI,DNSMOS_p808_mos,DNSMOS_mos_sig,DNSMOS_mos_bak,DNSMOS_mos_ovr
p103_rainbow_05_loud,WF_p103_rainbow_05_loud_fold10_180127-4-0-10_SNR15dB.wav,16000,2.000805139541626,16.834911346435547,0.9196171164512634,3.419292143412999,3.708589488846797,3.6825513049740253,3.188949925346637
