clean_file,enhanced_file,sampling_rate,PESQ,SI_SDR,STOI,DNSMOS_p808_mos,DNSMOS_mos_sig,DNSMOS_mos_bak,DNSMOS_mos_ovr
p103_rainbow_06_fast,WF_p103_rainbow_06_fast_fold10_180127-4-0-14_SNR15dB.wav,16000,1.8961554765701294,15.211910247802734,0.910805881023407,3.2680397033691406,4.128129338077065,3.0162392754748852,3.083850918893832
