clean_file,enhanced_file,sampling_rate,PESQ,SI_SDR,STOI,DNSMOS_p808_mos,DNSMOS_mos_sig,DNSMOS_mos_bak,DNSMOS_mos_ovr
p104_nonverbal_laughter_open,WF_p104_nonverbal_laughter_open_fold10_197554-2-0-69_SNR15dB.wav,16000,2.2674481868743896,15.628198623657227,0.8534935712814331,2.603351320539202,2.282853727805432,2.0083361531572437,1.5980430895850375
