clean_file,enhanced_file,sampling_rate,PESQ,SI_SDR,STOI,DNSMOS_p808_mos,DNSMOS_mos_sig,DNSMOS_mos_bak,DNSMOS_mos_ovr
p102_sentences_20_regular,WF_p102_sentences_20_regular_fold10_164377-9-1-3_SNR15dB.wav,16000,1.910064458847046,8.121943473815918,0.818967878818512,3.5573397477467856,4.145299558701739,3.1944280091526807,3.290344623282943
