clean_file,enhanced_file,sampling_rate,PESQ,SI_SDR,STOI,DNSMOS_p808_mos,DNSMOS_mos_sig,DNSMOS_mos_bak,DNSMOS_mos_ovr
p101_emo_interest_freeform,WF_p101_emo_interest_freeform_fold10_102857-5-0-19_SNR15dB.wav,16000,2.9360790252685547,15.982955932617188,0.8520379662513733,3.6857883589608327,3.9604156040567426,3.7259911470455753,3.3864527147811083
