clean_file,enhanced_file,sampling_rate,PESQ,SI_SDR,STOI,DNSMOS_p808_mos,DNSMOS_mos_sig,DNSMOS_mos_bak,DNSMOS_mos_ovr
p105_nonverbal_yelling,WF_p105_nonverbal_yelling_fold10_73524-0-0-23_SNR15dB.wav,16000,2.7026026248931885,21.258756637573242,0.8669295310974121,2.502168655395508,3.578734237291698,3.1621052799898126,2.891017350653355
