clean_file,enhanced_file,sampling_rate,PESQ,SI_SDR,STOI,DNSMOS_p808_mos,DNSMOS_mos_sig,DNSMOS_mos_bak,DNSMOS_mos_ovr
p103_vegetative_coughing,WF_p103_vegetative_coughing_fold10_188813-7-11-0_SNR15dB.wav,16000,1.751349925994873,15.395421981811523,0.7552713751792908,2.6022350788116455,2.830602075686207,2.034050341156899,1.8271879883898245
