clean_file,enhanced_file,sampling_rate,PESQ,SI_SDR,STOI,DNSMOS_p808_mos,DNSMOS_mos_sig,DNSMOS_mos_bak,DNSMOS_mos_ovr
p105_emo_disgust_freeform,WF_p105_emo_disgust_freeform_fold10_51024-3-0-2_SNR15dB.wav,16000,1.5832988023757935,14.512053489685059,0.7785114645957947,3.1469767774854387,3.2352184845020653,2.5244636860181506,2.3672451371167784
