clean_file,enhanced_file,sampling_rate,PESQ,SI_SDR,STOI,DNSMOS_p808_mos,DNSMOS_mos_sig,DNSMOS_mos_bak,DNSMOS_mos_ovr
p102_rainbow_04_regular,WF_p102_rainbow_04_regular_fold10_162134-7-11-3_SNR15dB.wav,16000,1.2934529781341553,14.897529602050781,0.8718318343162537,3.32185435295105,4.335453235403324,2.3403572325110997,2.895046822460404
