clean_file,enhanced_file,sampling_rate,PESQ,SI_SDR,STOI,DNSMOS_p808_mos,DNSMOS_mos_sig,DNSMOS_mos_bak,DNSMOS_mos_ovr
p101_rainbow_02_whisper,WF_p101_rainbow_02_whisper_fold10_11722-3-0-0_SNR15dB.wav,16000,1.3872106075286865,9.602195739746094,0.8430466055870056,3.5628600120544434,3.8618103504011145,3.3796237600392365,3.0903762224416518
