clean_file,enhanced_file,sampling_rate,PESQ,SI_SDR,STOI,DNSMOS_p808_mos,DNSMOS_mos_sig,DNSMOS_mos_bak,DNSMOS_mos_ovr
p106_rainbow_01_lowpitch,WF_p106_rainbow_01_lowpitch_fold10_99192-4-0-52_SNR15dB.wav,16000,1.3505432605743408,13.182146072387695,0.8943621516227722,3.3445287545522056,4.26920785466132,2.690228919854194,3.005169711098235
