clean_file,enhanced_file,sampling_rate,PESQ,SI_SDR,STOI,DNSMOS_p808_mos,DNSMOS_mos_sig,DNSMOS_mos_bak,DNSMOS_mos_ovr
p104_rainbow_07_lowpitch,WF_p104_rainbow_07_lowpitch_fold10_209672-3-3-0_SNR15dB.wav,16000,1.9930553436279297,13.471353530883789,0.9261186122894287,4.107424054827009,4.468742178750197,3.4997605009196526,3.644242848209071
