clean_file,enhanced_file,sampling_rate,PESQ,SI_SDR,STOI,DNSMOS_p808_mos,DNSMOS_mos_sig,DNSMOS_mos_bak,DNSMOS_mos_ovr
p105_emo_disappointment_freeform,WF_p105_emo_disappointment_freeform_fold10_41306-3-0-4_SNR15dB.wav,16000,2.5625219345092773,10.818877220153809,0.6606739163398743,3.3547800183296204,3.489623711730966,3.986856556297597,2.9776243322466542
