clean_file,enhanced_file,sampling_rate,PESQ,SI_SDR,STOI,DNSMOS_p808_mos,DNSMOS_mos_sig,DNSMOS_mos_bak,DNSMOS_mos_ovr
p102_rainbow_02_slow,WF_p102_rainbow_02_slow_fold10_159742-8-0-8_SNR15dB.wav,16000,1.7668043375015259,14.410543441772461,0.9480915665626526,3.8832091689109802,4.221105322941412,2.087743409947614,2.6807722609393045
