clean_file,enhanced_file,sampling_rate,PESQ,SI_SDR,STOI,DNSMOS_p808_mos,DNSMOS_mos_sig,DNSMOS_mos_bak,DNSMOS_mos_ovr
p103_sentences_22_regular,WF_p103_sentences_22_regular_fold10_188813-7-10-1_SNR15dB.wav,16000,1.746959924697876,15.312719345092773,0.7217870950698853,3.0475736345563615,4.232595829894996,2.7414151664963993,3.0626436540624655
