clean_file,enhanced_file,sampling_rate,PESQ,SI_SDR,STOI,DNSMOS_p808_mos,DNSMOS_mos_sig,DNSMOS_mos_bak,DNSMOS_mos_ovr
p105_rainbow_06_highpitch,WF_p105_rainbow_06_highpitch_fold10_74364-8-1-4_SNR15dB.wav,16000,1.5948113203048706,14.366093635559082,0.8444148898124695,3.4496764540672302,3.8084517098615165,2.6857195410293055,2.6790647891948263
