clean_file,enhanced_file,sampling_rate,PESQ,SI_SDR,STOI,DNSMOS_p808_mos,DNSMOS_mos_sig,DNSMOS_mos_bak,DNSMOS_mos_ovr
p103_rainbow_07_regular,WF_p103_rainbow_07_regular_fold10_180127-4-0-5_SNR15dB.wav,16000,2.059295415878296,14.404340744018555,0.8835510015487671,3.7483616215842113,4.105586787757144,3.770442510574232,3.4955003698118676
