clean_file,enhanced_file,sampling_rate,PESQ,SI_SDR,STOI,DNSMOS_p808_mos,DNSMOS_mos_sig,DNSMOS_mos_bak,DNSMOS_mos_ovr
p105_emo_anger_freeform,WF_p105_emo_anger_freeform_fold10_39847-5-0-3_SNR15dB.wav,16000,1.6844308376312256,17.292316436767578,0.845221221446991,2.988379955291748,3.5851176239411413,2.7060529703782032,2.7561253691377385
