clean_file,enhanced_file,sampling_rate,PESQ,SI_SDR,STOI,DNSMOS_p808_mos,DNSMOS_mos_sig,DNSMOS_mos_bak,DNSMOS_mos_ovr
p101_sentences_16_regular,WF_p101_sentences_16_regular_fold10_14470-2-0-10_SNR15dB.wav,16000,1.748048186302185,12.211980819702148,0.8218289017677307,3.1847052233559743,3.6531303785124316,2.3144599802964727,2.4811835839828116
