clean_file,enhanced_file,sampling_rate,PESQ,SI_SDR,STOI,DNSMOS_p808_mos,DNSMOS_mos_sig,DNSMOS_mos_bak,DNSMOS_mos_ovr
p103_sentences_11_highpitch,WF_p103_sentences_11_highpitch_fold10_188497-2-0-0_SNR15dB.wav,16000,1.9830001592636108,15.482367515563965,0.6108928918838501,2.5920575141906737,2.595964805349108,2.703077142142184,1.9379640317687172
