clean_file,enhanced_file,sampling_rate,PESQ,SI_SDR,STOI,DNSMOS_p808_mos,DNSMOS_mos_sig,DNSMOS_mos_bak,DNSMOS_mos_ovr
p104_emo_amazement_sentences,WF_p104_emo_amazement_sentences_fold10_188813-7-6-0_SNR15dB.wav,16000,1.324098825454712,14.62917709350586,0.8819578289985657,2.903493881225586,4.48169442151149,2.3729448295710927,2.9187792793386933
