clean_file,enhanced_file,sampling_rate,PESQ,SI_SDR,STOI,DNSMOS_p808_mos,DNSMOS_mos_sig,DNSMOS_mos_bak,DNSMOS_mos_ovr
p104_sentences_18_regular,WF_p104_sentences_18_regular_fold10_30344-3-0-0_SNR15dB.wav,16000,2.4558544158935547,14.690712928771973,0.8326719403266907,3.293490171432495,4.061160541930123,3.2238365021070967,3.1728016458849106
