clean_file,enhanced_file,sampling_rate,PESQ,SI_SDR,STOI,DNSMOS_p808_mos,DNSMOS_mos_sig,DNSMOS_mos_bak,DNSMOS_mos_ovr
p102_emo_distress_freeform,WF_p102_emo_distress_freeform_fold10_155280-2-0-5_SNR15dB.wav,16000,2.9338629245758057,16.808210372924805,0.9760250449180603,3.635703468322754,4.161809083018986,2.390606786025554,2.8249448147714573
