clean_file,enhanced_file,sampling_rate,PESQ,SI_SDR,STOI,DNSMOS_p808_mos,DNSMOS_mos_sig,DNSMOS_mos_bak,DNSMOS_mos_ovr
p105_rainbow_03_regular,WF_p105_rainbow_03_regular_fold10_74364-8-1-12_SNR15dB.wav,16000,1.9773869514465332,13.595391273498535,0.8285693526268005,3.364553485597883,4.280156752007659,2.769042391776385,3.1718936472347137
