clean_file,enhanced_file,sampling_rate,PESQ,SI_SDR,STOI,DNSMOS_p808_mos,DNSMOS_mos_sig,DNSMOS_mos_bak,DNSMOS_mos_ovr
p101_rainbow_07_fast,WF_p101_rainbow_07_fast_fold10_118558-5-2-1_SNR15dB.wav,16000,2.689053535461426,15.999897003173828,0.9758786559104919,3.5906126499176025,4.202877032270366,3.794027611979416,3.6752010563468507
