clean_file,enhanced_file,sampling_rate,PESQ,SI_SDR,STOI,DNSMOS_p808_mos,DNSMOS_mos_sig,DNSMOS_mos_bak,DNSMOS_mos_ovr
p104_rainbow_07_slow,WF_p104_rainbow_07_slow_fold10_209672-3-8-0_SNR15dB.wav,16000,2.0340824127197266,12.780932426452637,0.9352399706840515,3.9511396884918213,4.486969102025183,3.747869767700687,3.781843846652561
