clean_file,enhanced_file,sampling_rate,PESQ,SI_SDR,STOI,DNSMOS_p808_mos,DNSMOS_mos_sig,DNSMOS_mos_bak,DNSMOS_mos_ovr
p102_rainbow_05_loud,WF_p102_rainbow_05_loud_fold10_162134-7-12-0_SNR15dB.wav,16000,1.3709571361541748,16.167724609375,0.9406799077987671,3.02072696685791,4.4430303144941945,2.323466367379428,3.005250902529334
