clean_file,enhanced_file,sampling_rate,PESQ,SI_SDR,STOI,DNSMOS_p808_mos,DNSMOS_mos_sig,DNSMOS_mos_bak,DNSMOS_mos_ovr
p103_nonverbal_screaming,WF_p103_nonverbal_screaming_fold10_174289-6-3-0_SNR15dB.wav,16000,2.6048638820648193,15.293917655944824,0.7271384596824646,2.248399496078491,3.830043322639078,1.7649788514266247,2.1809237058642674
