clean_file,enhanced_file,sampling_rate,PESQ,SI_SDR,STOI,DNSMOS_p808_mos,DNSMOS_mos_sig,DNSMOS_mos_bak,DNSMOS_mos_ovr
p104_emo_disappointment_freeform,WF_p104_emo_disappointment_freeform_fold10_189982-0-0-27_SNR15dB.wav,16000,2.294478178024292,15.237165451049805,0.9232152700424194,3.5040781497955322,4.181452634895407,3.35996066794605,3.3580274738788853
