clean_file,enhanced_file,sampling_rate,PESQ,SI_SDR,STOI,DNSMOS_p808_mos,DNSMOS_mos_sig,DNSMOS_mos_bak,DNSMOS_mos_ovr
p106_emo_distress_sentences,WF_p106_emo_distress_sentences_fold10_93567-8-0-11_SNR15dB.wav,16000,1.9285532236099243,14.960329055786133,0.8768644332885742,3.697526454925537,4.351864533811859,2.702755456245537,3.1372748776645465
