clean_file,enhanced_file,sampling_rate,PESQ,SI_SDR,STOI,DNSMOS_p808_mos,DNSMOS_mos_sig,DNSMOS_mos_bak,DNSMOS_mos_ovr
p102_rainbow_03_highpitch,WF_p102_rainbow_03_highpitch_fold10_162134-7-0-1_SNR15dB.wav,16000,1.4136395454406738,17.827693939208984,0.8278746604919434,2.391413450241089,3.30413835740361,1.9426273478639176,2.0684120680102343
