clean_file,enhanced_file,sampling_rate,PESQ,SI_SDR,STOI,DNSMOS_p808_mos,DNSMOS_mos_sig,DNSMOS_mos_bak,DNSMOS_mos_ovr
p101_emo_extasy_sentences,WF_p101_emo_extasy_sentences_fold10_102857-5-0-14_SNR15dB.wav,16000,3.1149163246154785,18.26388168334961,0.9856778383255005,3.554694080352783,3.5545248871571844,3.1026640214573984,2.900797484601486
