clean_file,enhanced_file,sampling_rate,PESQ,SI_SDR,STOI,DNSMOS_p808_mos,DNSMOS_mos_sig,DNSMOS_mos_bak,DNSMOS_mos_ovr
p103_sentences_24_regular,WF_p103_sentences_24_regular_fold10_188813-7-10-3_SNR15dB.wav,16000,1.6669938564300537,15.36021614074707,0.6700007915496826,2.8726914269583568,4.359039085606189,2.7177027444941158,3.1479583849679806
