clean_file,enhanced_file,sampling_rate,PESQ,SI_SDR,STOI,DNSMOS_p808_mos,DNSMOS_mos_sig,DNSMOS_mos_bak,DNSMOS_mos_ovr
p104_rainbow_05_regular,WF_p104_rainbow_05_regular_fold10_207213-2-0-109_SNR15dB.wav,16000,1.7981513738632202,14.4674072265625,0.8529077768325806,2.9706558840615407,4.265447986368088,2.7792106981939875,3.1266627178110404
