clean_file,enhanced_file,sampling_rate,PESQ,SI_SDR,STOI,DNSMOS_p808_mos,DNSMOS_mos_sig,DNSMOS_mos_bak,DNSMOS_mos_ovr
p104_nonverbal_cheering,WF_p104_nonverbal_cheering_fold10_197554-2-0-28_SNR15dB.wav,16000,1.7273097038269043,21.40491485595703,0.8069100975990295,2.8049080848693846,3.5380612543018755,2.2284413410143196,2.4413392698577243
