clean_file,enhanced_file,sampling_rate,PESQ,SI_SDR,STOI,DNSMOS_p808_mos,DNSMOS_mos_sig,DNSMOS_mos_bak,DNSMOS_mos_ovr
p105_rainbow_07_loud,WF_p105_rainbow_07_loud_fold10_74922-4-0-2_SNR15dB.wav,16000,1.6626708507537842,14.486673355102539,0.887535810470581,3.4913769449506487,4.564669946038356,3.555601257354355,3.8408363170512567
