clean_file,enhanced_file,sampling_rate,PESQ,SI_SDR,STOI,DNSMOS_p808_mos,DNSMOS_mos_sig,DNSMOS_mos_bak,DNSMOS_mos_ovr
p102_rainbow_08_regular,WF_p102_rainbow_08_regular_fold10_162134-7-17-3_SNR15dB.wav,16000,1.3180781602859497,12.777458190917969,0.9128831624984741,3.120226110730852,4.169030077612894,2.2917511205174104,2.7734801419853867
