clean_file,enhanced_file,sampling_rate,PESQ,SI_SDR,STOI,DNSMOS_p808_mos,DNSMOS_mos_sig,DNSMOS_mos_bak,DNSMOS_mos_ovr
p103_rainbow_03_loud,WF_p103_rainbow_03_loud_fold10_178261-7-3-6_SNR15dB.wav,16000,1.6285957098007202,17.8919677734375,0.9085049629211426,2.6173478194645474,4.120075427696654,2.4780595935526257,2.8478384956870206
