clean_file,enhanced_file,sampling_rate,PESQ,SI_SDR,STOI,DNSMOS_p808_mos,DNSMOS_mos_sig,DNSMOS_mos_bak,DNSMOS_mos_ovr
p101_rainbow_01_loud,WF_p101_rainbow_01_loud_fold10_115241-9-0-2_SNR15dB.wav,16000,1.867810606956482,15.045262336730957,0.9151249527931213,2.8875337668827603,4.113168525402281,2.3368469065163824,2.848652338120359
