clean_file,enhanced_file,sampling_rate,PESQ,SI_SDR,STOI,DNSMOS_p808_mos,DNSMOS_mos_sig,DNSMOS_mos_bak,DNSMOS_mos_ovr
p102_emo_amusement_sentences,WF_p102_emo_amusement_sentences_fold10_155241-9-0-8_SNR15dB.wav,16000,1.6161370277404785,16.83245277404785,0.8977026343345642,3.025900500161307,4.116375867742647,2.441412108683596,2.8271102269204316
