clean_file,enhanced_file,sampling_rate,PESQ,SI_SDR,STOI,DNSMOS_p808_mos,DNSMOS_mos_sig,DNSMOS_mos_bak,DNSMOS_mos_ovr
p103_emo_relief_freeform,WF_p103_emo_relief_freeform_fold10_171478-9-0-26_SNR15dB.wav,16000,1.4481887817382812,15.451498985290527,0.8650076985359192,3.617620754241943,4.236961915337135,3.144061777954544,3.2952566252335975
