clean_file,enhanced_file,sampling_rate,PESQ,SI_SDR,STOI,DNSMOS_p808_mos,DNSMOS_mos_sig,DNSMOS_mos_bak,DNSMOS_mos_ovr
p102_sentences_02_highpitch,WF_p102_sentences_02_highpitch_fold10_162134-7-8-2_SNR15dB.wav,16000,1.3093090057373047,17.21559715270996,0.7928873300552368,2.6320231556892395,4.045312545740746,1.8893306304765258,2.44871128250213
