clean_file,enhanced_file,sampling_rate,PESQ,SI_SDR,STOI,DNSMOS_p808_mos,DNSMOS_mos_sig,DNSMOS_mos_bak,DNSMOS_mos_ovr
p104_sentences_11_highpitch,WF_p104_sentences_11_highpitch_fold10_28808-1-0-6_SNR15dB.wav,16000,1.7097241878509521,13.574442863464355,0.8233674764633179,2.6672425270080566,3.935923239860003,2.1544848215543815,2.4530231154623343
