clean_file,enhanced_file,sampling_rate,PESQ,SI_SDR,STOI,DNSMOS_p808_mos,DNSMOS_mos_sig,DNSMOS_mos_bak,DNSMOS_mos_ovr
p101_sentences_15_regular,WF_p101_sentences_15_regular_fold10_14468-3-5-0_SNR15dB.wav,16000,2.6738057136535645,13.873172760009766,0.8582791090011597,3.6310850211552212,3.8804310660934394,2.700744062886211,2.8186491976237096
