clean_file,enhanced_file,sampling_rate,PESQ,SI_SDR,STOI,DNSMOS_p808_mos,DNSMOS_mos_sig,DNSMOS_mos_bak,DNSMOS_mos_ovr
p105_emo_serenity_freeform,WF_p105_emo_serenity_freeform_fold10_72538-3-0-3_SNR15dB.wav,16000,1.6313245296478271,11.597240447998047,0.6857147812843323,3.0108933448791504,3.1952626410243528,3.07316766875319,2.5679063367438704
