clean_file,enhanced_file,sampling_rate,PESQ,SI_SDR,STOI,DNSMOS_p808_mos,DNSMOS_mos_sig,DNSMOS_mos_bak,DNSMOS_mos_ovr
p101_vegetative_eating,WF_p101_vegetative_eating_fold10_147491-9-0-5_SNR15dB.wav,16000,1.269086480140686,10.617341995239258,0.7354803085327148,2.164499044418335,1.4277120463403812,3.167647553718555,1.2407380381859991
