clean_file,enhanced_file,sampling_rate,PESQ,SI_SDR,STOI,DNSMOS_p808_mos,DNSMOS_mos_sig,DNSMOS_mos_bak,DNSMOS_mos_ovr
p101_rainbow_02_fast,WF_p101_rainbow_02_fast_fold10_115418-9-0-11_SNR15dB.wav,16000,2.0403261184692383,15.35722827911377,0.8693654537200928,2.9978129863739014,4.099743863742341,2.2588905097370326,2.793258750064037
