clean_file,enhanced_file,sampling_rate,PESQ,SI_SDR,STOI,DNSMOS_p808_mos,DNSMOS_mos_sig,DNSMOS_mos_bak,DNSMOS_mos_ovr
p102_emo_disgust_sentences,WF_p102_emo_disgust_sentences_fold10_155280-2-0-3_SNR15dB.wav,16000,3.195599317550659,17.627168655395508,0.9601629972457886,3.8199634892599925,3.942614788020189,2.42984005523341,2.6815213917825793
