clean_file,enhanced_file,sampling_rate,PESQ,SI_SDR,STOI,DNSMOS_p808_mos,DNSMOS_mos_sig,DNSMOS_mos_bak,DNSMOS_mos_ovr
p106_rainbow_01_slow,WF_p106_rainbow_01_slow_fold10_99192-4-0-54_SNR15dB.wav,16000,1.4639877080917358,11.98912239074707,0.8996676802635193,3.240283795765468,4.329517410350955,3.1156448867535103,3.2168154281091814
