clean_file,enhanced_file,sampling_rate,PESQ,SI_SDR,STOI,DNSMOS_p808_mos,DNSMOS_mos_sig,DNSMOS_mos_bak,DNSMOS_mos_ovr
p106_emo_pride_freeform,WF_p106_emo_pride_freeform_fold10_93567-8-0-8_SNR15dB.wav,16000,1.7259726524353027,12.976431846618652,0.8592873215675354,3.2213358538491383,4.206970910428176,2.6943634394893112,2.9381076444557563
