clean_file,enhanced_file,sampling_rate,PESQ,SI_SDR,STOI,DNSMOS_p808_mos,DNSMOS_mos_sig,DNSMOS_mos_bak,DNSMOS_mos_ovr
p103_vegetative_sneezing,WF_p103_vegetative_sneezing_fold10_188813-7-12-0_SNR15dB.wav,16000,2.574030637741089,15.500893592834473,0.7492754459381104,2.2379391193389893,3.859314796506472,1.7469723581596757,2.115300873959913
