clean_file,enhanced_file,sampling_rate,PESQ,SI_SDR,STOI,DNSMOS_p808_mos,DNSMOS_mos_sig,DNSMOS_mos_bak,DNSMOS_mos_ovr
p105_sentences_18_regular,WF_p105_sentences_18_regular_fold10_83502-0-0-1_SNR15dB.wav,16000,1.8673479557037354,12.552030563354492,0.6723728179931641,3.360769408089774,3.5598612369512788,3.5276998737162124,2.8791178318762607
