clean_file,enhanced_file,sampling_rate,PESQ,SI_SDR,STOI,DNSMOS_p808_mos,DNSMOS_mos_sig,DNSMOS_mos_bak,DNSMOS_mos_ovr
p102_rainbow_08_highpitch,WF_p102_rainbow_08_highpitch_fold10_162134-7-17-0_SNR15dB.wav,16000,1.229359745979309,16.929981231689453,0.8439005613327026,2.7798895495278493,4.003708197370874,2.1639250753353605,2.6002022866317445
