clean_file,enhanced_file,sampling_rate,PESQ,SI_SDR,STOI,DNSMOS_p808_mos,DNSMOS_mos_sig,DNSMOS_mos_bak,DNSMOS_mos_ovr
p101_sentences_01_lowpitch,WF_p101_sentences_01_lowpitch_fold10_129750-2-0-37_SNR15dB.wav,16000,1.8144969940185547,14.901763916015625,0.9000799655914307,3.2227325439453125,4.4024012412988665,2.27882473682176,2.882798180336072
