clean_file,enhanced_file,sampling_rate,PESQ,SI_SDR,STOI,DNSMOS_p808_mos,DNSMOS_mos_sig,DNSMOS_mos_bak,DNSMOS_mos_ovr
p103_interjection_agreement,WF_p103_interjection_agreement_fold10_171478-9-0-58_SNR15dB.wav,16000,3.1101598739624023,16.905920028686523,0.6598910689353943,3.107847349984305,3.720822332375402,2.4832587084650504,2.6093034887974835
