clean_file,enhanced_file,sampling_rate,PESQ,SI_SDR,STOI,DNSMOS_p808_mos,DNSMOS_mos_sig,DNSMOS_mos_bak,DNSMOS_mos_ovr
p104_sentences_14_lowpitch,WF_p104_sentences_14_lowpitch_fold10_28808-1-0-9_SNR15dB.wav,16000,1.590580701828003,14.327802658081055,0.8298929929733276,3.0222623348236084,4.2627117457663015,2.5510969967654873,3.0329383507387893
