clean_file,enhanced_file,sampling_rate,PESQ,SI_SDR,STOI,DNSMOS_p808_mos,DNSMOS_mos_sig,DNSMOS_mos_bak,DNSMOS_mos_ovr
p104_rainbow_06_lowpitch,WF_p104_rainbow_06_lowpitch_fold10_207213-2-0-81_SNR15dB.wav,16000,1.6366806030273438,14.37228775024414,0.8823378682136536,3.4238759676615396,4.45168908828497,3.0957001684199894,3.4389849289073346
