clean_file,enhanced_file,sampling_rate,PESQ,SI_SDR,STOI,DNSMOS_p808_mos,DNSMOS_mos_sig,DNSMOS_mos_bak,DNSMOS_mos_ovr
p105_rainbow_03_highpitch,WF_p105_rainbow_03_highpitch_fold10_74364-8-1-1_SNR15dB.wav,16000,1.885342001914978,13.776266098022461,0.8716469407081604,3.5904272965022495,4.292889449694032,3.561860772670001,3.5663919854896484
