clean_file,enhanced_file,sampling_rate,PESQ,SI_SDR,STOI,DNSMOS_p808_mos,DNSMOS_mos_sig,DNSMOS_mos_bak,DNSMOS_mos_ovr
p105_melodic_happy_birthday,WF_p105_melodic_happy_birthday_fold10_73524-0-0-126_SNR15dB.wav,16000,2.353597402572632,14.985963821411133,0.901049017906189,3.4368938207626343,3.936112841126223,2.853067950565516,2.9460471627989997
