clean_file,enhanced_file,sampling_rate,PESQ,SI_SDR,STOI,DNSMOS_p808_mos,DNSMOS_mos_sig,DNSMOS_mos_bak,DNSMOS_mos_ovr
p104_rainbow_04_whisper,WF_p104_rainbow_04_whisper_fold10_203424-9-0-4_SNR15dB.wav,16000,1.3109331130981445,8.47097396850586,0.81337970495224,2.964861971991403,3.1762279211744526,2.5915963913494653,1.9885032907077342
