clean_file,enhanced_file,sampling_rate,PESQ,SI_SDR,STOI,DNSMOS_p808_mos,DNSMOS_mos_sig,DNSMOS_mos_bak,DNSMOS_mos_ovr
p102_rainbow_04_fast,WF_p102_rainbow_04_fast_fold10_162134-7-10-3_SNR15dB.wav,16000,1.2986913919448853,14.223573684692383,0.9255465269088745,3.3260414600372314,4.050725271845496,1.834574301626195,2.3592637804518377
