clean_file,enhanced_file,sampling_rate,PESQ,SI_SDR,STOI,DNSMOS_p808_mos,DNSMOS_mos_sig,DNSMOS_mos_bak,DNSMOS_mos_ovr
p103_emo_interest_freeform,WF_p103_emo_interest_freeform_fold10_167464-0-0-7_SNR15dB.wav,16000,2.100675344467163,15.30803108215332,0.8012279272079468,3.447173595428467,4.191968267584502,2.9777505561116198,3.187448179270349
