clean_file,enhanced_file,sampling_rate,PESQ,SI_SDR,STOI,DNSMOS_p808_mos,DNSMOS_mos_sig,DNSMOS_mos_bak,DNSMOS_mos_ovr
p104_rainbow_08_lowpitch,WF_p104_rainbow_08_lowpitch_fold10_24076-1-0-0_SNR15dB.wav,16000,1.3921806812286377,14.516756057739258,0.8770532011985779,2.8152778148651123,4.244280754868852,2.668990157111661,2.963887832661505
