clean_file,enhanced_file,sampling_rate,PESQ,SI_SDR,STOI,DNSMOS_p808_mos,DNSMOS_mos_sig,DNSMOS_mos_bak,DNSMOS_mos_ovr
p105_emo_fear_freeform,WF_p105_emo_fear_freeform_fold10_59513-3-0-3_SNR15dB.wav,16000,2.020789623260498,10.320867538452148,0.6362511515617371,3.1407276391983032,2.3489939438868634,2.939164198730667,1.82650122313743
