clean_file,enhanced_file,sampling_rate,PESQ,SI_SDR,STOI,DNSMOS_p808_mos,DNSMOS_mos_sig,DNSMOS_mos_bak,DNSMOS_mos_ovr
p103_emo_confusion_sentences,WF_p103_emo_confusion_sentences_fold10_167464-0-0-1_SNR15dB.wav,16000,2.89467453956604,15.672160148620605,0.45054957270622253,3.562735676765442,4.090199764587239,2.609912398786647,2.8124105638354857
