clean_file,enhanced_file,sampling_rate,PESQ,SI_SDR,STOI,DNSMOS_p808_mos,DNSMOS_mos_sig,DNSMOS_mos_bak,DNSMOS_mos_ovr
p103_rainbow_01_fast,WF_p103_rainbow_01_fast_fold10_174292-6-1-0_SNR15dB.wav,16000,1.807558298110962,13.98992919921875,0.9502458572387695,3.256211519241333,4.234129901433718,3.415866147243504,3.416782633167367
