clean_file,enhanced_file,sampling_rate,PESQ,SI_SDR,STOI,DNSMOS_p808_mos,DNSMOS_mos_sig,DNSMOS_mos_bak,DNSMOS_mos_ovr
p106_rainbow_02_fast,WF_p106_rainbow_02_fast_fold10_99192-4-0-7_SNR15dB.wav,16000,1.4497603178024292,15.59634780883789,0.9390532970428467,3.235921621322632,3.6218904320033505,1.7465209512231028,2.033890654447265
