clean_file,enhanced_file,sampling_rate,PESQ,SI_SDR,STOI,DNSMOS_p808_mos,DNSMOS_mos_sig,DNSMOS_mos_bak,DNSMOS_mos_ovr
p103_sentences_05_loud,WF_p103_sentences_05_loud_fold10_187863-4-0-0_SNR15dB.wav,16000,1.7185224294662476,14.39807415008545,0.8087904453277588,3.0614707469940186,4.215247397588607,2.5087015739747733,2.9473635340612114
