clean_file,enhanced_file,sampling_rate,PESQ,SI_SDR,STOI,DNSMOS_p808_mos,DNSMOS_mos_sig,DNSMOS_mos_bak,DNSMOS_mos_ovr
p106_emo_embarassment_sentences,WF_p106_emo_embarassment_sentences_fold10_93567-8-0-13_SNR15dB.wav,16000,1.8510727882385254,16.186508178710938,0.8078062534332275,2.91535964012146,3.9422119378746436,2.1036987650112873,2.4819959892989925
