clean_file,enhanced_file,sampling_rate,PESQ,SI_SDR,STOI,DNSMOS_p808_mos,DNSMOS_mos_sig,DNSMOS_mos_bak,DNSMOS_mos_ovr
p104_rainbow_07_loud,WF_p104_rainbow_07_loud_fold10_209672-3-0-0_SNR15dB.wav,16000,1.8084332942962646,13.85711669921875,0.9262738227844238,3.7582824570792064,4.295149171733654,3.102371829684494,3.3089029706646507
