clean_file,enhanced_file,sampling_rate,PESQ,SI_SDR,STOI,DNSMOS_p808_mos,DNSMOS_mos_sig,DNSMOS_mos_bak,DNSMOS_mos_ovr
p103_emo_extasy_sentences,WF_p103_emo_extasy_sentences_fold10_167464-0-0-24_SNR15dB.wav,16000,2.2091147899627686,16.828481674194336,0.8002331256866455,3.8065906365712485,4.219473752708885,3.8218963371701307,3.6787238905234383
