clean_file,enhanced_file,sampling_rate,PESQ,SI_SDR,STOI,DNSMOS_p808_mos,DNSMOS_mos_sig,DNSMOS_mos_bak,DNSMOS_mos_ovr
p106_emo_adoration_freeform,WF_p106_emo_adoration_freeform_fold10_83502-0-0-9_SNR15dB.wav,16000,1.2670727968215942,11.745904922485352,0.8326236009597778,2.9372876371656145,3.985820953840143,3.0183653424799504,2.856692023654437
