clean_file,enhanced_file,sampling_rate,PESQ,SI_SDR,STOI,DNSMOS_p808_mos,DNSMOS_mos_sig,DNSMOS_mos_bak,DNSMOS_mos_ovr
p106_rainbow_01_loud,WF_p106_rainbow_01_loud_fold10_99192-4-0-49_SNR15dB.wav,16000,1.6052508354187012,15.892738342285156,0.9164808392524719,3.006130814552307,3.6140367279186076,2.40684345181501,2.431743774901328
