clean_file,enhanced_file,sampling_rate,PESQ,SI_SDR,STOI,DNSMOS_p808_mos,DNSMOS_mos_sig,DNSMOS_mos_bak,DNSMOS_mos_ovr
p106_emo_realization_sentences,WF_p106_emo_realization_sentences_fold10_99192-4-0-0_SNR15dB.wav,16000,1.3040492534637451,13.853589057922363,0.8782365918159485,2.8981510400772095,4.181469444270104,2.1678949324348067,2.6043004169232815
