clean_file,enhanced_file,sampling_rate,PESQ,SI_SDR,STOI,DNSMOS_p808_mos,DNSMOS_mos_sig,DNSMOS_mos_bak,DNSMOS_mos_ovr
p102_rainbow_05_slow,WF_p102_rainbow_05_slow_fold10_162134-7-12-3_SNR15dB.wav,16000,1.4107556343078613,14.575987815856934,0.9159852266311646,3.279267120361328,4.470938636267257,2.455770361661453,3.1219554399815186
