clean_file,enhanced_file,sampling_rate,PESQ,SI_SDR,STOI,DNSMOS_p808_mos,DNSMOS_mos_sig,DNSMOS_mos_bak,DNSMOS_mos_ovr
p102_sentences_10_fast,WF_p102_sentences_10_fast_fold10_164194-2-0-10_SNR15dB.wav,16000,2.0821263790130615,15.121088981628418,0.9393419623374939,3.409215211868286,4.011045322989381,2.414132233577375,2.8970592454368567
