clean_file,enhanced_file,sampling_rate,PESQ,SI_SDR,STOI,DNSMOS_p808_mos,DNSMOS_mos_sig,DNSMOS_mos_bak,DNSMOS_mos_ovr
p102_interjection_filler,WF_p102_interjection_filler_fold10_157207-6-4-0_SNR15dB.wav,16000,1.8600854873657227,13.549509048461914,0.6470258235931396,3.1269220113754272,3.6251569096515937,3.650125614488931,3.07551001086875
