clean_file,enhanced_file,sampling_rate,PESQ,SI_SDR,STOI,DNSMOS_p808_mos,DNSMOS_mos_sig,DNSMOS_mos_bak,DNSMOS_mos_ovr
p106_rainbow_01_fast,WF_p106_rainbow_01_fast_fold10_99192-4-0-47_SNR15dB.wav,16000,1.4216564893722534,13.868389129638672,0.932610273361206,3.3740175110953197,4.077285337544853,2.580187955247645,2.82136363223021
