clean_file,enhanced_file,sampling_rate,PESQ,SI_SDR,STOI,DNSMOS_p808_mos,DNSMOS_mos_sig,DNSMOS_mos_bak,DNSMOS_mos_ovr
p103_emo_amazement_sentences,WF_p103_emo_amazement_sentences_fold10_165166-8-0-7_SNR15dB.wav,16000,2.5039122104644775,14.595821380615234,0.6700253486633301,3.2484944661458335,4.247990845781731,2.2633197079665996,2.7652671397066206
