clean_file,enhanced_file,sampling_rate,PESQ,SI_SDR,STOI,DNSMOS_p808_mos,DNSMOS_mos_sig,DNSMOS_mos_bak,DNSMOS_mos_ovr
p102_emo_anger_freeform,WF_p102_emo_anger_freeform_fold10_155241-9-0-88_SNR15dB.wav,16000,1.8837616443634033,17.61928939819336,0.9405367970466614,2.8714072023119246,3.877836907931346,1.8921163132605354,2.4202732605238184
