clean_file,enhanced_file,sampling_rate,PESQ,SI_SDR,STOI,DNSMOS_p808_mos,DNSMOS_mos_sig,DNSMOS_mos_bak,DNSMOS_mos_ovr
p104_rainbow_04_highpitch,WF_p104_rainbow_04_highpitch_fold10_202334-9-0-88_SNR15dB.wav,16000,1.3461604118347168,14.397486686706543,0.8581660389900208,3.180168056488037,3.8629273291305593,2.120440907684407,2.376866683911024
