clean_file,enhanced_file,sampling_rate,PESQ,SI_SDR,STOI,DNSMOS_p808_mos,DNSMOS_mos_sig,DNSMOS_mos_bak,DNSMOS_mos_ovr
p105_emo_pain_freeform,WF_p105_emo_pain_freeform_fold10_71312-3-0-1_SNR15dB.wav,16000,1.8444105386734009,13.687925338745117,0.7971233129501343,3.527632713317871,4.257979742289459,2.3063365586703855,2.6797088096085186
