clean_file,enhanced_file,sampling_rate,PESQ,SI_SDR,STOI,DNSMOS_p808_mos,DNSMOS_mos_sig,DNSMOS_mos_bak,DNSMOS_mos_ovr
p103_emo_disappointment_freeform,WF_p103_emo_disappointment_freeform_fold10_167464-0-0-16_SNR15dB.wav,16000,2.068997859954834,15.281373977661133,0.8081389665603638,3.347528576850891,4.159751324672424,3.541840875441932,3.3898948173144934
