clean_file,enhanced_file,sampling_rate,PESQ,SI_SDR,STOI,DNSMOS_p808_mos,DNSMOS_mos_sig,DNSMOS_mos_bak,DNSMOS_mos_ovr
p101_emo_cuteness_sentences,WF_p101_emo_cuteness_sentences_fold10_101382-2-0-29_SNR15dB.wav,16000,1.9419529438018799,14.147807121276855,0.8614985346794128,3.011851131916046,3.1327731602244997,2.1704678343399184,1.949247818588299
