clean_file,enhanced_file,sampling_rate,PESQ,SI_SDR,STOI,DNSMOS_p808_mos,DNSMOS_mos_sig,DNSMOS_mos_bak,DNSMOS_mos_ovr
p105_emo_guilt_freeform,WF_p105_emo_guilt_freeform_fold10_66115-1-0-0_SNR15dB.wav,16000,2.595396041870117,13.719734191894531,0.7422642111778259,3.3655433654785156,4.076688465574508,4.063800979179868,3.6102452786093737
