clean_file,enhanced_file,sampling_rate,PESQ,SI_SDR,STOI,DNSMOS_p808_mos,DNSMOS_mos_sig,DNSMOS_mos_bak,DNSMOS_mos_ovr
p101_sentences_23_regular,WF_p101_sentences_23_regular_fold10_14470-2-0-72_SNR15dB.wav,16000,2.2218897342681885,13.803910255432129,0.8745100498199463,3.4828463792800903,4.1078835065308885,2.6452275925216133,3.0273642004021397
