clean_file,enhanced_file,sampling_rate,PESQ,SI_SDR,STOI,DNSMOS_p808_mos,DNSMOS_mos_sig,DNSMOS_mos_bak,DNSMOS_mos_ovr
p105_sentences_08_slow,WF_p105_sentences_08_slow_fold10_83191-9-0-17_SNR15dB.wav,16000,1.752958059310913,10.208431243896484,0.5756209492683411,2.884612355913435,3.6498316569390696,3.46988399552913,2.8827592856903084
