clean_file,enhanced_file,sampling_rate,PESQ,SI_SDR,STOI,DNSMOS_p808_mos,DNSMOS_mos_sig,DNSMOS_mos_bak,DNSMOS_mos_ovr
p103_emo_disgust_freeform,WF_p103_emo_disgust_freeform_fold10_167464-0-0-18_SNR15dB.wav,16000,2.3546416759490967,17.92647361755371,0.8406699895858765,3.4415970870426724,4.278681102132831,3.2102451955504017,3.347347426754358
