clean_file,enhanced_file,sampling_rate,PESQ,SI_SDR,STOI,DNSMOS_p808_mos,DNSMOS_mos_sig,DNSMOS_mos_bak,DNSMOS_mos_ovr
p101_sentences_01_whisper,WF_p101_sentences_01_whisper_fold10_129750-2-0-46_SNR15dB.wav,16000,1.8934133052825928,4.8941826820373535,0.736701488494873,2.9773897329966226,1.9219838239902163,3.1954562744933135,1.776680219632701
