clean_file,enhanced_file,sampling_rate,PESQ,SI_SDR,STOI,DNSMOS_p808_mos,DNSMOS_mos_sig,DNSMOS_mos_bak,DNSMOS_mos_ovr
p105_rainbow_02_highpitch,WF_p105_rainbow_02_highpitch_fold10_73524-0-0-73_SNR15dB.wav,16000,2.259840488433838,15.21819019317627,0.882131814956665,3.4227244377136232,4.313925450258541,4.302775401084608,3.9396583160561987
