clean_file,enhanced_file,sampling_rate,PESQ,SI_SDR,STOI,DNSMOS_p808_mos,DNSMOS_mos_sig,DNSMOS_mos_bak,DNSMOS_mos_ovr
p101_rainbow_02_slow,WF_p101_rainbow_02_slow_fold10_115418-9-0-6_SNR15dB.wav,16000,1.6218284368515015,10.522550582885742,0.7958902716636658,2.6442317962646484,3.678297095314749,3.1404209106572916,2.831526999838868
