clean_file,enhanced_file,sampling_rate,PESQ,SI_SDR,STOI,DNSMOS_p808_mos,DNSMOS_mos_sig,DNSMOS_mos_bak,DNSMOS_mos_ovr
p102_sentences_15_regular,WF_p102_sentences_15_regular_fold10_164194-2-0-26_SNR15dB.wav,16000,1.7277836799621582,14.394527435302734,0.732286274433136,3.3595908880233765,3.8535732847965107,2.2935646169015014,2.6284522923394427
