clean_file,enhanced_file,sampling_rate,PESQ,SI_SDR,STOI,DNSMOS_p808_mos,DNSMOS_mos_sig,DNSMOS_mos_bak,DNSMOS_mos_ovr
p105_nonverbal_screaming,WF_p105_nonverbal_screaming_fold10_73524-0-0-2_SNR15dB.wav,16000,2.214320659637451,17.829965591430664,0.7192563414573669,2.47163462638855,3.0545017661574194,1.881415621770092,2.013008507502596
