clean_file,enhanced_file,sampling_rate,PESQ,SI_SDR,STOI,DNSMOS_p808_mos,DNSMOS_mos_sig,DNSMOS_mos_bak,DNSMOS_mos_ovr
p105_rainbow_04_lowpitch,WF_p105_rainbow_04_lowpitch_fold10_74364-8-1-18_SNR15dB.wav,16000,1.6074742078781128,13.995360374450684,0.8476942181587219,3.6741754668099538,4.183905412862271,3.2183185429816867,3.331033339757425
