clean_file,enhanced_file,sampling_rate,PESQ,SI_SDR,STOI,DNSMOS_p808_mos,DNSMOS_mos_sig,DNSMOS_mos_bak,DNSMOS_mos_ovr
p104_emo_pain_freeform,WF_p104_emo_pain_freeform_fold10_189985-0-0-2_SNR15dB.wav,16000,2.13337779045105,18.694467544555664,0.8272464871406555,3.291806221008301,3.5690787958190597,2.5645923842352625,2.612338885001646
