clean_file,enhanced_file,sampling_rate,PESQ,SI_SDR,STOI,DNSMOS_p808_mos,DNSMOS_mos_sig,DNSMOS_mos_bak,DNSMOS_mos_ovr
p101_rainbow_06_loud,WF_p101_rainbow_06_loud_fold10_118558-5-0-2_SNR15dB.wav,16000,2.1374166011810303,16.696002960205078,0.9038888812065125,3.360665798187256,4.264933753989942,3.6214220915047926,3.6242695563124596
