clean_file,enhanced_file,sampling_rate,PESQ,SI_SDR,STOI,DNSMOS_p808_mos,DNSMOS_mos_sig,DNSMOS_mos_bak,DNSMOS_mos_ovr
p104_rainbow_08_loud,WF_p104_rainbow_08_loud_fold10_23218-5-0-0_SNR15dB.wav,16000,1.6173237562179565,16.58429718017578,0.9462366104125977,3.617178746632167,4.155151854400571,3.2318932019185724,3.2529862477703992
