clean_file,enhanced_file,sampling_rate,PESQ,SI_SDR,STOI,DNSMOS_p808_mos,DNSMOS_mos_sig,DNSMOS_mos_bak,DNSMOS_mos_ovr
p103_rainbow_04_loud,WF_p103_rainbow_04_loud_fold10_178826-2-0-20_SNR15dB.wav,16000,1.882026195526123,17.633378982543945,0.8996912837028503,3.3943183422088623,4.122487956520415,2.3399629041439516,2.8160875078715155
