clean_file,enhanced_file,sampling_rate,PESQ,SI_SDR,STOI,DNSMOS_p808_mos,DNSMOS_mos_sig,DNSMOS_mos_bak,DNSMOS_mos_ovr
p105_rainbow_04_loud,WF_p105_rainbow_04_loud_fold10_74364-8-1-17_SNR15dB.wav,16000,1.5941879749298096,14.628059387207031,0.8873923420906067,3.502215249197824,4.319581743175469,2.8834789667578407,3.222020384794914
