clean_file,enhanced_file,sampling_rate,PESQ,SI_SDR,STOI,DNSMOS_p808_mos,DNSMOS_mos_sig,DNSMOS_mos_bak,DNSMOS_mos_ovr
p103_sentences_12_highpitch,WF_p103_sentences_12_highpitch_fold10_188497-2-0-1_SNR15dB.wav,16000,1.9822804927825928,15.67341423034668,0.5730181336402893,2.780409744807652,3.668682848624133,2.2139428709798366,2.332981129059315
