clean_file,enhanced_file,sampling_rate,PESQ,SI_SDR,STOI,DNSMOS_p808_mos,DNSMOS_mos_sig,DNSMOS_mos_bak,DNSMOS_mos_ovr
p104_emo_extasy_sentences,WF_p104_emo_extasy_sentences_fold10_189982-0-0-4_SNR15dB.wav,16000,2.178607940673828,15.029431343078613,0.8960698246955872,3.504636287689209,4.1670636881210035,3.470575458344638,3.4434277652605814
