clean_file,enhanced_file,sampling_rate,PESQ,SI_SDR,STOI,DNSMOS_p808_mos,DNSMOS_mos_sig,DNSMOS_mos_bak,DNSMOS_mos_ovr
p102_vegetative_eating,WF_p102_vegetative_eating_fold10_165166-8-0-0_SNR15dB.wav,16000,1.8940552473068237,8.975143432617188,0.7769907712936401,2.809195041656494,1.9879940110036494,2.7957095748626557,1.7111845815409676
