clean_file,enhanced_file,sampling_rate,PESQ,SI_SDR,STOI,DNSMOS_p808_mos,DNSMOS_mos_sig,DNSMOS_mos_bak,DNSMOS_mos_ovr
p104_rainbow_06_slow,WF_p104_rainbow_06_slow_fold10_208652-8-0-0_SNR15dB.wav,16000,1.6035314798355103,15.227731704711914,0.9082160592079163,3.0916327953338625,4.335725432612844,3.2994390412925165,3.4640782735537323
