clean_file,enhanced_file,sampling_rate,PESQ,SI_SDR,STOI,DNSMOS_p808_mos,DNSMOS_mos_sig,DNSMOS_mos_bak,DNSMOS_mos_ovr
p105_rainbow_08_regular,WF_p105_rainbow_08_regular_fold10_77901-9-0-3_SNR15dB.wav,16000,1.4282808303833008,13.075629234313965,0.8092188835144043,2.7660297666277205,4.150093924566529,2.995964233169333,3.1686051713028798
