clean_file,enhanced_file,sampling_rate,PESQ,SI_SDR,STOI,DNSMOS_p808_mos,DNSMOS_mos_sig,DNSMOS_mos_bak,DNSMOS_mos_ovr
p105_vegetative_eating,WF_p105_vegetative_eating_fold10_83502-0-0-5_SNR15dB.wav,16000,1.0480830669403076,6.724555969238281,0.5826752781867981,2.2845940589904785,1.6939386643952554,3.775245462855469,1.5929126073613666
