clean_file,enhanced_file,sampling_rate,PESQ,SI_SDR,STOI,DNSMOS_p808_mos,DNSMOS_mos_sig,DNSMOS_mos_bak,DNSMOS_mos_ovr
p101_sentences_19_regular,WF_p101_sentences_19_regular_fold10_14470-2-0-4_SNR15dB.wav,16000,1.7865276336669922,14.18682861328125,0.7975624203681946,2.966144402821859,3.998236134801278,2.7290356243541543,3.0152471009177284
