clean_file,enhanced_file,sampling_rate,PESQ,SI_SDR,STOI,DNSMOS_p808_mos,DNSMOS_mos_sig,DNSMOS_mos_bak,DNSMOS_mos_ovr
p105_rainbow_04_whisper,WF_p105_rainbow_04_whisper_fold10_74364-8-1-20_SNR15dB.wav,16000,1.2614784240722656,12.181100845336914,0.814761221408844,3.0778084141867503,3.291216571003585,3.3002465193695207,2.618049493711385
