clean_file,enhanced_file,sampling_rate,PESQ,SI_SDR,STOI,DNSMOS_p808_mos,DNSMOS_mos_sig,DNSMOS_mos_bak,DNSMOS_mos_ovr
p104_interjection_congratulations,WF_p104_interjection_congratulations_fold10_196127-3-0-3_SNR15dB.wav,16000,2.445565938949585,14.952200889587402,0.8563528060913086,3.044328655515398,4.148956115377342,2.6124643153223768,2.9531371979622136
