clean_file,enhanced_file,sampling_rate,PESQ,SI_SDR,STOI,DNSMOS_p808_mos,DNSMOS_mos_sig,DNSMOS_mos_bak,DNSMOS_mos_ovr
p102_rainbow_01_lowpitch,WF_p102_rainbow_01_lowpitch_fold10_159742-8-0-12_SNR15dB.wav,16000,2.0678720474243164,15.49715805053711,0.9307525157928467,3.7624239921569824,4.23399266016414,2.5926035583536784,3.014111844004676
