clean_file,enhanced_file,sampling_rate,PESQ,SI_SDR,STOI,DNSMOS_p808_mos,DNSMOS_mos_sig,DNSMOS_mos_bak,DNSMOS_mos_ovr
p101_rainbow_02_highpitch,WF_p101_rainbow_02_highpitch_fold10_115418-9-0-12_SNR15dB.wav,16000,2.1278200149536133,15.448186874389648,0.9475606083869934,3.2515971660614014,3.947076442956636,2.00720762148351,2.420663052561969
