clean_file,enhanced_file,sampling_rate,PESQ,SI_SDR,STOI,DNSMOS_p808_mos,DNSMOS_mos_sig,DNSMOS_mos_bak,DNSMOS_mos_ovr
p104_sentences_02_highpitch,WF_p104_sentences_02_highpitch_fold10_27070-2-0-2_SNR15dB.wav,16000,1.6055060625076294,15.12792682647705,0.9064171314239502,3.319797158241272,4.516525952496541,3.0889506748291846,3.5134210920315785
