clean_file,enhanced_file,sampling_rate,PESQ,SI_SDR,STOI,DNSMOS_p808_mos,DNSMOS_mos_sig,DNSMOS_mos_bak,DNSMOS_mos_ovr
p101_sentences_01_slow,WF_p101_sentences_01_slow_fold10_129750-2-0-45_SNR15dB.wav,16000,1.720331072807312,9.289618492126465,0.6953789591789246,3.084432533809117,2.535356745004509,3.629813816136598,2.2745414509065287
