clean_file,enhanced_file,sampling_rate,PESQ,SI_SDR,STOI,DNSMOS_p808_mos,DNSMOS_mos_sig,DNSMOS_mos_bak,DNSMOS_mos_ovr
p102_emo_amazement_sentences,WF_p102_emo_amazement_sentences_fold10_155241-9-0-69_SNR15dB.wav,16000,1.857380986213684,15.48730754852295,0.9082348942756653,2.8330661773681642,3.665071488362075,2.0583542123234424,2.405575570192514
