clean_file,enhanced_file,sampling_rate,PESQ,SI_SDR,STOI,DNSMOS_p808_mos,DNSMOS_mos_sig,DNSMOS_mos_bak,DNSMOS_mos_ovr
p101_nonverbal_screaming,WF_p101_nonverbal_screaming_fold10_106014-5-0-3_SNR15dB.wav,16000,2.0888891220092773,20.953495025634766,0.7100834846496582,2.614256262779236,3.694513685889628,1.935676357532248,2.3148791362233734
