clean_file,enhanced_file,sampling_rate,PESQ,SI_SDR,STOI,DNSMOS_p808_mos,DNSMOS_mos_sig,DNSMOS_mos_bak,DNSMOS_mos_ovr
p102_nonverbal_cheering,WF_p102_nonverbal_cheering_fold10_157207-6-7-0_SNR15dB.wav,16000,1.5774284601211548,15.914510726928711,0.838065505027771,2.7473909854888916,3.9055122207068598,1.8205123443857767,2.2815590604292684
