clean_file,enhanced_file,sampling_rate,PESQ,SI_SDR,STOI,DNSMOS_p808_mos,DNSMOS_mos_sig,DNSMOS_mos_bak,DNSMOS_mos_ovr
p102_emo_guilt_freeform,WF_p102_emo_guilt_freeform_fold10_15544-5-0-12_SNR15dB.wav,16000,2.5043413639068604,16.36052131652832,0.9540464878082275,3.8777764797210694,4.488702490627083,3.2808938999858257,3.615339142108484
