clean_file,enhanced_file,sampling_rate,PESQ,SI_SDR,STOI,DNSMOS_p808_mos,DNSMOS_mos_sig,DNSMOS_mos_bak,DNSMOS_mos_ovr
p102_rainbow_01_slow,WF_p102_rainbow_01_slow_fold10_159742-8-0-14_SNR15dB.wav,16000,1.7426313161849976,14.942669868469238,0.913753092288971,3.831335258483887,4.305482256126041,2.701258056978207,3.141167542983781
