clean_file,enhanced_file,sampling_rate,PESQ,SI_SDR,STOI,DNSMOS_p808_mos,DNSMOS_mos_sig,DNSMOS_mos_bak,DNSMOS_mos_ovr
p105_emo_pride_freeform,WF_p105_emo_pride_freeform_fold10_71312-3-0-4_SNR15dB.wav,16000,1.9743225574493408,14.188034057617188,0.748965859413147,3.6044347626822337,4.1623955710455105,2.273708368727281,2.731342606193659
