clean_file,enhanced_file,sampling_rate,PESQ,SI_SDR,STOI,DNSMOS_p808_mos,DNSMOS_mos_sig,DNSMOS_mos_bak,DNSMOS_mos_ovr
p105_sentences_10_fast,WF_p105_sentences_10_fast_fold10_83191-9-0-6_SNR15dB.wav,16000,2.0264182090759277,15.935474395751953,0.7780492901802063,3.122136652469635,3.918741323002089,2.440911894099126,2.772050136290935
