clean_file,enhanced_file,sampling_rate,PESQ,SI_SDR,STOI,DNSMOS_p808_mos,DNSMOS_mos_sig,DNSMOS_mos_bak,DNSMOS_mos_ovr
p105_sentences_12_highpitch,WF_p105_sentences_12_highpitch_fold10_83195-9-0-14_SNR15dB.wav,16000,1.674307942390442,13.457469940185547,0.577011227607727,2.5743887424468994,3.4757129677755523,2.3570865119053823,2.17751370624649
