clean_file,enhanced_file,sampling_rate,PESQ,SI_SDR,STOI,DNSMOS_p808_mos,DNSMOS_mos_sig,DNSMOS_mos_bak,DNSMOS_mos_ovr
p105_rainbow_01_regular,WF_p105_rainbow_01_regular_fold10_73524-0-0-52_SNR15dB.wav,16000,1.7990913391113281,9.447681427001953,0.8940706253051758,3.5967262983322144,3.862451538569,4.328107620353104,3.544472254624629
