clean_file,enhanced_file,sampling_rate,PESQ,SI_SDR,STOI,DNSMOS_p808_mos,DNSMOS_mos_sig,DNSMOS_mos_bak,DNSMOS_mos_ovr
p103_nonverbal_crying,WF_p103_nonverbal_crying_fold10_174289-6-0-0_SNR15dB.wav,16000,2.2614095211029053,15.388874053955078,0.863602876663208,2.645537853240967,4.233378520074797,3.1812027167223285,3.3676931145865
