clean_file,enhanced_file,sampling_rate,PESQ,SI_SDR,STOI,DNSMOS_p808_mos,DNSMOS_mos_sig,DNSMOS_mos_bak,DNSMOS_mos_ovr
p101_nonverbal_cheering,WF_p101_nonverbal_cheering_fold10_103438-5-0-2_SNR15dB.wav,16000,1.5940284729003906,19.535207748413086,0.8161408305168152,2.5791075229644775,3.5791948306135803,1.6121502557844545,1.984019933952864
