clean_file,enhanced_file,sampling_rate,PESQ,SI_SDR,STOI,DNSMOS_p808_mos,DNSMOS_mos_sig,DNSMOS_mos_bak,DNSMOS_mos_ovr
p103_rainbow_03_lowpitch,WF_p103_rainbow_03_lowpitch_fold10_178402-1-0-0_SNR15dB.wav,16000,1.7664241790771484,14.408984184265137,0.8761760592460632,2.701587234224592,4.093568774033616,2.5621084876735103,2.6571417308758547
