clean_file,enhanced_file,sampling_rate,PESQ,SI_SDR,STOI,DNSMOS_p808_mos,DNSMOS_mos_sig,DNSMOS_mos_bak,DNSMOS_mos_ovr
p104_emo_disgust_sentences,WF_p104_emo_disgust_sentences_fold10_189982-0-0-30_SNR15dB.wav,16000,2.396541118621826,17.062904357910156,0.7459397315979004,3.7072643438975015,4.401558834049339,3.70140221315205,3.7234482977667738
