clean_file,enhanced_file,sampling_rate,PESQ,SI_SDR,STOI,DNSMOS_p808_mos,DNSMOS_mos_sig,DNSMOS_mos_bak,DNSMOS_mos_ovr
p101_melodic_happy_birthday,WF_p101_melodic_happy_birthday_fold10_103438-5-0-1_SNR15dB.wav,16000,2.0092875957489014,16.544078826904297,0.7640658617019653,2.931334892908732,3.964609602989221,2.5401518002789065,2.830196302406449
