clean_file,enhanced_file,sampling_rate,PESQ,SI_SDR,STOI,DNSMOS_p808_mos,DNSMOS_mos_sig,DNSMOS_mos_bak,DNSMOS_mos_ovr
p101_interjection_filler,WF_p101_interjection_filler_fold10_102857-5-0-9_SNR15dB.wav,16000,3.163755416870117,20.960702896118164,0.9598482251167297,2.927955389022827,3.674481258169313,3.375749574406088,3.0068250333430884
