clean_file,enhanced_file,sampling_rate,PESQ,SI_SDR,STOI,DNSMOS_p808_mos,DNSMOS_mos_sig,DNSMOS_mos_bak,DNSMOS_mos_ovr
p105_sentences_01_slow,WF_p105_sentences_01_slow_fold10_7913-3-0-0_SNR15dB.wav,16000,1.6473448276519775,10.200054168701172,0.7224429845809937,3.3081702504839217,4.003371059004991,3.704723892192708,3.3264024517164428
