clean_file,enhanced_file,sampling_rate,PESQ,SI_SDR,STOI,DNSMOS_p808_mos,DNSMOS_mos_sig,DNSMOS_mos_bak,DNSMOS_mos_ovr
p104_rainbow_01_fast,WF_p104_rainbow_01_fast_fold10_199261-3-0-0_SNR15dB.wav,16000,1.638420581817627,13.44931697845459,0.9225358366966248,3.6095714569091797,3.939117943096372,2.384409641962132,2.6192741115754483
