clean_file,enhanced_file,sampling_rate,PESQ,SI_SDR,STOI,DNSMOS_p808_mos,DNSMOS_mos_sig,DNSMOS_mos_bak,DNSMOS_mos_ovr
p103_emo_guilt_sentences,WF_p103_emo_guilt_sentences_fold10_167464-0-0-6_SNR15dB.wav,16000,2.299032211303711,12.989073753356934,0.5172079801559448,3.6102985938390098,4.274464262177529,4.133210069114523,3.8218898470787086
