clean_file,enhanced_file,sampling_rate,PESQ,SI_SDR,STOI,DNSMOS_p808_mos,DNSMOS_mos_sig,DNSMOS_mos_bak,DNSMOS_mos_ovr
p106_emo_cuteness_sentences,WF_p106_emo_cuteness_sentences_fold10_88121-8-0-1_SNR15dB.wav,16000,1.8463504314422607,14.763659477233887,0.791832447052002,2.9868030548095703,3.957382057584077,2.4321359039669743,2.7076233047261598
