clean_file,enhanced_file,sampling_rate,PESQ,SI_SDR,STOI,DNSMOS_p808_mos,DNSMOS_mos_sig,DNSMOS_mos_bak,DNSMOS_mos_ovr
p106_emo_disappointment_sentences,WF_p106_emo_disappointment_sentences_fold10_88121-8-2-0_SNR15dB.wav,16000,1.673635721206665,13.037569046020508,0.8523719310760498,3.7273595333099365,3.9161117096454703,2.303102906595879,2.543742701202511
