clean_file,enhanced_file,sampling_rate,PESQ,SI_SDR,STOI,DNSMOS_p808_mos,DNSMOS_mos_sig,DNSMOS_mos_bak,DNSMOS_mos_ovr
p104_emo_anger_freeform,WF_p104_emo_anger_freeform_fold10_188813-7-9-0_SNR15dB.wav,16000,1.394989013671875,15.501655578613281,0.9035248160362244,2.6649169921875,3.9604911506037492,1.717431248294056,2.1984343025465787
