clean_file,enhanced_file,sampling_rate,PESQ,SI_SDR,STOI,DNSMOS_p808_mos,DNSMOS_mos_sig,DNSMOS_mos_bak,DNSMOS_mos_ovr
p103_rainbow_03_slow,WF_p103_rainbow_03_slow_fold10_178826-2-0-12_SNR15dB.wav,16000,2.074113607406616,16.306800842285156,0.7601922154426575,3.0856604501605034,4.083411921640603,3.062336310156868,3.1205042712964106
