clean_file,enhanced_file,sampling_rate,PESQ,SI_SDR,STOI,DNSMOS_p808_mos,DNSMOS_mos_sig,DNSMOS_mos_bak,DNSMOS_mos_ovr
p101_rainbow_02_lowpitch,WF_p101_rainbow_02_lowpitch_fold10_115418-9-0-20_SNR15dB.wav,16000,2.019885301589966,14.313496589660645,0.7529672384262085,3.073594093322754,4.234842431449448,2.3970051280885825,2.8569488239352987
