clean_file,enhanced_file,sampling_rate,PESQ,SI_SDR,STOI,DNSMOS_p808_mos,DNSMOS_mos_sig,DNSMOS_mos_bak,DNSMOS_mos_ovr
p104_vegetative_yawning,WF_p104_vegetative_yawning_fold10_35628-3-0-0_SNR15dB.wav,16000,1.875655174255371,15.228018760681152,0.6643899083137512,2.823995590209961,4.097134102210786,3.194145871078818,3.045680678131657
