clean_file,enhanced_file,sampling_rate,PESQ,SI_SDR,STOI,DNSMOS_p808_mos,DNSMOS_mos_sig,DNSMOS_mos_bak,DNSMOS_mos_ovr
p102_emo_desire_freeform,WF_p102_emo_desire_freeform_fold10_155262-2-0-63_SNR15dB.wav,16000,2.0981969833374023,15.087882995605469,0.9033901691436768,3.5707443952560425,4.111902728895313,2.3841949737998482,2.6987479886224968
