clean_file,enhanced_file,sampling_rate,PESQ,SI_SDR,STOI,DNSMOS_p808_mos,DNSMOS_mos_sig,DNSMOS_mos_bak,DNSMOS_mos_ovr
p102_nonverbal_crying,WF_p102_nonverbal_crying_fold10_157207-6-8-0_SNR15dB.wav,16000,1.6125662326812744,14.005985260009766,0.7646805644035339,2.6888181368509927,4.065453359799801,3.253325499893608,3.2550704392793812
