clean_file,enhanced_file,sampling_rate,PESQ,SI_SDR,STOI,DNSMOS_p808_mos,DNSMOS_mos_sig,DNSMOS_mos_bak,DNSMOS_mos_ovr
p105_rainbow_02_fast,WF_p105_rainbow_02_fast_fold10_73524-0-0-63_SNR15dB.wav,16000,2.4295449256896973,13.57408618927002,0.9129897356033325,3.7052242755889893,3.880586525030807,3.913297554391499,3.408859428230602
