clean_file,enhanced_file,sampling_rate,PESQ,SI_SDR,STOI,DNSMOS_p808_mos,DNSMOS_mos_sig,DNSMOS_mos_bak,DNSMOS_mos_ovr
p101_emo_amazement_sentences,WF_p101_emo_amazement_sentences_fold10_100648-1-3-0_SNR15dB.wav,16000,2.2540740966796875,16.233713150024414,0.8165757656097412,2.8362729072570803,3.669475176497553,2.570909946786343,2.7108828697626346
