clean_file,enhanced_file,sampling_rate,PESQ,SI_SDR,STOI,DNSMOS_p808_mos,DNSMOS_mos_sig,DNSMOS_mos_bak,DNSMOS_mos_ovr
p103_rainbow_04_lowpitch,WF_p103_rainbow_04_lowpitch_fold10_178826-2-0-28_SNR15dB.wav,16000,1.714246153831482,14.794684410095215,0.8799219727516174,3.090322937284197,4.419499355998193,2.786046388458888,3.1552395545027463
