clean_file,enhanced_file,sampling_rate,PESQ,SI_SDR,STOI,DNSMOS_p808_mos,DNSMOS_mos_sig,DNSMOS_mos_bak,DNSMOS_mos_ovr
p104_rainbow_04_loud,WF_p104_rainbow_04_loud_fold10_203424-9-0-15_SNR15dB.wav,16000,1.4704347848892212,13.747201919555664,0.8775473237037659,2.7296956266675676,4.248512021254327,2.368722522064552,2.8762062553452807
