clean_file,enhanced_file,sampling_rate,PESQ,SI_SDR,STOI,DNSMOS_p808_mos,DNSMOS_mos_sig,DNSMOS_mos_bak,DNSMOS_mos_ovr
p104_rainbow_02_lowpitch,WF_p104_rainbow_02_lowpitch_fold10_200786-5-0-0_SNR15dB.wav,16000,1.9364449977874756,14.770173072814941,0.9172254204750061,3.1433298587799072,3.4732923012368233,3.7650866286277704,2.98707718147825
