clean_file,enhanced_file,sampling_rate,PESQ,SI_SDR,STOI,DNSMOS_p808_mos,DNSMOS_mos_sig,DNSMOS_mos_bak,DNSMOS_mos_ovr
p103_sentences_02_lowpitch,WF_p103_sentences_02_lowpitch_fold10_187110-2-0-12_SNR15dB.wav,16000,1.9640882015228271,14.969893455505371,0.8459842801094055,3.014986344746181,4.346985106853359,2.7056083901062373,3.093256620322866
