clean_file,enhanced_file,sampling_rate,PESQ,SI_SDR,STOI,DNSMOS_p808_mos,DNSMOS_mos_sig,DNSMOS_mos_bak,DNSMOS_mos_ovr
p103_rainbow_01_slow,WF_p103_rainbow_01_slow_fold10_175842-1-0-0_SNR15dB.wav,16000,1.540305495262146,14.991968154907227,0.7522180676460266,2.9070111910502114,4.356851831383481,3.4777677870189203,3.536812537953058
