clean_file,enhanced_file,sampling_rate,PESQ,SI_SDR,STOI,DNSMOS_p808_mos,DNSMOS_mos_sig,DNSMOS_mos_bak,DNSMOS_mos_ovr
p101_sentences_02_regular,WF_p101_sentences_02_regular_fold10_136558-9-1-21_SNR15dB.wav,16000,1.8385202884674072,11.52357006072998,0.8522049188613892,3.036111891269684,4.2321548385586,2.249110065972916,2.81772096145117
