clean_file,enhanced_file,sampling_rate,PESQ,SI_SDR,STOI,DNSMOS_p808_mos,DNSMOS_mos_sig,DNSMOS_mos_bak,DNSMOS_mos_ovr
p101_sentences_09_fast,WF_p101_sentences_09_fast_fold10_141240-5-0-0_SNR15dB.wav,16000,2.6591567993164062,16.141292572021484,0.9270763397216797,3.4053521156311035,3.863189489235835,3.363212248739002,3.1194953811960326
