clean_file,enhanced_file,sampling_rate,PESQ,SI_SDR,STOI,DNSMOS_p808_mos,DNSMOS_mos_sig,DNSMOS_mos_bak,DNSMOS_mos_ovr
p104_emo_embarassment_freeform,WF_p104_emo_embarassment_freeform_fold10_189982-0-0-36_SNR15dB.wav,16000,2.174814224243164,16.988704681396484,0.729276180267334,3.003020465373993,3.3968971911415857,3.3619488856043396,2.7832980966863414
