clean_file,enhanced_file,sampling_rate,PESQ,SI_SDR,STOI,DNSMOS_p808_mos,DNSMOS_mos_sig,DNSMOS_mos_bak,DNSMOS_mos_ovr
p105_rainbow_05_loud,WF_p105_rainbow_05_loud_fold10_74364-8-1-23_SNR15dB.wav,16000,1.8586957454681396,15.827479362487793,0.9233828186988831,3.688823938369751,4.506741649945875,3.217030401691446,3.5828795662941433
