clean_file,enhanced_file,sampling_rate,PESQ,SI_SDR,STOI,DNSMOS_p808_mos,DNSMOS_mos_sig,DNSMOS_mos_bak,DNSMOS_mos_ovr
p105_interjection_filler,WF_p105_interjection_filler_fold10_73524-0-0-113_SNR15dB.wav,16000,3.297252893447876,15.466325759887695,0.5231083631515503,2.7469664812088013,2.9952692706646222,4.032531479933179,2.571220743500946
