clean_file,enhanced_file,sampling_rate,PESQ,SI_SDR,STOI,DNSMOS_p808_mos,DNSMOS_mos_sig,DNSMOS_mos_bak,DNSMOS_mos_ovr
p101_sentences_02_highpitch,WF_p101_sentences_02_highpitch_fold10_136558-9-0-1_SNR15dB.wav,16000,1.8559002876281738,15.582674980163574,0.8085235357284546,2.641673445701599,3.9857713288431187,2.416015674188915,2.6799216421396768
