clean_file,enhanced_file,sampling_rate,PESQ,SI_SDR,STOI,DNSMOS_p808_mos,DNSMOS_mos_sig,DNSMOS_mos_bak,DNSMOS_mos_ovr
p103_rainbow_02_highpitch,WF_p103_rainbow_02_highpitch_fold10_178261-7-1-0_SNR15dB.wav,16000,1.6242938041687012,17.727848052978516,0.7493346333503723,2.9559442043304442,3.7633287093457595,2.1921276743134372,2.417469830050334
