clean_file,enhanced_file,sampling_rate,PESQ,SI_SDR,STOI,DNSMOS_p808_mos,DNSMOS_mos_sig,DNSMOS_mos_bak,DNSMOS_mos_ovr
p106_emo_anger_freeform,WF_p106_emo_anger_freeform_fold10_84249-9-0-8_SNR15dB.wav,16000,1.6630337238311768,16.63104248046875,0.7900155782699585,2.4822930335998534,3.7624026016729415,1.939461776548756,2.289183379070141
