clean_file,enhanced_file,sampling_rate,PESQ,SI_SDR,STOI,DNSMOS_p808_mos,DNSMOS_mos_sig,DNSMOS_mos_bak,DNSMOS_mos_ovr
p103_rainbow_06_whisper,WF_p103_rainbow_06_whisper_fold10_180127-4-0-2_SNR15dB.wav,16000,1.242281436920166,6.059077262878418,0.5837095379829407,3.336058187484741,1.94678311504383,3.8633654073812402,1.7671378534922486
