clean_file,enhanced_file,sampling_rate,PESQ,SI_SDR,STOI,DNSMOS_p808_mos,DNSMOS_mos_sig,DNSMOS_mos_bak,DNSMOS_mos_ovr
p103_nonverbal_laughter_open,WF_p103_nonverbal_laughter_open_fold10_174289-6-2-0_SNR15dB.wav,16000,2.5032858848571777,15.595640182495117,0.8978144526481628,2.6236959525517056,2.8487333858443895,3.0903380539993757,2.434056219970898
