clean_file,enhanced_file,sampling_rate,PESQ,SI_SDR,STOI,DNSMOS_p808_mos,DNSMOS_mos_sig,DNSMOS_mos_bak,DNSMOS_mos_ovr
p101_sentences_22_regular,WF_p101_sentences_22_regular_fold10_14470-2-0-70_SNR15dB.wav,16000,2.003490447998047,13.20401382446289,0.7587115168571472,3.5832549333572388,3.8298212292039744,3.1090462972019575,3.0111894464439226
