clean_file,enhanced_file,sampling_rate,PESQ,SI_SDR,STOI,DNSMOS_p808_mos,DNSMOS_mos_sig,DNSMOS_mos_bak,DNSMOS_mos_ovr
p103_rainbow_07_highpitch,WF_p103_rainbow_07_highpitch_fold10_180127-4-0-21_SNR15dB.wav,16000,2.011268138885498,16.036691665649414,0.7779226899147034,3.080053908484323,3.643634639631991,2.3029417822401674,2.381904767842895
