clean_file,enhanced_file,sampling_rate,PESQ,SI_SDR,STOI,DNSMOS_p808_mos,DNSMOS_mos_sig,DNSMOS_mos_bak,DNSMOS_mos_ovr
p102_rainbow_05_highpitch,WF_p102_rainbow_05_highpitch_fold10_162134-7-11-7_SNR15dB.wav,16000,1.375707983970642,16.7213134765625,0.8655592203140259,2.9618289470672607,3.7384201525471275,1.9340437833326616,2.2745336796883855
