clean_file,enhanced_file,sampling_rate,PESQ,SI_SDR,STOI,DNSMOS_p808_mos,DNSMOS_mos_sig,DNSMOS_mos_bak,DNSMOS_mos_ovr
p106_emo_cuteness_freeform,WF_p106_emo_cuteness_freeform_fold10_88121-8-0-0_SNR15dB.wav,16000,1.591334581375122,15.885278701782227,0.8538824915885925,3.188656806945801,4.125790885315877,2.8008408732169987,2.9956822181052627
