clean_file,enhanced_file,sampling_rate,PESQ,SI_SDR,STOI,DNSMOS_p808_mos,DNSMOS_mos_sig,DNSMOS_mos_bak,DNSMOS_mos_ovr
p104_emo_distress_sentences,WF_p104_emo_distress_sentences_fold10_189982-0-0-35_SNR15dB.wav,16000,2.254002809524536,17.684253692626953,0.8648134469985962,3.5841761430104575,3.962935922679654,3.9632341257848336,3.5071044413019794
