clean_file,enhanced_file,sampling_rate,PESQ,SI_SDR,STOI,DNSMOS_p808_mos,DNSMOS_mos_sig,DNSMOS_mos_bak,DNSMOS_mos_ovr
p104_rainbow_01_whisper,WF_p104_rainbow_01_whisper_fold10_200460-6-2-0_SNR15dB.wav,16000,1.3535387516021729,9.856571197509766,0.8380507826805115,3.475713610649109,2.149462782248395,3.755611518792387,1.8384817463487597
