clean_file,enhanced_file,sampling_rate,PESQ,SI_SDR,STOI,DNSMOS_p808_mos,DNSMOS_mos_sig,DNSMOS_mos_bak,DNSMOS_mos_ovr
p102_emo_pride_sentences,WF_p102_emo_pride_sentences_fold10_15544-5-0-3_SNR15dB.wav,16000,2.4704911708831787,16.25908088684082,0.846397876739502,3.6359846591949463,3.8765289726272307,3.1369268823719065,3.0822719822571116
