clean_file,enhanced_file,sampling_rate,PESQ,SI_SDR,STOI,DNSMOS_p808_mos,DNSMOS_mos_sig,DNSMOS_mos_bak,DNSMOS_mos_ovr
p103_sentences_18_regular,WF_p103_sentences_18_regular_fold10_188497-2-0-8_SNR15dB.wav,16000,2.3364267349243164,14.365087509155273,0.6761829257011414,3.324935402188982,4.114717318038108,3.36818415523994,3.301989368244368
