clean_file,enhanced_file,sampling_rate,PESQ,SI_SDR,STOI,DNSMOS_p808_mos,DNSMOS_mos_sig,DNSMOS_mos_bak,DNSMOS_mos_ovr
p104_rainbow_05_loud,WF_p104_rainbow_05_loud_fold10_20571-3-0-0_SNR15dB.wav,16000,2.004610300064087,18.679832458496094,0.9434880614280701,3.39509493964059,4.002485333208813,3.239534052399103,3.2460183409324257
