clean_file,enhanced_file,sampling_rate,PESQ,SI_SDR,STOI,DNSMOS_p808_mos,DNSMOS_mos_sig,DNSMOS_mos_bak,DNSMOS_mos_ovr
p104_emo_adoration_sentences,WF_p104_emo_adoration_sentences_fold10_188813-7-4-0_SNR15dB.wav,16000,1.331092119216919,14.164413452148438,0.823089063167572,3.2495960712432863,4.221009067361315,2.43288451844737,2.8243245387262603
