clean_file,enhanced_file,sampling_rate,PESQ,SI_SDR,STOI,DNSMOS_p808_mos,DNSMOS_mos_sig,DNSMOS_mos_bak,DNSMOS_mos_ovr
p104_sentences_16_regular,WF_p104_sentences_16_regular_fold10_28808-1-1-1_SNR15dB.wav,16000,1.843008041381836,16.961767196655273,0.7458958625793457,3.2820435166358948,4.059859830740118,3.1972021946817453,3.2750746181464763
