clean_file,enhanced_file,sampling_rate,PESQ,SI_SDR,STOI,DNSMOS_p808_mos,DNSMOS_mos_sig,DNSMOS_mos_bak,DNSMOS_mos_ovr
p101_vegetative_throat,WF_p101_vegetative_throat_fold10_147491-9-2-25_SNR15dB.wav,16000,1.967097282409668,17.267019271850586,0.9066240191459656,2.5839359760284424,2.4615685784408687,2.200929664675013,1.7478942396477026
