clean_file,enhanced_file,sampling_rate,PESQ,SI_SDR,STOI,DNSMOS_p808_mos,DNSMOS_mos_sig,DNSMOS_mos_bak,DNSMOS_mos_ovr
p103_rainbow_08_lowpitch,WF_p103_rainbow_08_lowpitch_fold10_181624-4-0-0_SNR15dB.wav,16000,1.271345615386963,14.683469772338867,0.9057791233062744,2.952878032411848,4.55644968782043,3.1685312788198003,3.484546021154469
