clean_file,enhanced_file,sampling_rate,PESQ,SI_SDR,STOI,DNSMOS_p808_mos,DNSMOS_mos_sig,DNSMOS_mos_bak,DNSMOS_mos_ovr
p105_rainbow_07_highpitch,WF_p105_rainbow_07_highpitch_fold10_74922-4-0-1_SNR15dB.wav,16000,1.3319703340530396,15.898752212524414,0.7944273948669434,3.009484222957066,4.002120678679658,2.8150016758969003,2.8629514782099545
