clean_file,enhanced_file,sampling_rate,PESQ,SI_SDR,STOI,DNSMOS_p808_mos,DNSMOS_mos_sig,DNSMOS_mos_bak,DNSMOS_mos_ovr
p102_emo_contentment_sentences,WF_p102_emo_contentment_sentences_fold10_155262-2-0-21_SNR15dB.wav,16000,2.2313618659973145,15.043950080871582,0.7702013850212097,3.5156165599822997,4.0221406156417405,2.4667576815617496,2.7605878687532366
