clean_file,enhanced_file,sampling_rate,PESQ,SI_SDR,STOI,DNSMOS_p808_mos,DNSMOS_mos_sig,DNSMOS_mos_bak,DNSMOS_mos_ovr
p104_rainbow_03_slow,WF_p104_rainbow_03_slow_fold10_202334-9-0-137_SNR15dB.wav,16000,1.4769638776779175,12.503470420837402,0.8339244723320007,2.9036781447274342,3.9257404946468655,2.6405583636133265,2.7172849618810475
