clean_file,enhanced_file,sampling_rate,PESQ,SI_SDR,STOI,DNSMOS_p808_mos,DNSMOS_mos_sig,DNSMOS_mos_bak,DNSMOS_mos_ovr
p103_sentences_16_regular,WF_p103_sentences_16_regular_fold10_188497-2-0-2_SNR15dB.wav,16000,2.293323040008545,13.08071517944336,0.6814722418785095,3.3737122058868407,4.403551342366006,3.314640818595086,3.5305667305587938
