clean_file,enhanced_file,sampling_rate,PESQ,SI_SDR,STOI,DNSMOS_p808_mos,DNSMOS_mos_sig,DNSMOS_mos_bak,DNSMOS_mos_ovr
p104_rainbow_03_highpitch,WF_p104_rainbow_03_highpitch_fold10_200786-5-1-4_SNR15dB.wav,16000,1.6583210229873657,15.617302894592285,0.8770498037338257,3.554877185821533,3.9377058240242717,3.360274859901151,3.207353082851197
