clean_file,enhanced_file,sampling_rate,PESQ,SI_SDR,STOI,DNSMOS_p808_mos,DNSMOS_mos_sig,DNSMOS_mos_bak,DNSMOS_mos_ovr
p103_rainbow_03_whisper,WF_p103_rainbow_03_whisper_fold10_178826-2-0-14_SNR15dB.wav,16000,1.286216139793396,4.849418640136719,0.6548778414726257,3.069130148206438,1.870773099185401,3.572754050459097,1.7445758061044416
