clean_file,enhanced_file,sampling_rate,PESQ,SI_SDR,STOI,DNSMOS_p808_mos,DNSMOS_mos_sig,DNSMOS_mos_bak,DNSMOS_mos_ovr
p102_sentences_21_regular,WF_p102_sentences_21_regular_fold10_164377-9-1-36_SNR15dB.wav,16000,2.215775966644287,14.499960899353027,0.7968236207962036,3.2514415979385376,3.556826702133461,2.4826039708749805,2.4768584487603826
