clean_file,enhanced_file,sampling_rate,PESQ,SI_SDR,STOI,DNSMOS_p808_mos,DNSMOS_mos_sig,DNSMOS_mos_bak,DNSMOS_mos_ovr
p104_rainbow_08_highpitch,WF_p104_rainbow_08_highpitch_fold10_22973-3-0-2_SNR15dB.wav,16000,1.4551270008087158,14.156250953674316,0.8981236815452576,2.7548719814845493,4.2898263597580355,2.7088895086761404,3.0305238175941063
