clean_file,enhanced_file,sampling_rate,PESQ,SI_SDR,STOI,DNSMOS_p808_mos,DNSMOS_mos_sig,DNSMOS_mos_bak,DNSMOS_mos_ovr
p106_emo_sadness_freeform,WF_p106_emo_sadness_freeform_fold10_99192-4-0-15_SNR15dB.wav,16000,1.3623868227005005,10.88371467590332,0.845997154712677,2.950249115626017,4.020139663779659,3.1167302998060964,2.9286046448263985
