clean_file,enhanced_file,sampling_rate,PESQ,SI_SDR,STOI,DNSMOS_p808_mos,DNSMOS_mos_sig,DNSMOS_mos_bak,DNSMOS_mos_ovr
p106_nonverbal_laughter_closed,WF_p106_nonverbal_laughter_closed_fold10_99192-4-0-38_SNR15dB.wav,16000,1.5383083820343018,13.149972915649414,0.839880108833313,2.4792211850484214,3.1988257023518307,2.582032430845169,2.214615108366741
