clean_file,enhanced_file,sampling_rate,PESQ,SI_SDR,STOI,DNSMOS_p808_mos,DNSMOS_mos_sig,DNSMOS_mos_bak,DNSMOS_mos_ovr
p103_sentences_02_loud,WF_p103_sentences_02_loud_fold10_187110-2-0-10_SNR15dB.wav,16000,1.8391451835632324,14.885564804077148,0.887316107749939,2.8999955313546315,4.465266035676523,2.665617634924726,3.203581001872625
