clean_file,enhanced_file,sampling_rate,PESQ,SI_SDR,STOI,DNSMOS_p808_mos,DNSMOS_mos_sig,DNSMOS_mos_bak,DNSMOS_mos_ovr
p105_emo_distress_freeform,WF_p105_emo_distress_freeform_fold10_51024-3-0-3_SNR15dB.wav,16000,1.709547758102417,10.707711219787598,0.69318026304245,3.1053292751312256,4.123875337820086,3.0203168036984116,3.146129139671054
