clean_file,enhanced_file,sampling_rate,PESQ,SI_SDR,STOI,DNSMOS_p808_mos,DNSMOS_mos_sig,DNSMOS_mos_bak,DNSMOS_mos_ovr
p101_rainbow_08_regular,WF_p101_rainbow_08_regular_fold10_128470-3-0-1_SNR15dB.wav,16000,2.6571779251098633,15.291921615600586,0.94406658411026,3.7877445561545238,4.417996135669626,2.5865953085864852,3.1136382829202494
