clean_file,enhanced_file,sampling_rate,PESQ,SI_SDR,STOI,DNSMOS_p808_mos,DNSMOS_mos_sig,DNSMOS_mos_bak,DNSMOS_mos_ovr
p101_emo_neutral_sentences,WF_p101_emo_neutral_sentences_fold10_102857-5-0-21_SNR15dB.wav,16000,2.772369146347046,15.292344093322754,0.928804337978363,3.44897190729777,4.053039086673057,3.985286435395475,3.5789481272147072
