clean_file,enhanced_file,sampling_rate,PESQ,SI_SDR,STOI,DNSMOS_p808_mos,DNSMOS_mos_sig,DNSMOS_mos_bak,DNSMOS_mos_ovr
p104_emo_pride_sentences,WF_p104_emo_pride_sentences_fold10_189985-0-0-5_SNR15dB.wav,16000,2.1669375896453857,16.334091186523438,0.8597774505615234,3.417750438054403,3.397919917021651,3.087007802170378,2.680117210709426
