clean_file,enhanced_file,sampling_rate,PESQ,SI_SDR,STOI,DNSMOS_p808_mos,DNSMOS_mos_sig,DNSMOS_mos_bak,DNSMOS_mos_ovr
p101_emo_interest_sentences,WF_p101_emo_interest_sentences_fold10_102857-5-0-2_SNR15dB.wav,16000,2.663862943649292,16.408416748046875,0.8925016522407532,3.417631447315216,3.9215980014676353,3.630006717951167,3.3080769978605162
