clean_file,enhanced_file,sampling_rate,PESQ,SI_SDR,STOI,DNSMOS_p808_mos,DNSMOS_mos_sig,DNSMOS_mos_bak,DNSMOS_mos_ovr
p102_rainbow_07_lowpitch,WF_p102_rainbow_07_lowpitch_fold10_162134-7-15-2_SNR15dB.wav,16000,1.341326355934143,14.730228424072266,0.8898083567619324,3.1562262058258055,4.264444261703657,2.1804112595615304,2.729292297249315
