clean_file,enhanced_file,sampling_rate,PESQ,SI_SDR,STOI,DNSMOS_p808_mos,DNSMOS_mos_sig,DNSMOS_mos_bak,DNSMOS_mos_ovr
p101_emo_disappointment_sentences,WF_p101_emo_disappointment_sentences_fold10_102103-3-0-0_SNR15dB.wav,16000,1.6510666608810425,13.28860092163086,0.7480621933937073,3.20334792137146,4.404216485809533,2.6855947139083014,3.169912012735493
