clean_file,enhanced_file,sampling_rate,PESQ,SI_SDR,STOI,DNSMOS_p808_mos,DNSMOS_mos_sig,DNSMOS_mos_bak,DNSMOS_mos_ovr
p102_emo_cuteness_sentences,WF_p102_emo_cuteness_sentences_fold10_155262-2-0-58_SNR15dB.wav,16000,1.8980847597122192,18.442949295043945,0.8511624932289124,2.5581318855285646,3.0698952984860766,2.147242476094418,2.1180859654305286
