clean_file,enhanced_file,sampling_rate,PESQ,SI_SDR,STOI,DNSMOS_p808_mos,DNSMOS_mos_sig,DNSMOS_mos_bak,DNSMOS_mos_ovr
p104_rainbow_08_fast,WF_p104_rainbow_08_fast_fold10_22973-3-0-1_SNR15dB.wav,16000,1.5362014770507812,16.303054809570312,0.9101669192314148,2.946803944451468,4.245171899407701,3.0216598547692888,3.2422070014063777
