clean_file,enhanced_file,sampling_rate,PESQ,SI_SDR,STOI,DNSMOS_p808_mos,DNSMOS_mos_sig,DNSMOS_mos_bak,DNSMOS_mos_ovr
p102_rainbow_07_slow,WF_p102_rainbow_07_slow_fold10_162134-7-15-4_SNR15dB.wav,16000,1.3678423166275024,13.145601272583008,0.9059968590736389,3.2274378708430698,4.24458323298076,2.243534181095149,2.7713385736459935
