clean_file,enhanced_file,sampling_rate,PESQ,SI_SDR,STOI,DNSMOS_p808_mos,DNSMOS_mos_sig,DNSMOS_mos_bak,DNSMOS_mos_ovr
p105_rainbow_08_slow,WF_p105_rainbow_08_slow_fold10_77901-9-0-4_SNR15dB.wav,16000,1.2935667037963867,8.80412483215332,0.725662112236023,2.724870409284319,3.1777100680465713,3.272975199830058,2.4797175196379717
