clean_file,enhanced_file,sampling_rate,PESQ,SI_SDR,STOI,DNSMOS_p808_mos,DNSMOS_mos_sig,DNSMOS_mos_bak,DNSMOS_mos_ovr
p106_emo_interest_freeform,WF_p106_emo_interest_freeform_fold10_93567-8-0-2_SNR15dB.wav,16000,1.909679889678955,14.688055038452148,0.8281010389328003,3.4657715388706754,3.881732430803054,2.2294105186824917,2.5027921982719405
