clean_file,enhanced_file,sampling_rate,PESQ,SI_SDR,STOI,DNSMOS_p808_mos,DNSMOS_mos_sig,DNSMOS_mos_bak,DNSMOS_mos_ovr
p101_sentences_01_highpitch,WF_p101_sentences_01_highpitch_fold10_129750-2-0-34_SNR15dB.wav,16000,1.72123384475708,15.539310455322266,0.8401893973350525,2.8943681716918945,3.0026629618117897,1.7791875223405722,1.8539776191754735
