clean_file,enhanced_file,sampling_rate,PESQ,SI_SDR,STOI,DNSMOS_p808_mos,DNSMOS_mos_sig,DNSMOS_mos_bak,DNSMOS_mos_ovr
p105_emo_pride_sentences,WF_p105_emo_pride_sentences_fold10_71312-3-0-5_SNR15dB.wav,16000,2.1993026733398438,14.647116661071777,0.8423482179641724,3.374244519642421,4.042357630031652,2.4115211579855225,2.805418816205129
