clean_file,enhanced_file,sampling_rate,PESQ,SI_SDR,STOI,DNSMOS_p808_mos,DNSMOS_mos_sig,DNSMOS_mos_bak,DNSMOS_mos_ovr
p106_emo_pain_freeform,WF_p106_emo_pain_freeform_fold10_93567-8-0-6_SNR15dB.wav,16000,1.92781400680542,16.157949447631836,0.8697330355644226,3.044433389391218,3.9653749329158474,2.5484187532265006,2.7580307812902
