clean_file,enhanced_file,sampling_rate,PESQ,SI_SDR,STOI,DNSMOS_p808_mos,DNSMOS_mos_sig,DNSMOS_mos_bak,DNSMOS_mos_ovr
p104_rainbow_04_slow,WF_p104_rainbow_04_slow_fold10_203424-9-0-34_SNR15dB.wav,16000,1.2966572046279907,12.997072219848633,0.8484258055686951,2.792175667626517,3.9546526628245373,2.586646485189268,2.680061479542595
