clean_file,enhanced_file,sampling_rate,PESQ,SI_SDR,STOI,DNSMOS_p808_mos,DNSMOS_mos_sig,DNSMOS_mos_bak,DNSMOS_mos_ovr
p102_interjection_anger,WF_p102_interjection_anger_fold10_157207-6-2-0_SNR15dB.wav,16000,2.019346237182617,15.346780776977539,0.869459331035614,3.5945707162221274,3.8983292652233685,2.628649758969715,2.8706749477362625
