clean_file,enhanced_file,sampling_rate,PESQ,SI_SDR,STOI,DNSMOS_p808_mos,DNSMOS_mos_sig,DNSMOS_mos_bak,DNSMOS_mos_ovr
p103_sentences_15_regular,WF_p103_sentences_15_regular_fold10_188497-2-0-19_SNR15dB.wav,16000,2.231104612350464,14.411754608154297,0.6758055090904236,3.2931440830230714,4.212782617622108,2.968813721755308,3.174965749115186
