clean_file,enhanced_file,sampling_rate,PESQ,SI_SDR,STOI,DNSMOS_p808_mos,DNSMOS_mos_sig,DNSMOS_mos_bak,DNSMOS_mos_ovr
p101_rainbow_07_loud,WF_p101_rainbow_07_loud_fold10_118558-5-2-3_SNR15dB.wav,16000,2.4964892864227295,16.296764373779297,0.9244892597198486,3.337856888771057,3.8277847484911014,3.537725122296852,3.222519777896189
