clean_file,enhanced_file,sampling_rate,PESQ,SI_SDR,STOI,DNSMOS_p808_mos,DNSMOS_mos_sig,DNSMOS_mos_bak,DNSMOS_mos_ovr
p106_nonverbal_yelling,WF_p106_nonverbal_yelling_fold10_99192-4-0-43_SNR15dB.wav,16000,1.5518746376037598,16.322551727294922,0.6771324276924133,2.703122854232788,3.713688620921701,1.9492589872310435,2.1554675949816398
