clean_file,enhanced_file,sampling_rate,PESQ,SI_SDR,STOI,DNSMOS_p808_mos,DNSMOS_mos_sig,DNSMOS_mos_bak,DNSMOS_mos_ovr
p101_rainbow_04_slow,WF_p101_rainbow_04_slow_fold10_118278-4-0-13_SNR15dB.wav,16000,1.7853376865386963,9.537798881530762,0.8191946744918823,3.1818034251530967,3.813217377107092,4.007164470736832,3.376913705743006
