clean_file,enhanced_file,sampling_rate,PESQ,SI_SDR,STOI,DNSMOS_p808_mos,DNSMOS_mos_sig,DNSMOS_mos_bak,DNSMOS_mos_ovr
p103_emo_confusion_freeform,WF_p103_emo_confusion_freeform_fold10_167464-0-0-0_SNR15dB.wav,16000,1.8456792831420898,15.09717845916748,0.828467845916748,3.4293649673461912,4.579916342718824,4.077070611366571,4.059380685470757
