clean_file,enhanced_file,sampling_rate,PESQ,SI_SDR,STOI,DNSMOS_p808_mos,DNSMOS_mos_sig,DNSMOS_mos_bak,DNSMOS_mos_ovr
p104_interjection_anger,WF_p104_interjection_anger_fold10_196127-3-0-1_SNR15dB.wav,16000,2.402296781539917,14.907062530517578,0.8700571060180664,3.096259696143014,3.9590729362854242,2.313631204396572,2.616032734027864
