clean_file,enhanced_file,sampling_rate,PESQ,SI_SDR,STOI,DNSMOS_p808_mos,DNSMOS_mos_sig,DNSMOS_mos_bak,DNSMOS_mos_ovr
p102_rainbow_07_highpitch,WF_p102_rainbow_07_highpitch_fold10_162134-7-15-0_SNR15dB.wav,16000,1.3420941829681396,17.192075729370117,0.8651944398880005,2.4505788485209146,3.033234230412902,1.6182759290949182,1.5459419308885227
