clean_file,enhanced_file,sampling_rate,PESQ,SI_SDR,STOI,DNSMOS_p808_mos,DNSMOS_mos_sig,DNSMOS_mos_bak,DNSMOS_mos_ovr
p102_sentences_02_lowpitch,WF_p102_sentences_02_lowpitch_fold10_162134-7-8-4_SNR15dB.wav,16000,1.335188865661621,15.054012298583984,0.8701104521751404,3.3316533088684084,4.333375734955287,2.346163049275355,2.9094251718714865
