clean_file,enhanced_file,sampling_rate,PESQ,SI_SDR,STOI,DNSMOS_p808_mos,DNSMOS_mos_sig,DNSMOS_mos_bak,DNSMOS_mos_ovr
p105_sentences_01_lowpitch,WF_p105_sentences_01_lowpitch_fold10_77927-3-0-2_SNR15dB.wav,16000,2.0510764122009277,13.57431411743164,0.7842925786972046,3.101433515548706,4.257310359768877,2.4619549338816618,2.951226460228814
