clean_file,enhanced_file,sampling_rate,PESQ,SI_SDR,STOI,DNSMOS_p808_mos,DNSMOS_mos_sig,DNSMOS_mos_bak,DNSMOS_mos_ovr
p103_rainbow_05_highpitch,WF_p103_rainbow_05_highpitch_fold10_180127-4-0-1_SNR15dB.wav,16000,1.6280479431152344,12.927007675170898,0.7193022966384888,3.1708278315407887,3.3862587747230672,2.540318465595768,2.3600174404077108
