clean_file,enhanced_file,sampling_rate,PESQ,SI_SDR,STOI,DNSMOS_p808_mos,DNSMOS_mos_sig,DNSMOS_mos_bak,DNSMOS_mos_ovr
p105_rainbow_02_regular,WF_p105_rainbow_02_regular_fold10_73524-0-0-92_SNR15dB.wav,16000,2.3395960330963135,12.254948616027832,0.8364540338516235,3.4570319652557373,3.7406318678108477,4.2384470437798125,3.373177029525274
