clean_file,enhanced_file,sampling_rate,PESQ,SI_SDR,STOI,DNSMOS_p808_mos,DNSMOS_mos_sig,DNSMOS_mos_bak,DNSMOS_mos_ovr
p105_rainbow_06_loud,WF_p105_rainbow_06_loud_fold10_74364-8-1-5_SNR15dB.wav,16000,1.7732607126235962,15.102948188781738,0.8701149225234985,3.260088634490967,4.192107772810559,2.980839518167676,3.2089671994322884
