clean_file,enhanced_file,sampling_rate,PESQ,SI_SDR,STOI,DNSMOS_p808_mos,DNSMOS_mos_sig,DNSMOS_mos_bak,DNSMOS_mos_ovr
p105_sentences_01_highpitch,WF_p105_sentences_01_highpitch_fold10_77927-3-0-0_SNR15dB.wav,16000,1.736893653869629,13.295125007629395,0.7625849843025208,2.8460264603296914,3.694659476048313,2.1823103238477892,2.2833426986624707
