clean_file,enhanced_file,sampling_rate,PESQ,SI_SDR,STOI,DNSMOS_p808_mos,DNSMOS_mos_sig,DNSMOS_mos_bak,DNSMOS_mos_ovr
p102_sentences_11_highpitch,WF_p102_sentences_11_highpitch_fold10_164194-2-0-11_SNR15dB.wav,16000,2.036970376968384,14.922143936157227,0.871827244758606,2.8267666498819985,3.8557754502273602,2.2044295160005265,2.648545113437122
