clean_file,enhanced_file,sampling_rate,PESQ,SI_SDR,STOI,DNSMOS_p808_mos,DNSMOS_mos_sig,DNSMOS_mos_bak,DNSMOS_mos_ovr
p104_sentences_19_regular,WF_p104_sentences_19_regular_fold10_30344-3-0-1_SNR15dB.wav,16000,2.0847909450531006,14.128218650817871,0.8378322124481201,3.8645229736963906,4.219139277962884,3.2859733184336624,3.37377660507768
