clean_file,enhanced_file,sampling_rate,PESQ,SI_SDR,STOI,DNSMOS_p808_mos,DNSMOS_mos_sig,DNSMOS_mos_bak,DNSMOS_mos_ovr
p104_emo_sadness_sentences,WF_p104_emo_sadness_sentences_fold10_196084-2-0-1_SNR15dB.wav,16000,2.185201406478882,14.382974624633789,0.8642958402633667,3.971041202545166,3.9352764197724737,2.605604456219427,2.712909453737768
