clean_file,enhanced_file,sampling_rate,PESQ,SI_SDR,STOI,DNSMOS_p808_mos,DNSMOS_mos_sig,DNSMOS_mos_bak,DNSMOS_mos_ovr
p103_emo_anger_freeform,WF_p103_emo_anger_freeform_fold10_165640-4-0-1_SNR15dB.wav,16000,2.069774866104126,19.977001190185547,0.9252831935882568,3.1302623748779297,3.8822535147018704,2.134168625076331,2.52251415836524
