clean_file,enhanced_file,sampling_rate,PESQ,SI_SDR,STOI,DNSMOS_p808_mos,DNSMOS_mos_sig,DNSMOS_mos_bak,DNSMOS_mos_ovr
p104_sentences_01_slow,WF_p104_sentences_01_slow_fold10_26344-4-0-0_SNR15dB.wav,16000,1.5296491384506226,14.373598098754883,0.7214512825012207,3.094034092766898,4.224496019949149,3.2891772271844344,3.3977940761807437
