clean_file,enhanced_file,sampling_rate,PESQ,SI_SDR,STOI,DNSMOS_p808_mos,DNSMOS_mos_sig,DNSMOS_mos_bak,DNSMOS_mos_ovr
p102_emo_interest_sentences,WF_p102_emo_interest_sentences_fold10_15544-5-0-15_SNR15dB.wav,16000,2.598581075668335,15.35905647277832,0.8026098012924194,3.6148682037989297,3.9251025724093815,2.8179850794831576,2.880081645556175
