clean_file,enhanced_file,sampling_rate,PESQ,SI_SDR,STOI,DNSMOS_p808_mos,DNSMOS_mos_sig,DNSMOS_mos_bak,DNSMOS_mos_ovr
p102_rainbow_01_whisper,WF_p102_rainbow_01_whisper_fold10_159742-8-0-2_SNR15dB.wav,16000,1.6507542133331299,12.023272514343262,0.8536462783813477,3.286154866218567,1.4296860177374426,2.849699993631468,1.296877500199809
