clean_file,enhanced_file,sampling_rate,PESQ,SI_SDR,STOI,DNSMOS_p808_mos,DNSMOS_mos_sig,DNSMOS_mos_bak,DNSMOS_mos_ovr
p105_rainbow_05_slow,WF_p105_rainbow_05_slow_fold10_74364-8-1-26_SNR15dB.wav,16000,1.5022166967391968,12.341035842895508,0.8788513541221619,3.4420132296425954,4.087708242334644,3.2125055180203286,3.1602365960076653
