clean_file,enhanced_file,sampling_rate,PESQ,SI_SDR,STOI,DNSMOS_p808_mos,DNSMOS_mos_sig,DNSMOS_mos_bak,DNSMOS_mos_ovr
p106_emo_pride_sentences,WF_p106_emo_pride_sentences_fold10_93567-8-0-9_SNR15dB.wav,16000,1.8038142919540405,14.636131286621094,0.8688720464706421,3.2827607154846192,4.060470358492262,2.4515624492952943,2.7620677829877414
