clean_file,enhanced_file,sampling_rate,PESQ,SI_SDR,STOI,DNSMOS_p808_mos,DNSMOS_mos_sig,DNSMOS_mos_bak,DNSMOS_mos_ovr
p103_rainbow_05_regular,WF_p103_rainbow_05_regular_fold10_180127-4-0-12_SNR15dB.wav,16000,2.167391061782837,13.664077758789062,0.8962485194206238,3.8077565601893832,4.339366486051332,4.365128496992568,3.93970429312091
