clean_file,enhanced_file,sampling_rate,PESQ,SI_SDR,STOI,DNSMOS_p808_mos,DNSMOS_mos_sig,DNSMOS_mos_bak,DNSMOS_mos_ovr
p102_sentences_12_highpitch,WF_p102_sentences_12_highpitch_fold10_164194-2-0-14_SNR15dB.wav,16000,1.5337390899658203,15.374671936035156,0.8435630798339844,2.88990847269694,3.5118093966892334,2.0696424670041886,2.30537085667615
