clean_file,enhanced_file,sampling_rate,PESQ,SI_SDR,STOI,DNSMOS_p808_mos,DNSMOS_mos_sig,DNSMOS_mos_bak,DNSMOS_mos_ovr
p104_nonverbal_screaming,WF_p104_nonverbal_screaming_fold10_197554-2-0-74_SNR15dB.wav,16000,2.249577045440674,16.526098251342773,0.6951889991760254,2.959601436342512,2.8337057252184765,1.7681457923490262,1.688228121856959
