clean_file,enhanced_file,sampling_rate,PESQ,SI_SDR,STOI,DNSMOS_p808_mos,DNSMOS_mos_sig,DNSMOS_mos_bak,DNSMOS_mos_ovr
p105_emo_extasy_sentences,WF_p105_emo_extasy_sentences_fold10_59513-3-0-1_SNR15dB.wav,16000,2.2450928688049316,14.592588424682617,0.8436914086341858,3.993530035018921,4.24956876105397,3.1002609909608063,3.2843540776846494
