clean_file,enhanced_file,sampling_rate,PESQ,SI_SDR,STOI,DNSMOS_p808_mos,DNSMOS_mos_sig,DNSMOS_mos_bak,DNSMOS_mos_ovr
p103_nonverbal_yelling,WF_p103_nonverbal_yelling_fold10_174292-6-0-0_SNR15dB.wav,16000,2.3653862476348877,14.988683700561523,0.8459129929542542,2.668574333190918,4.203717181788733,3.0365033079372394,3.128781957340714
