clean_file,enhanced_file,sampling_rate,PESQ,SI_SDR,STOI,DNSMOS_p808_mos,DNSMOS_mos_sig,DNSMOS_mos_bak,DNSMOS_mos_ovr
p103_rainbow_07_whisper,WF_p103_rainbow_07_whisper_fold10_180127-4-0-6_SNR15dB.wav,16000,1.2662017345428467,6.787216663360596,0.6043186187744141,3.2276757785252164,2.0394183294604242,3.8161315636030406,1.8897786270484456
