clean_file,enhanced_file,sampling_rate,PESQ,SI_SDR,STOI,DNSMOS_p808_mos,DNSMOS_mos_sig,DNSMOS_mos_bak,DNSMOS_mos_ovr
p102_emo_disgust_freeform,WF_p102_emo_disgust_freeform_fold10_155280-2-0-15_SNR15dB.wav,16000,2.3061699867248535,15.645898818969727,0.9631282687187195,3.6440091927846274,3.8647251671669545,2.3075092455248996,2.579996496341072
