clean_file,enhanced_file,sampling_rate,PESQ,SI_SDR,STOI,DNSMOS_p808_mos,DNSMOS_mos_sig,DNSMOS_mos_bak,DNSMOS_mos_ovr
p102_rainbow_06_fast,WF_p102_rainbow_06_fast_fold10_162134-7-13-0_SNR15dB.wav,16000,1.4886608123779297,14.799650192260742,0.9087696671485901,3.046263893445333,4.448010035628461,2.4464097175888413,3.066599678342863
