clean_file,enhanced_file,sampling_rate,PESQ,SI_SDR,STOI,DNSMOS_p808_mos,DNSMOS_mos_sig,DNSMOS_mos_bak,DNSMOS_mos_ovr
p102_sentences_01_slow,WF_p102_sentences_01_slow_fold10_162134-7-7-1_SNR15dB.wav,16000,1.2964335680007935,14.764724731445312,0.8393964767456055,3.6165047883987427,4.356820412298506,2.580883996922695,3.051661084561397
