clean_file,enhanced_file,sampling_rate,PESQ,SI_SDR,STOI,DNSMOS_p808_mos,DNSMOS_mos_sig,DNSMOS_mos_bak,DNSMOS_mos_ovr
p105_emo_confusion_freeform,WF_p105_emo_confusion_freeform_fold10_39847-5-0-5_SNR15dB.wav,16000,1.587841510772705,13.681146621704102,0.6849203705787659,2.9393911021096364,3.409994356057836,3.068201792869362,2.624932350241617
