clean_file,enhanced_file,sampling_rate,PESQ,SI_SDR,STOI,DNSMOS_p808_mos,DNSMOS_mos_sig,DNSMOS_mos_bak,DNSMOS_mos_ovr
p106_emo_fear_sentences,WF_p106_emo_fear_sentences_fold10_93567-8-0-17_SNR15dB.wav,16000,2.0785863399505615,16.249235153198242,0.8060348033905029,3.0832602977752686,3.692021186878179,2.21424081263271,2.4295971226703434
