clean_file,enhanced_file,sampling_rate,PESQ,SI_SDR,STOI,DNSMOS_p808_mos,DNSMOS_mos_sig,DNSMOS_mos_bak,DNSMOS_mos_ovr
p105_rainbow_04_highpitch,WF_p105_rainbow_04_highpitch_fold10_74364-8-1-16_SNR15dB.wav,16000,1.3618979454040527,12.341713905334473,0.8504291772842407,3.1014141695840016,4.002128486533286,2.908648617618403,2.901280751272064
