clean_file,enhanced_file,sampling_rate,PESQ,SI_SDR,STOI,DNSMOS_p808_mos,DNSMOS_mos_sig,DNSMOS_mos_bak,DNSMOS_mos_ovr
p103_sentences_21_regular,WF_p103_sentences_21_regular_fold10_188813-7-10-0_SNR15dB.wav,16000,1.8902950286865234,15.875134468078613,0.6791176795959473,2.9672939436776296,4.281029899254024,2.6328758114541597,3.0441608255653994
