clean_file,enhanced_file,sampling_rate,PESQ,SI_SDR,STOI,DNSMOS_p808_mos,DNSMOS_mos_sig,DNSMOS_mos_bak,DNSMOS_mos_ovr
p104_sentences_02_whisper,WF_p104_sentences_02_whisper_fold10_27070-2-0-8_SNR15dB.wav,16000,1.6712323427200317,13.759049415588379,0.8183056712150574,3.571340390614101,4.428403099612317,3.154525776085864,3.3783622618779168
