clean_file,enhanced_file,sampling_rate,PESQ,SI_SDR,STOI,DNSMOS_p808_mos,DNSMOS_mos_sig,DNSMOS_mos_bak,DNSMOS_mos_ovr
p102_rainbow_04_slow,WF_p102_rainbow_04_slow_fold10_162134-7-11-4_SNR15dB.wav,16000,1.3305861949920654,15.096952438354492,0.8842385411262512,3.360558557510376,4.541271999494798,2.5128864913829267,3.154403304524846
