clean_file,enhanced_file,sampling_rate,PESQ,SI_SDR,STOI,DNSMOS_p808_mos,DNSMOS_mos_sig,DNSMOS_mos_bak,DNSMOS_mos_ovr
p102_emo_interest_freeform,WF_p102_emo_interest_freeform_fold10_15544-5-0-14_SNR15dB.wav,16000,2.601834535598755,14.595602035522461,0.8770482540130615,3.7232771260397777,4.265082155197139,2.67728592900803,3.0597692582252805
