clean_file,enhanced_file,sampling_rate,PESQ,SI_SDR,STOI,DNSMOS_p808_mos,DNSMOS_mos_sig,DNSMOS_mos_bak,DNSMOS_mos_ovr
p105_rainbow_06_fast,WF_p105_rainbow_06_fast_fold10_74364-8-1-3_SNR15dB.wav,16000,1.580535650253296,13.433429718017578,0.9187134504318237,3.674381732940674,4.353887932248474,3.1356916540952273,3.42882779835806
