clean_file,enhanced_file,sampling_rate,PESQ,SI_SDR,STOI,DNSMOS_p808_mos,DNSMOS_mos_sig,DNSMOS_mos_bak,DNSMOS_mos_ovr
p105_sentences_14_lowpitch,WF_p105_sentences_14_lowpitch_fold10_83195-9-0-3_SNR15dB.wav,16000,2.242865562438965,16.553516387939453,0.6550795435905457,3.01088615826198,3.2138863167535363,2.806761077932659,2.4867563988294603
