clean_file,enhanced_file,sampling_rate,PESQ,SI_SDR,STOI,DNSMOS_p808_mos,DNSMOS_mos_sig,DNSMOS_mos_bak,DNSMOS_mos_ovr
p105_rainbow_04_regular,WF_p105_rainbow_04_regular_fold10_74364-8-1-19_SNR15dB.wav,16000,1.524888515472412,13.812995910644531,0.882117748260498,3.5743771961757114,4.227939773170602,3.2494295390161447,3.3311082949151816
