clean_file,enhanced_file,sampling_rate,PESQ,SI_SDR,STOI,DNSMOS_p808_mos,DNSMOS_mos_sig,DNSMOS_mos_bak,DNSMOS_mos_ovr
p104_rainbow_07_highpitch,WF_p104_rainbow_07_highpitch_fold10_208652-8-6-0_SNR15dB.wav,16000,1.5226099491119385,15.841148376464844,0.9282122850418091,3.3145246846335277,4.214549097405715,2.811984936287025,3.076520813612094
