clean_file,enhanced_file,sampling_rate,PESQ,SI_SDR,STOI,DNSMOS_p808_mos,DNSMOS_mos_sig,DNSMOS_mos_bak,DNSMOS_mos_ovr
p102_rainbow_01_highpitch,WF_p102_rainbow_01_highpitch_fold10_159742-8-0-10_SNR15dB.wav,16000,2.252223014831543,15.656648635864258,0.8826476335525513,3.8884665966033936,3.5283524883495123,1.9462959846686232,2.1502380189436123
