clean_file,enhanced_file,sampling_rate,PESQ,SI_SDR,STOI,DNSMOS_p808_mos,DNSMOS_mos_sig,DNSMOS_mos_bak,DNSMOS_mos_ovr
p104_rainbow_02_highpitch,WF_p104_rainbow_02_highpitch_fold10_200460-6-4-0_SNR15dB.wav,16000,1.6606533527374268,14.92521858215332,0.9443190693855286,3.8413798014322915,4.316142263454203,4.269523085382741,3.964207142118925
