clean_file,enhanced_file,sampling_rate,PESQ,SI_SDR,STOI,DNSMOS_p808_mos,DNSMOS_mos_sig,DNSMOS_mos_bak,DNSMOS_mos_ovr
p102_nonverbal_screaming,WF_p102_nonverbal_screaming_fold10_159709-6-0-0_SNR15dB.wav,16000,2.5266215801239014,15.235419273376465,0.809109628200531,2.2929534912109375,3.5877048282660557,2.13638911015289,2.257544608424814
