clean_file,enhanced_file,sampling_rate,PESQ,SI_SDR,STOI,DNSMOS_p808_mos,DNSMOS_mos_sig,DNSMOS_mos_bak,DNSMOS_mos_ovr
p103_emo_amusement_sentences,WF_p103_emo_amusement_sentences_fold10_165640-4-0-0_SNR15dB.wav,16000,1.7426929473876953,15.504644393920898,0.6403757333755493,3.393900712331136,4.503217976241207,2.8030966039732195,3.2463152734969767
