clean_file,enhanced_file,sampling_rate,PESQ,SI_SDR,STOI,DNSMOS_p808_mos,DNSMOS_mos_sig,DNSMOS_mos_bak,DNSMOS_mos_ovr
p102_sentences_01_regular,WF_p102_sentences_01_regular_fold10_162134-7-7-0_SNR15dB.wav,16000,1.448618769645691,14.36971664428711,0.7671686410903931,3.5709758400917053,4.162965415240339,2.3451686135167056,2.7435615007659386
