clean_file,enhanced_file,sampling_rate,PESQ,SI_SDR,STOI,DNSMOS_p808_mos,DNSMOS_mos_sig,DNSMOS_mos_bak,DNSMOS_mos_ovr
p101_emo_desire_freeform,WF_p101_emo_desire_freeform_fold10_101382-2-0-33_SNR15dB.wav,16000,1.7409651279449463,12.721626281738281,0.8008769154548645,3.0825990438461304,4.256324350309942,2.50035909672993,2.9463270873557668
