clean_file,enhanced_file,sampling_rate,PESQ,SI_SDR,STOI,DNSMOS_p808_mos,DNSMOS_mos_sig,DNSMOS_mos_bak,DNSMOS_mos_ovr
p101_rainbow_08_whisper,WF_p101_rainbow_08_whisper_fold10_128470-3-0-8_SNR15dB.wav,16000,1.8841383457183838,13.194161415100098,0.8344440460205078,3.551844222205026,4.425295692824807,2.7558349890110017,3.2128261538556573
