clean_file,enhanced_file,sampling_rate,PESQ,SI_SDR,STOI,DNSMOS_p808_mos,DNSMOS_mos_sig,DNSMOS_mos_bak,DNSMOS_mos_ovr
p103_sentences_01_fast,WF_p103_sentences_01_fast_fold10_181624-4-2-0_SNR15dB.wav,16000,1.6543867588043213,17.910873413085938,0.9517471790313721,3.252634286880493,4.051903480943564,2.747074358289688,2.990679081410195
