clean_file,enhanced_file,sampling_rate,PESQ,SI_SDR,STOI,DNSMOS_p808_mos,DNSMOS_mos_sig,DNSMOS_mos_bak,DNSMOS_mos_ovr
p102_rainbow_06_whisper,WF_p102_rainbow_06_whisper_fold10_162134-7-14-1_SNR15dB.wav,16000,1.2875802516937256,11.149879455566406,0.8467739224433899,3.1415293216705322,1.6207130650151949,3.0338191474434115,1.4651692713836002
