clean_file,enhanced_file,sampling_rate,PESQ,SI_SDR,STOI,DNSMOS_p808_mos,DNSMOS_mos_sig,DNSMOS_mos_bak,DNSMOS_mos_ovr
p104_emo_disgust_freeform,WF_p104_emo_disgust_freeform_fold10_189982-0-0-3_SNR15dB.wav,16000,2.7174720764160156,15.290894508361816,0.5652279257774353,3.097577969233195,3.728407419931303,3.542007205516327,3.0835072463371422
