clean_file,enhanced_file,sampling_rate,PESQ,SI_SDR,STOI,DNSMOS_p808_mos,DNSMOS_mos_sig,DNSMOS_mos_bak,DNSMOS_mos_ovr
p102_emo_adoration_sentences,WF_p102_emo_adoration_sentences_fold10_155241-9-0-50_SNR15dB.wav,16000,1.9878437519073486,14.168366432189941,0.86736661195755,3.2787420749664307,4.214323345644757,2.4799349779016007,2.9187444739877053
