clean_file,enhanced_file,sampling_rate,PESQ,SI_SDR,STOI,DNSMOS_p808_mos,DNSMOS_mos_sig,DNSMOS_mos_bak,DNSMOS_mos_ovr
p101_sentences_14_lowpitch,WF_p101_sentences_14_lowpitch_fold10_14468-3-1-0_SNR15dB.wav,16000,2.662782669067383,14.954721450805664,0.9494656920433044,3.550915559132894,4.361549294905369,3.185833739686013,3.4950980111713696
