clean_file,enhanced_file,sampling_rate,PESQ,SI_SDR,STOI,DNSMOS_p808_mos,DNSMOS_mos_sig,DNSMOS_mos_bak,DNSMOS_mos_ovr
p104_rainbow_05_lowpitch,WF_p104_rainbow_05_lowpitch_fold10_20571-3-1-0_SNR15dB.wav,16000,1.655460238456726,18.41561508178711,0.9426892399787903,3.3440661430358887,4.35395855257272,3.098860688867924,3.401788041743979
