clean_file,enhanced_file,sampling_rate,PESQ,SI_SDR,STOI,DNSMOS_p808_mos,DNSMOS_mos_sig,DNSMOS_mos_bak,DNSMOS_mos_ovr
p101_emo_serenity_sentences,WF_p101_emo_serenity_sentences_fold10_102857-5-0-5_SNR15dB.wav,16000,2.4996044635772705,12.450655937194824,0.894997239112854,3.6196866035461426,3.9390272102321364,4.1549862303180785,3.5420637199719622
