clean_file,enhanced_file,sampling_rate,PESQ,SI_SDR,STOI,DNSMOS_p808_mos,DNSMOS_mos_sig,DNSMOS_mos_bak,DNSMOS_mos_ovr
p105_sentences_02_loud,WF_p105_sentences_02_loud_fold10_7965-3-11-0_SNR15dB.wav,16000,2.298908233642578,13.657551765441895,0.7946838140487671,3.886413437979562,4.528394097184657,3.409039137606481,3.7028769105212893
