clean_file,enhanced_file,sampling_rate,PESQ,SI_SDR,STOI,DNSMOS_p808_mos,DNSMOS_mos_sig,DNSMOS_mos_bak,DNSMOS_mos_ovr
p101_rainbow_08_loud,WF_p101_rainbow_08_loud_fold10_128240-3-0-42_SNR15dB.wav,16000,1.7645714282989502,14.88947868347168,0.9288484454154968,3.495793104171753,4.198781337249995,1.935488046286407,2.5554258253570024
