clean_file,enhanced_file,sampling_rate,PESQ,SI_SDR,STOI,DNSMOS_p808_mos,DNSMOS_mos_sig,DNSMOS_mos_bak,DNSMOS_mos_ovr
p102_rainbow_01_regular,WF_p102_rainbow_01_regular_fold10_159742-8-0-13_SNR15dB.wav,16000,1.7385811805725098,15.163652420043945,0.8844252824783325,3.5731019973754883,4.207575184054236,3.056485558291275,3.271241091278953
