clean_file,enhanced_file,sampling_rate,PESQ,SI_SDR,STOI,DNSMOS_p808_mos,DNSMOS_mos_sig,DNSMOS_mos_bak,DNSMOS_mos_ovr
p101_rainbow_07_lowpitch,WF_p101_rainbow_07_lowpitch_fold10_119067-0-0-0_SNR15dB.wav,16000,1.775172472000122,13.821839332580566,0.9020614624023438,3.0476766427357993,3.966688895643369,3.06142587455955,3.120036882747742
