clean_file,enhanced_file,sampling_rate,PESQ,SI_SDR,STOI,DNSMOS_p808_mos,DNSMOS_mos_sig,DNSMOS_mos_bak,DNSMOS_mos_ovr
p101_rainbow_06_slow,WF_p101_rainbow_06_slow_fold10_118558-5-1-2_SNR15dB.wav,16000,2.5074410438537598,12.72106647491455,0.7616537809371948,3.5278127874646867,3.6188081959848586,4.1914612924478645,3.290411734444026
