clean_file,enhanced_file,sampling_rate,PESQ,SI_SDR,STOI,DNSMOS_p808_mos,DNSMOS_mos_sig,DNSMOS_mos_bak,DNSMOS_mos_ovr
p105_sentences_15_regular,WF_p105_sentences_15_regular_fold10_83195-9-0-6_SNR15dB.wav,16000,1.8714051246643066,12.79813289642334,0.6266665458679199,2.904927134513855,4.015639452444601,2.9624023838784503,3.0373144314806098
