clean_file,enhanced_file,sampling_rate,PESQ,SI_SDR,STOI,DNSMOS_p808_mos,DNSMOS_mos_sig,DNSMOS_mos_bak,DNSMOS_mos_ovr
p106_nonverbal_laughter_open,WF_p106_nonverbal_laughter_open_fold10_99192-4-0-40_SNR15dB.wav,16000,1.326812982559204,11.762391090393066,0.6826552748680115,2.571911334991455,2.391942036365839,2.2607505358549806,1.8415431485165663
