clean_file,enhanced_file,sampling_rate,PESQ,SI_SDR,STOI,DNSMOS_p808_mos,DNSMOS_mos_sig,DNSMOS_mos_bak,DNSMOS_mos_ovr
p104_nonverbal_crying,WF_p104_nonverbal_crying_fold10_197554-2-0-3_SNR15dB.wav,16000,2.2868597507476807,15.554170608520508,0.8560327887535095,2.609956383705139,3.543506306358851,2.5732776261427732,2.4702583667452647
