clean_file,enhanced_file,sampling_rate,PESQ,SI_SDR,STOI,DNSMOS_p808_mos,DNSMOS_mos_sig,DNSMOS_mos_bak,DNSMOS_mos_ovr
p105_rainbow_07_regular,WF_p105_rainbow_07_regular_fold10_74922-4-0-4_SNR15dB.wav,16000,1.804596185684204,15.750025749206543,0.8408161401748657,3.3508923053741455,4.016034803810347,3.5130800744685664,3.338982806273884
