clean_file,enhanced_file,sampling_rate,PESQ,SI_SDR,STOI,DNSMOS_p808_mos,DNSMOS_mos_sig,DNSMOS_mos_bak,DNSMOS_mos_ovr
p101_emo_sadness_freeform,WF_p101_emo_sadness_freeform_fold10_102857-5-0-3_SNR15dB.wav,16000,2.7170772552490234,14.509866714477539,0.9194673895835876,3.76985502243042,4.2870690463600045,3.7723216547080543,3.6858132618274504
