clean_file,enhanced_file,sampling_rate,PESQ,SI_SDR,STOI,DNSMOS_p808_mos,DNSMOS_mos_sig,DNSMOS_mos_bak,DNSMOS_mos_ovr
p102_sentences_05_loud,WF_p102_sentences_05_loud_fold10_162134-7-9-2_SNR15dB.wav,16000,1.5206718444824219,17.135459899902344,0.8511311411857605,2.912508408228556,3.9265311884562366,2.3604487507547307,2.7415052905159096
