clean_file,enhanced_file,sampling_rate,PESQ,SI_SDR,STOI,DNSMOS_p808_mos,DNSMOS_mos_sig,DNSMOS_mos_bak,DNSMOS_mos_ovr
p102_emo_extasy_sentences,WF_p102_emo_extasy_sentences_fold10_15544-5-0-1_SNR15dB.wav,16000,2.4422645568847656,18.40713119506836,0.9615009427070618,3.3620266233171736,3.3180840173037827,2.241363147621964,2.2884627767590606
