clean_file,enhanced_file,sampling_rate,PESQ,SI_SDR,STOI,DNSMOS_p808_mos,DNSMOS_mos_sig,DNSMOS_mos_bak,DNSMOS_mos_ovr
p101_emo_distress_sentences,WF_p101_emo_distress_sentences_fold10_102857-5-0-10_SNR15dB.wav,16000,2.4895248413085938,15.867692947387695,0.9652574062347412,3.3914977073669434,3.30678967479207,2.227952283087421,2.2374857928835272
