clean_file,enhanced_file,sampling_rate,PESQ,SI_SDR,STOI,DNSMOS_p808_mos,DNSMOS_mos_sig,DNSMOS_mos_bak,DNSMOS_mos_ovr
p106_emo_pain_sentences,WF_p106_emo_pain_sentences_fold10_93567-8-0-7_SNR15dB.wav,16000,1.9388841390609741,15.187551498413086,0.8118403553962708,3.162298262119293,3.8550284653362046,2.679698757784653,2.7596419140622297
