clean_file,enhanced_file,sampling_rate,PESQ,SI_SDR,STOI,DNSMOS_p808_mos,DNSMOS_mos_sig,DNSMOS_mos_bak,DNSMOS_mos_ovr
p101_vegetative_yawning,WF_p101_vegetative_yawning_fold10_147491-9-2-32_SNR15dB.wav,16000,1.972388505935669,16.12776756286621,0.5572730302810669,2.4154579639434814,2.3237465550373546,2.886627811440052,1.9266719056292538
