clean_file,enhanced_file,sampling_rate,PESQ,SI_SDR,STOI,DNSMOS_p808_mos,DNSMOS_mos_sig,DNSMOS_mos_bak,DNSMOS_mos_ovr
p105_emo_extasy_freeform,WF_p105_emo_extasy_freeform_fold10_59513-3-0-0_SNR15dB.wav,16000,2.8261070251464844,14.572118759155273,0.8105806708335876,3.4612128734588623,3.8498992650067154,2.629788363100962,2.7431505833884415
