clean_file,enhanced_file,sampling_rate,PESQ,SI_SDR,STOI,DNSMOS_p808_mos,DNSMOS_mos_sig,DNSMOS_mos_bak,DNSMOS_mos_ovr
p104_vegetative_sneezing,WF_p104_vegetative_sneezing_fold10_34050-7-5-0_SNR15dB.wav,16000,1.8672599792480469,16.238019943237305,0.549811065196991,2.4960283835728965,2.389019628399701,2.3434223990381633,1.8027202738667898
