clean_file,enhanced_file,sampling_rate,PESQ,SI_SDR,STOI,DNSMOS_p808_mos,DNSMOS_mos_sig,DNSMOS_mos_bak,DNSMOS_mos_ovr
p104_sentences_03_whisper,WF_p104_sentences_03_whisper_fold10_28808-1-0-0_SNR15dB.wav,16000,1.5232298374176025,11.511467933654785,0.6298940181732178,2.742505209786551,2.8961263217204194,2.645962183486412,1.9762233402379148
