clean_file,enhanced_file,sampling_rate,PESQ,SI_SDR,STOI,DNSMOS_p808_mos,DNSMOS_mos_sig,DNSMOS_mos_bak,DNSMOS_mos_ovr
p104_emo_neutral_freeform,WF_p104_emo_neutral_freeform_fold10_189985-0-0-0_SNR15dB.wav,16000,1.4432096481323242,16.591367721557617,0.9048064947128296,3.16286838054657,3.9636944189044545,3.1259088509025417,3.0415942811663217
