clean_file,enhanced_file,sampling_rate,PESQ,SI_SDR,STOI,DNSMOS_p808_mos,DNSMOS_mos_sig,DNSMOS_mos_bak,DNSMOS_mos_ovr
p103_rainbow_03_fast,WF_p103_rainbow_03_fast_fold10_178261-7-3-4_SNR15dB.wav,16000,1.6624372005462646,16.142976760864258,0.9664082527160645,3.348556121190389,4.409268018329947,3.394747931464346,3.5599226224819627
