clean_file,enhanced_file,sampling_rate,PESQ,SI_SDR,STOI,DNSMOS_p808_mos,DNSMOS_mos_sig,DNSMOS_mos_bak,DNSMOS_mos_ovr
p102_sentences_13_lowpitch,WF_p102_sentences_13_lowpitch_fold10_164194-2-0-18_SNR15dB.wav,16000,1.8715572357177734,14.721853256225586,0.8366367816925049,3.05914568901062,4.187649831491575,2.432865930522701,2.9138161753631193
