clean_file,enhanced_file,sampling_rate,PESQ,SI_SDR,STOI,DNSMOS_p808_mos,DNSMOS_mos_sig,DNSMOS_mos_bak,DNSMOS_mos_ovr
p103_emo_realization_sentences,WF_p103_emo_realization_sentences_fold10_17124-1-0-0_SNR15dB.wav,16000,1.548545002937317,13.852347373962402,0.759935736656189,3.4091839449746266,4.263276254960826,2.7336654456683687,3.046287806326169
