clean_file,enhanced_file,sampling_rate,PESQ,SI_SDR,STOI,DNSMOS_p808_mos,DNSMOS_mos_sig,DNSMOS_mos_bak,DNSMOS_mos_ovr
p106_interjection_anger,WF_p106_interjection_anger_fold10_99192-4-0-26_SNR15dB.wav,16000,1.6543633937835693,14.362640380859375,0.7443022131919861,3.0269606794629778,4.058482108408609,2.225048429260821,2.604889789972622
