clean_file,enhanced_file,sampling_rate,PESQ,SI_SDR,STOI,DNSMOS_p808_mos,DNSMOS_mos_sig,DNSMOS_mos_bak,DNSMOS_mos_ovr
p103_rainbow_04_highpitch,WF_p103_rainbow_04_highpitch_fold10_178826-2-0-17_SNR15dB.wav,16000,1.6481118202209473,15.387574195861816,0.7635471224784851,2.7226084981645857,3.6639140511453836,2.2453050194142454,2.357102338672799
