clean_file,enhanced_file,sampling_rate,PESQ,SI_SDR,STOI,DNSMOS_p808_mos,DNSMOS_mos_sig,DNSMOS_mos_bak,DNSMOS_mos_ovr
p105_rainbow_03_slow,WF_p105_rainbow_03_slow_fold10_74364-8-1-13_SNR15dB.wav,16000,1.5518453121185303,10.481035232543945,0.7913179993629456,3.2492687702178955,3.5299426984774507,3.3452383496938327,2.835845446060869
