clean_file,enhanced_file,sampling_rate,PESQ,SI_SDR,STOI,DNSMOS_p808_mos,DNSMOS_mos_sig,DNSMOS_mos_bak,DNSMOS_mos_ovr
p102_rainbow_04_loud,WF_p102_rainbow_04_loud_fold10_162134-7-11-1_SNR15dB.wav,16000,1.2889299392700195,15.820917129516602,0.9309732913970947,3.089106877644857,4.3158632019023395,1.9113958903414812,2.5834827157158458
