clean_file,enhanced_file,sampling_rate,PESQ,SI_SDR,STOI,DNSMOS_p808_mos,DNSMOS_mos_sig,DNSMOS_mos_bak,DNSMOS_mos_ovr
p103_sentences_14_lowpitch,WF_p103_sentences_14_lowpitch_fold10_188497-2-0-17_SNR15dB.wav,16000,1.9761736392974854,16.579044342041016,0.7963912487030029,2.910064016069685,3.996426729990561,2.4246767580680966,2.709672708481327
