clean_file,enhanced_file,sampling_rate,PESQ,SI_SDR,STOI,DNSMOS_p808_mos,DNSMOS_mos_sig,DNSMOS_mos_bak,DNSMOS_mos_ovr
p104_sentences_17_regular,WF_p104_sentences_17_regular_fold10_2937-1-0-0_SNR15dB.wav,16000,2.0934536457061768,18.13033676147461,0.855353057384491,2.8494595800127303,3.734100810701535,3.0601014375853546,2.911080802766572
