clean_file,enhanced_file,sampling_rate,PESQ,SI_SDR,STOI,DNSMOS_p808_mos,DNSMOS_mos_sig,DNSMOS_mos_bak,DNSMOS_mos_ovr
p102_interjection_congratulations,WF_p102_interjection_congratulations_fold10_157207-6-3-0_SNR15dB.wav,16000,1.5639857053756714,15.676668167114258,0.881874144077301,3.3711349623543874,4.273411520767142,3.4567117295760066,3.4940332986674782
