clean_file,enhanced_file,sampling_rate,PESQ,SI_SDR,STOI,DNSMOS_p808_mos,DNSMOS_mos_sig,DNSMOS_mos_bak,DNSMOS_mos_ovr
p101_nonverbal_yelling,WF_p101_nonverbal_yelling_fold10_106014-5-0-4_SNR15dB.wav,16000,1.9362096786499023,19.390918731689453,0.828528106212616,2.3105201721191406,3.860304175393691,2.018102821390335,2.5387155281848908
