clean_file,enhanced_file,sampling_rate,PESQ,SI_SDR,STOI,DNSMOS_p808_mos,DNSMOS_mos_sig,DNSMOS_mos_bak,DNSMOS_mos_ovr
p102_rainbow_06_loud,WF_p102_rainbow_06_loud_fold10_162134-7-13-2_SNR15dB.wav,16000,1.4932698011398315,16.6177978515625,0.9294893145561218,2.787445068359375,4.114919311541219,2.4023761574673808,2.844630286308585
