clean_file,enhanced_file,sampling_rate,PESQ,SI_SDR,STOI,DNSMOS_p808_mos,DNSMOS_mos_sig,DNSMOS_mos_bak,DNSMOS_mos_ovr
p106_emo_extasy_freeform,WF_p106_emo_extasy_freeform_fold10_93567-8-0-14_SNR15dB.wav,16000,1.7851752042770386,17.088809967041016,0.8557149171829224,2.9853172302246094,3.6961697790162584,2.365892301386908,2.5558314911930777
