clean_file,enhanced_file,sampling_rate,PESQ,SI_SDR,STOI,DNSMOS_p808_mos,DNSMOS_mos_sig,DNSMOS_mos_bak,DNSMOS_mos_ovr
p106_emo_embarassment_freeform,WF_p106_emo_embarassment_freeform_fold10_93567-8-0-12_SNR15dB.wav,16000,1.8235187530517578,15.804422378540039,0.7616232633590698,2.646056924547468,3.5374196238580486,2.1705798956674154,2.183466864935915
