clean_file,enhanced_file,sampling_rate,PESQ,SI_SDR,STOI,DNSMOS_p808_mos,DNSMOS_mos_sig,DNSMOS_mos_bak,DNSMOS_mos_ovr
p102_rainbow_07_fast,WF_p102_rainbow_07_fast_fold10_162134-7-14-2_SNR15dB.wav,16000,1.314066767692566,12.911735534667969,0.9187593460083008,3.248311758041382,3.9639133429982536,2.1997812260954306,2.612895083731701
