clean_file,enhanced_file,sampling_rate,PESQ,SI_SDR,STOI,DNSMOS_p808_mos,DNSMOS_mos_sig,DNSMOS_mos_bak,DNSMOS_mos_ovr
p105_emo_neutral_freeform,WF_p105_emo_neutral_freeform_fold10_69661-3-0-29_SNR15dB.wav,16000,1.3587373495101929,8.639701843261719,0.5732817649841309,3.1949833631515503,3.856463869709604,3.8748220222378658,3.3662808255498318
