clean_file,enhanced_file,sampling_rate,PESQ,SI_SDR,STOI,DNSMOS_p808_mos,DNSMOS_mos_sig,DNSMOS_mos_bak,DNSMOS_mos_ovr
p105_interjection_congratulations,WF_p105_interjection_congratulations_fold10_73524-0-0-105_SNR15dB.wav,16000,3.0403811931610107,18.375999450683594,0.7103186249732971,2.914862428392683,3.3711962769243335,3.3923065334641764,2.803201766537634
