clean_file,enhanced_file,sampling_rate,PESQ,SI_SDR,STOI,DNSMOS_p808_mos,DNSMOS_mos_sig,DNSMOS_mos_bak,DNSMOS_mos_ovr
p102_rainbow_02_regular,WF_p102_rainbow_02_regular_fold10_159742-8-0-7_SNR15dB.wav,16000,1.9335508346557617,14.765639305114746,0.9444935321807861,3.91166098912557,4.232297622934406,2.1212893226848766,2.675516293381851
