clean_file,enhanced_file,sampling_rate,PESQ,SI_SDR,STOI,DNSMOS_p808_mos,DNSMOS_mos_sig,DNSMOS_mos_bak,DNSMOS_mos_ovr
p104_rainbow_02_whisper,WF_p104_rainbow_02_whisper_fold10_200786-5-1-2_SNR15dB.wav,16000,1.7085109949111938,6.643640518188477,0.8235125541687012,3.4304402555738176,2.821507655883504,3.773878191319562,2.3877229821494863
