clean_file,enhanced_file,sampling_rate,PESQ,SI_SDR,STOI,DNSMOS_p808_mos,DNSMOS_mos_sig,DNSMOS_mos_bak,DNSMOS_mos_ovr
p105_rainbow_05_regular,WF_p105_rainbow_05_regular_fold10_74364-8-1-25_SNR15dB.wav,16000,1.7729045152664185,12.397359848022461,0.8293087482452393,3.4136828013828824,4.300919417906718,3.3044322198607605,3.471876024390027
