clean_file,enhanced_file,sampling_rate,PESQ,SI_SDR,STOI,DNSMOS_p808_mos,DNSMOS_mos_sig,DNSMOS_mos_bak,DNSMOS_mos_ovr
p104_rainbow_05_highpitch,WF_p104_rainbow_05_highpitch_fold10_205013-6-0-0_SNR15dB.wav,16000,1.7586389780044556,15.033092498779297,0.9016327857971191,3.0793420871098838,3.878855696660516,3.2667322048941405,3.1210524957674504
