clean_file,enhanced_file,sampling_rate,PESQ,SI_SDR,STOI,DNSMOS_p808_mos,DNSMOS_mos_sig,DNSMOS_mos_bak,DNSMOS_mos_ovr
p105_emo_amazement_freeform,WF_p105_emo_amazement_freeform_fold10_39847-5-0-10_SNR15dB.wav,16000,1.7576260566711426,14.270271301269531,0.6361166834831238,2.672429084777832,3.335621365612528,2.920949703683248,2.582245221572278
