clean_file,enhanced_file,sampling_rate,PESQ,SI_SDR,STOI,DNSMOS_p808_mos,DNSMOS_mos_sig,DNSMOS_mos_bak,DNSMOS_mos_ovr
p101_rainbow_03_regular,WF_p101_rainbow_03_regular_fold10_117889-9-0-36_SNR15dB.wav,16000,2.301743268966675,14.263391494750977,0.9342291355133057,3.4222397804260254,3.7974706843727937,2.5207817275417845,2.694455297887191
