clean_file,enhanced_file,sampling_rate,PESQ,SI_SDR,STOI,DNSMOS_p808_mos,DNSMOS_mos_sig,DNSMOS_mos_bak,DNSMOS_mos_ovr
p101_rainbow_05_fast,WF_p101_rainbow_05_fast_fold10_118278-4-0-3_SNR15dB.wav,16000,2.5283498764038086,15.076286315917969,0.9680794477462769,3.638188600540161,4.436377267645606,3.379428073402901,3.6212621968497394
