clean_file,enhanced_file,sampling_rate,PESQ,SI_SDR,STOI,DNSMOS_p808_mos,DNSMOS_mos_sig,DNSMOS_mos_bak,DNSMOS_mos_ovr
p101_vegetative_coughing,WF_p101_vegetative_coughing_fold10_147491-9-0-0_SNR15dB.wav,16000,2.4715962409973145,15.725761413574219,0.7173603773117065,2.1165294647216797,1.6129410580390904,2.435080254060042,1.3861152539261377
