clean_file,enhanced_file,sampling_rate,PESQ,SI_SDR,STOI,DNSMOS_p808_mos,DNSMOS_mos_sig,DNSMOS_mos_bak,DNSMOS_mos_ovr
p104_rainbow_03_whisper,WF_p104_rainbow_03_whisper_fold10_202334-9-0-202_SNR15dB.wav,16000,1.5140161514282227,7.386406898498535,0.8060160875320435,2.575031042098999,2.394553827620861,3.205366585103587,1.9286886775402738
