clean_file,enhanced_file,sampling_rate,PESQ,SI_SDR,STOI,DNSMOS_p808_mos,DNSMOS_mos_sig,DNSMOS_mos_bak,DNSMOS_mos_ovr
p101_emo_anger_sentences,WF_p101_emo_anger_sentences_fold10_100795-3-1-1_SNR15dB.wav,16000,1.892806053161621,15.11053466796875,0.9498711824417114,3.6152452741350447,4.374354212572799,2.3977515332206134,2.9630393447088914
