clean_file,enhanced_file,sampling_rate,PESQ,SI_SDR,STOI,DNSMOS_p808_mos,DNSMOS_mos_sig,DNSMOS_mos_bak,DNSMOS_mos_ovr
p105_sentences_19_regular,WF_p105_sentences_19_regular_fold10_83502-0-0-10_SNR15dB.wav,16000,1.6035866737365723,11.925485610961914,0.6955654621124268,3.0661406176430837,3.920055444190744,3.2300410620180955,3.1167423330267825
