clean_file,enhanced_file,sampling_rate,PESQ,SI_SDR,STOI,DNSMOS_p808_mos,DNSMOS_mos_sig,DNSMOS_mos_bak,DNSMOS_mos_ovr
p105_emo_realization_sentences,WF_p105_emo_realization_sentences_fold10_72220-3-2-2_SNR15dB.wav,16000,1.7437481880187988,13.70766830444336,0.7752924561500549,2.9970245020730153,4.007205215266292,2.573703203907398,2.855580354776977
