clean_file,enhanced_file,sampling_rate,PESQ,SI_SDR,STOI,DNSMOS_p808_mos,DNSMOS_mos_sig,DNSMOS_mos_bak,DNSMOS_mos_ovr
p105_sentences_01_slow,WF_p105_sentences_01_slow_fold10_7913-3-0-0_SNR5dB.wav,16000,1.2590949535369873,3.227416515350342,0.6237519383430481,3.1653907980237688,3.875421744300154,3.020870155439487,2.894948091991561
