clean_file,enhanced_file,sampling_rate,PESQ,SI_SDR,STOI,DNSMOS_p808_mos,DNSMOS_mos_sig,DNSMOS_mos_bak,DNSMOS_mos_ovr
p101_sentences_09_fast,WF_p101_sentences_09_fast_fold10_141240-5-0-0_SNR5dB.wav,16000,1.5725390911102295,7.5659637451171875,0.8565201759338379,2.7999954223632812,3.292280639116611,2.9376110471450008,2.5446062694929266
