clean_file,enhanced_file,sampling_rate,PESQ,SI_SDR,STOI,DNSMOS_p808_mos,DNSMOS_mos_sig,DNSMOS_mos_bak,DNSMOS_mos_ovr
p105_vegetative_eating,WF_p105_vegetative_eating_fold10_83502-0-0-5_SNR5dB.wav,16000,1.0146673917770386,3.6089680194854736,0.41283419728279114,2.343378782272339,1.7662339047094127,3.3854304693274244,1.5042877431050936
