clean_file,enhanced_file,sampling_rate,PESQ,SI_SDR,STOI,DNSMOS_p808_mos,DNSMOS_mos_sig,DNSMOS_mos_bak,DNSMOS_mos_ovr
p105_rainbow_01_whisper,WF_p105_rainbow_01_whisper_fold10_73524-0-0-6_SNR5dB.wav,16000,1.1610430479049683,3.806920051574707,0.7382495999336243,2.7946536540985107,2.1052285477140265,3.4947555256680705,1.7756488334021747
