clean_file,enhanced_file,sampling_rate,PESQ,SI_SDR,STOI,DNSMOS_p808_mos,DNSMOS_mos_sig,DNSMOS_mos_bak,DNSMOS_mos_ovr
p101_sentences_02_loud,WF_p101_sentences_02_loud_fold10_136558-9-0-2_SNR5dB.wav,16000,1.4766913652420044,5.190822601318359,0.8957547545433044,2.7490307490030923,3.8739062843074,1.4223476680369778,1.7923877791830238
