clean_file,enhanced_file,sampling_rate,PESQ,SI_SDR,STOI,DNSMOS_p808_mos,DNSMOS_mos_sig,DNSMOS_mos_bak,DNSMOS_mos_ovr
p104_sentences_02_loud,WF_p104_sentences_02_loud_fold10_27070-2-0-3_SNR5dB.wav,16000,1.2051136493682861,7.881808280944824,0.7995994687080383,2.7213242394583568,4.120172800140416,1.9215943824080484,2.5343728994551595
