clean_file,enhanced_file,sampling_rate,PESQ,SI_SDR,STOI,DNSMOS_p808_mos,DNSMOS_mos_sig,DNSMOS_mos_bak,DNSMOS_mos_ovr
p103_emo_pain_sentences,WF_p103_emo_pain_sentences_fold10_167750-4-2-0_SNR5dB.wav,16000,1.092905879020691,5.267805576324463,0.55926913022995,2.5562450289726257,4.076372554365985,1.8234116599724124,2.0916335936821664
