clean_file,enhanced_file,sampling_rate,PESQ,SI_SDR,STOI,DNSMOS_p808_mos,DNSMOS_mos_sig,DNSMOS_mos_bak,DNSMOS_mos_ovr
p105_rainbow_08_slow,WF_p105_rainbow_08_slow_fold10_77901-9-0-4_SNR5dB.wav,16000,1.0651229619979858,3.464609146118164,0.536009669303894,2.203295809882028,2.5187144527428593,2.395332540386583,1.7396488597035797
