clean_file,enhanced_file,sampling_rate,PESQ,SI_SDR,STOI,DNSMOS_p808_mos,DNSMOS_mos_sig,DNSMOS_mos_bak,DNSMOS_mos_ovr
p102_emo_amusement_freeform,WF_p102_emo_amusement_freeform_fold10_155241-9-0-79_SNR5dB.wav,16000,1.1761116981506348,6.748926162719727,0.8199347853660583,2.6302560806274413,3.320504992363456,1.935499884684814,2.0850252805388756
