clean_file,enhanced_file,sampling_rate,PESQ,SI_SDR,STOI,DNSMOS_p808_mos,DNSMOS_mos_sig,DNSMOS_mos_bak,DNSMOS_mos_ovr
p106_emo_serenity_sentences,WF_p106_emo_serenity_sentences_fold10_99192-4-0-20_SNR5dB.wav,16000,1.114868402481079,7.178831100463867,0.664555549621582,2.573478031158447,3.4455467855927098,2.405218866721829,2.2149360436832772
