clean_file,enhanced_file,sampling_rate,PESQ,SI_SDR,STOI,DNSMOS_p808_mos,DNSMOS_mos_sig,DNSMOS_mos_bak,DNSMOS_mos_ovr
p103_rainbow_02_slow,WF_p103_rainbow_02_slow_fold10_178261-7-3-2_SNR5dB.wav,16000,1.2208539247512817,9.04737663269043,0.612454891204834,2.2384604811668396,3.656599356888819,2.4233040942581967,2.541687894037612
