clean_file,enhanced_file,sampling_rate,PESQ,SI_SDR,STOI,DNSMOS_p808_mos,DNSMOS_mos_sig,DNSMOS_mos_bak,DNSMOS_mos_ovr
p106_emo_cuteness_sentences,WF_p106_emo_cuteness_sentences_fold10_88121-8-0-1_SNR5dB.wav,16000,1.1820887327194214,7.507458686828613,0.6720167994499207,2.5497708320617676,3.509722924659992,2.063855372732615,2.2834429770355102
