clean_file,enhanced_file,sampling_rate,PESQ,SI_SDR,STOI,DNSMOS_p808_mos,DNSMOS_mos_sig,DNSMOS_mos_bak,DNSMOS_mos_ovr
p105_rainbow_04_loud,WF_p105_rainbow_04_loud_fold10_74364-8-1-17_SNR5dB.wav,16000,1.1432034969329834,5.043969631195068,0.7985047698020935,2.745705706732614,4.031709517211852,2.264443604270704,2.683176200516418
