clean_file,enhanced_file,sampling_rate,PESQ,SI_SDR,STOI,DNSMOS_p808_mos,DNSMOS_mos_sig,DNSMOS_mos_bak,DNSMOS_mos_ovr
p101_emo_realization_sentences,WF_p101_emo_realization_sentences_fold10_102857-5-0-27_SNR5dB.wav,16000,2.0522279739379883,12.577169418334961,0.7507180571556091,3.5290069239480153,4.1453986308340225,2.877430342086138,3.153558775067565
