clean_file,enhanced_file,sampling_rate,PESQ,SI_SDR,STOI,DNSMOS_p808_mos,DNSMOS_mos_sig,DNSMOS_mos_bak,DNSMOS_mos_ovr
p104_sentences_01_regular,WF_p104_sentences_01_regular_fold10_26255-3-8-0_SNR5dB.wav,16000,1.2949323654174805,10.300455093383789,0.6423167586326599,2.867704050881522,4.134457715832425,2.2972061130704056,2.7197715017888333
