clean_file,enhanced_file,sampling_rate,PESQ,SI_SDR,STOI,DNSMOS_p808_mos,DNSMOS_mos_sig,DNSMOS_mos_bak,DNSMOS_mos_ovr
p102_rainbow_04_whisper,WF_p102_rainbow_04_whisper_fold10_162134-7-11-5_SNR5dB.wav,16000,1.0504150390625,5.755457878112793,0.5741496086120605,2.3649925231933593,1.3529143272829693,1.6612371252854334,0.8950377684197829
