clean_file,enhanced_file,sampling_rate,PESQ,SI_SDR,STOI,DNSMOS_p808_mos,DNSMOS_mos_sig,DNSMOS_mos_bak,DNSMOS_mos_ovr
p104_rainbow_05_lowpitch,WF_p104_rainbow_05_lowpitch_fold10_20571-3-1-0_SNR5dB.wav,16000,1.1739821434020996,10.000736236572266,0.8708149790763855,2.9059275559016635,4.274536011833852,2.3352510336081163,2.8195310603429222
