clean_file,enhanced_file,sampling_rate,PESQ,SI_SDR,STOI,DNSMOS_p808_mos,DNSMOS_mos_sig,DNSMOS_mos_bak,DNSMOS_mos_ovr
p104_sentences_13_lowpitch,WF_p104_sentences_13_lowpitch_fold10_28808-1-0-8_SNR5dB.wav,16000,1.255517840385437,5.032046318054199,0.735103964805603,2.727788175855364,4.0133737190267755,1.8792770535027497,2.3112125727663018
