clean_file,enhanced_file,sampling_rate,PESQ,SI_SDR,STOI,DNSMOS_p808_mos,DNSMOS_mos_sig,DNSMOS_mos_bak,DNSMOS_mos_ovr
p102_emo_relief_freeform,WF_p102_emo_relief_freeform_fold10_15544-5-0-6_SNR5dB.wav,16000,1.496999979019165,10.35549545288086,0.8513718843460083,2.8827829360961914,4.0007940597436225,2.282457660108975,2.709623920255709
