clean_file,enhanced_file,sampling_rate,PESQ,SI_SDR,STOI,DNSMOS_p808_mos,DNSMOS_mos_sig,DNSMOS_mos_bak,DNSMOS_mos_ovr
p101_rainbow_05_whisper,WF_p101_rainbow_05_whisper_fold10_118278-4-0-9_SNR5dB.wav,16000,1.173776626586914,4.939696788787842,0.7030700445175171,2.588844728469849,3.2173864165576753,2.573651178915417,2.3071273984570135
