clean_file,enhanced_file,sampling_rate,PESQ,SI_SDR,STOI,DNSMOS_p808_mos,DNSMOS_mos_sig,DNSMOS_mos_bak,DNSMOS_mos_ovr
p106_emo_confusion_freeform,WF_p106_emo_confusion_freeform_fold10_85574-3-0-12_SNR5dB.wav,16000,1.401719570159912,9.060086250305176,0.7736548781394958,2.9738637038639615,3.6554840634029486,2.645898623174581,2.5742573884571827
