clean_file,enhanced_file,sampling_rate,PESQ,SI_SDR,STOI,DNSMOS_p808_mos,DNSMOS_mos_sig,DNSMOS_mos_bak,DNSMOS_mos_ovr
p101_emo_cuteness_sentences,WF_p101_emo_cuteness_sentences_fold10_101382-2-0-29_SNR5dB.wav,16000,1.307607650756836,4.812546253204346,0.7502567172050476,3.037301182746887,3.500651235616634,1.8634359225127892,2.0013306460336304
