clean_file,enhanced_file,sampling_rate,PESQ,SI_SDR,STOI,DNSMOS_p808_mos,DNSMOS_mos_sig,DNSMOS_mos_bak,DNSMOS_mos_ovr
p106_nonverbal_laughter_closed,WF_p106_nonverbal_laughter_closed_fold10_99192-4-0-38_SNR5dB.wav,16000,1.0935016870498657,6.905035018920898,0.655112624168396,2.387619892756144,2.973075598730705,2.079254772738537,1.9200114224666223
