clean_file,enhanced_file,sampling_rate,PESQ,SI_SDR,STOI,DNSMOS_p808_mos,DNSMOS_mos_sig,DNSMOS_mos_bak,DNSMOS_mos_ovr
p102_emo_distress_sentences,WF_p102_emo_distress_sentences_fold10_155280-2-0-6_SNR5dB.wav,16000,1.6107733249664307,7.242397785186768,0.842047929763794,3.122215509414673,4.140448711054602,2.451527508580437,2.8704813882744125
