clean_file,enhanced_file,sampling_rate,PESQ,SI_SDR,STOI,DNSMOS_p808_mos,DNSMOS_mos_sig,DNSMOS_mos_bak,DNSMOS_mos_ovr
p101_nonverbal_laughter_closed,WF_p101_nonverbal_laughter_closed_fold10_106014-5-0-1_SNR5dB.wav,16000,1.203623652458191,9.261207580566406,0.7233704328536987,2.466632604598999,2.9414945358421956,2.323934737846378,2.142879441166637
