clean_file,enhanced_file,sampling_rate,PESQ,SI_SDR,STOI,DNSMOS_p808_mos,DNSMOS_mos_sig,DNSMOS_mos_bak,DNSMOS_mos_ovr
p102_rainbow_05_slow,WF_p102_rainbow_05_slow_fold10_162134-7-12-3_SNR5dB.wav,16000,1.0753635168075562,6.432891845703125,0.7644631862640381,2.28588547706604,3.897921636759937,1.9533606435972672,2.4447164932682464
