clean_file,enhanced_file,sampling_rate,PESQ,SI_SDR,STOI,DNSMOS_p808_mos,DNSMOS_mos_sig,DNSMOS_mos_bak,DNSMOS_mos_ovr
p103_emo_embarassment_freeform,WF_p103_emo_embarassment_freeform_fold10_167464-0-0-21_SNR5dB.wav,16000,1.356914758682251,8.660232543945312,0.7606789469718933,2.534270906448364,2.276771477521158,2.742805255035454,1.9108363179769299
