clean_file,enhanced_file,sampling_rate,PESQ,SI_SDR,STOI,DNSMOS_p808_mos,DNSMOS_mos_sig,DNSMOS_mos_bak,DNSMOS_mos_ovr
p103_melodic_happy_birthday,WF_p103_melodic_happy_birthday_fold10_172519-9-0-67_SNR5dB.wav,16000,1.1607582569122314,6.479403972625732,0.7279115319252014,2.5779854910714284,3.037089248594163,2.1603703481089256,2.0807734775340365
