clean_file,enhanced_file,sampling_rate,PESQ,SI_SDR,STOI,DNSMOS_p808_mos,DNSMOS_mos_sig,DNSMOS_mos_bak,DNSMOS_mos_ovr
p104_rainbow_03_fast,WF_p104_rainbow_03_fast_fold10_200786-5-1-3_SNR5dB.wav,16000,1.13223135471344,6.974243640899658,0.7982251048088074,2.870026469230652,2.262917671840495,1.901882946380996,1.4400321587767073
