clean_file,enhanced_file,sampling_rate,PESQ,SI_SDR,STOI,DNSMOS_p808_mos,DNSMOS_mos_sig,DNSMOS_mos_bak,DNSMOS_mos_ovr
p102_rainbow_03_slow,WF_p102_rainbow_03_slow_fold10_162134-7-10-1_SNR5dB.wav,16000,1.0620719194412231,6.226758003234863,0.753377377986908,2.342286467552185,4.096767826073306,1.8276282934858024,2.3659020680173133
