clean_file,enhanced_file,sampling_rate,PESQ,SI_SDR,STOI,DNSMOS_p808_mos,DNSMOS_mos_sig,DNSMOS_mos_bak,DNSMOS_mos_ovr
p103_emo_guilt_freeform,WF_p103_emo_guilt_freeform_fold10_167464-0-0-5_SNR5dB.wav,16000,1.240867257118225,7.286578178405762,0.5521793365478516,2.7478944063186646,3.0609370385306907,2.783687377924907,2.388742248879762
