clean_file,enhanced_file,sampling_rate,PESQ,SI_SDR,STOI,DNSMOS_p808_mos,DNSMOS_mos_sig,DNSMOS_mos_bak,DNSMOS_mos_ovr
p104_rainbow_07_fast,WF_p104_rainbow_07_fast_fold10_208652-8-4-0_SNR5dB.wav,16000,1.1504042148590088,6.702601432800293,0.8092758059501648,2.8172078813825334,3.987149924303591,2.0842461999793485,2.4818523232989453
