clean_file,enhanced_file,sampling_rate,PESQ,SI_SDR,STOI,DNSMOS_p808_mos,DNSMOS_mos_sig,DNSMOS_mos_bak,DNSMOS_mos_ovr
p101_rainbow_06_whisper,WF_p101_rainbow_06_whisper_fold10_118558-5-2-0_SNR5dB.wav,16000,1.460891842842102,7.009327411651611,0.8415383696556091,3.137512683868408,3.7309910521291796,3.860044377520649,3.265693681476412
