clean_file,enhanced_file,sampling_rate,PESQ,SI_SDR,STOI,DNSMOS_p808_mos,DNSMOS_mos_sig,DNSMOS_mos_bak,DNSMOS_mos_ovr
p105_rainbow_07_highpitch,WF_p105_rainbow_07_highpitch_fold10_74922-4-0-1_SNR5dB.wav,16000,1.0644307136535645,8.636190414428711,0.6433395147323608,2.6681436129978726,3.889130067309378,2.6402076396773344,2.7149939554996547
