clean_file,enhanced_file,sampling_rate,PESQ,SI_SDR,STOI,DNSMOS_p808_mos,DNSMOS_mos_sig,DNSMOS_mos_bak,DNSMOS_mos_ovr
p103_sentences_08_slow,WF_p103_sentences_08_slow_fold10_187863-4-0-3_SNR5dB.wav,16000,1.1740307807922363,5.066531181335449,0.6549738049507141,2.540713533759117,4.117147775248231,1.9373048159558777,2.3152023792955476
