clean_file,enhanced_file,sampling_rate,PESQ,SI_SDR,STOI,DNSMOS_p808_mos,DNSMOS_mos_sig,DNSMOS_mos_bak,DNSMOS_mos_ovr
p101_sentences_10_fast,WF_p101_sentences_10_fast_fold10_141240-5-1-0_SNR5dB.wav,16000,1.392869234085083,8.254366874694824,0.8368186354637146,2.880533218383789,3.3001488135599204,2.6143629329425733,2.414459577583048
