clean_file,enhanced_file,sampling_rate,PESQ,SI_SDR,STOI,DNSMOS_p808_mos,DNSMOS_mos_sig,DNSMOS_mos_bak,DNSMOS_mos_ovr
p106_rainbow_01_fast,WF_p106_rainbow_01_fast_fold10_99192-4-0-47_SNR5dB.wav,16000,1.0784481763839722,5.414144515991211,0.8345996737480164,2.8756838185446605,4.036677690268965,2.104390451963273,2.52778580345133
