clean_file,enhanced_file,sampling_rate,PESQ,SI_SDR,STOI,DNSMOS_p808_mos,DNSMOS_mos_sig,DNSMOS_mos_bak,DNSMOS_mos_ovr
p104_nonverbal_yelling,WF_p104_nonverbal_yelling_fold10_197554-2-0-82_SNR5dB.wav,16000,1.7598451375961304,6.817343235015869,0.871498167514801,2.544835329055786,3.7803451487755684,2.3939661409136614,2.570940058871188
