clean_file,enhanced_file,sampling_rate,PESQ,SI_SDR,STOI,DNSMOS_p808_mos,DNSMOS_mos_sig,DNSMOS_mos_bak,DNSMOS_mos_ovr
p106_emo_extasy_freeform,WF_p106_emo_extasy_freeform_fold10_93567-8-0-14_SNR5dB.wav,16000,1.1908674240112305,8.154434204101562,0.7152597308158875,2.7706154755183627,3.3543974842743496,1.7135396745609515,1.935532954190578
