clean_file,enhanced_file,sampling_rate,PESQ,SI_SDR,STOI,DNSMOS_p808_mos,DNSMOS_mos_sig,DNSMOS_mos_bak,DNSMOS_mos_ovr
p102_emo_disappointment_freeform,WF_p102_emo_disappointment_freeform_fold10_155280-2-0-11_SNR5dB.wav,16000,1.6753573417663574,8.09609603881836,0.7761120200157166,3.2161759989602223,3.558142419823575,2.173101214766972,2.4314493670581414
