clean_file,enhanced_file,sampling_rate,PESQ,SI_SDR,STOI,DNSMOS_p808_mos,DNSMOS_mos_sig,DNSMOS_mos_bak,DNSMOS_mos_ovr
p104_rainbow_03_slow,WF_p104_rainbow_03_slow_fold10_202334-9-0-137_SNR5dB.wav,16000,1.0984981060028076,5.117397785186768,0.7131739258766174,2.6757987226758684,3.5352800157486963,2.210990555124582,2.2727195790138857
