clean_file,enhanced_file,sampling_rate,PESQ,SI_SDR,STOI,DNSMOS_p808_mos,DNSMOS_mos_sig,DNSMOS_mos_bak,DNSMOS_mos_ovr
p102_sentences_04_whisper,WF_p102_sentences_04_whisper_fold10_162134-7-9-1_SNR5dB.wav,16000,1.0807245969772339,4.828547954559326,0.5950965285301208,2.5922743320465087,1.3935336575556005,2.097264674228524,1.0093377816858884
