clean_file,enhanced_file,sampling_rate,PESQ,SI_SDR,STOI,DNSMOS_p808_mos,DNSMOS_mos_sig,DNSMOS_mos_bak,DNSMOS_mos_ovr
p102_rainbow_01_regular,WF_p102_rainbow_01_regular_fold10_159742-8-0-13_SNR5dB.wav,16000,1.1761250495910645,7.355279445648193,0.7444978952407837,3.19753360748291,3.9168238936964404,2.3487395236246686,2.663759049737695
