clean_file,enhanced_file,sampling_rate,PESQ,SI_SDR,STOI,DNSMOS_p808_mos,DNSMOS_mos_sig,DNSMOS_mos_bak,DNSMOS_mos_ovr
p103_rainbow_03_highpitch,WF_p103_rainbow_03_highpitch_fold10_178261-7-3-5_SNR5dB.wav,16000,1.1789549589157104,10.350761413574219,0.6429891586303711,2.37107523282369,2.9862294183006575,2.2414425493306442,2.026875967952602
