clean_file,enhanced_file,sampling_rate,PESQ,SI_SDR,STOI,DNSMOS_p808_mos,DNSMOS_mos_sig,DNSMOS_mos_bak,DNSMOS_mos_ovr
p104_sentences_01_lowpitch,WF_p104_sentences_01_lowpitch_fold10_26255-3-6-0_SNR5dB.wav,16000,1.141706943511963,7.794519424438477,0.7781268954277039,2.9419867038726806,4.258161581102222,2.3693799690897275,2.907837066922356
