clean_file,enhanced_file,sampling_rate,PESQ,SI_SDR,STOI,DNSMOS_p808_mos,DNSMOS_mos_sig,DNSMOS_mos_bak,DNSMOS_mos_ovr
p101_rainbow_01_lowpitch,WF_p101_rainbow_01_lowpitch_fold10_115241-9-0-20_SNR5dB.wav,16000,1.1424059867858887,5.3538665771484375,0.705148458480835,2.497804641723633,3.6168827640146466,2.4266260613670574,2.6074894826132566
