clean_file,enhanced_file,sampling_rate,PESQ,SI_SDR,STOI,DNSMOS_p808_mos,DNSMOS_mos_sig,DNSMOS_mos_bak,DNSMOS_mos_ovr
p102_emo_cuteness_sentences,WF_p102_emo_cuteness_sentences_fold10_155262-2-0-58_SNR5dB.wav,16000,1.2606419324874878,9.547531127929688,0.7351388931274414,2.195305109024048,2.8737721270239582,1.7464445341325905,1.6274684913377064
