clean_file,enhanced_file,sampling_rate,PESQ,SI_SDR,STOI,DNSMOS_p808_mos,DNSMOS_mos_sig,DNSMOS_mos_bak,DNSMOS_mos_ovr
p104_sentences_06_loud,WF_p104_sentences_06_loud_fold10_28808-1-0-11_SNR5dB.wav,16000,1.2308036088943481,5.27268123626709,0.7074915170669556,2.7908176013401578,3.438579983073374,1.7572711293040697,1.9299073316766677
