clean_file,enhanced_file,sampling_rate,PESQ,SI_SDR,STOI,DNSMOS_p808_mos,DNSMOS_mos_sig,DNSMOS_mos_bak,DNSMOS_mos_ovr
p103_nonverbal_cheering,WF_p103_nonverbal_cheering_fold10_172519-9-0-8_SNR5dB.wav,16000,1.211705207824707,7.9930500984191895,0.6447870135307312,2.425372157778059,3.5534877737879347,1.8018351637105805,2.063228267318565
