clean_file,enhanced_file,sampling_rate,PESQ,SI_SDR,STOI,DNSMOS_p808_mos,DNSMOS_mos_sig,DNSMOS_mos_bak,DNSMOS_mos_ovr
p105_emo_serenity_sentences,WF_p105_emo_serenity_sentences_fold10_72538-3-0-4_SNR5dB.wav,16000,1.3182061910629272,4.213535308837891,0.5651650428771973,3.2614888350168862,3.7881668182649775,2.9006105591837446,2.8456084052597848
