clean_file,enhanced_file,sampling_rate,PESQ,SI_SDR,STOI,DNSMOS_p808_mos,DNSMOS_mos_sig,DNSMOS_mos_bak,DNSMOS_mos_ovr
p106_interjection_agreement,WF_p106_interjection_agreement_fold10_99192-4-0-24_SNR5dB.wav,16000,1.3005632162094116,6.438839912414551,0.7257153987884521,2.4565933545430503,3.6707361038128448,1.6859698772721616,1.9083015155573981
