clean_file,enhanced_file,sampling_rate,PESQ,SI_SDR,STOI,DNSMOS_p808_mos,DNSMOS_mos_sig,DNSMOS_mos_bak,DNSMOS_mos_ovr
p105_nonverbal_crying,WF_p105_nonverbal_crying_fold10_73524-0-0-128_SNR5dB.wav,16000,1.473048210144043,9.437591552734375,0.7069663405418396,2.504655497414725,2.407868500677726,2.5480426418575948,1.725505647815581
