clean_file,enhanced_file,sampling_rate,PESQ,SI_SDR,STOI,DNSMOS_p808_mos,DNSMOS_mos_sig,DNSMOS_mos_bak,DNSMOS_mos_ovr
p101_emo_distress_sentences,WF_p101_emo_distress_sentences_fold10_102857-5-0-10_SNR5dB.wav,16000,1.7325369119644165,12.613797187805176,0.9175615310668945,2.909367036819458,3.1386330882586386,2.1025500399701293,2.143813622519769
