clean_file,enhanced_file,sampling_rate,PESQ,SI_SDR,STOI,DNSMOS_p808_mos,DNSMOS_mos_sig,DNSMOS_mos_bak,DNSMOS_mos_ovr
p103_emo_interest_sentences,WF_p103_emo_interest_sentences_fold10_167464-0-0-8_SNR5dB.wav,16000,1.3341220617294312,8.776773452758789,0.5042920112609863,3.0331570704778037,3.4401509812547197,2.3490357404553657,2.3964724132767024
