clean_file,enhanced_file,sampling_rate,PESQ,SI_SDR,STOI,DNSMOS_p808_mos,DNSMOS_mos_sig,DNSMOS_mos_bak,DNSMOS_mos_ovr
p104_nonverbal_cheering,WF_p104_nonverbal_cheering_fold10_197554-2-0-28_SNR5dB.wav,16000,1.2261689901351929,11.96043586730957,0.7047613859176636,2.513939619064331,3.5671734335360794,1.802014321660213,2.16227410929561
