clean_file,enhanced_file,sampling_rate,PESQ,SI_SDR,STOI,DNSMOS_p808_mos,DNSMOS_mos_sig,DNSMOS_mos_bak,DNSMOS_mos_ovr
p105_sentences_01_loud,WF_p105_sentences_01_loud_fold10_77927-3-0-1_SNR5dB.wav,16000,1.464590311050415,4.804535865783691,0.8299933075904846,2.803486728668213,4.13714248135088,2.151285461198129,2.6510877654735916
