clean_file,enhanced_file,sampling_rate,PESQ,SI_SDR,STOI,DNSMOS_p808_mos,DNSMOS_mos_sig,DNSMOS_mos_bak,DNSMOS_mos_ovr
p103_interjection_agreement,WF_p103_interjection_agreement_fold10_171478-9-0-58_SNR5dB.wav,16000,1.9691271781921387,7.487139701843262,0.5835286378860474,2.769406591142927,3.471123307685655,2.551000390463778,2.5498737895038834
