clean_file,enhanced_file,sampling_rate,PESQ,SI_SDR,STOI,DNSMOS_p808_mos,DNSMOS_mos_sig,DNSMOS_mos_bak,DNSMOS_mos_ovr
p102_rainbow_01_fast,WF_p102_rainbow_01_fast_fold10_159742-8-0-1_SNR5dB.wav,16000,1.2456469535827637,4.917298793792725,0.830173909664154,3.0585591793060303,2.6555034479021487,1.9413684822106663,1.7971043821293555
