clean_file,enhanced_file,sampling_rate,PESQ,SI_SDR,STOI,DNSMOS_p808_mos,DNSMOS_mos_sig,DNSMOS_mos_bak,DNSMOS_mos_ovr
p103_rainbow_05_highpitch,WF_p103_rainbow_05_highpitch_fold10_180127-4-0-1_SNR5dB.wav,16000,1.1058731079101562,6.507157802581787,0.5977845788002014,3.069661923817226,3.238942240258368,2.185463758238574,2.093818685246986
