clean_file,enhanced_file,sampling_rate,PESQ,SI_SDR,STOI,DNSMOS_p808_mos,DNSMOS_mos_sig,DNSMOS_mos_bak,DNSMOS_mos_ovr
p102_sentences_02_whisper,WF_p102_sentences_02_whisper_fold10_162134-7-8-7_SNR5dB.wav,16000,1.0488991737365723,5.655882835388184,0.4901109039783478,2.2274548610051474,1.7606386182474036,1.7220497439152502,1.103655949752658
