clean_file,enhanced_file,sampling_rate,PESQ,SI_SDR,STOI,DNSMOS_p808_mos,DNSMOS_mos_sig,DNSMOS_mos_bak,DNSMOS_mos_ovr
p102_emo_relief_sentences,WF_p102_emo_relief_sentences_fold10_15544-5-0-7_SNR5dB.wav,16000,1.5017247200012207,9.13390064239502,0.7770171165466309,2.869748592376709,3.952744192277442,2.3981225821142207,2.726046643853272
