clean_file,enhanced_file,sampling_rate,PESQ,SI_SDR,STOI,DNSMOS_p808_mos,DNSMOS_mos_sig,DNSMOS_mos_bak,DNSMOS_mos_ovr
p102_sentences_24_regular,WF_p102_sentences_24_regular_fold10_164377-9-1-92_SNR5dB.wav,16000,1.495941400527954,7.140163898468018,0.670140266418457,3.1112287044525146,3.812544891810962,2.2320546721352246,2.5783072114828776
