clean_file,enhanced_file,sampling_rate,PESQ,SI_SDR,STOI,DNSMOS_p808_mos,DNSMOS_mos_sig,DNSMOS_mos_bak,DNSMOS_mos_ovr
p103_rainbow_01_loud,WF_p103_rainbow_01_loud_fold10_17486-3-0-0_SNR5dB.wav,16000,1.3390612602233887,5.106131553649902,0.8356402516365051,3.535902976989746,4.023919403323808,1.908263901870999,2.244934852829424
