clean_file,enhanced_file,sampling_rate,PESQ,SI_SDR,STOI,DNSMOS_p808_mos,DNSMOS_mos_sig,DNSMOS_mos_bak,DNSMOS_mos_ovr
p102_nonverbal_cheering,WF_p102_nonverbal_cheering_fold10_157207-6-7-0_SNR5dB.wav,16000,1.1749193668365479,5.836160659790039,0.7205806970596313,2.692054033279419,3.7150087873297326,1.610723727407347,2.0633759091635056
