clean_file,enhanced_file,sampling_rate,PESQ,SI_SDR,STOI,DNSMOS_p808_mos,DNSMOS_mos_sig,DNSMOS_mos_bak,DNSMOS_mos_ovr
p102_sentences_02_slow,WF_p102_sentences_02_slow_fold10_162134-7-8-6_SNR5dB.wav,16000,1.077767014503479,6.502007484436035,0.730182409286499,2.37132123538426,3.822312358829272,1.811716422100936,2.304788665971128
