clean_file,enhanced_file,sampling_rate,PESQ,SI_SDR,STOI,DNSMOS_p808_mos,DNSMOS_mos_sig,DNSMOS_mos_bak,DNSMOS_mos_ovr
p106_melodic_happy_birthday,WF_p106_melodic_happy_birthday_fold10_99192-4-0-30_SNR5dB.wav,16000,1.0986379384994507,6.9225263595581055,0.5898433923721313,2.403609582356044,3.8975543490699267,1.8273095502586312,2.2090635096276365
