clean_file,enhanced_file,sampling_rate,PESQ,SI_SDR,STOI,DNSMOS_p808_mos,DNSMOS_mos_sig,DNSMOS_mos_bak,DNSMOS_mos_ovr
p103_sentences_01_loud,WF_p103_sentences_01_loud_fold10_181624-4-4-0_SNR5dB.wav,16000,1.0853544473648071,5.268146514892578,0.8034197092056274,2.943303006035941,4.398984000181538,1.768738543066999,2.424430024577067
