clean_file,enhanced_file,sampling_rate,PESQ,SI_SDR,STOI,DNSMOS_p808_mos,DNSMOS_mos_sig,DNSMOS_mos_bak,DNSMOS_mos_ovr
p105_rainbow_06_loud,WF_p105_rainbow_06_loud_fold10_74364-8-1-5_SNR5dB.wav,16000,1.2336946725845337,5.222782135009766,0.7944637537002563,2.636264276504517,4.354737390503791,2.5355564589977067,3.066526684657265
