clean_file,enhanced_file,sampling_rate,PESQ,SI_SDR,STOI,DNSMOS_p808_mos,DNSMOS_mos_sig,DNSMOS_mos_bak,DNSMOS_mos_ovr
p102_sentences_01_lowpitch,WF_p102_sentences_01_lowpitch_fold10_162134-7-6-0_SNR5dB.wav,16000,1.1153169870376587,5.850484371185303,0.7489784359931946,2.882469336191813,4.262794641701898,1.8725331000883247,2.45333396803474
