clean_file,enhanced_file,sampling_rate,PESQ,SI_SDR,STOI,DNSMOS_p808_mos,DNSMOS_mos_sig,DNSMOS_mos_bak,DNSMOS_mos_ovr
p105_sentences_07_slow,WF_p105_sentences_07_slow_fold10_83191-9-0-13_SNR5dB.wav,16000,1.3081092834472656,6.853790283203125,0.49488526582717896,2.6257337502070834,3.122234283895998,2.2096500161115262,2.1051601437810628
