clean_file,enhanced_file,sampling_rate,PESQ,SI_SDR,STOI,DNSMOS_p808_mos,DNSMOS_mos_sig,DNSMOS_mos_bak,DNSMOS_mos_ovr
p103_emo_pride_freeform,WF_p103_emo_pride_freeform_fold10_167750-4-3-0_SNR5dB.wav,16000,1.1046794652938843,4.999441623687744,0.7513942718505859,2.8237207889556886,4.122686514164831,1.9512782967301718,2.4240759489156067
