clean_file,enhanced_file,sampling_rate,PESQ,SI_SDR,STOI,DNSMOS_p808_mos,DNSMOS_mos_sig,DNSMOS_mos_bak,DNSMOS_mos_ovr
p104_rainbow_02_slow,WF_p104_rainbow_02_slow_fold10_200786-5-1-1_SNR5dB.wav,16000,1.1486190557479858,7.163798809051514,0.7327340841293335,2.5536294324057445,3.1123300424090483,2.070571168608576,1.9688637170766
