clean_file,enhanced_file,sampling_rate,PESQ,SI_SDR,STOI,DNSMOS_p808_mos,DNSMOS_mos_sig,DNSMOS_mos_bak,DNSMOS_mos_ovr
p102_emo_contentment_freeform,WF_p102_emo_contentment_freeform_fold10_155262-2-0-2_SNR5dB.wav,16000,1.2388842105865479,8.197343826293945,0.7135339975357056,2.9036879539489746,2.2172505223978987,2.507966809947861,1.630241437521103
