clean_file,enhanced_file,sampling_rate,PESQ,SI_SDR,STOI,DNSMOS_p808_mos,DNSMOS_mos_sig,DNSMOS_mos_bak,DNSMOS_mos_ovr
p105_interjection_agreement,WF_p105_interjection_agreement_fold10_73524-0-0-0_SNR5dB.wav,16000,1.875165581703186,10.99943733215332,0.8140438199043274,2.489245891571045,3.857812668382584,2.248595175713464,2.6217826847682986
