clean_file,enhanced_file,sampling_rate,PESQ,SI_SDR,STOI,DNSMOS_p808_mos,DNSMOS_mos_sig,DNSMOS_mos_bak,DNSMOS_mos_ovr
p106_emo_neutral_freeform,WF_p106_emo_neutral_freeform_fold10_93567-8-0-4_SNR5dB.wav,16000,1.0621522665023804,4.397207260131836,0.6209380030632019,2.239890847887312,2.203699365866922,2.5405070163769534,1.6112637403134635
