clean_file,enhanced_file,sampling_rate,PESQ,SI_SDR,STOI,DNSMOS_p808_mos,DNSMOS_mos_sig,DNSMOS_mos_bak,DNSMOS_mos_ovr
p103_rainbow_02_regular,WF_p103_rainbow_02_regular_fold10_178261-7-3-1_SNR5dB.wav,16000,1.1032918691635132,7.58493185043335,0.8079224228858948,2.415195873805455,4.176058400737101,2.5462472957684383,2.8773824227537967
