clean_file,enhanced_file,sampling_rate,PESQ,SI_SDR,STOI,DNSMOS_p808_mos,DNSMOS_mos_sig,DNSMOS_mos_bak,DNSMOS_mos_ovr
p103_sentences_15_regular,WF_p103_sentences_15_regular_fold10_188497-2-0-19_SNR5dB.wav,16000,1.3136191368103027,7.543099403381348,0.5900670886039734,2.8113741874694824,3.2351865039835976,2.57961575589393,2.437259909457476
