clean_file,enhanced_file,sampling_rate,PESQ,SI_SDR,STOI,DNSMOS_p808_mos,DNSMOS_mos_sig,DNSMOS_mos_bak,DNSMOS_mos_ovr
p102_rainbow_03_whisper,WF_p102_rainbow_03_whisper_fold10_162134-7-10-2_SNR5dB.wav,16000,1.0642257928848267,4.401880264282227,0.6068898439407349,2.4089058876037597,1.664663490211328,1.6783719961268377,1.0733866866705977
