clean_file,enhanced_file,sampling_rate,PESQ,SI_SDR,STOI,DNSMOS_p808_mos,DNSMOS_mos_sig,DNSMOS_mos_bak,DNSMOS_mos_ovr
p101_interjection_agreement,WF_p101_interjection_agreement_fold10_102857-5-0-6_SNR5dB.wav,16000,1.9673352241516113,13.639644622802734,0.8349701762199402,3.071453332901001,4.219163016398364,2.449085070236136,2.851613799484499
