clean_file,enhanced_file,sampling_rate,PESQ,SI_SDR,STOI,DNSMOS_p808_mos,DNSMOS_mos_sig,DNSMOS_mos_bak,DNSMOS_mos_ovr
p101_emo_confusion_freeform,WF_p101_emo_confusion_freeform_fold10_100795-3-1-2_SNR5dB.wav,16000,1.3838971853256226,4.150097846984863,0.7852426767349243,3.5376409689585366,4.232652718450794,2.0458940197679785,2.6180792095083363
