clean_file,enhanced_file,sampling_rate,PESQ,SI_SDR,STOI,DNSMOS_p808_mos,DNSMOS_mos_sig,DNSMOS_mos_bak,DNSMOS_mos_ovr
p101_sentences_02_lowpitch,WF_p101_sentences_02_lowpitch_fold10_136558-9-1-10_SNR5dB.wav,16000,1.1423996686935425,5.090634346008301,0.6831238865852356,2.632685422897339,4.13578338471683,1.8543236037056923,2.383974248299202
