clean_file,enhanced_file,sampling_rate,PESQ,SI_SDR,STOI,DNSMOS_p808_mos,DNSMOS_mos_sig,DNSMOS_mos_bak,DNSMOS_mos_ovr
p103_vegetative_yawning,WF_p103_vegetative_yawning_fold10_188813-7-2-0_SNR5dB.wav,16000,1.4664249420166016,4.998630523681641,0.2707119286060333,2.37021541595459,3.388306102403929,1.6889565597480012,1.9846075244807482
