clean_file,enhanced_file,sampling_rate,PESQ,SI_SDR,STOI,DNSMOS_p808_mos,DNSMOS_mos_sig,DNSMOS_mos_bak,DNSMOS_mos_ovr
p102_emo_extasy_freeform,WF_p102_emo_extasy_freeform_fold10_15544-5-0-0_SNR5dB.wav,16000,1.3857693672180176,11.56072998046875,0.8317956924438477,2.818837118148804,2.62069197620714,1.7628540165984048,1.5924523660457726
