clean_file,enhanced_file,sampling_rate,PESQ,SI_SDR,STOI,DNSMOS_p808_mos,DNSMOS_mos_sig,DNSMOS_mos_bak,DNSMOS_mos_ovr
p104_sentences_07_slow,WF_p104_sentences_07_slow_fold10_28808-1-0-2_SNR5dB.wav,16000,1.203890085220337,7.579700469970703,0.693803071975708,2.5093890939440047,3.3082103919701984,2.249391293864739,2.2081928559784947
