clean_file,enhanced_file,sampling_rate,PESQ,SI_SDR,STOI,DNSMOS_p808_mos,DNSMOS_mos_sig,DNSMOS_mos_bak,DNSMOS_mos_ovr
p102_rainbow_06_lowpitch,WF_p102_rainbow_06_lowpitch_fold10_162134-7-13-3_SNR5dB.wav,16000,1.0796128511428833,7.233150005340576,0.7837017774581909,2.4612836837768555,4.191613949168767,2.1506665104037097,2.760534543005299
