clean_file,enhanced_file,sampling_rate,PESQ,SI_SDR,STOI,DNSMOS_p808_mos,DNSMOS_mos_sig,DNSMOS_mos_bak,DNSMOS_mos_ovr
p101_interjection_greetings,WF_p101_interjection_greetings_fold10_103438-5-0-0_SNR5dB.wav,16000,1.153193712234497,10.315524101257324,0.8614825010299683,2.165610591570536,3.7991577063130664,1.9273251377286293,2.2973557481258147
