clean_file,enhanced_file,sampling_rate,PESQ,SI_SDR,STOI,DNSMOS_p808_mos,DNSMOS_mos_sig,DNSMOS_mos_bak,DNSMOS_mos_ovr
p105_rainbow_03_fast,WF_p105_rainbow_03_fast_fold10_74364-8-1-0_SNR5dB.wav,16000,1.1417477130889893,4.443270206451416,0.7851312160491943,2.8164920806884766,3.5305511489666763,2.1311891538556087,2.2697760466821517
