clean_file,enhanced_file,sampling_rate,PESQ,SI_SDR,STOI,DNSMOS_p808_mos,DNSMOS_mos_sig,DNSMOS_mos_bak,DNSMOS_mos_ovr
p105_vegetative_throat,WF_p105_vegetative_throat_fold10_83502-0-0-7_SNR5dB.wav,16000,1.395975112915039,9.229825973510742,0.6979437470436096,2.6554876565933228,2.604122866357141,1.8826096570567212,1.798909298000637
