clean_file,enhanced_file,sampling_rate,PESQ,SI_SDR,STOI,DNSMOS_p808_mos,DNSMOS_mos_sig,DNSMOS_mos_bak,DNSMOS_mos_ovr
p101_rainbow_01_regular,WF_p101_rainbow_01_regular_fold10_115241-9-0-6_SNR5dB.wav,16000,1.1784727573394775,4.006320953369141,0.719118595123291,2.5533462251935686,3.2327728299496914,2.160427809928831,2.2213702665624226
