clean_file,enhanced_file,sampling_rate,PESQ,SI_SDR,STOI,DNSMOS_p808_mos,DNSMOS_mos_sig,DNSMOS_mos_bak,DNSMOS_mos_ovr
p105_emo_interest_sentences,WF_p105_emo_interest_sentences_fold10_69661-3-0-23_SNR5dB.wav,16000,1.1509013175964355,4.50338888168335,0.5121880769729614,3.1923166513442993,4.009888778436244,2.297482936343128,2.659043575364591
