clean_file,enhanced_file,sampling_rate,PESQ,SI_SDR,STOI,DNSMOS_p808_mos,DNSMOS_mos_sig,DNSMOS_mos_bak,DNSMOS_mos_ovr
p102_nonverbal_yelling,WF_p102_nonverbal_yelling_fold10_159742-8-0-0_SNR5dB.wav,16000,1.2477660179138184,8.37594223022461,0.7655873894691467,2.6026060581207275,3.8619208348849874,1.8419255488528639,2.3212253128748985
