clean_file,enhanced_file,sampling_rate,PESQ,SI_SDR,STOI,DNSMOS_p808_mos,DNSMOS_mos_sig,DNSMOS_mos_bak,DNSMOS_mos_ovr
p104_rainbow_06_loud,WF_p104_rainbow_06_loud_fold10_207213-2-0-73_SNR5dB.wav,16000,1.2002060413360596,5.358588695526123,0.7954127192497253,2.7938970724741616,3.138093004489751,1.843175283715043,1.8601812988687119
