clean_file,enhanced_file,sampling_rate,PESQ,SI_SDR,STOI,DNSMOS_p808_mos,DNSMOS_mos_sig,DNSMOS_mos_bak,DNSMOS_mos_ovr
p101_rainbow_03_whisper,WF_p101_rainbow_03_whisper_fold10_117889-9-0-40_SNR5dB.wav,16000,1.0496532917022705,5.144047260284424,0.7256600856781006,2.9112854599952698,2.7870466131828637,3.030228616565932,2.1700145733340594
