clean_file,enhanced_file,sampling_rate,PESQ,SI_SDR,STOI,DNSMOS_p808_mos,DNSMOS_mos_sig,DNSMOS_mos_bak,DNSMOS_mos_ovr
p101_emo_serenity_sentences,WF_p101_emo_serenity_sentences_fold10_102857-5-0-5_SNR5dB.wav,16000,1.5714062452316284,7.963356971740723,0.8099750280380249,3.061998197010585,3.642258816233696,3.4008226242404205,2.9709408636761245
