clean_file,enhanced_file,sampling_rate,PESQ,SI_SDR,STOI,DNSMOS_p808_mos,DNSMOS_mos_sig,DNSMOS_mos_bak,DNSMOS_mos_ovr
p103_emo_amusement_freeform,WF_p103_emo_amusement_freeform_fold10_165166-8-0-8_SNR5dB.wav,16000,1.329290509223938,5.436728477478027,0.8148478269577026,2.6878844499588013,4.174072243022912,1.877008507472335,2.359417871754116
