clean_file,enhanced_file,sampling_rate,PESQ,SI_SDR,STOI,DNSMOS_p808_mos,DNSMOS_mos_sig,DNSMOS_mos_bak,DNSMOS_mos_ovr
p101_sentences_01_highpitch,WF_p101_sentences_01_highpitch_fold10_129750-2-0-34_SNR5dB.wav,16000,1.192645788192749,5.711198329925537,0.7212677001953125,2.592559576034546,2.735277245328797,1.7029744068878174,1.6320530429063536
