clean_file,enhanced_file,sampling_rate,PESQ,SI_SDR,STOI,DNSMOS_p808_mos,DNSMOS_mos_sig,DNSMOS_mos_bak,DNSMOS_mos_ovr
p102_sentences_18_regular,WF_p102_sentences_18_regular_fold10_164377-9-0-16_SNR5dB.wav,16000,1.426672339439392,6.9659857749938965,0.7276158332824707,3.033151865005493,2.9568663471366436,2.586740223045155,2.2806592271596227
