clean_file,enhanced_file,sampling_rate,PESQ,SI_SDR,STOI,DNSMOS_p808_mos,DNSMOS_mos_sig,DNSMOS_mos_bak,DNSMOS_mos_ovr
p104_rainbow_08_whisper,WF_p104_rainbow_08_whisper_fold10_25037-6-1-0_SNR5dB.wav,16000,1.1430329084396362,2.3720479011535645,0.6296968460083008,3.2380624498639787,1.6760537466811385,2.9957574316161977,1.4038945423202251
