clean_file,enhanced_file,sampling_rate,PESQ,SI_SDR,STOI,DNSMOS_p808_mos,DNSMOS_mos_sig,DNSMOS_mos_bak,DNSMOS_mos_ovr
p104_vegetative_throat,WF_p104_vegetative_throat_fold10_34050-7-6-0_SNR5dB.wav,16000,1.321535348892212,7.025655746459961,0.6537108421325684,2.24041063444955,1.8432258397394514,2.1134674072970503,1.3329162043411453
