clean_file,enhanced_file,sampling_rate,PESQ,SI_SDR,STOI,DNSMOS_p808_mos,DNSMOS_mos_sig,DNSMOS_mos_bak,DNSMOS_mos_ovr
p101_rainbow_02_lowpitch,WF_p101_rainbow_02_lowpitch_fold10_115418-9-0-20_SNR5dB.wav,16000,1.2852219343185425,6.174918174743652,0.6298186779022217,2.681759262084961,3.934384592940307,2.2045887475284167,2.585520658989521
