clean_file,enhanced_file,sampling_rate,PESQ,SI_SDR,STOI,DNSMOS_p808_mos,DNSMOS_mos_sig,DNSMOS_mos_bak,DNSMOS_mos_ovr
p101_sentences_06_loud,WF_p101_sentences_06_loud_fold10_138017-9-1-16_SNR5dB.wav,16000,1.261101484298706,6.921775817871094,0.7582892775535583,2.552222490310669,2.6184115350996735,2.154273436309945,1.8870403455300628
