clean_file,enhanced_file,sampling_rate,PESQ,SI_SDR,STOI,DNSMOS_p808_mos,DNSMOS_mos_sig,DNSMOS_mos_bak,DNSMOS_mos_ovr
p105_vegetative_yawning,WF_p105_vegetative_yawning_fold10_83502-0-0-8_SNR5dB.wav,16000,1.3584541082382202,7.361475944519043,0.3002179265022278,2.5902786254882812,3.050193033188858,2.4526361817172493,2.0830152959727837
