clean_file,enhanced_file,sampling_rate,PESQ,SI_SDR,STOI,DNSMOS_p808_mos,DNSMOS_mos_sig,DNSMOS_mos_bak,DNSMOS_mos_ovr
p104_emo_pride_sentences,WF_p104_emo_pride_sentences_fold10_189985-0-0-5_SNR5dB.wav,16000,1.3207591772079468,9.26948356628418,0.7473105192184448,2.7508175373077393,2.5545011441811836,2.6939546556429033,2.006097421781611
