clean_file,enhanced_file,sampling_rate,PESQ,SI_SDR,STOI,DNSMOS_p808_mos,DNSMOS_mos_sig,DNSMOS_mos_bak,DNSMOS_mos_ovr
p101_emo_amazement_sentences,WF_p101_emo_amazement_sentences_fold10_100648-1-3-0_SNR5dB.wav,16000,1.3476064205169678,7.90108585357666,0.6642550230026245,2.3674964427948,2.2397924777942193,2.135034008671046,1.744352334079973
