clean_file,enhanced_file,sampling_rate,PESQ,SI_SDR,STOI,DNSMOS_p808_mos,DNSMOS_mos_sig,DNSMOS_mos_bak,DNSMOS_mos_ovr
p102_sentences_16_regular,WF_p102_sentences_16_regular_fold10_164194-2-0-29_SNR5dB.wav,16000,1.3179997205734253,5.59243106842041,0.7061436176300049,2.953274965286255,4.1010401751112475,2.1860736584608444,2.6726998883243405
