clean_file,enhanced_file,sampling_rate,PESQ,SI_SDR,STOI,DNSMOS_p808_mos,DNSMOS_mos_sig,DNSMOS_mos_bak,DNSMOS_mos_ovr
p106_emo_extasy_sentences,WF_p106_emo_extasy_sentences_fold10_93567-8-0-15_SNR5dB.wav,16000,1.31219482421875,7.942522048950195,0.7344025373458862,2.836856245994568,4.048889596831424,2.169186803146569,2.5972651335981984
