clean_file,enhanced_file,sampling_rate,PESQ,SI_SDR,STOI,DNSMOS_p808_mos,DNSMOS_mos_sig,DNSMOS_mos_bak,DNSMOS_mos_ovr
p103_rainbow_08_highpitch,WF_p103_rainbow_08_highpitch_fold10_180127-4-0-8_SNR5dB.wav,16000,1.2468347549438477,10.484798431396484,0.6346520185470581,2.6185758795057024,3.0054478565513376,2.7048897435853236,2.349574125335709
