clean_file,enhanced_file,sampling_rate,PESQ,SI_SDR,STOI,DNSMOS_p808_mos,DNSMOS_mos_sig,DNSMOS_mos_bak,DNSMOS_mos_ovr
p101_rainbow_04_fast,WF_p101_rainbow_04_fast_fold10_118278-4-0-0_SNR5dB.wav,16000,1.2145378589630127,5.854888916015625,0.8578722476959229,2.8488528728485107,3.9401172859482383,2.475175507313427,2.8101166056741906
