clean_file,enhanced_file,sampling_rate,PESQ,SI_SDR,STOI,DNSMOS_p808_mos,DNSMOS_mos_sig,DNSMOS_mos_bak,DNSMOS_mos_ovr
p102_emo_amazement_freeform,WF_p102_emo_amazement_freeform_fold10_155241-9-0-56_SNR5dB.wav,16000,1.2541167736053467,6.2565083503723145,0.7997136116027832,2.6854575872421265,3.1757804288201905,2.0221618022073535,2.085070016413402
