clean_file,enhanced_file,sampling_rate,PESQ,SI_SDR,STOI,DNSMOS_p808_mos,DNSMOS_mos_sig,DNSMOS_mos_bak,DNSMOS_mos_ovr
p105_emo_anger_freeform,WF_p105_emo_anger_freeform_fold10_39847-5-0-3_SNR5dB.wav,16000,1.147409200668335,7.724624156951904,0.7032750844955444,2.5281577110290527,2.7430260054263456,1.9963172301463488,1.8842087199363924
