clean_file,enhanced_file,sampling_rate,PESQ,SI_SDR,STOI,DNSMOS_p808_mos,DNSMOS_mos_sig,DNSMOS_mos_bak,DNSMOS_mos_ovr
p104_emo_interest_freeform,WF_p104_emo_interest_freeform_fold10_189982-0-0-6_SNR5dB.wav,16000,1.1515579223632812,6.591827869415283,0.7510954141616821,2.8811346689860025,2.739334341808797,2.5045134678979886,2.065252166690413
