clean_file,enhanced_file,sampling_rate,PESQ,SI_SDR,STOI,DNSMOS_p808_mos,DNSMOS_mos_sig,DNSMOS_mos_bak,DNSMOS_mos_ovr
p103_rainbow_06_whisper,WF_p103_rainbow_06_whisper_fold10_180127-4-0-2_SNR5dB.wav,16000,1.0571551322937012,1.6422405242919922,0.40806958079338074,3.188521480560303,2.173074730951921,3.6307835058501565,1.8141569064436642
