clean_file,enhanced_file,sampling_rate,PESQ,SI_SDR,STOI,DNSMOS_p808_mos,DNSMOS_mos_sig,DNSMOS_mos_bak,DNSMOS_mos_ovr
p105_emo_distress_freeform,WF_p105_emo_distress_freeform_fold10_51024-3-0-3_SNR5dB.wav,16000,1.2909703254699707,3.63679838180542,0.5936050415039062,2.892395337422689,4.254025512508385,2.217006981321278,2.770743362959737
