clean_file,enhanced_file,sampling_rate,PESQ,SI_SDR,STOI,DNSMOS_p808_mos,DNSMOS_mos_sig,DNSMOS_mos_bak,DNSMOS_mos_ovr
p101_rainbow_08_fast,WF_p101_rainbow_08_fast_fold10_128240-3-0-20_SNR5dB.wav,16000,1.4097034931182861,4.728661060333252,0.860359787940979,3.1035300493240356,3.856291673491598,1.8495063792022108,2.1487380238819958
