clean_file,enhanced_file,sampling_rate,PESQ,SI_SDR,STOI,DNSMOS_p808_mos,DNSMOS_mos_sig,DNSMOS_mos_bak,DNSMOS_mos_ovr
p105_emo_realization_freeform,WF_p105_emo_realization_freeform_fold10_72220-3-0-0_SNR5dB.wav,16000,1.2049956321716309,6.678217887878418,0.612106204032898,2.5143781900405884,3.7443762297831955,1.9279077521987658,2.4214657975470857
