clean_file,enhanced_file,sampling_rate,PESQ,SI_SDR,STOI,DNSMOS_p808_mos,DNSMOS_mos_sig,DNSMOS_mos_bak,DNSMOS_mos_ovr
p104_rainbow_07_slow,WF_p104_rainbow_07_slow_fold10_209672-3-8-0_SNR5dB.wav,16000,1.46791410446167,4.404629707336426,0.8735692501068115,3.8228918484279086,4.386304352321705,3.227311324491324,3.3703414075677083
