clean_file,enhanced_file,sampling_rate,PESQ,SI_SDR,STOI,DNSMOS_p808_mos,DNSMOS_mos_sig,DNSMOS_mos_bak,DNSMOS_mos_ovr
p102_rainbow_07_lowpitch,WF_p102_rainbow_07_lowpitch_fold10_162134-7-15-2_SNR5dB.wav,16000,1.0652620792388916,6.577183723449707,0.7364616990089417,2.4032340049743652,4.070477394556434,1.94009435468584,2.55582066008472
