clean_file,enhanced_file,sampling_rate,PESQ,SI_SDR,STOI,DNSMOS_p808_mos,DNSMOS_mos_sig,DNSMOS_mos_bak,DNSMOS_mos_ovr
p102_emo_serenity_freeform,WF_p102_emo_serenity_freeform_fold10_157207-6-0-0_SNR5dB.wav,16000,1.8191182613372803,4.231484889984131,0.8499364256858826,3.6402756373087564,4.078228496519923,3.221595215709337,3.2104374438093886
