clean_file,enhanced_file,sampling_rate,PESQ,SI_SDR,STOI,DNSMOS_p808_mos,DNSMOS_mos_sig,DNSMOS_mos_bak,DNSMOS_mos_ovr
p103_vegetative_coughing,WF_p103_vegetative_coughing_fold10_188813-7-11-0_SNR5dB.wav,16000,1.3281620740890503,7.917133331298828,0.6863723993301392,2.5234944820404053,2.7931973192449315,1.8308823909453222,1.8055888016216044
