clean_file,enhanced_file,sampling_rate,PESQ,SI_SDR,STOI,DNSMOS_p808_mos,DNSMOS_mos_sig,DNSMOS_mos_bak,DNSMOS_mos_ovr
p104_rainbow_06_lowpitch,WF_p104_rainbow_06_lowpitch_fold10_207213-2-0-81_SNR5dB.wav,16000,1.1683056354522705,5.808007717132568,0.7578327059745789,2.82447878519694,3.7420376763261047,2.1309412940115213,2.367374007862725
