clean_file,enhanced_file,sampling_rate,PESQ,SI_SDR,STOI,DNSMOS_p808_mos,DNSMOS_mos_sig,DNSMOS_mos_bak,DNSMOS_mos_ovr
p103_rainbow_01_lowpitch,WF_p103_rainbow_01_lowpitch_fold10_17486-3-1-0_SNR5dB.wav,16000,1.1545406579971313,5.234062671661377,0.7313156127929688,3.084992607434591,3.7596964715098227,1.855738098898632,2.093153970492804
