clean_file,enhanced_file,sampling_rate,PESQ,SI_SDR,STOI,DNSMOS_p808_mos,DNSMOS_mos_sig,DNSMOS_mos_bak,DNSMOS_mos_ovr
p103_rainbow_02_fast,WF_p103_rainbow_02_fast_fold10_178261-7-0-0_SNR5dB.wav,16000,1.0702658891677856,5.566125869750977,0.8251895904541016,2.693364381790161,4.191447583756981,2.4784882168164217,2.8239875012351323
