clean_file,enhanced_file,sampling_rate,PESQ,SI_SDR,STOI,DNSMOS_p808_mos,DNSMOS_mos_sig,DNSMOS_mos_bak,DNSMOS_mos_ovr
p106_emo_guilt_freeform,WF_p106_emo_guilt_freeform_fold10_93567-8-0-18_SNR5dB.wav,16000,1.2063684463500977,5.283079147338867,0.7282466292381287,2.6683956384658813,4.306672842601672,2.5212318519196244,2.9216248532720477
