clean_file,enhanced_file,sampling_rate,PESQ,SI_SDR,STOI,DNSMOS_p808_mos,DNSMOS_mos_sig,DNSMOS_mos_bak,DNSMOS_mos_ovr
p101_emo_contentment_freeform,WF_p101_emo_contentment_freeform_fold10_101382-2-0-12_SNR5dB.wav,16000,1.2828152179718018,4.201479434967041,0.7074249982833862,2.789393969944545,4.290950039156065,2.1467419500366196,2.7203903981427033
