clean_file,enhanced_file,sampling_rate,PESQ,SI_SDR,STOI,DNSMOS_p808_mos,DNSMOS_mos_sig,DNSMOS_mos_bak,DNSMOS_mos_ovr
p104_emo_disappointment_freeform,WF_p104_emo_disappointment_freeform_fold10_189982-0-0-27_SNR5dB.wav,16000,1.3561121225357056,7.9901628494262695,0.8146966695785522,2.7121853828430176,3.197496562895039,2.6861235630107316,2.327136028323661
