clean_file,enhanced_file,sampling_rate,PESQ,SI_SDR,STOI,DNSMOS_p808_mos,DNSMOS_mos_sig,DNSMOS_mos_bak,DNSMOS_mos_ovr
p104_sentences_20_regular,WF_p104_sentences_20_regular_fold10_30344-3-0-3_SNR5dB.wav,16000,1.613785743713379,4.838679313659668,0.7484745979309082,3.7760748863220215,4.209095700864933,2.700049617442249,2.9492958658418154
