clean_file,enhanced_file,sampling_rate,PESQ,SI_SDR,STOI,DNSMOS_p808_mos,DNSMOS_mos_sig,DNSMOS_mos_bak,DNSMOS_mos_ovr
p106_emo_distress_sentences,WF_p106_emo_distress_sentences_fold10_93567-8-0-11_SNR5dB.wav,16000,1.2515004873275757,7.558757781982422,0.7714871168136597,3.3653339544932046,3.9842973501581778,2.0777129554969007,2.5407451551544686
