clean_file,enhanced_file,sampling_rate,PESQ,SI_SDR,STOI,DNSMOS_p808_mos,DNSMOS_mos_sig,DNSMOS_mos_bak,DNSMOS_mos_ovr
p102_rainbow_05_loud,WF_p102_rainbow_05_loud_fold10_162134-7-12-0_SNR5dB.wav,16000,1.0687037706375122,6.922196865081787,0.7924977540969849,2.2806729793548586,4.0922447834285345,1.630597280687521,2.1138168934412516
