clean_file,enhanced_file,sampling_rate,PESQ,SI_SDR,STOI,DNSMOS_p808_mos,DNSMOS_mos_sig,DNSMOS_mos_bak,DNSMOS_mos_ovr
p103_interjection_anger,WF_p103_interjection_anger_fold10_172519-9-0-10_SNR5dB.wav,16000,1.4830571413040161,9.03805160522461,0.584611177444458,2.4615683896201,2.3831056612440564,2.224556945267385,1.7402781484948753
