clean_file,enhanced_file,sampling_rate,PESQ,SI_SDR,STOI,DNSMOS_p808_mos,DNSMOS_mos_sig,DNSMOS_mos_bak,DNSMOS_mos_ovr
p103_rainbow_07_whisper,WF_p103_rainbow_07_whisper_fold10_180127-4-0-6_SNR5dB.wav,16000,1.0755454301834106,5.297908782958984,0.44505229592323303,2.8931524412972585,1.8767840408148582,3.675826722748036,1.6470668754432887
