clean_file,enhanced_file,sampling_rate,PESQ,SI_SDR,STOI,DNSMOS_p808_mos,DNSMOS_mos_sig,DNSMOS_mos_bak,DNSMOS_mos_ovr
p102_rainbow_06_loud,WF_p102_rainbow_06_loud_fold10_162134-7-13-2_SNR5dB.wav,16000,1.088148832321167,7.55484676361084,0.8028378486633301,2.278148889541626,3.9093996260347454,1.934615301080013,2.378373980770467
