clean_file,enhanced_file,sampling_rate,PESQ,SI_SDR,STOI,DNSMOS_p808_mos,DNSMOS_mos_sig,DNSMOS_mos_bak,DNSMOS_mos_ovr
p104_sentences_01_loud,WF_p104_sentences_01_loud_fold10_26255-3-13-1_SNR5dB.wav,16000,1.1722080707550049,6.800436496734619,0.776719331741333,2.68742040793101,2.3059266522727966,2.1857745938108817,1.7569840675516355
