clean_file,enhanced_file,sampling_rate,PESQ,SI_SDR,STOI,DNSMOS_p808_mos,DNSMOS_mos_sig,DNSMOS_mos_bak,DNSMOS_mos_ovr
p104_rainbow_02_loud,WF_p104_rainbow_02_loud_fold10_200460-6-5-0_SNR5dB.wav,16000,1.2631230354309082,5.0187087059021,0.8936833143234253,3.463643741607666,3.830155709941623,3.2120663168265073,3.01759495778269
