clean_file,enhanced_file,sampling_rate,PESQ,SI_SDR,STOI,DNSMOS_p808_mos,DNSMOS_mos_sig,DNSMOS_mos_bak,DNSMOS_mos_ovr
p104_sentences_21_regular,WF_p104_sentences_21_regular_fold10_30344-3-0-4_SNR5dB.wav,16000,1.6959600448608398,4.800750255584717,0.7118282318115234,3.5269016538347517,3.714166764127331,2.2732405739064325,2.4094132521713223
