clean_file,enhanced_file,sampling_rate,PESQ,SI_SDR,STOI,DNSMOS_p808_mos,DNSMOS_mos_sig,DNSMOS_mos_bak,DNSMOS_mos_ovr
p105_sentences_02_loud,WF_p105_sentences_02_loud_fold10_7965-3-11-0_SNR5dB.wav,16000,1.6883161067962646,4.645427227020264,0.7321243286132812,3.8222951548440114,4.453611764054087,2.8278650994268166,3.2918185448001336
