clean_file,enhanced_file,sampling_rate,PESQ,SI_SDR,STOI,DNSMOS_p808_mos,DNSMOS_mos_sig,DNSMOS_mos_bak,DNSMOS_mos_ovr
p105_emo_desire_freeform,WF_p105_emo_desire_freeform_fold10_41306-3-0-10_SNR5dB.wav,16000,1.529383897781372,6.414179801940918,0.7045096755027771,3.061227262020111,2.5034322634526087,3.943912770956592,2.2239420211604415
