clean_file,enhanced_file,sampling_rate,PESQ,SI_SDR,STOI,DNSMOS_p808_mos,DNSMOS_mos_sig,DNSMOS_mos_bak,DNSMOS_mos_ovr
p104_emo_sadness_sentences,WF_p104_emo_sadness_sentences_fold10_196084-2-0-1_SNR5dB.wav,16000,1.5168790817260742,4.544348239898682,0.7796026468276978,3.8797558546066284,3.9710247065792403,2.0347532164383,2.292367050523241
