clean_file,enhanced_file,sampling_rate,PESQ,SI_SDR,STOI,DNSMOS_p808_mos,DNSMOS_mos_sig,DNSMOS_mos_bak,DNSMOS_mos_ovr
p104_rainbow_07_whisper,WF_p104_rainbow_07_whisper_fold10_22973-3-0-0_SNR5dB.wav,16000,1.0582302808761597,2.281074285507202,0.6120200157165527,2.4882663658687045,1.751012284976024,2.2335364571129355,1.3741603301016698
