clean_file,enhanced_file,sampling_rate,PESQ,SI_SDR,STOI,DNSMOS_p808_mos,DNSMOS_mos_sig,DNSMOS_mos_bak,DNSMOS_mos_ovr
p105_rainbow_05_lowpitch,WF_p105_rainbow_05_lowpitch_fold10_74364-8-1-24_SNR5dB.wav,16000,1.3147976398468018,4.435726642608643,0.8739423155784607,3.1470344407217845,3.8872131037510607,2.573678099217182,2.815325864439759
