clean_file,enhanced_file,sampling_rate,PESQ,SI_SDR,STOI,DNSMOS_p808_mos,DNSMOS_mos_sig,DNSMOS_mos_bak,DNSMOS_mos_ovr
p103_sentences_01_regular,WF_p103_sentences_01_regular_fold10_181624-4-6-0_SNR5dB.wav,16000,1.1151107549667358,4.655987739562988,0.6598602533340454,2.8611039774758473,4.463192588157095,3.1054665536465365,3.4424480001498026
