clean_file,enhanced_file,sampling_rate,PESQ,SI_SDR,STOI,DNSMOS_p808_mos,DNSMOS_mos_sig,DNSMOS_mos_bak,DNSMOS_mos_ovr
p104_rainbow_08_highpitch,WF_p104_rainbow_08_highpitch_fold10_22973-3-0-2_SNR5dB.wav,16000,1.1085362434387207,5.867526531219482,0.8167752027511597,2.586071559361049,4.153023143306309,1.9474197215903486,2.5184642806295545
