clean_file,enhanced_file,sampling_rate,PESQ,SI_SDR,STOI,DNSMOS_p808_mos,DNSMOS_mos_sig,DNSMOS_mos_bak,DNSMOS_mos_ovr
p105_emo_pain_freeform,WF_p105_emo_pain_freeform_fold10_71312-3-0-1_SNR5dB.wav,16000,1.2388596534729004,4.846315860748291,0.6515054702758789,2.973466157913208,3.9565597310223186,1.9626884293001905,2.2752502995513635
