clean_file,enhanced_file,sampling_rate,PESQ,SI_SDR,STOI,DNSMOS_p808_mos,DNSMOS_mos_sig,DNSMOS_mos_bak,DNSMOS_mos_ovr
p101_sentences_17_regular,WF_p101_sentences_17_regular_fold10_14470-2-0-14_SNR5dB.wav,16000,1.1898077726364136,5.000724792480469,0.6810373663902283,2.9205374717712402,3.7431054076959387,2.17840320704009,2.5904310575615797
