clean_file,enhanced_file,sampling_rate,PESQ,SI_SDR,STOI,DNSMOS_p808_mos,DNSMOS_mos_sig,DNSMOS_mos_bak,DNSMOS_mos_ovr
p106_emo_serenity_freeform,WF_p106_emo_serenity_freeform_fold10_99192-4-0-18_SNR5dB.wav,16000,1.1405235528945923,3.333632469177246,0.6378459334373474,2.4122607367379323,4.052503673687719,2.866914826977982,2.772476402061449
