clean_file,enhanced_file,sampling_rate,PESQ,SI_SDR,STOI,DNSMOS_p808_mos,DNSMOS_mos_sig,DNSMOS_mos_bak,DNSMOS_mos_ovr
p102_sentences_22_regular,WF_p102_sentences_22_regular_fold10_164377-9-1-43_SNR5dB.wav,16000,1.2786476612091064,6.7980451583862305,0.7081155776977539,3.0272483030954995,3.201187256478015,2.5063520715591956,2.306569519496415
