clean_file,enhanced_file,sampling_rate,PESQ,SI_SDR,STOI,DNSMOS_p808_mos,DNSMOS_mos_sig,DNSMOS_mos_bak,DNSMOS_mos_ovr
p102_rainbow_01_lowpitch,WF_p102_rainbow_01_lowpitch_fold10_159742-8-0-12_SNR5dB.wav,16000,1.2691739797592163,6.912837028503418,0.8322630524635315,3.393599510192871,3.397058101885101,2.3855112841235826,2.5127302927679187
