clean_file,enhanced_file,sampling_rate,PESQ,SI_SDR,STOI,DNSMOS_p808_mos,DNSMOS_mos_sig,DNSMOS_mos_bak,DNSMOS_mos_ovr
p104_sentences_18_regular,WF_p104_sentences_18_regular_fold10_30344-3-0-0_SNR5dB.wav,16000,1.6492406129837036,4.936391830444336,0.7659307718276978,3.2538003580910817,3.883484776361388,1.9446908126985745,2.2968554008149105
