clean_file,enhanced_file,sampling_rate,PESQ,SI_SDR,STOI,DNSMOS_p808_mos,DNSMOS_mos_sig,DNSMOS_mos_bak,DNSMOS_mos_ovr
p102_sentences_01_regular,WF_p102_sentences_01_regular_fold10_162134-7-7-0_SNR5dB.wav,16000,1.1428958177566528,5.570993423461914,0.6581806540489197,2.706592857837677,4.054262318589886,1.7390875674885904,2.244391457497041
