clean_file,enhanced_file,sampling_rate,PESQ,SI_SDR,STOI,DNSMOS_p808_mos,DNSMOS_mos_sig,DNSMOS_mos_bak,DNSMOS_mos_ovr
p101_rainbow_01_loud,WF_p101_rainbow_01_loud_fold10_115241-9-0-2_SNR5dB.wav,16000,1.2214856147766113,5.788763046264648,0.7836014032363892,2.6125877244131908,3.725996336090526,2.0398527816568546,2.475504193136698
