clean_file,enhanced_file,sampling_rate,PESQ,SI_SDR,STOI,DNSMOS_p808_mos,DNSMOS_mos_sig,DNSMOS_mos_bak,DNSMOS_mos_ovr
p102_rainbow_06_regular,WF_p102_rainbow_06_regular_fold10_162134-7-13-4_SNR5dB.wav,16000,1.086910605430603,6.7538886070251465,0.7608141899108887,2.6660763025283813,3.655210616936375,1.8723771198138728,2.235018915089489
