clean_file,enhanced_file,sampling_rate,PESQ,SI_SDR,STOI,DNSMOS_p808_mos,DNSMOS_mos_sig,DNSMOS_mos_bak,DNSMOS_mos_ovr
p104_emo_disgust_freeform,WF_p104_emo_disgust_freeform_fold10_189982-0-0-3_SNR5dB.wav,16000,2.0281014442443848,10.195536613464355,0.4813421964645386,2.7205557028452554,2.692951099860321,2.8328812230651814,2.1980442206360955
