clean_file,enhanced_file,sampling_rate,PESQ,SI_SDR,STOI,DNSMOS_p808_mos,DNSMOS_mos_sig,DNSMOS_mos_bak,DNSMOS_mos_ovr
p102_emo_amazement_sentences,WF_p102_emo_amazement_sentences_fold10_155241-9-0-69_SNR5dB.wav,16000,1.166926383972168,6.705685615539551,0.7958502173423767,2.386279821395874,2.1905549577770604,1.6650165045418521,1.389129725636161
