clean_file,enhanced_file,sampling_rate,PESQ,SI_SDR,STOI,DNSMOS_p808_mos,DNSMOS_mos_sig,DNSMOS_mos_bak,DNSMOS_mos_ovr
p103_emo_interest_freeform,WF_p103_emo_interest_freeform_fold10_167464-0-0-7_SNR5dB.wav,16000,1.2954638004302979,8.756582260131836,0.7046254277229309,2.9217139879862466,3.601255456078754,2.522392481011045,2.625621787307536
