clean_file,enhanced_file,sampling_rate,PESQ,SI_SDR,STOI,DNSMOS_p808_mos,DNSMOS_mos_sig,DNSMOS_mos_bak,DNSMOS_mos_ovr
p101_rainbow_05_lowpitch,WF_p101_rainbow_05_lowpitch_fold10_118278-4-0-6_SNR5dB.wav,16000,1.2203549146652222,5.85301399230957,0.7359511256217957,2.376024087270101,3.29323412186827,2.6351152478105555,2.530756194633284
