clean_file,enhanced_file,sampling_rate,PESQ,SI_SDR,STOI,DNSMOS_p808_mos,DNSMOS_mos_sig,DNSMOS_mos_bak,DNSMOS_mos_ovr
p105_sentences_02_lowpitch,WF_p105_sentences_02_lowpitch_fold10_7965-3-16-0_SNR5dB.wav,16000,1.5754878520965576,7.870821475982666,0.7580012679100037,3.092395441872733,3.4282853558508117,2.79219853929034,2.635402487340989
