clean_file,enhanced_file,sampling_rate,PESQ,SI_SDR,STOI,DNSMOS_p808_mos,DNSMOS_mos_sig,DNSMOS_mos_bak,DNSMOS_mos_ovr
p105_rainbow_07_slow,WF_p105_rainbow_07_slow_fold10_74922-4-0-5_SNR5dB.wav,16000,1.0840575695037842,3.0289831161499023,0.6838588118553162,2.4217047691345215,2.7914416112742253,3.1125561849563943,2.2894679419769184
