clean_file,enhanced_file,sampling_rate,PESQ,SI_SDR,STOI,DNSMOS_p808_mos,DNSMOS_mos_sig,DNSMOS_mos_bak,DNSMOS_mos_ovr
p105_rainbow_05_whisper,WF_p105_rainbow_05_whisper_fold10_74364-8-1-27_SNR5dB.wav,16000,1.0846600532531738,3.9001612663269043,0.7458701729774475,2.969163860593523,3.644954426873852,2.4061782245710366,2.5345236045255883
