clean_file,enhanced_file,sampling_rate,PESQ,SI_SDR,STOI,DNSMOS_p808_mos,DNSMOS_mos_sig,DNSMOS_mos_bak,DNSMOS_mos_ovr
p102_emo_realization_sentences,WF_p102_emo_realization_sentences_fold10_15544-5-0-5_SNR5dB.wav,16000,1.420647144317627,8.986383438110352,0.8223906755447388,2.9269344409306846,3.2263943036410025,2.313530900264757,2.3032452039984417
