clean_file,enhanced_file,sampling_rate,PESQ,SI_SDR,STOI,DNSMOS_p808_mos,DNSMOS_mos_sig,DNSMOS_mos_bak,DNSMOS_mos_ovr
p105_sentences_08_slow,WF_p105_sentences_08_slow_fold10_83191-9-0-17_SNR5dB.wav,16000,1.3170942068099976,5.57342529296875,0.47760486602783203,2.6143339702061246,2.960227514213017,2.5400263206307634,2.1667575386145184
