clean_file,enhanced_file,sampling_rate,PESQ,SI_SDR,STOI,DNSMOS_p808_mos,DNSMOS_mos_sig,DNSMOS_mos_bak,DNSMOS_mos_ovr
p105_rainbow_06_fast,WF_p105_rainbow_06_fast_fold10_74364-8-1-3_SNR5dB.wav,16000,1.0875539779663086,4.25921630859375,0.8293102383613586,3.122673749923706,4.215347083007756,2.250913541092068,2.7374630396385045
