clean_file,enhanced_file,sampling_rate,PESQ,SI_SDR,STOI,DNSMOS_p808_mos,DNSMOS_mos_sig,DNSMOS_mos_bak,DNSMOS_mos_ovr
p104_sentences_02_regular,WF_p104_sentences_02_regular_fold10_27070-2-0-5_SNR5dB.wav,16000,1.1540683507919312,6.0091142654418945,0.7864546775817871,2.9382479190826416,4.305508842236201,2.0332648401792417,2.68477010134983
