clean_file,enhanced_file,sampling_rate,PESQ,SI_SDR,STOI,DNSMOS_p808_mos,DNSMOS_mos_sig,DNSMOS_mos_bak,DNSMOS_mos_ovr
p102_rainbow_04_fast,WF_p102_rainbow_04_fast_fold10_162134-7-10-3_SNR5dB.wav,16000,1.0635266304016113,5.17962646484375,0.7769330739974976,2.370333433151245,3.8475887165967695,1.641425025620251,2.011515418121389
