clean_file,enhanced_file,sampling_rate,PESQ,SI_SDR,STOI,DNSMOS_p808_mos,DNSMOS_mos_sig,DNSMOS_mos_bak,DNSMOS_mos_ovr
p102_sentences_02_fast,WF_p102_sentences_02_fast_fold10_162134-7-8-1_SNR5dB.wav,16000,1.096020221710205,6.847437858581543,0.7978677153587341,2.408942937850952,3.864562656370813,1.7336297040934,2.2282740954835636
