clean_file,enhanced_file,sampling_rate,PESQ,SI_SDR,STOI,DNSMOS_p808_mos,DNSMOS_mos_sig,DNSMOS_mos_bak,DNSMOS_mos_ovr
p103_sentences_02_fast,WF_p103_sentences_02_fast_fold10_181624-4-9-0_SNR5dB.wav,16000,1.1209430694580078,6.5720624923706055,0.8835839033126831,2.8043455282847085,4.477340934574792,2.432411509348951,3.0108074908219997
