clean_file,enhanced_file,sampling_rate,PESQ,SI_SDR,STOI,DNSMOS_p808_mos,DNSMOS_mos_sig,DNSMOS_mos_bak,DNSMOS_mos_ovr
p104_sentences_22_regular,WF_p104_sentences_22_regular_fold10_34050-7-0-0_SNR5dB.wav,16000,1.1619271039962769,7.876293659210205,0.6186895966529846,2.6363582951681956,3.6280779670829135,2.317402985103483,2.378759517117385
