clean_file,enhanced_file,sampling_rate,PESQ,SI_SDR,STOI,DNSMOS_p808_mos,DNSMOS_mos_sig,DNSMOS_mos_bak,DNSMOS_mos_ovr
p103_emo_amazement_sentences,WF_p103_emo_amazement_sentences_fold10_165166-8-0-7_SNR5dB.wav,16000,1.577212929725647,5.217716693878174,0.6146074533462524,2.9943274656931558,4.2634445961234295,1.986399964093554,2.5577533171974824
