clean_file,enhanced_file,sampling_rate,PESQ,SI_SDR,STOI,DNSMOS_p808_mos,DNSMOS_mos_sig,DNSMOS_mos_bak,DNSMOS_mos_ovr
p103_rainbow_04_whisper,WF_p103_rainbow_04_whisper_fold10_179868-1-0-0_SNR5dB.wav,16000,1.2089654207229614,1.2395323514938354,0.4680342674255371,2.8342186382838657,2.221682286920129,2.9642883528654314,1.727200691259411
