clean_file,enhanced_file,sampling_rate,PESQ,SI_SDR,STOI,DNSMOS_p808_mos,DNSMOS_mos_sig,DNSMOS_mos_bak,DNSMOS_mos_ovr
p101_sentences_14_lowpitch,WF_p101_sentences_14_lowpitch_fold10_14468-3-1-0_SNR5dB.wav,16000,1.8327689170837402,4.880368709564209,0.8968105316162109,3.3959999084472656,4.017010447233133,2.545261961347961,2.8335553198411993
