clean_file,enhanced_file,sampling_rate,PESQ,SI_SDR,STOI,DNSMOS_p808_mos,DNSMOS_mos_sig,DNSMOS_mos_bak,DNSMOS_mos_ovr
p102_rainbow_02_whisper,WF_p102_rainbow_02_whisper_fold10_159742-8-0-9_SNR5dB.wav,16000,1.158875584602356,3.977576732635498,0.7280503511428833,3.1279186606407166,1.6360709345749826,2.1988349552852124,1.488169142735444
