clean_file,enhanced_file,sampling_rate,PESQ,SI_SDR,STOI,DNSMOS_p808_mos,DNSMOS_mos_sig,DNSMOS_mos_bak,DNSMOS_mos_ovr
p101_rainbow_02_whisper,WF_p101_rainbow_02_whisper_fold10_11722-3-0-0_SNR5dB.wav,16000,1.1642893552780151,2.3278310298919678,0.6995817422866821,3.0478166341781616,3.55109051261667,2.5514012968173185,2.5235194195906288
