clean_file,enhanced_file,sampling_rate,PESQ,SI_SDR,STOI,DNSMOS_p808_mos,DNSMOS_mos_sig,DNSMOS_mos_bak,DNSMOS_mos_ovr
p103_emo_realization_freeform,WF_p103_emo_realization_freeform_fold10_17074-1-0-0_SNR5dB.wav,16000,1.7976458072662354,9.740708351135254,0.558478832244873,3.038094554628645,3.161372305516531,3.20183215786992,2.518199112094989
