clean_file,enhanced_file,sampling_rate,PESQ,SI_SDR,STOI,DNSMOS_p808_mos,DNSMOS_mos_sig,DNSMOS_mos_bak,DNSMOS_mos_ovr
p105_sentences_24_regular,WF_p105_sentences_24_regular_fold10_83502-0-0-3_SNR5dB.wav,16000,1.2476050853729248,6.659201622009277,0.505191445350647,2.746727705001831,4.1231439290181635,2.6277674639796715,2.9166415597991633
