clean_file,enhanced_file,sampling_rate,PESQ,SI_SDR,STOI,DNSMOS_p808_mos,DNSMOS_mos_sig,DNSMOS_mos_bak,DNSMOS_mos_ovr
p102_interjection_filler,WF_p102_interjection_filler_fold10_157207-6-4-0_SNR5dB.wav,16000,1.3477458953857422,5.461522102355957,0.5765404105186462,2.964678168296814,3.722925168789951,2.547221682995277,2.653408007586389
