clean_file,enhanced_file,sampling_rate,PESQ,SI_SDR,STOI,DNSMOS_p808_mos,DNSMOS_mos_sig,DNSMOS_mos_bak,DNSMOS_mos_ovr
p104_emo_guilt_freeform,WF_p104_emo_guilt_freeform_fold10_189982-0-0-44_SNR5dB.wav,16000,1.3107507228851318,8.784597396850586,0.7755524516105652,3.0164794325828552,3.565101310317434,2.7697110172131603,2.575418342126096
