clean_file,enhanced_file,sampling_rate,PESQ,SI_SDR,STOI,DNSMOS_p808_mos,DNSMOS_mos_sig,DNSMOS_mos_bak,DNSMOS_mos_ovr
p101_rainbow_01_whisper,WF_p101_rainbow_01_whisper_fold10_115241-9-0-9_SNR5dB.wav,16000,1.0695909261703491,1.4699881076812744,0.6921070218086243,2.3056418895721436,3.038521470926932,2.192614927447663,2.1695142721973792
