clean_file,enhanced_file,sampling_rate,PESQ,SI_SDR,STOI,DNSMOS_p808_mos,DNSMOS_mos_sig,DNSMOS_mos_bak,DNSMOS_mos_ovr
p106_rainbow_01_whisper,WF_p106_rainbow_01_whisper_fold10_99192-4-0-55_SNR5dB.wav,16000,1.0259861946105957,2.5171031951904297,0.40301239490509033,2.640264630317688,2.099931182299017,3.752472325164816,1.9108882849064701
