clean_file,enhanced_file,sampling_rate,PESQ,SI_SDR,STOI,DNSMOS_p808_mos,DNSMOS_mos_sig,DNSMOS_mos_bak,DNSMOS_mos_ovr
p101_rainbow_05_highpitch,WF_p101_rainbow_05_highpitch_fold10_118278-4-0-4_SNR5dB.wav,16000,1.3053513765335083,8.572735786437988,0.8370952010154724,2.4952518939971924,3.726709150042185,2.22765395070791,2.461568263644735
