clean_file,enhanced_file,sampling_rate,PESQ,SI_SDR,STOI,DNSMOS_p808_mos,DNSMOS_mos_sig,DNSMOS_mos_bak,DNSMOS_mos_ovr
p104_rainbow_04_lowpitch,WF_p104_rainbow_04_lowpitch_fold10_203424-9-0-18_SNR5dB.wav,16000,1.0900959968566895,5.79410457611084,0.7267216444015503,2.618846893310547,3.7880275690353193,1.9982676566906312,2.2465195652832644
