clean_file,enhanced_file,sampling_rate,PESQ,SI_SDR,STOI,DNSMOS_p808_mos,DNSMOS_mos_sig,DNSMOS_mos_bak,DNSMOS_mos_ovr
p102_vegetative_coughing,WF_p102_vegetative_coughing_fold10_164646-6-0-0_SNR5dB.wav,16000,1.3778975009918213,5.247596740722656,0.6881114840507507,2.6176186970302036,2.3815272409747976,2.042393384838566,1.6257984669234278
