clean_file,enhanced_file,sampling_rate,PESQ,SI_SDR,STOI,DNSMOS_p808_mos,DNSMOS_mos_sig,DNSMOS_mos_bak,DNSMOS_mos_ovr
p102_rainbow_07_whisper,WF_p102_rainbow_07_whisper_fold10_162134-7-16-0_SNR5dB.wav,16000,1.0435817241668701,5.476866722106934,0.5459561347961426,2.5939356088638306,1.5213356235885047,1.6948537693130723,0.9844535210533175
