clean_file,enhanced_file,sampling_rate,PESQ,SI_SDR,STOI,DNSMOS_p808_mos,DNSMOS_mos_sig,DNSMOS_mos_bak,DNSMOS_mos_ovr
p101_melodic_happy_birthday,WF_p101_melodic_happy_birthday_fold10_103438-5-0-1_SNR5dB.wav,16000,1.2088451385498047,8.384767532348633,0.5872876048088074,2.3847647110621133,4.245106812327189,1.702886329970455,2.227917970414197
