clean_file,enhanced_file,sampling_rate,PESQ,SI_SDR,STOI,DNSMOS_p808_mos,DNSMOS_mos_sig,DNSMOS_mos_bak,DNSMOS_mos_ovr
p103_sentences_18_regular,WF_p103_sentences_18_regular_fold10_188497-2-0-8_SNR5dB.wav,16000,1.3554712533950806,8.053586959838867,0.6043652892112732,2.6798626354762485,3.1220907111523295,2.5867046828490743,2.2703884187327508
