clean_file,enhanced_file,sampling_rate,PESQ,SI_SDR,STOI,DNSMOS_p808_mos,DNSMOS_mos_sig,DNSMOS_mos_bak,DNSMOS_mos_ovr
p104_emo_cuteness_freeform,WF_p104_emo_cuteness_freeform_fold10_189982-0-0-19_SNR5dB.wav,16000,1.3014917373657227,10.008878707885742,0.7197304964065552,2.41375195980072,3.665056343804174,2.4774797224183356,2.586939983895313
