clean_file,enhanced_file,sampling_rate,PESQ,SI_SDR,STOI,DNSMOS_p808_mos,DNSMOS_mos_sig,DNSMOS_mos_bak,DNSMOS_mos_ovr
p106_emo_interest_freeform,WF_p106_emo_interest_freeform_fold10_93567-8-0-2_SNR5dB.wav,16000,1.2205759286880493,8.214927673339844,0.6927039623260498,2.657193115779332,2.701970271624721,1.8525480385451263,1.529201807214972
