clean_file,enhanced_file,sampling_rate,PESQ,SI_SDR,STOI,DNSMOS_p808_mos,DNSMOS_mos_sig,DNSMOS_mos_bak,DNSMOS_mos_ovr
p101_emo_interest_freeform,WF_p101_emo_interest_freeform_fold10_102857-5-0-19_SNR5dB.wav,16000,1.8184435367584229,10.410412788391113,0.7804428935050964,3.1418558870043074,3.725218409172199,2.843597178545037,2.753548883119256
