clean_file,enhanced_file,sampling_rate,PESQ,SI_SDR,STOI,DNSMOS_p808_mos,DNSMOS_mos_sig,DNSMOS_mos_bak,DNSMOS_mos_ovr
p105_rainbow_08_loud,WF_p105_rainbow_08_loud_fold10_77901-9-0-1_SNR5dB.wav,16000,1.109096884727478,5.615704536437988,0.6907064914703369,2.403782912663051,3.7259564040465483,2.0871656453434904,2.447692564158277
