clean_file,enhanced_file,sampling_rate,PESQ,SI_SDR,STOI,DNSMOS_p808_mos,DNSMOS_mos_sig,DNSMOS_mos_bak,DNSMOS_mos_ovr
p101_rainbow_06_fast,WF_p101_rainbow_06_fast_fold10_118558-5-0-0_SNR5dB.wav,16000,1.3288205862045288,7.521357536315918,0.8021005988121033,2.581411702292306,3.167430925983934,2.7242072579536187,2.4449729768177337
