clean_file,enhanced_file,sampling_rate,PESQ,SI_SDR,STOI,DNSMOS_p808_mos,DNSMOS_mos_sig,DNSMOS_mos_bak,DNSMOS_mos_ovr
p101_rainbow_05_slow,WF_p101_rainbow_05_slow_fold10_118278-4-0-8_SNR5dB.wav,16000,1.206026554107666,5.264203071594238,0.671729326248169,2.5044069630759105,3.1568710049643447,2.677553125283417,2.303786764793084
