clean_file,enhanced_file,sampling_rate,PESQ,SI_SDR,STOI,DNSMOS_p808_mos,DNSMOS_mos_sig,DNSMOS_mos_bak,DNSMOS_mos_ovr
p104_emo_confusion_freeform,WF_p104_emo_confusion_freeform_fold10_189982-0-0-13_SNR5dB.wav,16000,1.2785167694091797,8.13862419128418,0.7639590501785278,2.947195887565613,3.0261150288751395,2.573273409663266,2.191658273024101
