clean_file,enhanced_file,sampling_rate,PESQ,SI_SDR,STOI,DNSMOS_p808_mos,DNSMOS_mos_sig,DNSMOS_mos_bak,DNSMOS_mos_ovr
p102_rainbow_03_highpitch,WF_p102_rainbow_03_highpitch_fold10_162134-7-0-1_SNR5dB.wav,16000,1.0701229572296143,8.353656768798828,0.7036006450653076,2.1559001207351685,3.289376597155658,1.6204436978445882,1.6465595415019192
