clean_file,enhanced_file,sampling_rate,PESQ,SI_SDR,STOI,DNSMOS_p808_mos,DNSMOS_mos_sig,DNSMOS_mos_bak,DNSMOS_mos_ovr
p105_rainbow_08_regular,WF_p105_rainbow_08_regular_fold10_77901-9-0-3_SNR5dB.wav,16000,1.0860047340393066,5.084508895874023,0.6340134143829346,2.3479251861572266,3.597868597579886,2.352703377360541,2.547724019094257
