clean_file,enhanced_file,sampling_rate,PESQ,SI_SDR,STOI,DNSMOS_p808_mos,DNSMOS_mos_sig,DNSMOS_mos_bak,DNSMOS_mos_ovr
p103_emo_adoration_freeform,WF_p103_emo_adoration_freeform_fold10_165166-8-0-4_SNR5dB.wav,16000,1.2471339702606201,4.837489604949951,0.7365880012512207,2.9631152153015137,4.370129281608272,2.2598885465964305,2.812473476153187
