clean_file,enhanced_file,sampling_rate,PESQ,SI_SDR,STOI,DNSMOS_p808_mos,DNSMOS_mos_sig,DNSMOS_mos_bak,DNSMOS_mos_ovr
p103_rainbow_03_regular,WF_p103_rainbow_03_regular_fold10_178826-2-0-10_SNR5dB.wav,16000,1.2307666540145874,6.473431587219238,0.6814762353897095,2.767524344580514,4.173428192755622,2.4365496533835698,2.8963815820063354
