clean_file,enhanced_file,sampling_rate,PESQ,SI_SDR,STOI,DNSMOS_p808_mos,DNSMOS_mos_sig,DNSMOS_mos_bak,DNSMOS_mos_ovr
p106_emo_amazement_sentences,WF_p106_emo_amazement_sentences_fold10_84249-9-0-3_SNR5dB.wav,16000,1.2667672634124756,7.097926139831543,0.6894928812980652,2.4468514919281006,2.6812012233556595,1.9517239074789925,1.7315046431706573
