clean_file,enhanced_file,sampling_rate,PESQ,SI_SDR,STOI,DNSMOS_p808_mos,DNSMOS_mos_sig,DNSMOS_mos_bak,DNSMOS_mos_ovr
p102_sentences_06_loud,WF_p102_sentences_06_loud_fold10_162134-7-9-3_SNR5dB.wav,16000,1.1135737895965576,7.314480781555176,0.7503780722618103,2.441506998879569,4.014016895014274,1.6929947028999381,2.2231090170281615
