clean_file,enhanced_file,sampling_rate,PESQ,SI_SDR,STOI,DNSMOS_p808_mos,DNSMOS_mos_sig,DNSMOS_mos_bak,DNSMOS_mos_ovr
p105_rainbow_01_regular,WF_p105_rainbow_01_regular_fold10_73524-0-0-52_SNR5dB.wav,16000,1.2969459295272827,4.884884834289551,0.7746215462684631,2.9973740577697754,3.3432071572506485,3.1406880665218484,2.582179551832377
