clean_file,enhanced_file,sampling_rate,PESQ,SI_SDR,STOI,DNSMOS_p808_mos,DNSMOS_mos_sig,DNSMOS_mos_bak,DNSMOS_mos_ovr
p104_rainbow_07_lowpitch,WF_p104_rainbow_07_lowpitch_fold10_209672-3-3-0_SNR5dB.wav,16000,1.466818928718567,4.591273307800293,0.8522775769233704,3.938502720424107,4.511523874001532,3.405857640384174,3.5933049282863014
