clean_file,enhanced_file,sampling_rate,PESQ,SI_SDR,STOI,DNSMOS_p808_mos,DNSMOS_mos_sig,DNSMOS_mos_bak,DNSMOS_mos_ovr
p103_rainbow_05_regular,WF_p103_rainbow_05_regular_fold10_180127-4-0-12_SNR5dB.wav,16000,1.3556596040725708,7.617412567138672,0.7840217351913452,3.134101527077811,2.6651664693919552,2.8094792199524217,2.071695050436214
