clean_file,enhanced_file,sampling_rate,PESQ,SI_SDR,STOI,DNSMOS_p808_mos,DNSMOS_mos_sig,DNSMOS_mos_bak,DNSMOS_mos_ovr
p101_sentences_02_whisper,WF_p101_sentences_02_whisper_fold10_136558-9-1-39_SNR5dB.wav,16000,1.165901780128479,2.94600772857666,0.5601926445960999,2.354702377319336,1.6704567936283907,2.231870327990484,1.436059612470785
