clean_file,enhanced_file,sampling_rate,PESQ,SI_SDR,STOI,DNSMOS_p808_mos,DNSMOS_mos_sig,DNSMOS_mos_bak,DNSMOS_mos_ovr
p104_rainbow_04_slow,WF_p104_rainbow_04_slow_fold10_203424-9-0-34_SNR5dB.wav,16000,1.0798941850662231,5.0425286293029785,0.7196111083030701,2.6101113046918596,3.6116001974915197,2.023848106871299,2.0590161146217576
