clean_file,enhanced_file,sampling_rate,PESQ,SI_SDR,STOI,DNSMOS_p808_mos,DNSMOS_mos_sig,DNSMOS_mos_bak,DNSMOS_mos_ovr
p105_rainbow_01_fast,WF_p105_rainbow_01_fast_fold10_73524-0-0-30_SNR5dB.wav,16000,1.4114406108856201,5.952477931976318,0.8015912175178528,3.019389828046163,3.510589022739531,2.9530971258153382,2.6666861750989335
