clean_file,enhanced_file,sampling_rate,PESQ,SI_SDR,STOI,DNSMOS_p808_mos,DNSMOS_mos_sig,DNSMOS_mos_bak,DNSMOS_mos_ovr
p104_rainbow_01_regular,WF_p104_rainbow_01_regular_fold10_200460-6-0-0_SNR5dB.wav,16000,1.483078956604004,4.757302761077881,0.8400787711143494,3.8995684385299683,3.996355981162326,3.2279029896841336,3.1355279749548903
