clean_file,enhanced_file,sampling_rate,PESQ,SI_SDR,STOI,DNSMOS_p808_mos,DNSMOS_mos_sig,DNSMOS_mos_bak,DNSMOS_mos_ovr
p104_sentences_05_loud,WF_p104_sentences_05_loud_fold10_28808-1-0-10_SNR5dB.wav,16000,1.245793104171753,5.651908874511719,0.7916995286941528,2.817018985748291,3.8318009247992064,1.9365572248550202,2.0764473650446686
