clean_file,enhanced_file,sampling_rate,PESQ,SI_SDR,STOI,DNSMOS_p808_mos,DNSMOS_mos_sig,DNSMOS_mos_bak,DNSMOS_mos_ovr
p104_rainbow_01_highpitch,WF_p104_rainbow_01_highpitch_fold10_199261-3-0-1_SNR5dB.wav,16000,1.436484456062317,4.660000324249268,0.8371439576148987,3.7010700702667236,4.1029775825084664,2.9839253659211016,3.02150241737867
