clean_file,enhanced_file,sampling_rate,PESQ,SI_SDR,STOI,DNSMOS_p808_mos,DNSMOS_mos_sig,DNSMOS_mos_bak,DNSMOS_mos_ovr
p102_emo_sadness_sentences,WF_p102_emo_sadness_sentences_fold10_15544-5-0-9_SNR5dB.wav,16000,1.622888207435608,9.324850082397461,0.7552330493927002,3.000532388687134,4.294933070049953,2.8393127656336037,3.234145424063532
