clean_file,enhanced_file,sampling_rate,PESQ,SI_SDR,STOI,DNSMOS_p808_mos,DNSMOS_mos_sig,DNSMOS_mos_bak,DNSMOS_mos_ovr
p106_emo_guilt_sentences,WF_p106_emo_guilt_sentences_fold10_93567-8-0-19_SNR5dB.wav,16000,1.3341094255447388,5.613398551940918,0.7752555012702942,2.673892021179199,4.299287581458988,2.3939614455444675,2.81541225437256
