clean_file,enhanced_file,sampling_rate,PESQ,SI_SDR,STOI,DNSMOS_p808_mos,DNSMOS_mos_sig,DNSMOS_mos_bak,DNSMOS_mos_ovr
p105_sentences_10_fast,WF_p105_sentences_10_fast_fold10_83191-9-0-6_SNR5dB.wav,16000,1.3184376955032349,7.689886569976807,0.6634917259216309,2.724781036376953,3.739263829126653,1.963050679682794,2.354791385507328
