clean_file,enhanced_file,sampling_rate,PESQ,SI_SDR,STOI,DNSMOS_p808_mos,DNSMOS_mos_sig,DNSMOS_mos_bak,DNSMOS_mos_ovr
p105_rainbow_04_regular,WF_p105_rainbow_04_regular_fold10_74364-8-1-19_SNR5dB.wav,16000,1.1064523458480835,4.699522495269775,0.7951762080192566,2.847062587738037,4.119920911392538,2.3900370711992855,2.808582825459223
