clean_file,enhanced_file,sampling_rate,PESQ,SI_SDR,STOI,DNSMOS_p808_mos,DNSMOS_mos_sig,DNSMOS_mos_bak,DNSMOS_mos_ovr
p103_emo_desire_sentences,WF_p103_emo_desire_sentences_fold10_167464-0-0-15_SNR5dB.wav,16000,1.3735896348953247,9.066761016845703,0.612137496471405,2.9396402495247975,3.2881412234718246,3.1586026265999565,2.567058552346405
