clean_file,enhanced_file,sampling_rate,PESQ,SI_SDR,STOI,DNSMOS_p808_mos,DNSMOS_mos_sig,DNSMOS_mos_bak,DNSMOS_mos_ovr
p105_sentences_12_highpitch,WF_p105_sentences_12_highpitch_fold10_83195-9-0-14_SNR5dB.wav,16000,1.1369953155517578,7.3330230712890625,0.44298264384269714,2.2779110840388705,2.5742710948878034,2.2438223910718844,1.7679505625386687
