clean_file,enhanced_file,sampling_rate,PESQ,SI_SDR,STOI,DNSMOS_p808_mos,DNSMOS_mos_sig,DNSMOS_mos_bak,DNSMOS_mos_ovr
p102_emo_cuteness_freeform,WF_p102_emo_cuteness_freeform_fold10_155262-2-0-48_SNR5dB.wav,16000,1.2474141120910645,7.785411834716797,0.7798094749450684,2.7767089094434465,3.1747021242750497,2.1888008406898094,2.232369480125309
