clean_file,enhanced_file,sampling_rate,PESQ,SI_SDR,STOI,DNSMOS_p808_mos,DNSMOS_mos_sig,DNSMOS_mos_bak,DNSMOS_mos_ovr
p103_emo_sadness_sentences,WF_p103_emo_sadness_sentences_fold10_171478-9-0-4_SNR5dB.wav,16000,1.3459397554397583,7.415868759155273,0.5531105995178223,2.751277038029262,3.3978422003475433,2.2747992095603062,2.2519765213107457
