clean_file,enhanced_file,sampling_rate,PESQ,SI_SDR,STOI,DNSMOS_p808_mos,DNSMOS_mos_sig,DNSMOS_mos_bak,DNSMOS_mos_ovr
p104_emo_serenity_freeform,WF_p104_emo_serenity_freeform_fold10_196084-2-0-2_SNR5dB.wav,16000,1.446765422821045,4.70823335647583,0.8024299740791321,3.5257988770802817,3.2284808315281857,2.5294745787989528,2.232337186849747
