clean_file,enhanced_file,sampling_rate,PESQ,SI_SDR,STOI,DNSMOS_p808_mos,DNSMOS_mos_sig,DNSMOS_mos_bak,DNSMOS_mos_ovr
p104_sentences_09_fast,WF_p104_sentences_09_fast_fold10_28808-1-0-4_SNR5dB.wav,16000,1.2366119623184204,6.550025939941406,0.7272217273712158,2.7495450292314803,3.6697261732744906,2.2775834126723056,2.529072127441352
