clean_file,enhanced_file,sampling_rate,PESQ,SI_SDR,STOI,DNSMOS_p808_mos,DNSMOS_mos_sig,DNSMOS_mos_bak,DNSMOS_mos_ovr
p101_rainbow_03_fast,WF_p101_rainbow_03_fast_fold10_11722-3-1-0_SNR5dB.wav,16000,1.4767740964889526,4.854403018951416,0.8735553622245789,3.6123709678649902,3.624812989274937,1.6629811692412364,1.91299369309208
