clean_file,enhanced_file,sampling_rate,PESQ,SI_SDR,STOI,DNSMOS_p808_mos,DNSMOS_mos_sig,DNSMOS_mos_bak,DNSMOS_mos_ovr
p102_rainbow_04_highpitch,WF_p102_rainbow_04_highpitch_fold10_162134-7-11-0_SNR5dB.wav,16000,1.0472313165664673,6.918208599090576,0.6732346415519714,2.2802921136220298,3.7338365330687875,1.5651374272422836,1.8870222738020754
