clean_file,enhanced_file,sampling_rate,PESQ,SI_SDR,STOI,DNSMOS_p808_mos,DNSMOS_mos_sig,DNSMOS_mos_bak,DNSMOS_mos_ovr
p103_rainbow_04_loud,WF_p103_rainbow_04_loud_fold10_178826-2-0-20_SNR5dB.wav,16000,1.2315959930419922,8.856171607971191,0.7686298489570618,2.5699773856571744,2.8332746005414107,1.9023393769787862,1.806269057482092
