clean_file,enhanced_file,sampling_rate,PESQ,SI_SDR,STOI,DNSMOS_p808_mos,DNSMOS_mos_sig,DNSMOS_mos_bak,DNSMOS_mos_ovr
p103_sentences_19_regular,WF_p103_sentences_19_regular_fold10_188813-7-0-0_SNR5dB.wav,16000,1.1789361238479614,7.872989177703857,0.663936972618103,2.5549793243408203,4.117471067680388,2.1059953629783537,2.6133257466224573
