clean_file,enhanced_file,sampling_rate,PESQ,SI_SDR,STOI,DNSMOS_p808_mos,DNSMOS_mos_sig,DNSMOS_mos_bak,DNSMOS_mos_ovr
p105_emo_embarassment_freeform,WF_p105_emo_embarassment_freeform_fold10_54086-1-1-0_SNR5dB.wav,16000,1.4270100593566895,3.7615747451782227,0.763349175453186,2.8872504234313965,3.110693230340597,2.0849991700357666,1.981249764999487
