clean_file,enhanced_file,sampling_rate,PESQ,SI_SDR,STOI,DNSMOS_p808_mos,DNSMOS_mos_sig,DNSMOS_mos_bak,DNSMOS_mos_ovr
p103_sentences_02_loud,WF_p103_sentences_02_loud_fold10_187110-2-0-10_SNR5dB.wav,16000,1.2485896348953247,5.25206184387207,0.791532576084137,2.8068015575408936,4.108315638739559,1.9476588032580238,2.4357660805733508
