clean_file,enhanced_file,sampling_rate,PESQ,SI_SDR,STOI,DNSMOS_p808_mos,DNSMOS_mos_sig,DNSMOS_mos_bak,DNSMOS_mos_ovr
p106_emo_pride_freeform,WF_p106_emo_pride_freeform_fold10_93567-8-0-8_SNR5dB.wav,16000,1.1633498668670654,7.058322906494141,0.7114987969398499,2.645613602229527,3.6506657378022345,1.9831494842968593,2.247602675562986
