clean_file,enhanced_file,sampling_rate,PESQ,SI_SDR,STOI,DNSMOS_p808_mos,DNSMOS_mos_sig,DNSMOS_mos_bak,DNSMOS_mos_ovr
p106_emo_anger_sentences,WF_p106_emo_anger_sentences_fold10_85574-3-0-0_SNR5dB.wav,16000,1.2904694080352783,5.357729911804199,0.8400797247886658,3.0573496222496033,4.105089206728259,2.1703884143690146,2.647746129805143
