clean_file,enhanced_file,sampling_rate,PESQ,SI_SDR,STOI,DNSMOS_p808_mos,DNSMOS_mos_sig,DNSMOS_mos_bak,DNSMOS_mos_ovr
p102_interjection_agreement,WF_p102_interjection_agreement_fold10_157207-6-10-0_SNR5dB.wav,16000,1.5045497417449951,5.223029136657715,0.7682729363441467,3.2428507804870605,3.8144497157606327,2.579313985302211,2.7835020495726464
