clean_file,enhanced_file,sampling_rate,PESQ,SI_SDR,STOI,DNSMOS_p808_mos,DNSMOS_mos_sig,DNSMOS_mos_bak,DNSMOS_mos_ovr
p103_emo_disappointment_sentences,WF_p103_emo_disappointment_sentences_fold10_167464-0-0-17_SNR5dB.wav,16000,1.3918439149856567,7.022619247436523,0.5397534966468811,2.9526648918787637,3.9708189481407117,3.263620309845232,3.1638157281827013
