clean_file,enhanced_file,sampling_rate,PESQ,SI_SDR,STOI,DNSMOS_p808_mos,DNSMOS_mos_sig,DNSMOS_mos_bak,DNSMOS_mos_ovr
p104_rainbow_03_regular,WF_p104_rainbow_03_regular_fold10_202334-9-0-106_SNR5dB.wav,16000,1.0989784002304077,5.568256855010986,0.7158272862434387,2.536709581102644,3.449089213957971,1.9464734623464144,1.9925745687696064
