clean_file,enhanced_file,sampling_rate,PESQ,SI_SDR,STOI,DNSMOS_p808_mos,DNSMOS_mos_sig,DNSMOS_mos_bak,DNSMOS_mos_ovr
p103_sentences_02_regular,WF_p103_sentences_02_regular_fold10_187110-2-0-27_SNR5dB.wav,16000,1.2990041971206665,7.5110883712768555,0.7154668569564819,2.8678295952933177,2.964544645429398,2.4733167757170937,2.204525578283991
