clean_file,enhanced_file,sampling_rate,PESQ,SI_SDR,STOI,DNSMOS_p808_mos,DNSMOS_mos_sig,DNSMOS_mos_bak,DNSMOS_mos_ovr
p102_emo_embarassment_sentences,WF_p102_emo_embarassment_sentences_fold10_155311-3-0-0_SNR5dB.wav,16000,1.4037188291549683,4.967009544372559,0.7821899056434631,3.4761414527893066,3.9739551644927875,1.917297134510509,2.2975517142646797
