clean_file,enhanced_file,sampling_rate,PESQ,SI_SDR,STOI,DNSMOS_p808_mos,DNSMOS_mos_sig,DNSMOS_mos_bak,DNSMOS_mos_ovr
p103_rainbow_02_lowpitch,WF_p103_rainbow_02_lowpitch_fold10_178261-7-3-0_SNR5dB.wav,16000,1.1256837844848633,7.852869987487793,0.767504870891571,2.186220952442714,3.8420844471051887,2.374072740199704,2.5583929202994256
