clean_file,enhanced_file,sampling_rate,PESQ,SI_SDR,STOI,DNSMOS_p808_mos,DNSMOS_mos_sig,DNSMOS_mos_bak,DNSMOS_mos_ovr
p104_rainbow_01_loud,WF_p104_rainbow_01_loud_fold10_199261-3-0-2_SNR5dB.wav,16000,1.6013915538787842,4.744685649871826,0.8514301776885986,3.9625035921732583,3.836320495178471,2.5774392858914688,2.6377365645403548
