clean_file,enhanced_file,sampling_rate,PESQ,SI_SDR,STOI,DNSMOS_p808_mos,DNSMOS_mos_sig,DNSMOS_mos_bak,DNSMOS_mos_ovr
p101_sentences_05_loud,WF_p101_sentences_05_loud_fold10_138017-9-1-10_SNR5dB.wav,16000,1.4202802181243896,7.624181747436523,0.6824292540550232,2.6787993907928467,2.5697540793520606,2.573532100131318,2.0089346258029774
