clean_file,enhanced_file,sampling_rate,PESQ,SI_SDR,STOI,DNSMOS_p808_mos,DNSMOS_mos_sig,DNSMOS_mos_bak,DNSMOS_mos_ovr
p103_sentences_09_fast,WF_p103_sentences_09_fast_fold10_187863-4-0-4_SNR5dB.wav,16000,1.1233961582183838,5.459450721740723,0.7587661147117615,2.691325283050537,4.211038723241103,2.2422302188274514,2.7073288306723837
