clean_file,enhanced_file,sampling_rate,PESQ,SI_SDR,STOI,DNSMOS_p808_mos,DNSMOS_mos_sig,DNSMOS_mos_bak,DNSMOS_mos_ovr
p101_vegetative_eating,WF_p101_vegetative_eating_fold10_147491-9-0-5_SNR5dB.wav,16000,1.0647504329681396,6.854275703430176,0.5199756622314453,2.211937665939331,1.5415916035316108,2.760839401304546,1.2285714078310868
