clean_file,enhanced_file,sampling_rate,PESQ,SI_SDR,STOI,DNSMOS_p808_mos,DNSMOS_mos_sig,DNSMOS_mos_bak,DNSMOS_mos_ovr
p101_rainbow_04_regular,WF_p101_rainbow_04_regular_fold10_118278-4-0-12_SNR5dB.wav,16000,1.192732810974121,6.2632646560668945,0.7317855358123779,2.293989817301432,3.3017074376243705,2.420357000643064,2.3940669323028865
