clean_file,enhanced_file,sampling_rate,PESQ,SI_SDR,STOI,DNSMOS_p808_mos,DNSMOS_mos_sig,DNSMOS_mos_bak,DNSMOS_mos_ovr
p103_emo_disgust_freeform,WF_p103_emo_disgust_freeform_fold10_167464-0-0-18_SNR5dB.wav,16000,1.4336557388305664,10.135114669799805,0.7349816560745239,2.729957001549857,3.5379376621817067,2.6448089626899507,2.6494210771313673
