clean_file,enhanced_file,sampling_rate,PESQ,SI_SDR,STOI,DNSMOS_p808_mos,DNSMOS_mos_sig,DNSMOS_mos_bak,DNSMOS_mos_ovr
p106_emo_adoration_freeform,WF_p106_emo_adoration_freeform_fold10_83502-0-0-9_SNR5dB.wav,16000,1.0511951446533203,5.487099647521973,0.6832686066627502,2.476543767111642,3.7320697960524045,2.074523242688724,2.1699163304157905
