clean_file,enhanced_file,sampling_rate,PESQ,SI_SDR,STOI,DNSMOS_p808_mos,DNSMOS_mos_sig,DNSMOS_mos_bak,DNSMOS_mos_ovr
p106_rainbow_01_loud,WF_p106_rainbow_01_loud_fold10_99192-4-0-49_SNR5dB.wav,16000,1.1485016345977783,8.65877914428711,0.7799912691116333,2.524018168449402,3.1344575801922967,1.8531935219491804,1.7573831989127242
