clean_file,enhanced_file,sampling_rate,PESQ,SI_SDR,STOI,DNSMOS_p808_mos,DNSMOS_mos_sig,DNSMOS_mos_bak,DNSMOS_mos_ovr
p102_rainbow_08_highpitch,WF_p102_rainbow_08_highpitch_fold10_162134-7-17-0_SNR5dB.wav,16000,1.045214056968689,7.457700729370117,0.7181015610694885,2.3808839321136475,3.9367566213409373,1.619056860303257,2.048665542372602
