clean_file,enhanced_file,sampling_rate,PESQ,SI_SDR,STOI,DNSMOS_p808_mos,DNSMOS_mos_sig,DNSMOS_mos_bak,DNSMOS_mos_ovr
p102_rainbow_03_fast,WF_p102_rainbow_03_fast_fold10_162134-7-0-0_SNR5dB.wav,16000,1.0968711376190186,6.168647766113281,0.7869847416877747,2.560534954071045,3.760900289695484,1.887871776088264,2.2439484059809462
