clean_file,enhanced_file,sampling_rate,PESQ,SI_SDR,STOI,DNSMOS_p808_mos,DNSMOS_mos_sig,DNSMOS_mos_bak,DNSMOS_mos_ovr
p106_rainbow_01_highpitch,WF_p106_rainbow_01_highpitch_fold10_99192-4-0-48_SNR5dB.wav,16000,1.1022979021072388,9.37202262878418,0.6160640716552734,2.3616973161697388,3.4508688549435593,1.6367148455461993,1.8431855023802495
