clean_file,enhanced_file,sampling_rate,PESQ,SI_SDR,STOI,DNSMOS_p808_mos,DNSMOS_mos_sig,DNSMOS_mos_bak,DNSMOS_mos_ovr
p103_rainbow_04_lowpitch,WF_p103_rainbow_04_lowpitch_fold10_178826-2-0-28_SNR5dB.wav,16000,1.17545485496521,6.0821003913879395,0.7592020630836487,2.5854921340942383,4.2384591015244455,2.0800290040090283,2.588301230599188
