clean_file,enhanced_file,sampling_rate,PESQ,SI_SDR,STOI,DNSMOS_p808_mos,DNSMOS_mos_sig,DNSMOS_mos_bak,DNSMOS_mos_ovr
p102_rainbow_08_fast,WF_p102_rainbow_08_fast_fold10_162134-7-16-1_SNR5dB.wav,16000,1.0583583116531372,5.790887355804443,0.7315375804901123,2.4249481360117593,3.530685509567544,1.7180778973673163,2.0482984783682836
