clean_file,enhanced_file,sampling_rate,PESQ,SI_SDR,STOI,DNSMOS_p808_mos,DNSMOS_mos_sig,DNSMOS_mos_bak,DNSMOS_mos_ovr
p101_rainbow_06_slow,WF_p101_rainbow_06_slow_fold10_118558-5-1-2_SNR5dB.wav,16000,1.7503390312194824,8.280478477478027,0.6771780848503113,3.01618446622576,3.2871418281116966,3.608777987568584,2.7708773302629077
