clean_file,enhanced_file,sampling_rate,PESQ,SI_SDR,STOI,DNSMOS_p808_mos,DNSMOS_mos_sig,DNSMOS_mos_bak,DNSMOS_mos_ovr
p102_emo_adoration_sentences,WF_p102_emo_adoration_sentences_fold10_155241-9-0-50_SNR5dB.wav,16000,1.2518478631973267,5.344511032104492,0.7614561319351196,2.6817421913146973,2.9853583359774305,2.040537501394048,1.9125775541663792
