clean_file,enhanced_file,sampling_rate,PESQ,SI_SDR,STOI,DNSMOS_p808_mos,DNSMOS_mos_sig,DNSMOS_mos_bak,DNSMOS_mos_ovr
p102_rainbow_02_fast,WF_p102_rainbow_02_fast_fold10_159742-8-0-3_SNR5dB.wav,16000,1.26444673538208,5.26627779006958,0.8445874452590942,2.7704858439309255,4.000384730682363,2.0660254663708413,2.6202214279718383
