clean_file,enhanced_file,sampling_rate,PESQ,SI_SDR,STOI,DNSMOS_p808_mos,DNSMOS_mos_sig,DNSMOS_mos_bak,DNSMOS_mos_ovr
p101_sentences_21_regular,WF_p101_sentences_21_regular_fold10_14470-2-0-65_SNR5dB.wav,16000,1.3795701265335083,5.829477787017822,0.6811288595199585,2.401168942451477,2.2036592052735298,2.233410680472934,1.6815538277276203
