clean_file,enhanced_file,sampling_rate,PESQ,SI_SDR,STOI,DNSMOS_p808_mos,DNSMOS_mos_sig,DNSMOS_mos_bak,DNSMOS_mos_ovr
p102_sentences_07_slow,WF_p102_sentences_07_slow_fold10_162134-7-9-4_SNR5dB.wav,16000,1.0928059816360474,7.3795013427734375,0.7141785025596619,2.2379343112309775,4.059502115882588,1.8342766620933297,2.393018670870197
