clean_file,enhanced_file,sampling_rate,PESQ,SI_SDR,STOI,DNSMOS_p808_mos,DNSMOS_mos_sig,DNSMOS_mos_bak,DNSMOS_mos_ovr
p105_sentences_01_lowpitch,WF_p105_sentences_01_lowpitch_fold10_77927-3-0-2_SNR5dB.wav,16000,1.4419270753860474,4.813205718994141,0.7106714844703674,2.8059644358498708,4.061543411405045,2.173834975336503,2.621114612874222
