clean_file,enhanced_file,sampling_rate,PESQ,SI_SDR,STOI,DNSMOS_p808_mos,DNSMOS_mos_sig,DNSMOS_mos_bak,DNSMOS_mos_ovr
p101_sentences_15_regular,WF_p101_sentences_15_regular_fold10_14468-3-5-0_SNR5dB.wav,16000,1.7088468074798584,6.362991809844971,0.764863133430481,3.0777075631277904,2.4014195428855567,2.6867080244654167,1.9394692434873693
