clean_file,enhanced_file,sampling_rate,PESQ,SI_SDR,STOI,DNSMOS_p808_mos,DNSMOS_mos_sig,DNSMOS_mos_bak,DNSMOS_mos_ovr
p104_rainbow_04_regular,WF_p104_rainbow_04_regular_fold10_203424-9-0-26_SNR5dB.wav,16000,1.123124599456787,5.207155227661133,0.7312811017036438,2.471099819455828,3.8178603994514746,2.015774129422352,2.272698792100474
