clean_file,enhanced_file,sampling_rate,PESQ,SI_SDR,STOI,DNSMOS_p808_mos,DNSMOS_mos_sig,DNSMOS_mos_bak,DNSMOS_mos_ovr
p106_emo_relief_freeform,WF_p106_emo_relief_freeform_fold10_99192-4-0-1_SNR5dB.wav,16000,1.1005630493164062,5.388939380645752,0.7061530351638794,2.7747352804456438,4.354115653933212,2.0090668388743635,2.5454482701154535
