clean_file,enhanced_file,sampling_rate,PESQ,SI_SDR,STOI,DNSMOS_p808_mos,DNSMOS_mos_sig,DNSMOS_mos_bak,DNSMOS_mos_ovr
p104_rainbow_05_highpitch,WF_p104_rainbow_05_highpitch_fold10_205013-6-0-0_SNR5dB.wav,16000,1.2063626050949097,5.356804847717285,0.8204900622367859,2.9139650662740073,3.5345065389725154,2.130805696888994,2.2819569686351033
