clean_file,enhanced_file,sampling_rate,PESQ,SI_SDR,STOI,DNSMOS_p808_mos,DNSMOS_mos_sig,DNSMOS_mos_bak,DNSMOS_mos_ovr
p102_sentences_23_regular,WF_p102_sentences_23_regular_fold10_164377-9-1-50_SNR5dB.wav,16000,1.3193076848983765,7.752729415893555,0.7207116484642029,2.981313943862915,3.223493330245496,2.2506177720676206,2.211349998882117
