clean_file,enhanced_file,sampling_rate,PESQ,SI_SDR,STOI,DNSMOS_p808_mos,DNSMOS_mos_sig,DNSMOS_mos_bak,DNSMOS_mos_ovr
p101_emo_anger_sentences,WF_p101_emo_anger_sentences_fold10_100795-3-1-1_SNR5dB.wav,16000,1.3849496841430664,5.1373291015625,0.8710081577301025,3.4936337811606273,4.0337092448307255,1.9786206517022233,2.4777018070160906
