clean_file,enhanced_file,sampling_rate,PESQ,SI_SDR,STOI,DNSMOS_p808_mos,DNSMOS_mos_sig,DNSMOS_mos_bak,DNSMOS_mos_ovr
p106_emo_pain_sentences,WF_p106_emo_pain_sentences_fold10_93567-8-0-7_SNR5dB.wav,16000,1.214855432510376,7.9337053298950195,0.6581021547317505,2.6276699900627136,3.0668760573216143,2.4410677792338293,2.2931574223259608
