clean_file,enhanced_file,sampling_rate,PESQ,SI_SDR,STOI,DNSMOS_p808_mos,DNSMOS_mos_sig,DNSMOS_mos_bak,DNSMOS_mos_ovr
p102_rainbow_08_loud,WF_p102_rainbow_08_loud_fold10_162134-7-17-1_SNR5dB.wav,16000,1.0797955989837646,7.216606140136719,0.799461305141449,2.261528662272862,3.3113819733370744,1.7709949684868678,1.8923363345864226
