clean_file,enhanced_file,sampling_rate,PESQ,SI_SDR,STOI,DNSMOS_p808_mos,DNSMOS_mos_sig,DNSMOS_mos_bak,DNSMOS_mos_ovr
p104_emo_neutral_freeform,WF_p104_emo_neutral_freeform_fold10_189985-0-0-0_SNR5dB.wav,16000,1.0860984325408936,7.649243354797363,0.7649497985839844,2.6154618859291077,3.3664034179190647,2.185791869284426,2.266786405135414
