clean_file,enhanced_file,sampling_rate,PESQ,SI_SDR,STOI,DNSMOS_p808_mos,DNSMOS_mos_sig,DNSMOS_mos_bak,DNSMOS_mos_ovr
p102_rainbow_02_loud,WF_p102_rainbow_02_loud_fold10_159742-8-0-5_SNR5dB.wav,16000,1.2087846994400024,5.324957370758057,0.883054256439209,3.1073410511016846,4.271263826096459,1.8644510258618479,2.4741978309472277
