clean_file,enhanced_file,sampling_rate,PESQ,SI_SDR,STOI,DNSMOS_p808_mos,DNSMOS_mos_sig,DNSMOS_mos_bak,DNSMOS_mos_ovr
p103_rainbow_05_whisper,WF_p103_rainbow_05_whisper_fold10_180127-4-0-13_SNR5dB.wav,16000,1.1145399808883667,4.010966777801514,0.46499061584472656,3.0287263052804128,1.791703280323545,3.77461814042316,1.6588137937644423
