clean_file,enhanced_file,sampling_rate,PESQ,SI_SDR,STOI,DNSMOS_p808_mos,DNSMOS_mos_sig,DNSMOS_mos_bak,DNSMOS_mos_ovr
p106_nonverbal_crying,WF_p106_nonverbal_crying_fold10_99192-4-0-33_SNR5dB.wav,16000,1.0908273458480835,5.759605884552002,0.46080026030540466,2.1531647443771362,3.3835260673692336,2.1761810248062137,2.4054060795123418
