clean_file,enhanced_file,sampling_rate,PESQ,SI_SDR,STOI,DNSMOS_p808_mos,DNSMOS_mos_sig,DNSMOS_mos_bak,DNSMOS_mos_ovr
p104_sentences_12_highpitch,WF_p104_sentences_12_highpitch_fold10_28808-1-0-7_SNR5dB.wav,16000,1.272355318069458,5.129209041595459,0.708634614944458,2.7562108721051897,3.9535107929112554,1.7793869051075053,2.075039896338469
