clean_file,enhanced_file,sampling_rate,PESQ,SI_SDR,STOI,DNSMOS_p808_mos,DNSMOS_mos_sig,DNSMOS_mos_bak,DNSMOS_mos_ovr
p104_emo_fear_sentences,WF_p104_emo_fear_sentences_fold10_189982-0-0-43_SNR5dB.wav,16000,1.4953572750091553,11.067943572998047,0.6453775763511658,3.070124944051107,2.787428857142023,2.403506908462908,2.007429502018007
