clean_file,enhanced_file,sampling_rate,PESQ,SI_SDR,STOI,DNSMOS_p808_mos,DNSMOS_mos_sig,DNSMOS_mos_bak,DNSMOS_mos_ovr
p104_emo_realization_freeform,WF_p104_emo_realization_freeform_fold10_189985-0-0-6_SNR5dB.wav,16000,1.6415367126464844,10.160150527954102,0.33605965971946716,2.565977692604065,3.134330791334925,3.0487139406094217,2.4765291574056825
