clean_file,enhanced_file,sampling_rate,PESQ,SI_SDR,STOI,DNSMOS_p808_mos,DNSMOS_mos_sig,DNSMOS_mos_bak,DNSMOS_mos_ovr
p102_vegetative_throat,WF_p102_vegetative_throat_fold10_165166-8-0-2_SNR5dB.wav,16000,1.9221261739730835,5.2360334396362305,0.8286582827568054,2.4443275928497314,3.552733171243389,1.7167269357785535,1.976054859677205
