clean_file,enhanced_file,sampling_rate,PESQ,SI_SDR,STOI,DNSMOS_p808_mos,DNSMOS_mos_sig,DNSMOS_mos_bak,DNSMOS_mos_ovr
p102_rainbow_03_lowpitch,WF_p102_rainbow_03_lowpitch_fold10_162134-7-1-0_SNR5dB.wav,16000,1.0946232080459595,5.2504119873046875,0.7519660592079163,3.0759555101394653,4.065015554163005,1.991124332064675,2.552327409529203
