clean_file,enhanced_file,sampling_rate,PESQ,SI_SDR,STOI,DNSMOS_p808_mos,DNSMOS_mos_sig,DNSMOS_mos_bak,DNSMOS_mos_ovr
p103_sentences_01_slow,WF_p103_sentences_01_slow_fold10_181624-4-7-0_SNR5dB.wav,16000,1.1338144540786743,4.941976070404053,0.6315776109695435,2.832377036412557,4.286250309382599,2.3039876640375043,2.5957968395341684
