clean_file,enhanced_file,sampling_rate,PESQ,SI_SDR,STOI,DNSMOS_p808_mos,DNSMOS_mos_sig,DNSMOS_mos_bak,DNSMOS_mos_ovr
p104_nonverbal_laughter_open,WF_p104_nonverbal_laughter_open_fold10_197554-2-0-69_SNR5dB.wav,16000,1.5613224506378174,5.733249664306641,0.7482972145080566,2.333834648132324,2.687694207258765,1.8460121023941092,1.7974103386611198
