clean_file,enhanced_file,sampling_rate,PESQ,SI_SDR,STOI,DNSMOS_p808_mos,DNSMOS_mos_sig,DNSMOS_mos_bak,DNSMOS_mos_ovr
p104_interjection_greetings,WF_p104_interjection_greetings_fold10_197554-2-0-23_SNR5dB.wav,16000,1.4015312194824219,12.03794002532959,0.7353915572166443,2.364933133125305,2.9603276318521217,2.0209423946917844,1.9237543575598393
