clean_file,enhanced_file,sampling_rate,PESQ,SI_SDR,STOI,DNSMOS_p808_mos,DNSMOS_mos_sig,DNSMOS_mos_bak,DNSMOS_mos_ovr
p102_emo_neutral_sentences,WF_p102_emo_neutral_sentences_fold10_15544-5-0-17_SNR5dB.wav,16000,1.4953117370605469,9.925004959106445,0.8122437596321106,3.295276641845703,4.097036194205551,2.6864881879491214,2.941403526496524
