clean_file,enhanced_file,sampling_rate,PESQ,SI_SDR,STOI,DNSMOS_p808_mos,DNSMOS_mos_sig,DNSMOS_mos_bak,DNSMOS_mos_ovr
p101_rainbow_07_regular,WF_p101_rainbow_07_regular_fold10_119067-0-0-1_SNR5dB.wav,16000,1.2709159851074219,7.502820014953613,0.8013184666633606,2.6906113147735597,3.050860153526295,2.6448221384629305,2.409204791511057
