clean_file,enhanced_file,sampling_rate,PESQ,SI_SDR,STOI,DNSMOS_p808_mos,DNSMOS_mos_sig,DNSMOS_mos_bak,DNSMOS_mos_ovr
p101_rainbow_02_highpitch,WF_p101_rainbow_02_highpitch_fold10_115418-9-0-12_SNR5dB.wav,16000,1.3085951805114746,5.892836570739746,0.8359829187393188,2.5808746814727783,3.7042474973765067,1.8511049511278743,2.1406011504252676
