clean_file,enhanced_file,sampling_rate,PESQ,SI_SDR,STOI,DNSMOS_p808_mos,DNSMOS_mos_sig,DNSMOS_mos_bak,DNSMOS_mos_ovr
p105_rainbow_02_lowpitch,WF_p105_rainbow_02_lowpitch_fold10_73524-0-0-8_SNR5dB.wav,16000,1.5187225341796875,6.593754291534424,0.7673451900482178,2.828039026260376,3.165347979270682,2.8698948526242125,2.39976225698853
