clean_file,enhanced_file,sampling_rate,PESQ,SI_SDR,STOI,DNSMOS_p808_mos,DNSMOS_mos_sig,DNSMOS_mos_bak,DNSMOS_mos_ovr
p101_rainbow_04_slow,WF_p101_rainbow_04_slow_fold10_118278-4-0-13_SNR5dB.wav,16000,1.0314651727676392,4.602878093719482,0.6844376921653748,2.477631092071533,3.3894112986479406,2.753194445172602,2.506860190184653
