clean_file,enhanced_file,sampling_rate,PESQ,SI_SDR,STOI,DNSMOS_p808_mos,DNSMOS_mos_sig,DNSMOS_mos_bak,DNSMOS_mos_ovr
p105_rainbow_07_whisper,WF_p105_rainbow_07_whisper_fold10_74922-4-0-6_SNR5dB.wav,16000,1.0899345874786377,4.949496269226074,0.6367049813270569,2.719740629196167,3.636702352812342,2.91461040055419,2.6544574942469947
