clean_file,enhanced_file,sampling_rate,PESQ,SI_SDR,STOI,DNSMOS_p808_mos,DNSMOS_mos_sig,DNSMOS_mos_bak,DNSMOS_mos_ovr
p104_emo_interest_sentences,WF_p104_emo_interest_sentences_fold10_189982-0-0-7_SNR5dB.wav,16000,1.2151093482971191,9.555946350097656,0.6368730664253235,2.550125002861023,2.9001035579666485,2.3018412372771246,2.000539601249363
