clean_file,enhanced_file,sampling_rate,PESQ,SI_SDR,STOI,DNSMOS_p808_mos,DNSMOS_mos_sig,DNSMOS_mos_bak,DNSMOS_mos_ovr
p105_sentences_14_lowpitch,WF_p105_sentences_14_lowpitch_fold10_83195-9-0-3_SNR5dB.wav,16000,1.406668782234192,7.480900287628174,0.5458784103393555,2.4686541897909984,2.6510626895428198,2.1652692745195568,1.9150784970342902
