clean_file,enhanced_file,sampling_rate,PESQ,SI_SDR,STOI,DNSMOS_p808_mos,DNSMOS_mos_sig,DNSMOS_mos_bak,DNSMOS_mos_ovr
p103_rainbow_07_loud,WF_p103_rainbow_07_loud_fold10_180127-4-0-3_SNR5dB.wav,16000,1.3140771389007568,10.450145721435547,0.7707369923591614,3.194704157965524,2.9987369747224415,2.509894403969836,2.2637051427297057
