clean_file,enhanced_file,sampling_rate,PESQ,SI_SDR,STOI,DNSMOS_p808_mos,DNSMOS_mos_sig,DNSMOS_mos_bak,DNSMOS_mos_ovr
p104_rainbow_02_regular,WF_p104_rainbow_02_regular_fold10_200786-5-1-0_SNR5dB.wav,16000,1.1525905132293701,6.998996734619141,0.7444115877151489,2.626112256731306,2.8351714687573106,2.3078540527791733,1.9621879784070078
