clean_file,enhanced_file,sampling_rate,PESQ,SI_SDR,STOI,DNSMOS_p808_mos,DNSMOS_mos_sig,DNSMOS_mos_bak,DNSMOS_mos_ovr
p102_rainbow_07_slow,WF_p102_rainbow_07_slow_fold10_162134-7-15-4_SNR5dB.wav,16000,1.08152174949646,5.08047342300415,0.7642108798027039,2.296058075768607,3.9834197522802635,1.8501910951085134,2.3638269257991893
