clean_file,enhanced_file,sampling_rate,PESQ,SI_SDR,STOI,DNSMOS_p808_mos,DNSMOS_mos_sig,DNSMOS_mos_bak,DNSMOS_mos_ovr
p104_rainbow_03_highpitch,WF_p104_rainbow_03_highpitch_fold10_200786-5-1-4_SNR5dB.wav,16000,1.1151123046875,7.502469062805176,0.7639709711074829,2.588821220397949,3.2556762442733436,2.5022117109629085,2.372654594233185
