clean_file,enhanced_file,sampling_rate,PESQ,SI_SDR,STOI,DNSMOS_p808_mos,DNSMOS_mos_sig,DNSMOS_mos_bak,DNSMOS_mos_ovr
p104_rainbow_05_regular,WF_p104_rainbow_05_regular_fold10_207213-2-0-109_SNR5dB.wav,16000,1.23768949508667,5.663010597229004,0.7497002482414246,2.5575297560010637,3.8740062585011756,2.0557624927334,2.4611869682398706
