clean_file,enhanced_file,sampling_rate,PESQ,SI_SDR,STOI,DNSMOS_p808_mos,DNSMOS_mos_sig,DNSMOS_mos_bak,DNSMOS_mos_ovr
p104_sentences_14_lowpitch,WF_p104_sentences_14_lowpitch_fold10_28808-1-0-9_SNR5dB.wav,16000,1.2047491073608398,4.954997539520264,0.7435284852981567,2.8953833103179933,4.194079393954235,2.0720109843474335,2.634902364701007
