clean_file,enhanced_file,sampling_rate,PESQ,SI_SDR,STOI,DNSMOS_p808_mos,DNSMOS_mos_sig,DNSMOS_mos_bak,DNSMOS_mos_ovr
p102_sentences_05_loud,WF_p102_sentences_05_loud_fold10_162134-7-9-2_SNR5dB.wav,16000,1.1459155082702637,7.971153259277344,0.7340929508209229,2.3298694292704263,3.4186912201663273,1.824937185247622,2.108104366100049
