clean_file,enhanced_file,sampling_rate,PESQ,SI_SDR,STOI,DNSMOS_p808_mos,DNSMOS_mos_sig,DNSMOS_mos_bak,DNSMOS_mos_ovr
p102_rainbow_01_loud,WF_p102_rainbow_01_loud_fold10_159742-8-0-11_SNR5dB.wav,16000,1.2094310522079468,5.479837417602539,0.8334857821464539,3.324349880218506,3.000928721474154,1.6587962731032688,1.7244585946938131
