clean_file,enhanced_file,sampling_rate,PESQ,SI_SDR,STOI,DNSMOS_p808_mos,DNSMOS_mos_sig,DNSMOS_mos_bak,DNSMOS_mos_ovr
p103_rainbow_04_highpitch,WF_p103_rainbow_04_highpitch_fold10_178826-2-0-17_SNR5dB.wav,16000,1.1385616064071655,6.530411720275879,0.6425594687461853,2.34501314163208,3.4850167187935375,2.045516917895845,2.181125817866645
