clean_file,enhanced_file,sampling_rate,PESQ,SI_SDR,STOI,DNSMOS_p808_mos,DNSMOS_mos_sig,DNSMOS_mos_bak,DNSMOS_mos_ovr
p102_rainbow_02_highpitch,WF_p102_rainbow_02_highpitch_fold10_159742-8-0-4_SNR5dB.wav,16000,1.1109002828598022,5.816740989685059,0.7666711807250977,2.69731342792511,4.060305123768814,1.769967380139436,2.2730316719582753
