clean_file,enhanced_file,sampling_rate,PESQ,SI_SDR,STOI,DNSMOS_p808_mos,DNSMOS_mos_sig,DNSMOS_mos_bak,DNSMOS_mos_ovr
p105_emo_cuteness_freeform,WF_p105_emo_cuteness_freeform_fold10_39847-5-0-9_SNR5dB.wav,16000,1.1062686443328857,5.939815521240234,0.5645447969436646,2.4318414075034007,2.41842670928126,2.4533525663212115,1.7761233010476036
