clean_file,enhanced_file,sampling_rate,PESQ,SI_SDR,STOI,DNSMOS_p808_mos,DNSMOS_mos_sig,DNSMOS_mos_bak,DNSMOS_mos_ovr
p103_emo_neutral_sentences,WF_p103_emo_neutral_sentences_fold10_167750-4-0-0_SNR5dB.wav,16000,1.251467227935791,5.141775131225586,0.5117142200469971,2.9730054140090942,3.2796940275915683,1.8674956207759794,1.887589580817934
