clean_file,enhanced_file,sampling_rate,PESQ,SI_SDR,STOI,DNSMOS_p808_mos,DNSMOS_mos_sig,DNSMOS_mos_bak,DNSMOS_mos_ovr
p106_emo_realization_freeform,WF_p106_emo_realization_freeform_fold10_97756-3-0-0_SNR5dB.wav,16000,1.2245045900344849,4.834544658660889,0.6263785362243652,2.8236979643503823,4.335309097127134,2.259074828034063,2.79560637433926
