clean_file,enhanced_file,sampling_rate,PESQ,SI_SDR,STOI,DNSMOS_p808_mos,DNSMOS_mos_sig,DNSMOS_mos_bak,DNSMOS_mos_ovr
p106_rainbow_01_regular,WF_p106_rainbow_01_regular_fold10_99192-4-0-53_SNR5dB.wav,16000,1.066730260848999,3.7141430377960205,0.7254658937454224,2.571558356285095,3.6172562282414944,2.241802741352198,2.1661989685825773
