clean_file,enhanced_file,sampling_rate,PESQ,SI_SDR,STOI,DNSMOS_p808_mos,DNSMOS_mos_sig,DNSMOS_mos_bak,DNSMOS_mos_ovr
p103_rainbow_02_whisper,WF_p103_rainbow_02_whisper_fold10_178261-7-3-3_SNR5dB.wav,16000,1.0490554571151733,4.923097610473633,0.4861997663974762,2.3928918157305037,1.6143476269530344,2.391803094817863,1.2933119688725871
