clean_file,enhanced_file,sampling_rate,PESQ,SI_SDR,STOI,DNSMOS_p808_mos,DNSMOS_mos_sig,DNSMOS_mos_bak,DNSMOS_mos_ovr
p104_emo_desire_sentences,WF_p104_emo_desire_sentences_fold10_189982-0-0-23_SNR5dB.wav,16000,1.3759325742721558,9.991437911987305,0.7621764540672302,2.837943196296692,3.235240463071549,2.3128281316666546,2.2341880965012084
