clean_file,enhanced_file,sampling_rate,PESQ,SI_SDR,STOI,DNSMOS_p808_mos,DNSMOS_mos_sig,DNSMOS_mos_bak,DNSMOS_mos_ovr
p101_sentences_02_highpitch,WF_p101_sentences_02_highpitch_fold10_136558-9-0-1_SNR5dB.wav,16000,1.204652190208435,6.577492713928223,0.7090378999710083,2.4565882682800293,3.585386498986061,1.8159039775031849,2.1049929437423094
