clean_file,enhanced_file,sampling_rate,PESQ,SI_SDR,STOI,DNSMOS_p808_mos,DNSMOS_mos_sig,DNSMOS_mos_bak,DNSMOS_mos_ovr
p103_rainbow_01_regular,WF_p103_rainbow_01_regular_fold10_17486-3-2-0_SNR5dB.wav,16000,1.1629059314727783,4.972385406494141,0.7947126030921936,3.1323405106862388,4.139410967283811,2.18761334370925,2.5813144796805676
