clean_file,enhanced_file,sampling_rate,PESQ,SI_SDR,STOI,DNSMOS_p808_mos,DNSMOS_mos_sig,DNSMOS_mos_bak,DNSMOS_mos_ovr
p104_sentences_03_whisper,WF_p104_sentences_03_whisper_fold10_28808-1-0-0_SNR5dB.wav,16000,1.158225417137146,5.015659809112549,0.5271140933036804,2.476762158530099,2.830402599001737,2.3824813354089547,1.8384516869511034
