clean_file,enhanced_file,sampling_rate,PESQ,SI_SDR,STOI,DNSMOS_p808_mos,DNSMOS_mos_sig,DNSMOS_mos_bak,DNSMOS_mos_ovr
p101_interjection_anger,WF_p101_interjection_anger_fold10_102857-5-0-7_SNR5dB.wav,16000,2.0893311500549316,14.880805015563965,0.9076616168022156,2.5716148217519126,3.765349584314041,2.4855087069501325,2.7232050842804933
