clean_file,enhanced_file,sampling_rate,PESQ,SI_SDR,STOI,DNSMOS_p808_mos,DNSMOS_mos_sig,DNSMOS_mos_bak,DNSMOS_mos_ovr
p104_emo_anger_freeform,WF_p104_emo_anger_freeform_fold10_188813-7-9-0_SNR5dB.wav,16000,1.087591290473938,5.6549272537231445,0.7931632995605469,2.4578707218170166,3.4456078756605297,1.3414294264629676,1.6406965920011887
