clean_file,enhanced_file,sampling_rate,PESQ,SI_SDR,STOI,DNSMOS_p808_mos,DNSMOS_mos_sig,DNSMOS_mos_bak,DNSMOS_mos_ovr
p105_sentences_17_regular,WF_p105_sentences_17_regular_fold10_83502-0-0-0_SNR5dB.wav,16000,1.253560185432434,6.27668571472168,0.5815812349319458,2.644808496747698,3.7315850009160916,2.4513656451560344,2.475443293947322
