clean_file,enhanced_file,sampling_rate,PESQ,SI_SDR,STOI,DNSMOS_p808_mos,DNSMOS_mos_sig,DNSMOS_mos_bak,DNSMOS_mos_ovr
p101_sentences_04_whisper,WF_p101_sentences_04_whisper_fold10_138017-9-0-9_SNR5dB.wav,16000,1.0749738216400146,1.986331820487976,0.5112810730934143,2.5278533299764,1.8343502918716148,2.807476656120222,1.5095582977975504
