clean_file,enhanced_file,sampling_rate,PESQ,SI_SDR,STOI,DNSMOS_p808_mos,DNSMOS_mos_sig,DNSMOS_mos_bak,DNSMOS_mos_ovr
p102_nonverbal_laughter_closed,WF_p102_nonverbal_laughter_closed_fold10_157207-6-9-0_SNR5dB.wav,16000,1.426706075668335,5.169412612915039,0.8213699460029602,2.688147783279419,2.4955577892082355,2.8065168037279005,1.987320833119778
