clean_file,enhanced_file,sampling_rate,PESQ,SI_SDR,STOI,DNSMOS_p808_mos,DNSMOS_mos_sig,DNSMOS_mos_bak,DNSMOS_mos_ovr
p101_sentences_16_regular,WF_p101_sentences_16_regular_fold10_14470-2-0-10_SNR5dB.wav,16000,1.2372249364852905,4.303987503051758,0.6972535848617554,2.855871949877058,3.2227101628579313,1.8676767013912305,1.954972725158246
