clean_file,enhanced_file,sampling_rate,PESQ,SI_SDR,STOI,DNSMOS_p808_mos,DNSMOS_mos_sig,DNSMOS_mos_bak,DNSMOS_mos_ovr
p104_rainbow_02_whisper,WF_p104_rainbow_02_whisper_fold10_200786-5-1-2_SNR5dB.wav,16000,1.1484084129333496,4.215879917144775,0.633262038230896,2.976117031914847,1.7514784017519087,3.104165190529194,1.5205008057698002
