clean_file,enhanced_file,sampling_rate,PESQ,SI_SDR,STOI,DNSMOS_p808_mos,DNSMOS_mos_sig,DNSMOS_mos_bak,DNSMOS_mos_ovr
p104_sentences_02_slow,WF_p104_sentences_02_slow_fold10_27070-2-0-7_SNR5dB.wav,16000,1.2658860683441162,7.872329235076904,0.7542775869369507,2.890413965497698,4.4005173967126545,2.390374189464502,2.945569650371666
