clean_file,enhanced_file,sampling_rate,PESQ,SI_SDR,STOI,DNSMOS_p808_mos,DNSMOS_mos_sig,DNSMOS_mos_bak,DNSMOS_mos_ovr
p102_sentences_01_fast,WF_p102_sentences_01_fast_fold10_162134-7-3-0_SNR5dB.wav,16000,1.0862367153167725,6.420174598693848,0.8277165293693542,2.791752815246582,3.9659002816928783,1.9737180102890293,2.4138274537397377
