clean_file,enhanced_file,sampling_rate,PESQ,SI_SDR,STOI,DNSMOS_p808_mos,DNSMOS_mos_sig,DNSMOS_mos_bak,DNSMOS_mos_ovr
p103_rainbow_05_lowpitch,WF_p103_rainbow_05_lowpitch_fold10_180127-4-0-11_SNR5dB.wav,16000,1.3254700899124146,8.498355865478516,0.7681371569633484,2.6648932865687778,2.770091524346378,2.6810259550903024,2.1221130293603747
