clean_file,enhanced_file,sampling_rate,PESQ,SI_SDR,STOI,DNSMOS_p808_mos,DNSMOS_mos_sig,DNSMOS_mos_bak,DNSMOS_mos_ovr
p102_sentences_09_fast,WF_p102_sentences_09_fast_fold10_163459-3-0-0_SNR5dB.wav,16000,1.2843354940414429,5.440822124481201,0.8281111121177673,3.7197582721710205,4.294536405469467,1.9979660775499797,2.628708645770037
