clean_file,enhanced_file,sampling_rate,PESQ,SI_SDR,STOI,DNSMOS_p808_mos,DNSMOS_mos_sig,DNSMOS_mos_bak,DNSMOS_mos_ovr
p101_emo_guilt_sentences,WF_p101_emo_guilt_sentences_fold10_102857-5-0-18_SNR5dB.wav,16000,2.1120567321777344,12.156710624694824,0.8117508888244629,3.057563829421997,3.8388334696846984,2.5755654380893525,2.7116168643599265
