clean_file,enhanced_file,sampling_rate,PESQ,SI_SDR,STOI,DNSMOS_p808_mos,DNSMOS_mos_sig,DNSMOS_mos_bak,DNSMOS_mos_ovr
p103_rainbow_08_fast,WF_p103_rainbow_08_fast_fold10_180127-4-0-7_SNR5dB.wav,16000,1.260008692741394,6.7788987159729,0.8151112198829651,3.149170841489519,2.5662147724511244,2.5061694836276613,1.9408924303212562
