clean_file,enhanced_file,sampling_rate,PESQ,SI_SDR,STOI,DNSMOS_p808_mos,DNSMOS_mos_sig,DNSMOS_mos_bak,DNSMOS_mos_ovr
p105_rainbow_06_slow,WF_p105_rainbow_06_slow_fold10_74364-8-1-8_SNR5dB.wav,16000,1.132444143295288,3.4041807651519775,0.7524800896644592,2.9496010031018938,2.9907127174701627,2.5693131424912012,2.11943924153196
