clean_file,enhanced_file,sampling_rate,PESQ,SI_SDR,STOI,DNSMOS_p808_mos,DNSMOS_mos_sig,DNSMOS_mos_bak,DNSMOS_mos_ovr
p104_rainbow_01_whisper,WF_p104_rainbow_01_whisper_fold10_200460-6-2-0_SNR5dB.wav,16000,1.0882278680801392,3.57938551902771,0.7233502864837646,3.1882591247558594,2.1098689903690397,3.7997316825941096,1.8289522216489154
