clean_file,enhanced_file,sampling_rate,PESQ,SI_SDR,STOI,DNSMOS_p808_mos,DNSMOS_mos_sig,DNSMOS_mos_bak,DNSMOS_mos_ovr
p103_sentences_04_whisper,WF_p103_sentences_04_whisper_fold10_187110-2-0-8_SNR5dB.wav,16000,1.1016631126403809,2.853490114212036,0.46465903520584106,2.7384744371686662,2.279781041538384,2.6088782484402837,1.8519476730723068
