clean_file,enhanced_file,sampling_rate,PESQ,SI_SDR,STOI,DNSMOS_p808_mos,DNSMOS_mos_sig,DNSMOS_mos_bak,DNSMOS_mos_ovr
p103_rainbow_02_loud,WF_p103_rainbow_02_loud_fold10_178261-7-2-0_SNR5dB.wav,16000,1.130907416343689,7.898123264312744,0.7922648191452026,2.6739797592163086,3.9669460098473905,2.060400835580354,2.542744484612298
