clean_file,enhanced_file,sampling_rate,PESQ,SI_SDR,STOI,DNSMOS_p808_mos,DNSMOS_mos_sig,DNSMOS_mos_bak,DNSMOS_mos_ovr
p103_emo_serenity_sentences,WF_p103_emo_serenity_sentences_fold10_171478-9-0-57_SNR5dB.wav,16000,1.672343373298645,5.456699371337891,0.6042210459709167,2.999331331253052,3.6538397581076234,3.0988149654494106,2.620126937848886
