clean_file,enhanced_file,sampling_rate,PESQ,SI_SDR,STOI,DNSMOS_p808_mos,DNSMOS_mos_sig,DNSMOS_mos_bak,DNSMOS_mos_ovr
p103_rainbow_06_slow,WF_p103_rainbow_06_slow_fold10_180127-4-0-19_SNR5dB.wav,16000,1.3486367464065552,9.909049034118652,0.6465378403663635,2.79863797293769,3.0925892696415733,2.7775515783043705,2.4070919845734493
