clean_file,enhanced_file,sampling_rate,PESQ,SI_SDR,STOI,DNSMOS_p808_mos,DNSMOS_mos_sig,DNSMOS_mos_bak,DNSMOS_mos_ovr
p102_emo_desire_freeform,WF_p102_emo_desire_freeform_fold10_155262-2-0-63_SNR5dB.wav,16000,1.2514821290969849,6.683914661407471,0.760595977306366,2.839412053426107,2.4337079279754783,2.2797898630669153,1.8107396994027514
