clean_file,enhanced_file,sampling_rate,PESQ,SI_SDR,STOI,DNSMOS_p808_mos,DNSMOS_mos_sig,DNSMOS_mos_bak,DNSMOS_mos_ovr
p104_emo_guilt_sentences,WF_p104_emo_guilt_sentences_fold10_189982-0-0-45_SNR5dB.wav,16000,1.3450541496276855,9.150940895080566,0.7093130946159363,2.8841681480407715,3.2496673140198644,2.5266932965072098,2.255219142940802
