clean_file,enhanced_file,sampling_rate,PESQ,SI_SDR,STOI,DNSMOS_p808_mos,DNSMOS_mos_sig,DNSMOS_mos_bak,DNSMOS_mos_ovr
p102_emo_pain_sentences,WF_p102_emo_pain_sentences_fold10_15544-5-0-19_SNR5dB.wav,16000,1.7319262027740479,9.843372344970703,0.892042338848114,3.0195097582680837,4.133255617538063,2.2153876543621007,2.662299595262065
