clean_file,enhanced_file,sampling_rate,PESQ,SI_SDR,STOI,DNSMOS_p808_mos,DNSMOS_mos_sig,DNSMOS_mos_bak,DNSMOS_mos_ovr
p104_rainbow_08_loud,WF_p104_rainbow_08_loud_fold10_23218-5-0-0_SNR5dB.wav,16000,1.141507625579834,7.921686172485352,0.8415331244468689,2.7395309720720564,3.521160538174581,2.187470421699577,2.358698694940222
