clean_file,enhanced_file,sampling_rate,PESQ,SI_SDR,STOI,DNSMOS_p808_mos,DNSMOS_mos_sig,DNSMOS_mos_bak,DNSMOS_mos_ovr
p104_rainbow_01_fast,WF_p104_rainbow_01_fast_fold10_199261-3-0-0_SNR5dB.wav,16000,1.294959545135498,4.57760763168335,0.8361225724220276,3.3952696323394775,3.952470916105737,2.0559097884729267,2.3343534041296765
