clean_file,enhanced_file,sampling_rate,PESQ,SI_SDR,STOI,DNSMOS_p808_mos,DNSMOS_mos_sig,DNSMOS_mos_bak,DNSMOS_mos_ovr
p102_sentences_02_lowpitch,WF_p102_sentences_02_lowpitch_fold10_162134-7-8-4_SNR5dB.wav,16000,1.0807002782821655,6.887683391571045,0.7281754612922668,2.5724551677703857,3.885290764427053,1.924886599169993,2.3983946639928284
