clean_file,enhanced_file,sampling_rate,PESQ,SI_SDR,STOI,DNSMOS_p808_mos,DNSMOS_mos_sig,DNSMOS_mos_bak,DNSMOS_mos_ovr
p104_nonverbal_crying,WF_p104_nonverbal_crying_fold10_197554-2-0-3_SNR5dB.wav,16000,1.6129324436187744,10.854954719543457,0.7723494172096252,2.3530880212783813,3.6004165612568917,2.933455150957812,2.7625231313791474
