clean_file,enhanced_file,sampling_rate,PESQ,SI_SDR,STOI,DNSMOS_p808_mos,DNSMOS_mos_sig,DNSMOS_mos_bak,DNSMOS_mos_ovr
p105_rainbow_02_highpitch,WF_p105_rainbow_02_highpitch_fold10_73524-0-0-73_SNR5dB.wav,16000,1.3285644054412842,7.4013776779174805,0.7920621633529663,3.000663423538208,3.42752352504844,2.958907838123224,2.6252078182215133
