clean_file,enhanced_file,sampling_rate,PESQ,SI_SDR,STOI,DNSMOS_p808_mos,DNSMOS_mos_sig,DNSMOS_mos_bak,DNSMOS_mos_ovr
p105_nonverbal_laughter_open,WF_p105_nonverbal_laughter_open_fold10_73524-0-0-137_SNR5dB.wav,16000,1.4976283311843872,11.03598690032959,0.8650112748146057,2.5725832666669572,2.2567205301724016,2.075443386715912,1.6824580133991895
