clean_file,enhanced_file,sampling_rate,PESQ,SI_SDR,STOI,DNSMOS_p808_mos,DNSMOS_mos_sig,DNSMOS_mos_bak,DNSMOS_mos_ovr
p102_rainbow_06_highpitch,WF_p102_rainbow_06_highpitch_fold10_162134-7-13-1_SNR5dB.wav,16000,1.0683801174163818,8.119733810424805,0.6904484629631042,2.132971167564392,3.3136071578085797,1.5373667895265992,1.6934837079435519
