clean_file,enhanced_file,sampling_rate,PESQ,SI_SDR,STOI,DNSMOS_p808_mos,DNSMOS_mos_sig,DNSMOS_mos_bak,DNSMOS_mos_ovr
p103_sentences_05_loud,WF_p103_sentences_05_loud_fold10_187863-4-0-0_SNR5dB.wav,16000,1.1878595352172852,5.952432155609131,0.7318200469017029,2.4202163219451904,3.614351981162795,1.8112114082083914,2.078965886726079
