clean_file,enhanced_file,sampling_rate,PESQ,SI_SDR,STOI,DNSMOS_p808_mos,DNSMOS_mos_sig,DNSMOS_mos_bak,DNSMOS_mos_ovr
p101_rainbow_08_whisper,WF_p101_rainbow_08_whisper_fold10_128470-3-0-8_SNR5dB.wav,16000,1.3329124450683594,3.1983227729797363,0.7093555331230164,2.9266746725354875,4.323813097704023,2.230120305525202,2.811807002379517
