clean_file,enhanced_file,sampling_rate,PESQ,SI_SDR,STOI,DNSMOS_p808_mos,DNSMOS_mos_sig,DNSMOS_mos_bak,DNSMOS_mos_ovr
p105_rainbow_02_regular,WF_p105_rainbow_02_regular_fold10_73524-0-0-92_SNR5dB.wav,16000,1.536214828491211,6.73769474029541,0.734521210193634,2.983055353164673,2.7145258148759916,3.4726646916685167,2.248670785758432
