clean_file,enhanced_file,sampling_rate,PESQ,SI_SDR,STOI,DNSMOS_p808_mos,DNSMOS_mos_sig,DNSMOS_mos_bak,DNSMOS_mos_ovr
p102_rainbow_04_regular,WF_p102_rainbow_04_regular_fold10_162134-7-11-3_SNR5dB.wav,16000,1.0708212852478027,6.309122085571289,0.7283892631530762,2.422982374827067,4.035103908072229,1.8404064501377115,2.3394787437889697
