clean_file,enhanced_file,sampling_rate,PESQ,SI_SDR,STOI,DNSMOS_p808_mos,DNSMOS_mos_sig,DNSMOS_mos_bak,DNSMOS_mos_ovr
p102_rainbow_06_fast,WF_p102_rainbow_06_fast_fold10_162134-7-13-0_SNR5dB.wav,16000,1.0708999633789062,6.327199459075928,0.76703280210495,2.1624056498209634,3.900271569065538,1.9834877692435307,2.4568508784496914
