clean_file,enhanced_file,sampling_rate,PESQ,SI_SDR,STOI,DNSMOS_p808_mos,DNSMOS_mos_sig,DNSMOS_mos_bak,DNSMOS_mos_ovr
p104_emo_contentment_freeform,WF_p104_emo_contentment_freeform_fold10_189982-0-0-17_SNR5dB.wav,16000,1.2222869396209717,6.352001190185547,0.7362856268882751,2.729838728904724,3.1456016776700997,2.23249536645931,2.004201910607951
