clean_file,enhanced_file,sampling_rate,PESQ,SI_SDR,STOI,DNSMOS_p808_mos,DNSMOS_mos_sig,DNSMOS_mos_bak,DNSMOS_mos_ovr
p104_sentences_04_whisper,WF_p104_sentences_04_whisper_fold10_28808-1-0-1_SNR5dB.wav,16000,1.1708593368530273,6.075804233551025,0.6193341016769409,2.7054548263549805,3.624849918774043,2.3560662791084885,2.4061334286683045
