clean_file,enhanced_file,sampling_rate,PESQ,SI_SDR,STOI,DNSMOS_p808_mos,DNSMOS_mos_sig,DNSMOS_mos_bak,DNSMOS_mos_ovr
p101_rainbow_04_lowpitch,WF_p101_rainbow_04_lowpitch_fold10_118278-4-0-11_SNR5dB.wav,16000,1.1388165950775146,6.096751689910889,0.6789950132369995,2.239399552345276,2.8546364869764354,2.5474907450123467,2.1150298543316532
