clean_file,enhanced_file,sampling_rate,PESQ,SI_SDR,STOI,DNSMOS_p808_mos,DNSMOS_mos_sig,DNSMOS_mos_bak,DNSMOS_mos_ovr
p101_emo_sadness_freeform,WF_p101_emo_sadness_freeform_fold10_102857-5-0-3_SNR5dB.wav,16000,1.66914963722229,9.365076065063477,0.8424440622329712,3.0526441733042398,3.9367221332979425,3.048020455076928,3.0028449385390594
