clean_file,enhanced_file,sampling_rate,PESQ,SI_SDR,STOI,DNSMOS_p808_mos,DNSMOS_mos_sig,DNSMOS_mos_bak,DNSMOS_mos_ovr
p103_interjection_congratulations,WF_p103_interjection_congratulations_fold10_172519-9-0-13_SNR5dB.wav,16000,1.2149955034255981,6.642646789550781,0.5977305769920349,2.316398650407791,2.7975395499075413,2.137927961210642,1.9690054956483602
