clean_file,enhanced_file,sampling_rate,PESQ,SI_SDR,STOI,DNSMOS_p808_mos,DNSMOS_mos_sig,DNSMOS_mos_bak,DNSMOS_mos_ovr
p102_emo_confusion_freeform,WF_p102_emo_confusion_freeform_fold10_155262-2-0-11_SNR5dB.wav,16000,1.2565363645553589,7.7059197425842285,0.7970467805862427,2.926713364464896,2.6833562026566695,2.3436148662573815,2.006553667781929
