clean_file,enhanced_file,sampling_rate,PESQ,SI_SDR,STOI,DNSMOS_p808_mos,DNSMOS_mos_sig,DNSMOS_mos_bak,DNSMOS_mos_ovr
p105_sentences_11_highpitch,WF_p105_sentences_11_highpitch_fold10_83195-9-0-11_SNR5dB.wav,16000,1.2533750534057617,6.430315971374512,0.5363913774490356,2.3828181198665073,2.8019537684141196,2.1086967054084433,1.745202535229135
