clean_file,enhanced_file,sampling_rate,PESQ,SI_SDR,STOI,DNSMOS_p808_mos,DNSMOS_mos_sig,DNSMOS_mos_bak,DNSMOS_mos_ovr
p101_rainbow_04_whisper,WF_p101_rainbow_04_whisper_fold10_118278-4-0-2_SNR5dB.wav,16000,1.050620675086975,5.533653259277344,0.7080113887786865,2.4251720309257507,3.4425897576138618,2.9111911598258233,2.6854131523301423
