clean_file,enhanced_file,sampling_rate,PESQ,SI_SDR,STOI,DNSMOS_p808_mos,DNSMOS_mos_sig,DNSMOS_mos_bak,DNSMOS_mos_ovr
p102_sentences_17_regular,WF_p102_sentences_17_regular_fold10_164194-2-0-7_SNR5dB.wav,16000,1.3942296504974365,6.933050632476807,0.7045711874961853,2.8384178479512534,3.3917360675728347,2.4354335537872824,2.5171631318201015
