clean_file,enhanced_file,sampling_rate,PESQ,SI_SDR,STOI,DNSMOS_p808_mos,DNSMOS_mos_sig,DNSMOS_mos_bak,DNSMOS_mos_ovr
p105_rainbow_08_fast,WF_p105_rainbow_08_fast_fold10_74922-4-0-7_SNR5dB.wav,16000,1.0896350145339966,6.0283708572387695,0.7335963249206543,2.4536464554922923,4.343092516337001,2.3928663867290956,2.9773512807294864
