clean_file,enhanced_file,sampling_rate,PESQ,SI_SDR,STOI,DNSMOS_p808_mos,DNSMOS_mos_sig,DNSMOS_mos_bak,DNSMOS_mos_ovr
p101_sentences_01_fast,WF_p101_sentences_01_fast_fold10_129750-2-0-3_SNR5dB.wav,16000,1.3955612182617188,5.23878812789917,0.846855640411377,2.853320973260062,4.2538812157825365,2.0625185762521174,2.627743769788194
