clean_file,enhanced_file,sampling_rate,PESQ,SI_SDR,STOI,DNSMOS_p808_mos,DNSMOS_mos_sig,DNSMOS_mos_bak,DNSMOS_mos_ovr
p104_sentences_19_regular,WF_p104_sentences_19_regular_fold10_30344-3-0-1_SNR5dB.wav,16000,1.4701440334320068,4.6519598960876465,0.7704178690910339,3.646142601966858,4.034586973878512,3.186071850524091,3.1917891180776863
