clean_file,enhanced_file,sampling_rate,PESQ,SI_SDR,STOI,DNSMOS_p808_mos,DNSMOS_mos_sig,DNSMOS_mos_bak,DNSMOS_mos_ovr
p102_emo_pride_sentences,WF_p102_emo_pride_sentences_fold10_15544-5-0-3_SNR5dB.wav,16000,1.5246241092681885,8.783177375793457,0.7585279941558838,2.810378074645996,3.043398142913752,2.4623901543848072,2.1817588070075407
