clean_file,enhanced_file,sampling_rate,PESQ,SI_SDR,STOI,DNSMOS_p808_mos,DNSMOS_mos_sig,DNSMOS_mos_bak,DNSMOS_mos_ovr
p101_emo_extasy_sentences,WF_p101_emo_extasy_sentences_fold10_102857-5-0-14_SNR5dB.wav,16000,1.9567726850509644,12.642976760864258,0.9409199357032776,3.151278257369995,3.1860952707543158,2.9683277018875187,2.6158463996147097
