clean_file,enhanced_file,sampling_rate,PESQ,SI_SDR,STOI,DNSMOS_p808_mos,DNSMOS_mos_sig,DNSMOS_mos_bak,DNSMOS_mos_ovr
p104_emo_distress_freeform,WF_p104_emo_distress_freeform_fold10_189982-0-0-33_SNR5dB.wav,16000,1.3761011362075806,9.433624267578125,0.7713443040847778,2.6935092210769653,3.148533628394988,2.65372647291846,2.278487276498465
