clean_file,enhanced_file,sampling_rate,PESQ,SI_SDR,STOI,DNSMOS_p808_mos,DNSMOS_mos_sig,DNSMOS_mos_bak,DNSMOS_mos_ovr
p103_rainbow_01_slow,WF_p103_rainbow_01_slow_fold10_175842-1-0-0_SNR5dB.wav,16000,1.118100881576538,6.799403190612793,0.6501868367195129,2.449941211276584,4.271890935841127,2.0746438553373863,2.5335468581741147
