clean_file,enhanced_file,sampling_rate,PESQ,SI_SDR,STOI,DNSMOS_p808_mos,DNSMOS_mos_sig,DNSMOS_mos_bak,DNSMOS_mos_ovr
p105_rainbow_05_loud,WF_p105_rainbow_05_loud_fold10_74364-8-1-23_SNR5dB.wav,16000,1.2028741836547852,6.338982582092285,0.8395819067955017,2.8974781376974925,4.017200150594015,2.4899672541291054,2.8866779346473983
