clean_file,enhanced_file,sampling_rate,PESQ,SI_SDR,STOI,DNSMOS_p808_mos,DNSMOS_mos_sig,DNSMOS_mos_bak,DNSMOS_mos_ovr
p102_sentences_14_lowpitch,WF_p102_sentences_14_lowpitch_fold10_164194-2-0-24_SNR5dB.wav,16000,1.246265172958374,7.0231428146362305,0.696363627910614,2.7014275789260864,3.5878725410592898,2.586192983750034,2.688075951702313
