clean_file,enhanced_file,sampling_rate,PESQ,SI_SDR,STOI,DNSMOS_p808_mos,DNSMOS_mos_sig,DNSMOS_mos_bak,DNSMOS_mos_ovr
p104_rainbow_05_slow,WF_p104_rainbow_05_slow_fold10_207213-2-0-130_SNR5dB.wav,16000,1.1855051517486572,5.196166515350342,0.7892719507217407,2.632946729660034,3.7907388664609867,2.115967070590918,2.478401741854301
