clean_file,enhanced_file,sampling_rate,PESQ,SI_SDR,STOI,DNSMOS_p808_mos,DNSMOS_mos_sig,DNSMOS_mos_bak,DNSMOS_mos_ovr
p104_sentences_02_highpitch,WF_p104_sentences_02_highpitch_fold10_27070-2-0-2_SNR5dB.wav,16000,1.1511545181274414,6.101022243499756,0.8187966346740723,2.739851156870524,4.212897657610589,2.201050131813668,2.728538750218515
