clean_file,enhanced_file,sampling_rate,PESQ,SI_SDR,STOI,DNSMOS_p808_mos,DNSMOS_mos_sig,DNSMOS_mos_bak,DNSMOS_mos_ovr
p105_sentences_03_whisper,WF_p105_sentences_03_whisper_fold10_81791-3-0-1_SNR5dB.wav,16000,1.5315089225769043,2.678779125213623,0.563758134841919,3.087885550090245,3.0554227440868225,3.4375607768925156,2.5637802072053857
