clean_file,enhanced_file,sampling_rate,PESQ,SI_SDR,STOI,DNSMOS_p808_mos,DNSMOS_mos_sig,DNSMOS_mos_bak,DNSMOS_mos_ovr
p104_emo_pride_freeform,WF_p104_emo_pride_freeform_fold10_189985-0-0-4_SNR5dB.wav,16000,1.3480230569839478,9.8943452835083,0.7782556414604187,2.6673009395599365,2.5168451265294394,2.227476519027914,1.7622632527888147
