clean_file,enhanced_file,sampling_rate,PESQ,SI_SDR,STOI,DNSMOS_p808_mos,DNSMOS_mos_sig,DNSMOS_mos_bak,DNSMOS_mos_ovr
p105_sentences_02_whisper,WF_p105_sentences_02_whisper_fold10_81791-3-0-0_SNR5dB.wav,16000,1.4799835681915283,1.787941575050354,0.614161491394043,3.0868996552058627,2.1317434267672732,3.2400101731786948,1.8560968302970393
