clean_file,enhanced_file,sampling_rate,PESQ,SI_SDR,STOI,DNSMOS_p808_mos,DNSMOS_mos_sig,DNSMOS_mos_bak,DNSMOS_mos_ovr
p101_rainbow_06_regular,WF_p101_rainbow_06_regular_fold10_118558-5-1-1_SNR5dB.wav,16000,1.7327834367752075,9.53822135925293,0.7649407982826233,2.9822712540626526,3.3624721098130923,3.295213962171744,2.7301411405792644
