clean_file,enhanced_file,sampling_rate,PESQ,SI_SDR,STOI,DNSMOS_p808_mos,DNSMOS_mos_sig,DNSMOS_mos_bak,DNSMOS_mos_ovr
p102_sentences_11_highpitch,WF_p102_sentences_11_highpitch_fold10_164194-2-0-11_SNR5dB.wav,16000,1.4117308855056763,5.026936054229736,0.7856674194335938,2.9825452963511148,3.2770291638303513,1.7387093089766354,1.943013685584009
