clean_file,enhanced_file,sampling_rate,PESQ,SI_SDR,STOI,DNSMOS_p808_mos,DNSMOS_mos_sig,DNSMOS_mos_bak,DNSMOS_mos_ovr
p104_rainbow_06_fast,WF_p104_rainbow_06_fast_fold10_207213-2-0-41_SNR5dB.wav,16000,1.1291390657424927,6.185672760009766,0.7868441939353943,2.479562759399414,2.813022946189522,1.9867077725769429,1.8271277430035786
