clean_file,enhanced_file,sampling_rate,PESQ,SI_SDR,STOI,DNSMOS_p808_mos,DNSMOS_mos_sig,DNSMOS_mos_bak,DNSMOS_mos_ovr
p103_sentences_22_regular,WF_p103_sentences_22_regular_fold10_188813-7-10-1_SNR5dB.wav,16000,1.1853898763656616,7.695394515991211,0.650462806224823,2.588033982685634,4.174022061844481,2.1730297948060073,2.7090169568409617
