clean_file,enhanced_file,sampling_rate,PESQ,SI_SDR,STOI,DNSMOS_p808_mos,DNSMOS_mos_sig,DNSMOS_mos_bak,DNSMOS_mos_ovr
p105_interjection_greetings,WF_p105_interjection_greetings_fold10_73524-0-0-114_SNR5dB.wav,16000,2.074197769165039,10.468254089355469,0.6433364748954773,2.717796230316162,3.2550623301701633,2.6329891049294005,2.530602252481733
