clean_file,enhanced_file,sampling_rate,PESQ,SI_SDR,STOI,DNSMOS_p808_mos,DNSMOS_mos_sig,DNSMOS_mos_bak,DNSMOS_mos_ovr
p105_emo_desire_sentences,WF_p105_emo_desire_sentences_fold10_41306-3-0-13_SNR5dB.wav,16000,1.69521963596344,6.708015441894531,0.5968093872070312,3.1081588864326477,3.43876601748657,3.344333934710885,2.763986933437541
