clean_file,enhanced_file,sampling_rate,PESQ,SI_SDR,STOI,DNSMOS_p808_mos,DNSMOS_mos_sig,DNSMOS_mos_bak,DNSMOS_mos_ovr
p101_emo_interest_sentences,WF_p101_emo_interest_sentences_fold10_102857-5-0-2_SNR5dB.wav,16000,1.6941403150558472,11.180448532104492,0.8389932513237,2.8408442735671997,3.581249988770825,2.702345131627683,2.6475942977778466
