clean_file,enhanced_file,sampling_rate,PESQ,SI_SDR,STOI,DNSMOS_p808_mos,DNSMOS_mos_sig,DNSMOS_mos_bak,DNSMOS_mos_ovr
p103_sentences_20_regular,WF_p103_sentences_20_regular_fold10_188813-7-1-0_SNR5dB.wav,16000,1.1429102420806885,7.501063346862793,0.6732645034790039,2.4553253650665283,4.220713202577952,1.988712124315503,2.571377173314437
