clean_file,enhanced_file,sampling_rate,PESQ,SI_SDR,STOI,DNSMOS_p808_mos,DNSMOS_mos_sig,DNSMOS_mos_bak,DNSMOS_mos_ovr
p102_sentences_01_slow,WF_p102_sentences_01_slow_fold10_162134-7-7-1_SNR5dB.wav,16000,1.0877354145050049,5.736016750335693,0.7216600179672241,2.721398194630941,4.267330685971171,1.8819183274493116,2.478017110085349
