clean_file,enhanced_file,sampling_rate,PESQ,SI_SDR,STOI,DNSMOS_p808_mos,DNSMOS_mos_sig,DNSMOS_mos_bak,DNSMOS_mos_ovr
p101_emo_extasy_freeform,WF_p101_emo_extasy_freeform_fold10_102857-5-0-13_SNR5dB.wav,16000,2.284292221069336,14.677515029907227,0.7729102373123169,2.538280725479126,4.130292456201748,2.0454538962409288,2.5762922961948567
