clean_file,enhanced_file,sampling_rate,PESQ,SI_SDR,STOI,DNSMOS_p808_mos,DNSMOS_mos_sig,DNSMOS_mos_bak,DNSMOS_mos_ovr
p104_interjection_filler,WF_p104_interjection_filler_fold10_196127-3-0-4_SNR5dB.wav,16000,1.917931079864502,4.8129353523254395,0.7150747776031494,2.6592379808425903,3.8739273519738417,2.0179870305493104,2.2854522302636058
