clean_file,enhanced_file,sampling_rate,PESQ,SI_SDR,STOI,DNSMOS_p808_mos,DNSMOS_mos_sig,DNSMOS_mos_bak,DNSMOS_mos_ovr
p104_emo_relief_freeform,WF_p104_emo_relief_freeform_fold10_195063-4-1-0_SNR5dB.wav,16000,1.1360198259353638,5.286803245544434,0.7777557969093323,2.4015560150146484,4.387849689768033,1.824791920403956,2.354551544942538
