clean_file,enhanced_file,sampling_rate,PESQ,SI_SDR,STOI,DNSMOS_p808_mos,DNSMOS_mos_sig,DNSMOS_mos_bak,DNSMOS_mos_ovr
p105_rainbow_01_lowpitch,WF_p105_rainbow_01_lowpitch_fold10_73524-0-0-5_SNR5dB.wav,16000,1.3491694927215576,5.82522439956665,0.7949671149253845,3.0769771337509155,3.346602705729695,2.804837327405222,2.4892732591571622
