clean_file,enhanced_file,sampling_rate,PESQ,SI_SDR,STOI,DNSMOS_p808_mos,DNSMOS_mos_sig,DNSMOS_mos_bak,DNSMOS_mos_ovr
p105_rainbow_03_lowpitch,WF_p105_rainbow_03_lowpitch_fold10_74364-8-1-11_SNR5dB.wav,16000,1.3051173686981201,4.3135247230529785,0.8192149996757507,2.8622861385345457,4.105995897572825,2.0919981120763964,2.5508699140824738
