clean_file,enhanced_file,sampling_rate,PESQ,SI_SDR,STOI,DNSMOS_p808_mos,DNSMOS_mos_sig,DNSMOS_mos_bak,DNSMOS_mos_ovr
p102_rainbow_08_regular,WF_p102_rainbow_08_regular_fold10_162134-7-17-3_SNR5dB.wav,16000,1.0625052452087402,6.13603401184082,0.7600570321083069,2.179098129272461,3.7994380326920516,1.9563744172278834,2.361245440274952
