clean_file,enhanced_file,sampling_rate,PESQ,SI_SDR,STOI,DNSMOS_p808_mos,DNSMOS_mos_sig,DNSMOS_mos_bak,DNSMOS_mos_ovr
p103_sentences_21_regular,WF_p103_sentences_21_regular_fold10_188813-7-10-0_SNR5dB.wav,16000,1.25288724899292,8.080137252807617,0.6221819519996643,2.4851040158952986,4.289955204263793,2.029160774610309,2.7144567498687873
