clean_file,enhanced_file,sampling_rate,PESQ,SI_SDR,STOI,DNSMOS_p808_mos,DNSMOS_mos_sig,DNSMOS_mos_bak,DNSMOS_mos_ovr
p104_emo_distress_sentences,WF_p104_emo_distress_sentences_fold10_189982-0-0-35_SNR5dB.wav,16000,1.4137475490570068,10.220962524414062,0.7760865092277527,2.9303433100382485,2.7977260084183833,2.646289807552026,2.176264999158327
