clean_file,enhanced_file,sampling_rate,PESQ,SI_SDR,STOI,DNSMOS_p808_mos,DNSMOS_mos_sig,DNSMOS_mos_bak,DNSMOS_mos_ovr
p104_sentences_02_whisper,WF_p104_sentences_02_whisper_fold10_27070-2-0-8_SNR5dB.wav,16000,1.176042079925537,6.4257049560546875,0.7348393797874451,3.023866891860962,4.3427048510139254,2.595365987227354,2.931727809507322
