clean_file,enhanced_file,sampling_rate,PESQ,SI_SDR,STOI,DNSMOS_p808_mos,DNSMOS_mos_sig,DNSMOS_mos_bak,DNSMOS_mos_ovr
p105_vegetative_coughing,WF_p105_vegetative_coughing_fold10_83502-0-0-4_SNR5dB.wav,16000,1.433870553970337,8.734281539916992,0.7672556638717651,2.6677026748657227,2.7179758309131326,1.7813622026181912,1.7279780784876904
