clean_file,enhanced_file,sampling_rate,PESQ,SI_SDR,STOI,DNSMOS_p808_mos,DNSMOS_mos_sig,DNSMOS_mos_bak,DNSMOS_mos_ovr
p105_emo_cuteness_sentences,WF_p105_emo_cuteness_sentences_fold10_39847-5-1-0_SNR5dB.wav,16000,1.2070770263671875,6.970271110534668,0.5382168889045715,2.36543869972229,2.244947785110995,2.251276158547345,1.7461120689201182
