clean_file,enhanced_file,sampling_rate,PESQ,SI_SDR,STOI,DNSMOS_p808_mos,DNSMOS_mos_sig,DNSMOS_mos_bak,DNSMOS_mos_ovr
p104_emo_pain_freeform,WF_p104_emo_pain_freeform_fold10_189985-0-0-2_SNR5dB.wav,16000,1.3539589643478394,11.296588897705078,0.727217972278595,2.900432825088501,3.13514561994658,2.340302757085873,2.2823777243059857
