clean_file,enhanced_file,sampling_rate,PESQ,SI_SDR,STOI,DNSMOS_p808_mos,DNSMOS_mos_sig,DNSMOS_mos_bak,DNSMOS_mos_ovr
p101_emo_desire_freeform,WF_p101_emo_desire_freeform_fold10_101382-2-0-33_SNR5dB.wav,16000,1.270031213760376,4.604175567626953,0.6990059614181519,2.7175064086914062,4.084713470297455,1.9446221918336604,2.464904610352481
