clean_file,enhanced_file,sampling_rate,PESQ,SI_SDR,STOI,DNSMOS_p808_mos,DNSMOS_mos_sig,DNSMOS_mos_bak,DNSMOS_mos_ovr
p105_emo_confusion_freeform,WF_p105_emo_confusion_freeform_fold10_39847-5-0-5_SNR5dB.wav,16000,1.1673831939697266,6.341547012329102,0.5571136474609375,2.379662956510271,2.45444039490235,2.5377310936027784,1.8094478896387152
