clean_file,enhanced_file,sampling_rate,PESQ,SI_SDR,STOI,DNSMOS_p808_mos,DNSMOS_mos_sig,DNSMOS_mos_bak,DNSMOS_mos_ovr
p103_emo_amusement_sentences,WF_p103_emo_amusement_sentences_fold10_165640-4-0-0_SNR5dB.wav,16000,1.2348239421844482,5.465583801269531,0.592525839805603,3.156226396560669,4.404766135329901,2.022687139348258,2.6123448929333217
