clean_file,enhanced_file,sampling_rate,PESQ,SI_SDR,STOI,DNSMOS_p808_mos,DNSMOS_mos_sig,DNSMOS_mos_bak,DNSMOS_mos_ovr
p101_nonverbal_crying,WF_p101_nonverbal_crying_fold10_106014-5-0-0_SNR5dB.wav,16000,1.3057608604431152,10.557785987854004,0.7313369512557983,2.301913857460022,3.322496651845876,1.920074578219893,2.158790403852289
