clean_file,enhanced_file,sampling_rate,PESQ,SI_SDR,STOI,DNSMOS_p808_mos,DNSMOS_mos_sig,DNSMOS_mos_bak,DNSMOS_mos_ovr
p102_rainbow_03_loud,WF_p102_rainbow_03_loud_fold10_162134-7-0-2_SNR5dB.wav,16000,1.1051199436187744,7.9289631843566895,0.8176243305206299,2.209841012954712,3.5994941860666008,1.8170229640550042,2.063409121869933
