clean_file,enhanced_file,sampling_rate,PESQ,SI_SDR,STOI,DNSMOS_p808_mos,DNSMOS_mos_sig,DNSMOS_mos_bak,DNSMOS_mos_ovr
p102_rainbow_05_fast,WF_p102_rainbow_05_fast_fold10_162134-7-11-6_SNR5dB.wav,16000,1.0825297832489014,6.5368804931640625,0.7617002129554749,2.118042469024658,3.7911739320577755,2.026241938489601,2.433557063038088
