clean_file,enhanced_file,sampling_rate,PESQ,SI_SDR,STOI,DNSMOS_p808_mos,DNSMOS_mos_sig,DNSMOS_mos_bak,DNSMOS_mos_ovr
p105_rainbow_04_fast,WF_p105_rainbow_04_fast_fold10_74364-8-1-15_SNR5dB.wav,16000,1.0496340990066528,5.336885452270508,0.8112694025039673,3.0987704753875733,4.2928864362059755,2.4412531820785777,2.9085203943721405
