clean_file,enhanced_file,sampling_rate,PESQ,SI_SDR,STOI,DNSMOS_p808_mos,DNSMOS_mos_sig,DNSMOS_mos_bak,DNSMOS_mos_ovr
p105_sentences_02_highpitch,WF_p105_sentences_02_highpitch_fold10_7913-3-3-0_SNR5dB.wav,16000,1.3418911695480347,4.808232307434082,0.6660887002944946,3.385798931121826,4.262813380884366,2.44873008026909,2.7808576168650836
