clean_file,enhanced_file,sampling_rate,PESQ,SI_SDR,STOI,DNSMOS_p808_mos,DNSMOS_mos_sig,DNSMOS_mos_bak,DNSMOS_mos_ovr
p103_sentences_16_regular,WF_p103_sentences_16_regular_fold10_188497-2-0-2_SNR5dB.wav,16000,1.3513379096984863,6.834202766418457,0.5869054198265076,2.730485773086548,3.8837104733389216,2.2508922066693673,2.58103425626858
