clean_file,enhanced_file,sampling_rate,PESQ,SI_SDR,STOI,DNSMOS_p808_mos,DNSMOS_mos_sig,DNSMOS_mos_bak,DNSMOS_mos_ovr
p104_rainbow_04_highpitch,WF_p104_rainbow_04_highpitch_fold10_202334-9-0-88_SNR5dB.wav,16000,1.059437870979309,5.730928421020508,0.7206926345825195,2.6686484813690186,3.460331006110741,1.743807289072676,1.8055893670619525
