clean_file,enhanced_file,sampling_rate,PESQ,SI_SDR,STOI,DNSMOS_p808_mos,DNSMOS_mos_sig,DNSMOS_mos_bak,DNSMOS_mos_ovr
p103_rainbow_07_lowpitch,WF_p103_rainbow_07_lowpitch_fold10_180127-4-0-4_SNR5dB.wav,16000,1.270947813987732,8.677019119262695,0.7641633152961731,2.6751454217093333,3.443520264900196,2.40253713879212,2.4322642670567425
