clean_file,enhanced_file,sampling_rate,PESQ,SI_SDR,STOI,DNSMOS_p808_mos,DNSMOS_mos_sig,DNSMOS_mos_bak,DNSMOS_mos_ovr
p103_emo_cuteness_sentences,WF_p103_emo_cuteness_sentences_fold10_167464-0-0-13_SNR5dB.wav,16000,1.4450469017028809,9.156920433044434,0.6085371971130371,3.053313652674357,3.6163389569129216,2.6770308912462415,2.7567106942150548
