clean_file,enhanced_file,sampling_rate,PESQ,SI_SDR,STOI,DNSMOS_p808_mos,DNSMOS_mos_sig,DNSMOS_mos_bak,DNSMOS_mos_ovr
p102_emo_sadness_freeform,WF_p102_emo_sadness_freeform_fold10_15544-5-0-8_SNR5dB.wav,16000,1.4811253547668457,9.084251403808594,0.8650807738304138,2.780655554362706,4.1902024447279285,2.629446302799637,3.025367867264382
