clean_file,enhanced_file,sampling_rate,PESQ,SI_SDR,STOI,DNSMOS_p808_mos,DNSMOS_mos_sig,DNSMOS_mos_bak,DNSMOS_mos_ovr
p105_nonverbal_cheering,WF_p105_nonverbal_cheering_fold10_73524-0-0-127_SNR5dB.wav,16000,1.5509159564971924,12.303787231445312,0.7996785640716553,2.4188299973805747,3.649916581356401,1.767474076466125,2.082780754507139
