clean_file,enhanced_file,sampling_rate,PESQ,SI_SDR,STOI,DNSMOS_p808_mos,DNSMOS_mos_sig,DNSMOS_mos_bak,DNSMOS_mos_ovr
p104_emo_adoration_freeform,WF_p104_emo_adoration_freeform_fold10_188813-7-3-0_SNR5dB.wav,16000,1.0479081869125366,6.6355390548706055,0.7759513854980469,2.566286257335118,4.269823554943691,2.09255921580833,2.5981876593439144
