clean_file,enhanced_file,sampling_rate,PESQ,SI_SDR,STOI,DNSMOS_p808_mos,DNSMOS_mos_sig,DNSMOS_mos_bak,DNSMOS_mos_ovr
p105_emo_relief_freeform,WF_p105_emo_relief_freeform_fold10_72220-3-2-3_SNR5dB.wav,16000,1.2101970911026,5.184261322021484,0.5422663688659668,2.8675620555877686,2.7511119018541637,2.4441677558475643,2.0480243733482735
