clean_file,enhanced_file,sampling_rate,PESQ,SI_SDR,STOI,DNSMOS_p808_mos,DNSMOS_mos_sig,DNSMOS_mos_bak,DNSMOS_mos_ovr
p105_rainbow_03_slow,WF_p105_rainbow_03_slow_fold10_74364-8-1-13_SNR5dB.wav,16000,1.1184074878692627,2.77724552154541,0.6746701002120972,2.8889717715127126,3.405122443190165,2.797968254602534,2.574143976535324
