clean_file,enhanced_file,sampling_rate,PESQ,SI_SDR,STOI,DNSMOS_p808_mos,DNSMOS_mos_sig,DNSMOS_mos_bak,DNSMOS_mos_ovr
p103_emo_fear_freeform,WF_p103_emo_fear_freeform_fold10_167464-0-0-3_SNR5dB.wav,16000,1.3390300273895264,8.645736694335938,0.6653326749801636,2.978045327322824,3.68717888097964,2.64848311833292,2.7465477284971618
