clean_file,enhanced_file,sampling_rate,PESQ,SI_SDR,STOI,DNSMOS_p808_mos,DNSMOS_mos_sig,DNSMOS_mos_bak,DNSMOS_mos_ovr
p104_sentences_15_regular,WF_p104_sentences_15_regular_fold10_28808-1-1-0_SNR5dB.wav,16000,1.193697214126587,8.145959854125977,0.7117061018943787,2.6124456405639647,2.797900224012486,2.3788317422663723,2.0453758591244062
