clean_file,enhanced_file,sampling_rate,PESQ,SI_SDR,STOI,DNSMOS_p808_mos,DNSMOS_mos_sig,DNSMOS_mos_bak,DNSMOS_mos_ovr
p101_emo_embarassment_sentences,WF_p101_emo_embarassment_sentences_fold10_102857-5-0-12_SNR5dB.wav,16000,2.018171787261963,11.855381965637207,0.8523375988006592,3.152717351913452,4.404237760405258,2.8119415751122587,3.2888816300102457
