clean_file,enhanced_file,sampling_rate,PESQ,SI_SDR,STOI,DNSMOS_p808_mos,DNSMOS_mos_sig,DNSMOS_mos_bak,DNSMOS_mos_ovr
p106_interjection_filler,WF_p106_interjection_filler_fold10_99192-4-0-28_SNR5dB.wav,16000,1.2354061603546143,5.621259689331055,0.551624059677124,2.5261624654134116,4.019114076478522,2.1508362755105632,2.464310497473411
