clean_file,enhanced_file,sampling_rate,PESQ,SI_SDR,STOI,DNSMOS_p808_mos,DNSMOS_mos_sig,DNSMOS_mos_bak,DNSMOS_mos_ovr
p105_rainbow_08_highpitch,WF_p105_rainbow_08_highpitch_fold10_77901-9-0-0_SNR5dB.wav,16000,1.0686784982681274,5.596899032592773,0.6435251235961914,2.2826366083962575,3.624476284187576,2.01135905638976,2.1856899859859373
