clean_file,enhanced_file,sampling_rate,PESQ,SI_SDR,STOI,DNSMOS_p808_mos,DNSMOS_mos_sig,DNSMOS_mos_bak,DNSMOS_mos_ovr
p102_sentences_08_slow,WF_p102_sentences_08_slow_fold10_162148-3-0-0_SNR5dB.wav,16000,1.3284358978271484,4.961203575134277,0.8080861568450928,3.763887405395508,4.04022244012806,2.0466075453143118,2.4552210609226828
