clean_file,enhanced_file,sampling_rate,PESQ,SI_SDR,STOI,DNSMOS_p808_mos,DNSMOS_mos_sig,DNSMOS_mos_bak,DNSMOS_mos_ovr
p101_sentences_02_slow,WF_p101_sentences_02_slow_fold10_136558-9-1-26_SNR5dB.wav,16000,1.1632657051086426,2.5383009910583496,0.5561529397964478,2.342430285045079,2.8004226257233573,2.641265430783206,2.0847126207209192
