clean_file,enhanced_file,sampling_rate,PESQ,SI_SDR,STOI,DNSMOS_p808_mos,DNSMOS_mos_sig,DNSMOS_mos_bak,DNSMOS_mos_ovr
p104_rainbow_01_lowpitch,WF_p104_rainbow_01_lowpitch_fold10_199261-3-0-4_SNR5dB.wav,16000,1.7999860048294067,4.665555000305176,0.8744964599609375,3.894141912460327,4.286506978185598,3.126868230267681,3.2181964095956013
