clean_file,enhanced_file,sampling_rate,PESQ,SI_SDR,STOI,DNSMOS_p808_mos,DNSMOS_mos_sig,DNSMOS_mos_bak,DNSMOS_mos_ovr
p104_rainbow_08_fast,WF_p104_rainbow_08_fast_fold10_22973-3-0-1_SNR5dB.wav,16000,1.1233516931533813,6.926300048828125,0.819355845451355,2.750750814165388,4.190257211386594,2.100295429808882,2.5345723453032782
