clean_file,enhanced_file,sampling_rate,PESQ,SI_SDR,STOI,DNSMOS_p808_mos,DNSMOS_mos_sig,DNSMOS_mos_bak,DNSMOS_mos_ovr
p103_rainbow_03_whisper,WF_p103_rainbow_03_whisper_fold10_178826-2-0-14_SNR5dB.wav,16000,1.0753538608551025,0.7311355471611023,0.43506473302841187,2.5207671097346713,1.943967132326892,2.582999843425678,1.5372657745177456
