clean_file,enhanced_file,sampling_rate,PESQ,SI_SDR,STOI,DNSMOS_p808_mos,DNSMOS_mos_sig,DNSMOS_mos_bak,DNSMOS_mos_ovr
p103_sentences_13_lowpitch,WF_p103_sentences_13_lowpitch_fold10_188497-2-0-11_SNR5dB.wav,16000,1.2184770107269287,7.1483354568481445,0.7055251598358154,2.516057389123099,3.1145711091648733,2.0837977749584797,2.019712631537181
