clean_file,enhanced_file,sampling_rate,PESQ,SI_SDR,STOI,DNSMOS_p808_mos,DNSMOS_mos_sig,DNSMOS_mos_bak,DNSMOS_mos_ovr
p102_emo_adoration_freeform,WF_p102_emo_adoration_freeform_fold10_147491-9-2-6_SNR5dB.wav,16000,1.3800575733184814,7.6154937744140625,0.6948901414871216,3.018349587917328,2.958012177099918,2.7150782083677067,2.2927503485306078
