clean_file,enhanced_file,sampling_rate,PESQ,SI_SDR,STOI,DNSMOS_p808_mos,DNSMOS_mos_sig,DNSMOS_mos_bak,DNSMOS_mos_ovr
p102_rainbow_06_whisper,WF_p102_rainbow_06_whisper_fold10_162134-7-14-1_SNR5dB.wav,16000,1.066300868988037,5.7048187255859375,0.6160419583320618,2.4343127012252808,1.4373550729552829,1.7757513348076475,1.0529991306526867
