clean_file,enhanced_file,sampling_rate,PESQ,SI_SDR,STOI,DNSMOS_p808_mos,DNSMOS_mos_sig,DNSMOS_mos_bak,DNSMOS_mos_ovr
p106_nonverbal_laughter_open,WF_p106_nonverbal_laughter_open_fold10_99192-4-0-40_SNR5dB.wav,16000,1.1058416366577148,5.051423072814941,0.5575218200683594,2.417766809463501,2.7631372482348633,1.9100294927881587,1.838447703665112
