clean_file,enhanced_file,sampling_rate,PESQ,SI_SDR,STOI,DNSMOS_p808_mos,DNSMOS_mos_sig,DNSMOS_mos_bak,DNSMOS_mos_ovr
p106_emo_realization_sentences,WF_p106_emo_realization_sentences_fold10_99192-4-0-0_SNR5dB.wav,16000,1.055772304534912,5.376544952392578,0.7442545890808105,2.517754872639974,3.380217529733716,1.8176345774956235,1.9261976829141159
