clean_file,enhanced_file,sampling_rate,PESQ,SI_SDR,STOI,DNSMOS_p808_mos,DNSMOS_mos_sig,DNSMOS_mos_bak,DNSMOS_mos_ovr
p101_rainbow_04_loud,WF_p101_rainbow_04_loud_fold10_118278-4-0-10_SNR5dB.wav,16000,1.1780645847320557,8.0337553024292,0.7515479922294617,2.41170326868693,3.0799397527214363,2.1918449876406565,2.1540745440235476
