clean_file,enhanced_file,sampling_rate,PESQ,SI_SDR,STOI,DNSMOS_p808_mos,DNSMOS_mos_sig,DNSMOS_mos_bak,DNSMOS_mos_ovr
p103_sentences_01_highpitch,WF_p103_sentences_01_highpitch_fold10_181624-4-3-0_SNR5dB.wav,16000,1.1070334911346436,5.05704927444458,0.5678208470344543,2.7480908036231995,4.1392914706388275,2.0126110445415395,2.3389640918502153
