clean_file,enhanced_file,sampling_rate,PESQ,SI_SDR,STOI,DNSMOS_p808_mos,DNSMOS_mos_sig,DNSMOS_mos_bak,DNSMOS_mos_ovr
p105_rainbow_03_loud,WF_p105_rainbow_03_loud_fold10_74364-8-1-10_SNR5dB.wav,16000,1.2083851099014282,5.389223575592041,0.7355889081954956,3.0899482795170377,4.055511907276968,2.1738081535841274,2.661348270860415
