clean_file,enhanced_file,sampling_rate,PESQ,SI_SDR,STOI,DNSMOS_p808_mos,DNSMOS_mos_sig,DNSMOS_mos_bak,DNSMOS_mos_ovr
p101_sentences_01_regular,WF_p101_sentences_01_regular_fold10_129750-2-0-4_SNR5dB.wav,16000,1.3779230117797852,4.734287738800049,0.7624871134757996,3.0147793292999268,4.173102972124829,2.357114338457646,2.8777855829147763
