clean_file,enhanced_file,sampling_rate,PESQ,SI_SDR,STOI,DNSMOS_p808_mos,DNSMOS_mos_sig,DNSMOS_mos_bak,DNSMOS_mos_ovr
p105_emo_serenity_freeform,WF_p105_emo_serenity_freeform_fold10_72538-3-0-3_SNR5dB.wav,16000,1.3673006296157837,3.7860867977142334,0.5806512236595154,2.953233242034912,3.407003149072273,3.072200126420197,2.6760901761303897
