clean_file,enhanced_file,sampling_rate,PESQ,SI_SDR,STOI,DNSMOS_p808_mos,DNSMOS_mos_sig,DNSMOS_mos_bak,DNSMOS_mos_ovr
p105_sentences_01_whisper,WF_p105_sentences_01_whisper_fold10_7913-3-1-0_SNR5dB.wav,16000,1.365933895111084,2.985273599624634,0.6378864645957947,3.4236507756369456,2.9680417110481074,3.7301767310956166,2.582165774865525
