clean_file,enhanced_file,sampling_rate,PESQ,SI_SDR,STOI,DNSMOS_p808_mos,DNSMOS_mos_sig,DNSMOS_mos_bak,DNSMOS_mos_ovr
p105_emo_contentment_sentences,WF_p105_emo_contentment_sentences_fold10_39847-5-0-8_SNR5dB.wav,16000,1.3034789562225342,7.571384429931641,0.49199479818344116,2.4375394582748413,2.3686163838327485,2.4078575648879026,1.729733895816344
