clean_file,enhanced_file,sampling_rate,PESQ,SI_SDR,STOI,DNSMOS_p808_mos,DNSMOS_mos_sig,DNSMOS_mos_bak,DNSMOS_mos_ovr
p102_rainbow_08_lowpitch,WF_p102_rainbow_08_lowpitch_fold10_162134-7-17-2_SNR5dB.wav,16000,1.0669314861297607,6.226153373718262,0.7787806391716003,2.237948383603777,3.678165426980263,1.9815291446792638,2.346216912053316
