clean_file,enhanced_file,sampling_rate,PESQ,SI_SDR,STOI,DNSMOS_p808_mos,DNSMOS_mos_sig,DNSMOS_mos_bak,DNSMOS_mos_ovr
p103_sentences_02_lowpitch,WF_p103_sentences_02_lowpitch_fold10_187110-2-0-12_SNR5dB.wav,16000,1.2838990688323975,5.359395980834961,0.7410464882850647,2.654567071369716,3.924305571492134,1.9217613592236888,2.3015322224400045
