clean_file,enhanced_file,sampling_rate,PESQ,SI_SDR,STOI,DNSMOS_p808_mos,DNSMOS_mos_sig,DNSMOS_mos_bak,DNSMOS_mos_ovr
p105_interjection_congratulations,WF_p105_interjection_congratulations_fold10_73524-0-0-105_SNR5dB.wav,16000,1.9628732204437256,10.495251655578613,0.635314404964447,2.4761951991489957,2.8430286147113617,2.3161159616417857,2.0594271528386847
