clean_file,enhanced_file,sampling_rate,PESQ,SI_SDR,STOI,DNSMOS_p808_mos,DNSMOS_mos_sig,DNSMOS_mos_bak,DNSMOS_mos_ovr
p103_rainbow_03_loud,WF_p103_rainbow_03_loud_fold10_178261-7-3-6_SNR5dB.wav,16000,1.13101065158844,9.80996036529541,0.8036927580833435,2.343165397644043,3.4306694118900096,2.253385896592218,2.2955158224902554
