clean_file,enhanced_file,sampling_rate,PESQ,SI_SDR,STOI,DNSMOS_p808_mos,DNSMOS_mos_sig,DNSMOS_mos_bak,DNSMOS_mos_ovr
p102_rainbow_04_lowpitch,WF_p102_rainbow_04_lowpitch_fold10_162134-7-11-2_SNR5dB.wav,16000,1.06150484085083,5.474608421325684,0.7487980723381042,2.1451690991719565,3.9181105923852537,1.8412201921529416,2.282220136308165
