clean_file,enhanced_file,sampling_rate,PESQ,SI_SDR,STOI,DNSMOS_p808_mos,DNSMOS_mos_sig,DNSMOS_mos_bak,DNSMOS_mos_ovr
p102_vegetative_yawning,WF_p102_vegetative_yawning_fold10_165166-8-0-3_SNR5dB.wav,16000,1.5560581684112549,5.378521919250488,0.4288906753063202,2.418945550918579,3.8151753798864325,1.9185216838693284,2.276869646993118
