clean_file,enhanced_file,sampling_rate,PESQ,SI_SDR,STOI,DNSMOS_p808_mos,DNSMOS_mos_sig,DNSMOS_mos_bak,DNSMOS_mos_ovr
p101_emo_desire_sentences,WF_p101_emo_desire_sentences_fold10_101382-2-0-42_SNR5dB.wav,16000,1.4189432859420776,4.99815559387207,0.7313038110733032,2.4210948603493825,3.971357040013993,1.8646955294989094,2.4372186568443643
