clean_file,enhanced_file,sampling_rate,PESQ,SI_SDR,STOI,DNSMOS_p808_mos,DNSMOS_mos_sig,DNSMOS_mos_bak,DNSMOS_mos_ovr
p105_rainbow_04_whisper,WF_p105_rainbow_04_whisper_fold10_74364-8-1-20_SNR5dB.wav,16000,1.0617003440856934,3.7663426399230957,0.7219453454017639,2.6529343128204346,2.955109041711972,2.3079225255343063,2.183571758840022
