clean_file,enhanced_file,sampling_rate,PESQ,SI_SDR,STOI,DNSMOS_p808_mos,DNSMOS_mos_sig,DNSMOS_mos_bak,DNSMOS_mos_ovr
p101_sentences_20_regular,WF_p101_sentences_20_regular_fold10_14470-2-0-56_SNR5dB.wav,16000,1.2899610996246338,5.8565263748168945,0.7055025100708008,2.348575472831726,3.2593325500493786,2.292277675696092,2.313743563300691
