clean_file,enhanced_file,sampling_rate,PESQ,SI_SDR,STOI,DNSMOS_p808_mos,DNSMOS_mos_sig,DNSMOS_mos_bak,DNSMOS_mos_ovr
p103_rainbow_06_lowpitch,WF_p103_rainbow_06_lowpitch_fold10_180127-4-0-17_SNR5dB.wav,16000,1.2845507860183716,8.859750747680664,0.757999837398529,2.817714738845825,2.503669213755569,2.6558727549172394,1.993582219548765
