clean_file,enhanced_file,sampling_rate,PESQ,SI_SDR,STOI,DNSMOS_p808_mos,DNSMOS_mos_sig,DNSMOS_mos_bak,DNSMOS_mos_ovr
p103_rainbow_03_lowpitch,WF_p103_rainbow_03_lowpitch_fold10_178402-1-0-0_SNR5dB.wav,16000,1.26218843460083,5.031195640563965,0.7660930156707764,2.8941212381635393,4.0856504194773136,1.944168484081981,2.1520719999770543
