clean_file,enhanced_file,sampling_rate,PESQ,SI_SDR,STOI,DNSMOS_p808_mos,DNSMOS_mos_sig,DNSMOS_mos_bak,DNSMOS_mos_ovr
p102_rainbow_02_slow,WF_p102_rainbow_02_slow_fold10_159742-8-0-8_SNR5dB.wav,16000,1.2818433046340942,4.884829044342041,0.8771209120750427,3.557177782058716,4.21757537908994,1.9935969727763692,2.597797469548954
