clean_file,enhanced_file,sampling_rate,PESQ,SI_SDR,STOI,DNSMOS_p808_mos,DNSMOS_mos_sig,DNSMOS_mos_bak,DNSMOS_mos_ovr
p101_rainbow_02_regular,WF_p101_rainbow_02_regular_fold10_115418-9-0-29_SNR5dB.wav,16000,1.289621353149414,5.84929895401001,0.748377799987793,2.463300108909607,3.5017881425106006,2.214566596250595,2.502020889574447
