clean_file,enhanced_file,sampling_rate,PESQ,SI_SDR,STOI,DNSMOS_p808_mos,DNSMOS_mos_sig,DNSMOS_mos_bak,DNSMOS_mos_ovr
p103_emo_distress_sentences,WF_p103_emo_distress_sentences_fold10_167464-0-0-20_SNR5dB.wav,16000,1.4660800695419312,9.716739654541016,0.6323202252388,2.9270142316818237,3.1107013361181983,2.5464654562895763,2.3407701657366946
