clean_file,enhanced_file,sampling_rate,PESQ,SI_SDR,STOI,DNSMOS_p808_mos,DNSMOS_mos_sig,DNSMOS_mos_bak,DNSMOS_mos_ovr
p101_emo_amusement_sentences,WF_p101_emo_amusement_sentences_fold10_100795-3-0-0_SNR5dB.wav,16000,1.4715924263000488,5.017768859863281,0.8924658298492432,3.3870034899030412,4.246264813427943,2.2918832767780812,2.800952468629874
