clean_file,enhanced_file,sampling_rate,PESQ,SI_SDR,STOI,DNSMOS_p808_mos,DNSMOS_mos_sig,DNSMOS_mos_bak,DNSMOS_mos_ovr
p105_rainbow_07_fast,WF_p105_rainbow_07_fast_fold10_74922-4-0-0_SNR5dB.wav,16000,1.1061917543411255,5.699032783508301,0.7381770014762878,2.590893064226423,4.378744144648537,2.515607027506257,3.036628914146803
