clean_file,enhanced_file,sampling_rate,PESQ,SI_SDR,STOI,DNSMOS_p808_mos,DNSMOS_mos_sig,DNSMOS_mos_bak,DNSMOS_mos_ovr
p104_rainbow_06_highpitch,WF_p104_rainbow_06_highpitch_fold10_207213-2-0-52_SNR5dB.wav,16000,1.2988320589065552,5.019981384277344,0.8508943915367126,2.9397053718566895,4.0674540333384765,1.7922211684637828,2.258090798304452
