clean_file,enhanced_file,sampling_rate,PESQ,SI_SDR,STOI,DNSMOS_p808_mos,DNSMOS_mos_sig,DNSMOS_mos_bak,DNSMOS_mos_ovr
p103_rainbow_06_fast,WF_p103_rainbow_06_fast_fold10_180127-4-0-14_SNR5dB.wav,16000,1.1710474491119385,7.2371931076049805,0.7989412546157837,3.0158891677856445,3.0918194034586226,2.501234149695227,2.224902303419898
