clean_file,enhanced_file,sampling_rate,PESQ,SI_SDR,STOI,DNSMOS_p808_mos,DNSMOS_mos_sig,DNSMOS_mos_bak,DNSMOS_mos_ovr
p104_emo_relief_sentences,WF_p104_emo_relief_sentences_fold10_196069-2-0-0_SNR5dB.wav,16000,1.160413384437561,4.917667865753174,0.7956520318984985,3.2516355514526367,4.105532539903947,2.341896701575211,2.747540060788349
