clean_file,enhanced_file,sampling_rate,PESQ,SI_SDR,STOI,DNSMOS_p808_mos,DNSMOS_mos_sig,DNSMOS_mos_bak,DNSMOS_mos_ovr
p105_rainbow_01_highpitch,WF_p105_rainbow_01_highpitch_fold10_73524-0-0-31_SNR5dB.wav,16000,1.206987738609314,7.606256484985352,0.8241297006607056,2.8608365058898926,3.3597498966745865,3.228961929592186,2.675270194385005
