clean_file,enhanced_file,sampling_rate,PESQ,SI_SDR,STOI,DNSMOS_p808_mos,DNSMOS_mos_sig,DNSMOS_mos_bak,DNSMOS_mos_ovr
p105_sentences_13_lowpitch,WF_p105_sentences_13_lowpitch_fold10_83195-9-0-2_SNR5dB.wav,16000,1.2903456687927246,6.543306350708008,0.5912958383560181,2.535670689174107,2.7015812728904303,2.1799164120534194,1.9834407738597093
