clean_file,enhanced_file,sampling_rate,PESQ,SI_SDR,STOI,DNSMOS_p808_mos,DNSMOS_mos_sig,DNSMOS_mos_bak,DNSMOS_mos_ovr
p101_emo_neutral_sentences,WF_p101_emo_neutral_sentences_fold10_102857-5-0-21_SNR5dB.wav,16000,1.6830954551696777,10.19176959991455,0.8561334609985352,2.851996143658956,3.8285155386733614,2.777260959283091,2.8145558283141976
