clean_file,enhanced_file,sampling_rate,PESQ,SI_SDR,STOI,DNSMOS_p808_mos,DNSMOS_mos_sig,DNSMOS_mos_bak,DNSMOS_mos_ovr
p104_rainbow_08_slow,WF_p104_rainbow_08_slow_fold10_25037-6-0-0_SNR5dB.wav,16000,1.194231629371643,5.224751949310303,0.7826810479164124,3.1296049867357527,3.2945290157139384,2.124767046918489,2.0663405222584803
