clean_file,enhanced_file,sampling_rate,PESQ,SI_SDR,STOI,DNSMOS_p808_mos,DNSMOS_mos_sig,DNSMOS_mos_bak,DNSMOS_mos_ovr
p105_rainbow_03_highpitch,WF_p105_rainbow_03_highpitch_fold10_74364-8-1-1_SNR5dB.wav,16000,1.2225857973098755,4.651811122894287,0.8204936385154724,3.282052823475429,4.214978208484461,2.4832568728755047,2.8194385667129573
