clean_file,enhanced_file,sampling_rate,PESQ,SI_SDR,STOI,DNSMOS_p808_mos,DNSMOS_mos_sig,DNSMOS_mos_bak,DNSMOS_mos_ovr
p104_rainbow_07_regular,WF_p104_rainbow_07_regular_fold10_209672-3-6-0_SNR5dB.wav,16000,1.385833978652954,4.269469261169434,0.8356919884681702,3.7362068040030345,4.284917849677693,3.3893969384053277,3.4218015751055124
