clean_file,enhanced_file,sampling_rate,PESQ,SI_SDR,STOI,DNSMOS_p808_mos,DNSMOS_mos_sig,DNSMOS_mos_bak,DNSMOS_mos_ovr
p103_emo_distress_freeform,WF_p103_emo_distress_freeform_fold10_167464-0-0-2_SNR5dB.wav,16000,1.257840633392334,8.322270393371582,0.7929583191871643,2.9638357639312742,3.0370062589076383,2.494697286903304,2.2111511325456177
