clean_file,enhanced_file,sampling_rate,PESQ,SI_SDR,STOI,DNSMOS_p808_mos,DNSMOS_mos_sig,DNSMOS_mos_bak,DNSMOS_mos_ovr
p105_emo_sadness_sentences,WF_p105_emo_sadness_sentences_fold10_72538-3-0-1_SNR5dB.wav,16000,1.8185160160064697,4.637881278991699,0.6039228439331055,3.359229564666748,3.6725938309061084,2.475007587772263,2.445076029110645
