clean_file,enhanced_file,sampling_rate,PESQ,SI_SDR,STOI,DNSMOS_p808_mos,DNSMOS_mos_sig,DNSMOS_mos_bak,DNSMOS_mos_ovr
p105_emo_extasy_sentences,WF_p105_emo_extasy_sentences_fold10_59513-3-0-1_SNR5dB.wav,16000,1.6450995206832886,4.901619911193848,0.7883607745170593,3.859942317008972,4.2073395232691215,3.458497543554742,3.4426450929857504
