clean_file,enhanced_file,sampling_rate,PESQ,SI_SDR,STOI,DNSMOS_p808_mos,DNSMOS_mos_sig,DNSMOS_mos_bak,DNSMOS_mos_ovr
p102_sentences_15_regular,WF_p102_sentences_15_regular_fold10_164194-2-0-26_SNR5dB.wav,16000,1.2783583402633667,5.734709739685059,0.6487216949462891,2.7310091257095337,3.3142838963499734,1.9347913037353857,2.1046772562625216
