clean_file,enhanced_file,sampling_rate,PESQ,SI_SDR,STOI,DNSMOS_p808_mos,DNSMOS_mos_sig,DNSMOS_mos_bak,DNSMOS_mos_ovr
p101_emo_adoration_sentences,WF_p101_emo_adoration_sentences_fold10_100648-1-1-0_SNR5dB.wav,16000,1.2668170928955078,7.028288841247559,0.7589678764343262,2.2432644367218018,2.9760729972047453,1.9043292235588483,1.8458496377172398
