clean_file,enhanced_file,sampling_rate,PESQ,SI_SDR,STOI,DNSMOS_p808_mos,DNSMOS_mos_sig,DNSMOS_mos_bak,DNSMOS_mos_ovr
p101_rainbow_06_lowpitch,WF_p101_rainbow_06_lowpitch_fold10_118558-5-1-0_SNR5dB.wav,16000,1.5020995140075684,8.76216983795166,0.813634991645813,2.9715962409973145,3.094767919880914,3.1835867996225913,2.5451633218208145
