clean_file,enhanced_file,sampling_rate,PESQ,SI_SDR,STOI,DNSMOS_p808_mos,DNSMOS_mos_sig,DNSMOS_mos_bak,DNSMOS_mos_ovr
p104_rainbow_05_whisper,WF_p104_rainbow_05_whisper_fold10_207213-2-0-134_SNR5dB.wav,16000,1.3738880157470703,2.8481550216674805,0.8155844807624817,2.6713902609688893,2.8095313644933193,2.619890472465944,2.1163309104443067
