clean_file,enhanced_file,sampling_rate,PESQ,SI_SDR,STOI,DNSMOS_p808_mos,DNSMOS_mos_sig,DNSMOS_mos_bak,DNSMOS_mos_ovr
p103_rainbow_01_fast,WF_p103_rainbow_01_fast_fold10_174292-6-1-0_SNR5dB.wav,16000,1.227522373199463,4.726727485656738,0.8908571004867554,2.9281885623931885,3.9753254714484774,2.194600073708307,2.4408135837146014
