clean_file,enhanced_file,sampling_rate,PESQ,SI_SDR,STOI,DNSMOS_p808_mos,DNSMOS_mos_sig,DNSMOS_mos_bak,DNSMOS_mos_ovr
p105_sentences_09_fast,WF_p105_sentences_09_fast_fold10_83191-9-0-4_SNR5dB.wav,16000,1.4792133569717407,8.360733985900879,0.6757814884185791,2.694272484098162,3.41186452081853,2.3452924498692425,2.4954373786840294
