clean_file,enhanced_file,sampling_rate,PESQ,SI_SDR,STOI,DNSMOS_p808_mos,DNSMOS_mos_sig,DNSMOS_mos_bak,DNSMOS_mos_ovr
p105_sentences_16_regular,WF_p105_sentences_16_regular_fold10_83195-9-0-7_SNR5dB.wav,16000,1.301565408706665,4.669253349304199,0.48300492763519287,2.55586838722229,3.4504539674775345,2.3291843184278567,2.419314569749628
