clean_file,enhanced_file,sampling_rate,PESQ,SI_SDR,STOI,DNSMOS_p808_mos,DNSMOS_mos_sig,DNSMOS_mos_bak,DNSMOS_mos_ovr
p105_rainbow_01_slow,WF_p105_rainbow_01_slow_fold10_73524-0-0-54_SNR5dB.wav,16000,1.190353274345398,4.87365198135376,0.7396321892738342,2.5635609229405723,2.543897555986027,3.5911072086164615,2.1835382533064482
