clean_file,enhanced_file,sampling_rate,PESQ,SI_SDR,STOI,DNSMOS_p808_mos,DNSMOS_mos_sig,DNSMOS_mos_bak,DNSMOS_mos_ovr
p101_rainbow_02_loud,WF_p101_rainbow_02_loud_fold10_115418-9-0-15_SNR5dB.wav,16000,1.2343668937683105,6.208187103271484,0.7999573349952698,2.488827705383301,3.2356804193798916,2.250758020697289,2.3504123499438316
