clean_file,enhanced_file,sampling_rate,PESQ,SI_SDR,STOI,DNSMOS_p808_mos,DNSMOS_mos_sig,DNSMOS_mos_bak,DNSMOS_mos_ovr
p102_rainbow_06_slow,WF_p102_rainbow_06_slow_fold10_162134-7-14-0_SNR5dB.wav,16000,1.0666685104370117,5.926242351531982,0.7773756980895996,2.563427686691284,4.294147675773673,1.7541526700233172,2.3494303469832114
