clean_file,enhanced_file,sampling_rate,PESQ,SI_SDR,STOI,DNSMOS_p808_mos,DNSMOS_mos_sig,DNSMOS_mos_bak,DNSMOS_mos_ovr
p104_sentences_17_regular,WF_p104_sentences_17_regular_fold10_2937-1-0-0_SNR5dB.wav,16000,1.3768227100372314,10.572098731994629,0.7851449847221375,2.7880808966500417,3.1270697836135484,1.715367835699403,1.664410165208182
