clean_file,enhanced_file,sampling_rate,PESQ,SI_SDR,STOI,DNSMOS_p808_mos,DNSMOS_mos_sig,DNSMOS_mos_bak,DNSMOS_mos_ovr
p104_rainbow_03_loud,WF_p104_rainbow_03_loud_fold10_200786-5-1-5_SNR5dB.wav,16000,1.1283857822418213,6.987332344055176,0.7462091445922852,2.768185479300363,2.820714649933614,2.063767282145044,1.8667338350177913
