clean_file,enhanced_file,sampling_rate,PESQ,SI_SDR,STOI,DNSMOS_p808_mos,DNSMOS_mos_sig,DNSMOS_mos_bak,DNSMOS_mos_ovr
p102_emo_pride_freeform,WF_p102_emo_pride_freeform_fold10_15544-5-0-2_SNR5dB.wav,16000,1.5014007091522217,9.21314811706543,0.8164181113243103,2.958526909351349,3.644951342294433,2.1981553252992767,2.4059620199578564
