clean_file,enhanced_file,sampling_rate,PESQ,SI_SDR,STOI,DNSMOS_p808_mos,DNSMOS_mos_sig,DNSMOS_mos_bak,DNSMOS_mos_ovr
p101_rainbow_02_slow,WF_p101_rainbow_02_slow_fold10_115418-9-0-6_SNR5dB.wav,16000,1.1919631958007812,4.5847368240356445,0.6518080830574036,2.4054651260375977,3.4807292307989486,2.402154530852985,2.4922084289264603
