clean_file,enhanced_file,sampling_rate,PESQ,SI_SDR,STOI,DNSMOS_p808_mos,DNSMOS_mos_sig,DNSMOS_mos_bak,DNSMOS_mos_ovr
p101_rainbow_03_loud,WF_p101_rainbow_03_loud_fold10_117889-9-0-20_SNR5dB.wav,16000,1.4562033414840698,6.348254203796387,0.8775756359100342,2.960829973220825,2.6941431963904368,1.684244797223462,1.587495433925062
