clean_file,enhanced_file,sampling_rate,PESQ,SI_SDR,STOI,DNSMOS_p808_mos,DNSMOS_mos_sig,DNSMOS_mos_bak,DNSMOS_mos_ovr
p106_emo_embarassment_freeform,WF_p106_emo_embarassment_freeform_fold10_93567-8-0-12_SNR5dB.wav,16000,1.2208858728408813,8.513219833374023,0.5895755887031555,2.480621440070016,3.488193411065723,2.2114489511583746,2.2922207431932766
