clean_file,enhanced_file,sampling_rate,PESQ,SI_SDR,STOI,DNSMOS_p808_mos,DNSMOS_mos_sig,DNSMOS_mos_bak,DNSMOS_mos_ovr
p102_nonverbal_crying,WF_p102_nonverbal_crying_fold10_157207-6-8-0_SNR5dB.wav,16000,1.3043067455291748,4.934528350830078,0.6597781777381897,2.611599604288737,3.657304263885758,2.230699456927767,2.376760677888207
