clean_file,enhanced_file,sampling_rate,PESQ,SI_SDR,STOI,DNSMOS_p808_mos,DNSMOS_mos_sig,DNSMOS_mos_bak,DNSMOS_mos_ovr
p101_rainbow_08_slow,WF_p101_rainbow_08_slow_fold10_128470-3-0-5_SNR5dB.wav,16000,1.6013405323028564,4.039589881896973,0.8006376028060913,3.580895560128348,4.1219157097970465,2.016419304309226,2.526132730642704
