clean_file,enhanced_file,sampling_rate,PESQ,SI_SDR,STOI,DNSMOS_p808_mos,DNSMOS_mos_sig,DNSMOS_mos_bak,DNSMOS_mos_ovr
p106_emo_disgust_freeform,WF_p106_emo_disgust_freeform_fold10_93567-8-0-0_SNR5dB.wav,16000,1.1515405178070068,7.450559139251709,0.6829207539558411,2.5723904882158553,2.619326451383074,2.1887070693175716,1.8704792126823726
