clean_file,enhanced_file,sampling_rate,PESQ,SI_SDR,STOI,DNSMOS_p808_mos,DNSMOS_mos_sig,DNSMOS_mos_bak,DNSMOS_mos_ovr
p104_rainbow_02_fast,WF_p104_rainbow_02_fast_fold10_200460-6-3-0_SNR5dB.wav,16000,1.2794297933578491,5.227936744689941,0.8738219738006592,3.621204376220703,4.07574135706292,2.361280949513181,2.691448737039781
