clean_file,enhanced_file,sampling_rate,PESQ,SI_SDR,STOI,DNSMOS_p808_mos,DNSMOS_mos_sig,DNSMOS_mos_bak,DNSMOS_mos_ovr
p102_nonverbal_screaming,WF_p102_nonverbal_screaming_fold10_159709-6-0-0_SNR5dB.wav,16000,1.5626583099365234,5.113745212554932,0.7359175086021423,2.1980960369110107,3.692547891798748,1.7351468539925579,1.979943260368024
