clean_file,enhanced_file,sampling_rate,PESQ,SI_SDR,STOI,DNSMOS_p808_mos,DNSMOS_mos_sig,DNSMOS_mos_bak,DNSMOS_mos_ovr
p105_emo_distress_sentences,WF_p105_emo_distress_sentences_fold10_54086-1-0-0_SNR5dB.wav,16000,1.3669523000717163,6.700950622558594,0.7447421550750732,3.03640079498291,4.204404688458271,2.19128367792368,2.684910476332817
