clean_file,enhanced_file,sampling_rate,PESQ,SI_SDR,STOI,DNSMOS_p808_mos,DNSMOS_mos_sig,DNSMOS_mos_bak,DNSMOS_mos_ovr
p105_rainbow_05_slow,WF_p105_rainbow_05_slow_fold10_74364-8-1-26_SNR5dB.wav,16000,1.0861139297485352,3.9280388355255127,0.7910985946655273,3.002551419394357,4.002366831506001,2.6076758592264064,2.863486179000842
