clean_file,enhanced_file,sampling_rate,PESQ,SI_SDR,STOI,DNSMOS_p808_mos,DNSMOS_mos_sig,DNSMOS_mos_bak,DNSMOS_mos_ovr
p104_emo_cuteness_sentences,WF_p104_emo_cuteness_sentences_fold10_189982-0-0-2_SNR5dB.wav,16000,1.41665518283844,10.98864459991455,0.6496900916099548,2.5854249000549316,3.169796864235609,2.476142524981231,2.2965233067298305
