clean_file,enhanced_file,sampling_rate,PESQ,SI_SDR,STOI,DNSMOS_p808_mos,DNSMOS_mos_sig,DNSMOS_mos_bak,DNSMOS_mos_ovr
p105_rainbow_02_fast,WF_p105_rainbow_02_fast_fold10_73524-0-0-63_SNR5dB.wav,16000,1.4684706926345825,6.240525245666504,0.7949239015579224,3.0001014471054077,3.4121406275246433,2.55474937490145,2.410545705603901
