clean_file,enhanced_file,sampling_rate,PESQ,SI_SDR,STOI,DNSMOS_p808_mos,DNSMOS_mos_sig,DNSMOS_mos_bak,DNSMOS_mos_ovr
p102_emo_fear_sentences,WF_p102_emo_fear_sentences_fold10_15544-5-0-11_SNR5dB.wav,16000,1.5777411460876465,10.595632553100586,0.9022294282913208,2.8033694539751326,3.2809019800519343,2.055107685242956,2.1574590332117465
