clean_file,enhanced_file,sampling_rate,PESQ,SI_SDR,STOI,DNSMOS_p808_mos,DNSMOS_mos_sig,DNSMOS_mos_bak,DNSMOS_mos_ovr
p102_rainbow_07_loud,WF_p102_rainbow_07_loud_fold10_162134-7-15-1_SNR5dB.wav,16000,1.0700947046279907,6.9949750900268555,0.7681443691253662,2.2211272716522217,3.5901665270111107,1.810498972802599,2.1073473894663843
