clean_file,enhanced_file,sampling_rate,PESQ,SI_SDR,STOI,DNSMOS_p808_mos,DNSMOS_mos_sig,DNSMOS_mos_bak,DNSMOS_mos_ovr
p101_emo_confusion_sentences,WF_p101_emo_confusion_sentences_fold10_101382-2-0-10_SNR5dB.wav,16000,1.3885456323623657,5.292633056640625,0.4876858592033386,2.5708482606070384,4.131576222939077,1.915271906174245,2.4315333735929934
