clean_file,enhanced_file,sampling_rate,PESQ,SI_SDR,STOI,DNSMOS_p808_mos,DNSMOS_mos_sig,DNSMOS_mos_bak,DNSMOS_mos_ovr
p102_emo_disgust_sentences,WF_p102_emo_disgust_sentences_fold10_155280-2-0-3_SNR5dB.wav,16000,2.1800315380096436,9.85562515258789,0.9183844327926636,3.3736940792628696,3.603985817025525,2.4074888775850076,2.5459704817732036
