clean_file,enhanced_file,sampling_rate,PESQ,SI_SDR,STOI,DNSMOS_p808_mos,DNSMOS_mos_sig,DNSMOS_mos_bak,DNSMOS_mos_ovr
p103_nonverbal_crying,WF_p103_nonverbal_crying_fold10_174289-6-0-0_SNR5dB.wav,16000,1.719949722290039,5.315060615539551,0.7627963423728943,2.6294467449188232,3.9259166245344455,2.336080256462993,2.6156401644555034
