clean_file,enhanced_file,sampling_rate,PESQ,SI_SDR,STOI,DNSMOS_p808_mos,DNSMOS_mos_sig,DNSMOS_mos_bak,DNSMOS_mos_ovr
p105_sentences_02_regular,WF_p105_sentences_02_regular_fold10_7965-3-22-0_SNR5dB.wav,16000,1.733081340789795,7.808175563812256,0.6049271821975708,3.2545902047838484,2.9902863117449408,3.100845075530667,2.3784194590254333
