clean_file,enhanced_file,sampling_rate,PESQ,SI_SDR,STOI,DNSMOS_p808_mos,DNSMOS_mos_sig,DNSMOS_mos_bak,DNSMOS_mos_ovr
p105_sentences_19_regular,WF_p105_sentences_19_regular_fold10_83502-0-0-10_SNR5dB.wav,16000,1.2050436735153198,5.74080228805542,0.5829004645347595,2.663405077798026,3.9637813562588167,2.473844193542757,2.6977580253238225
