clean_file,enhanced_file,sampling_rate,PESQ,SI_SDR,STOI,DNSMOS_p808_mos,DNSMOS_mos_sig,DNSMOS_mos_bak,DNSMOS_mos_ovr
p103_sentences_02_whisper,WF_p103_sentences_02_whisper_fold10_187110-2-0-34_SNR5dB.wav,16000,1.1319847106933594,1.3011723756790161,0.407675176858902,2.6865132536206926,1.7045042201523048,3.001583825591204,1.6657412852041027
