clean_file,enhanced_file,sampling_rate,PESQ,SI_SDR,STOI,DNSMOS_p808_mos,DNSMOS_mos_sig,DNSMOS_mos_bak,DNSMOS_mos_ovr
p101_vegetative_throat,WF_p101_vegetative_throat_fold10_147491-9-2-25_SNR5dB.wav,16000,1.2992136478424072,9.070120811462402,0.8302949070930481,2.482842206954956,2.67281702177805,1.641104922187091,1.5917611326066887
