clean_file,enhanced_file,sampling_rate,PESQ,SI_SDR,STOI,DNSMOS_p808_mos,DNSMOS_mos_sig,DNSMOS_mos_bak,DNSMOS_mos_ovr
p101_emo_pain_freeform,WF_p101_emo_pain_freeform_fold10_102857-5-0-22_SNR5dB.wav,16000,1.7381610870361328,14.681503295898438,0.865852415561676,2.725423676627023,4.078630127970826,2.654103746851945,2.930546651189452
