clean_file,enhanced_file,sampling_rate,PESQ,SI_SDR,STOI,DNSMOS_p808_mos,DNSMOS_mos_sig,DNSMOS_mos_bak,DNSMOS_mos_ovr
p104_rainbow_07_highpitch,WF_p104_rainbow_07_highpitch_fold10_208652-8-6-0_SNR5dB.wav,16000,1.1009767055511475,7.050097465515137,0.8186449408531189,2.6856275285993303,3.5298505587270737,2.3102520875482955,2.4244788493120244
