clean_file,enhanced_file,sampling_rate,PESQ,SI_SDR,STOI,DNSMOS_p808_mos,DNSMOS_mos_sig,DNSMOS_mos_bak,DNSMOS_mos_ovr
p101_rainbow_03_lowpitch,WF_p101_rainbow_03_lowpitch_fold10_117889-9-0-30_SNR5dB.wav,16000,1.4087772369384766,6.609344482421875,0.7934173941612244,2.8162856101989746,3.0855166851863407,2.1308606768759266,2.1649744860086626
