clean_file,enhanced_file,sampling_rate,PESQ,SI_SDR,STOI,DNSMOS_p808_mos,DNSMOS_mos_sig,DNSMOS_mos_bak,DNSMOS_mos_ovr
p103_sentences_06_loud,WF_p103_sentences_06_loud_fold10_187863-4-0-1_SNR5dB.wav,16000,1.1148077249526978,5.588837623596191,0.7008536458015442,2.382425614765712,3.404523725604154,1.9836666456421095,2.1246740496852268
