clean_file,enhanced_file,sampling_rate,PESQ,SI_SDR,STOI,DNSMOS_p808_mos,DNSMOS_mos_sig,DNSMOS_mos_bak,DNSMOS_mos_ovr
p102_emo_fear_freeform,WF_p102_emo_fear_freeform_fold10_15544-5-0-10_SNR5dB.wav,16000,1.4868862628936768,10.309625625610352,0.8742274641990662,3.0784412384033204,3.778866985565206,2.112811041169162,2.4296468769052018
