clean_file,enhanced_file,sampling_rate,PESQ,SI_SDR,STOI,DNSMOS_p808_mos,DNSMOS_mos_sig,DNSMOS_mos_bak,DNSMOS_mos_ovr
p105_rainbow_02_slow,WF_p105_rainbow_02_slow_fold10_73524-0-0-98_SNR5dB.wav,16000,1.394775390625,5.108490943908691,0.7110578417778015,2.8025085585457936,3.0139262293054863,3.216266787192236,2.4183735830960664
