clean_file,enhanced_file,sampling_rate,PESQ,SI_SDR,STOI,DNSMOS_p808_mos,DNSMOS_mos_sig,DNSMOS_mos_bak,DNSMOS_mos_ovr
p101_rainbow_08_lowpitch,WF_p101_rainbow_08_lowpitch_fold10_128470-3-0-0_SNR5dB.wav,16000,1.5885705947875977,4.8902506828308105,0.7979049682617188,3.2941665990012035,4.364666270610035,1.8458562459200638,2.5051545572615574
