clean_file,enhanced_file,sampling_rate,PESQ,SI_SDR,STOI,DNSMOS_p808_mos,DNSMOS_mos_sig,DNSMOS_mos_bak,DNSMOS_mos_ovr
p101_emo_amazement_freeform,WF_p101_emo_amazement_freeform_fold10_100648-1-2-0_SNR5dB.wav,16000,1.2397691011428833,4.45177698135376,0.5424643158912659,2.422752332687378,3.3290966347383746,2.3063065465722565,2.347703338361586
