clean_file,enhanced_file,sampling_rate,PESQ,SI_SDR,STOI,DNSMOS_p808_mos,DNSMOS_mos_sig,DNSMOS_mos_bak,DNSMOS_mos_ovr
p102_interjection_anger,WF_p102_interjection_anger_fold10_157207-6-2-0_SNR5dB.wav,16000,1.4926265478134155,5.934735298156738,0.7920306324958801,3.336660941441854,4.149659387601548,1.8461810221333959,2.4180436895245276
