clean_file,enhanced_file,sampling_rate,PESQ,SI_SDR,STOI,DNSMOS_p808_mos,DNSMOS_mos_sig,DNSMOS_mos_bak,DNSMOS_mos_ovr
p101_nonverbal_screaming,WF_p101_nonverbal_screaming_fold10_106014-5-0-3_SNR5dB.wav,16000,1.354807734489441,12.252511978149414,0.6332785487174988,2.323214530944824,3.928451954633123,1.8919255673907882,2.266405323566981
