clean_file,enhanced_file,sampling_rate,PESQ,SI_SDR,STOI,DNSMOS_p808_mos,DNSMOS_mos_sig,DNSMOS_mos_bak,DNSMOS_mos_ovr
p104_rainbow_04_whisper,WF_p104_rainbow_04_whisper_fold10_203424-9-0-4_SNR5dB.wav,16000,1.0909324884414673,2.9805164337158203,0.6615825891494751,2.8490164620535716,3.3235360728304935,2.2061309793886545,1.8547030269801985
