clean_file,enhanced_file,sampling_rate,PESQ,SI_SDR,STOI,DNSMOS_p808_mos,DNSMOS_mos_sig,DNSMOS_mos_bak,DNSMOS_mos_ovr
p106_interjection_anger,WF_p106_interjection_anger_fold10_99192-4-0-26_SNR5dB.wav,16000,1.1451735496520996,5.415420055389404,0.6292588710784912,2.6273464134761264,4.001729509080919,1.8208321998541919,2.2628271875824764
