clean_file,enhanced_file,sampling_rate,PESQ,SI_SDR,STOI,DNSMOS_p808_mos,DNSMOS_mos_sig,DNSMOS_mos_bak,DNSMOS_mos_ovr
p102_sentences_20_regular,WF_p102_sentences_20_regular_fold10_164377-9-1-3_SNR5dB.wav,16000,1.2425799369812012,4.285523414611816,0.7211916446685791,3.1518978277842202,2.926417748865424,2.410286316284225,2.093151886917253
