clean_file,enhanced_file,sampling_rate,PESQ,SI_SDR,STOI,DNSMOS_p808_mos,DNSMOS_mos_sig,DNSMOS_mos_bak,DNSMOS_mos_ovr
p105_emo_amazement_freeform,WF_p105_emo_amazement_freeform_fold10_39847-5-0-10_SNR5dB.wav,16000,1.2566081285476685,7.013818740844727,0.5476295351982117,2.1746397018432617,1.8274667224217025,2.082770777413708,1.3545585186785023
