clean_file,enhanced_file,sampling_rate,PESQ,SI_SDR,STOI,DNSMOS_p808_mos,DNSMOS_mos_sig,DNSMOS_mos_bak,DNSMOS_mos_ovr
p105_rainbow_04_highpitch,WF_p105_rainbow_04_highpitch_fold10_74364-8-1-16_SNR5dB.wav,16000,1.062360405921936,4.615474700927734,0.7255703210830688,2.670712913785662,3.1863876301586886,2.0224564569134507,1.9695968065357836
