clean_file,enhanced_file,sampling_rate,PESQ,SI_SDR,STOI,DNSMOS_p808_mos,DNSMOS_mos_sig,DNSMOS_mos_bak,DNSMOS_mos_ovr
p102_emo_anger_sentences,WF_p102_emo_anger_sentences_fold10_155262-2-0-101_SNR5dB.wav,16000,1.2326641082763672,6.382143974304199,0.8038706183433533,2.602865219116211,2.2724131484336447,1.8743361586296454,1.5223890763203776
