clean_file,enhanced_file,sampling_rate,PESQ,SI_SDR,STOI,DNSMOS_p808_mos,DNSMOS_mos_sig,DNSMOS_mos_bak,DNSMOS_mos_ovr
p105_rainbow_01_loud,WF_p105_rainbow_01_loud_fold10_73524-0-0-32_SNR5dB.wav,16000,1.584580421447754,7.03060245513916,0.8339343070983887,3.2991995811462402,3.1492815447074882,2.8737685979550096,2.478849360065891
