clean_file,enhanced_file,sampling_rate,PESQ,SI_SDR,STOI,DNSMOS_p808_mos,DNSMOS_mos_sig,DNSMOS_mos_bak,DNSMOS_mos_ovr
p105_sentences_04_whisper,WF_p105_sentences_04_whisper_fold10_81791-3-1-0_SNR5dB.wav,16000,1.409904956817627,2.2235007286071777,0.5096248388290405,2.977400847843715,2.7589176370823827,3.6192840222357066,2.25818000113116
