clean_file,enhanced_file,sampling_rate,PESQ,SI_SDR,STOI,DNSMOS_p808_mos,DNSMOS_mos_sig,DNSMOS_mos_bak,DNSMOS_mos_ovr
p103_rainbow_07_fast,WF_p103_rainbow_07_fast_fold10_180127-4-0-20_SNR5dB.wav,16000,1.1920619010925293,7.639745712280273,0.8118307590484619,2.903551721572876,2.523140514631369,2.3623293785203128,1.7936297267143622
