clean_file,enhanced_file,sampling_rate,PESQ,SI_SDR,STOI,DNSMOS_p808_mos,DNSMOS_mos_sig,DNSMOS_mos_bak,DNSMOS_mos_ovr
p101_sentences_01_loud,WF_p101_sentences_01_loud_fold10_129750-2-0-36_SNR5dB.wav,16000,1.3282221555709839,6.182255744934082,0.7745760083198547,2.906118472417196,3.1898053397914516,1.7879434313633213,1.8894989516600795
