clean_file,enhanced_file,sampling_rate,PESQ,SI_SDR,STOI,DNSMOS_p808_mos,DNSMOS_mos_sig,DNSMOS_mos_bak,DNSMOS_mos_ovr
p101_emo_sadness_sentences,WF_p101_emo_sadness_sentences_fold10_102857-5-0-30_SNR5dB.wav,16000,1.9727003574371338,9.638200759887695,0.8985593914985657,3.4356651306152344,4.097920798713754,3.1418595248129058,3.2443343260232025
