clean_file,enhanced_file,sampling_rate,PESQ,SI_SDR,STOI,DNSMOS_p808_mos,DNSMOS_mos_sig,DNSMOS_mos_bak,DNSMOS_mos_ovr
p105_rainbow_06_whisper,WF_p105_rainbow_06_whisper_fold10_74364-8-1-9_SNR5dB.wav,16000,1.0933916568756104,2.9804439544677734,0.7367011904716492,2.58292019367218,2.2563006233137486,2.4495571787959602,1.8841539422847315
