clean_file,enhanced_file,sampling_rate,PESQ,SI_SDR,STOI,DNSMOS_p808_mos,DNSMOS_mos_sig,DNSMOS_mos_bak,DNSMOS_mos_ovr
p105_nonverbal_laughter_closed,WF_p105_nonverbal_laughter_closed_fold10_73524-0-0-133_SNR5dB.wav,16000,1.3517675399780273,8.005132675170898,0.6577743291854858,2.352449417114258,1.8169137294756974,3.717289850566501,1.6038377968505397
