clean_file,enhanced_file,sampling_rate,PESQ,SI_SDR,STOI,DNSMOS_p808_mos,DNSMOS_mos_sig,DNSMOS_mos_bak,DNSMOS_mos_ovr
p101_rainbow_07_slow,WF_p101_rainbow_07_slow_fold10_119067-0-0-2_SNR5dB.wav,16000,1.3517425060272217,7.8472065925598145,0.6752769351005554,2.802152293069022,2.2519182174297656,2.7357931828205295,1.7740634146461922
