clean_file,enhanced_file,sampling_rate,PESQ,SI_SDR,STOI,DNSMOS_p808_mos,DNSMOS_mos_sig,DNSMOS_mos_bak,DNSMOS_mos_ovr
p102_rainbow_07_highpitch,WF_p102_rainbow_07_highpitch_fold10_162134-7-15-0_SNR5dB.wav,16000,1.0594435930252075,8.060659408569336,0.7086524963378906,2.150456508000692,3.0232101543100285,1.4139207353455052,1.377996694492662
