clean_file,enhanced_file,sampling_rate,PESQ,SI_SDR,STOI,DNSMOS_p808_mos,DNSMOS_mos_sig,DNSMOS_mos_bak,DNSMOS_mos_ovr
p102_emo_realization_freeform,WF_p102_emo_realization_freeform_fold10_15544-5-0-4_SNR5dB.wav,16000,1.3425146341323853,9.332491874694824,0.8284575343132019,2.890197447368077,3.0882951373798297,2.03354707311915,2.036803188477152
