clean_file,enhanced_file,sampling_rate,PESQ,SI_SDR,STOI,DNSMOS_p808_mos,DNSMOS_mos_sig,DNSMOS_mos_bak,DNSMOS_mos_ovr
p105_emo_fear_sentences,WF_p105_emo_fear_sentences_fold10_59513-3-0-4_SNR5dB.wav,16000,1.709383249282837,3.6979517936706543,0.5609922409057617,3.3963512579600015,3.118831323482187,2.355707706687212,2.057423161799772
