clean_file,enhanced_file,sampling_rate,PESQ,SI_SDR,STOI,DNSMOS_p808_mos,DNSMOS_mos_sig,DNSMOS_mos_bak,DNSMOS_mos_ovr
p101_sentences_08_slow,WF_p101_sentences_08_slow_fold10_138017-9-1-6_SNR5dB.wav,16000,1.3649653196334839,4.974216461181641,0.5579280257225037,2.6736971650804793,2.9015458322308256,3.0813611630719575,2.2391446160010697
