clean_file,enhanced_file,sampling_rate,PESQ,SI_SDR,STOI,DNSMOS_p808_mos,DNSMOS_mos_sig,DNSMOS_mos_bak,DNSMOS_mos_ovr
p102_sentences_03_whisper,WF_p102_sentences_03_whisper_fold10_162134-7-9-0_SNR5dB.wav,16000,1.13253653049469,4.31274938583374,0.547715961933136,2.154769778251648,1.5456612615520398,1.9608551136245012,1.0736139246131016
