clean_file,enhanced_file,sampling_rate,PESQ,SI_SDR,STOI,DNSMOS_p808_mos,DNSMOS_mos_sig,DNSMOS_mos_bak,DNSMOS_mos_ovr
p103_emo_extasy_freeform,WF_p103_emo_extasy_freeform_fold10_167464-0-0-23_SNR5dB.wav,16000,1.6157515048980713,8.329675674438477,0.6156011819839478,2.7113786935806274,2.526068422752305,2.4599674784460515,1.9497191482447351
