clean_file,enhanced_file,sampling_rate,PESQ,SI_SDR,STOI,DNSMOS_p808_mos,DNSMOS_mos_sig,DNSMOS_mos_bak,DNSMOS_mos_ovr
p104_rainbow_07_loud,WF_p104_rainbow_07_loud_fold10_209672-3-0-0_SNR5dB.wav,16000,1.3141916990280151,4.756799221038818,0.856899619102478,3.6553852558135986,4.132751473538144,2.27767415782846,2.62083804211485
