clean_file,enhanced_file,sampling_rate,PESQ,SI_SDR,STOI,DNSMOS_p808_mos,DNSMOS_mos_sig,DNSMOS_mos_bak,DNSMOS_mos_ovr
p106_emo_cuteness_freeform,WF_p106_emo_cuteness_freeform_fold10_88121-8-0-0_SNR5dB.wav,16000,1.1485507488250732,7.604450702667236,0.7426837682723999,2.7419799055371965,3.9553597969223113,2.179332397117719,2.561434602405233
