clean_file,enhanced_file,sampling_rate,PESQ,SI_SDR,STOI,DNSMOS_p808_mos,DNSMOS_mos_sig,DNSMOS_mos_bak,DNSMOS_mos_ovr
p105_sentences_06_loud,WF_p105_sentences_06_loud_fold10_83191-9-0-11_SNR5dB.wav,16000,1.3921958208084106,7.353597640991211,0.7538157105445862,2.961186477116176,4.149970563248925,2.207828636598831,2.771396678747531
