clean_file,enhanced_file,sampling_rate,PESQ,SI_SDR,STOI,DNSMOS_p808_mos,DNSMOS_mos_sig,DNSMOS_mos_bak,DNSMOS_mos_ovr
p101_sentences_19_regular,WF_p101_sentences_19_regular_fold10_14470-2-0-4_SNR5dB.wav,16000,1.258737564086914,4.818176746368408,0.682540237903595,2.5846316814422607,3.5550391257692673,2.111308136438276,2.4148391814751164
