clean_file,enhanced_file,sampling_rate,PESQ,SI_SDR,STOI,DNSMOS_p808_mos,DNSMOS_mos_sig,DNSMOS_mos_bak,DNSMOS_mos_ovr
p103_sentences_02_highpitch,WF_p103_sentences_02_highpitch_fold10_187110-2-0-1_SNR5dB.wav,16000,1.2125043869018555,6.100799560546875,0.5466935634613037,2.5192331870396933,3.5147938380853145,1.8735606052525782,2.0385957773374543
