clean_file,enhanced_file,sampling_rate,PESQ,SI_SDR,STOI,DNSMOS_p808_mos,DNSMOS_mos_sig,DNSMOS_mos_bak,DNSMOS_mos_ovr
p104_rainbow_04_fast,WF_p104_rainbow_04_fast_fold10_202334-9-0-63_SNR5dB.wav,16000,1.0685997009277344,4.605422019958496,0.7247113585472107,2.4062395691871643,3.135143563451652,2.2477977196449164,2.142881009485895
