clean_file,enhanced_file,sampling_rate,PESQ,SI_SDR,STOI,DNSMOS_p808_mos,DNSMOS_mos_sig,DNSMOS_mos_bak,DNSMOS_mos_ovr
p102_rainbow_07_fast,WF_p102_rainbow_07_fast_fold10_162134-7-14-2_SNR5dB.wav,16000,1.0570895671844482,5.676384925842285,0.763528048992157,2.33337664604187,3.074628352920237,1.7901850849333476,1.837528112437968
