clean_file,enhanced_file,sampling_rate,PESQ,SI_SDR,STOI,DNSMOS_p808_mos,DNSMOS_mos_sig,DNSMOS_mos_bak,DNSMOS_mos_ovr
p104_rainbow_05_fast,WF_p104_rainbow_05_fast_fold10_203424-9-0-46_SNR5dB.wav,16000,1.1222668886184692,6.055916786193848,0.8053430914878845,2.4071090618769326,3.7416761344123137,1.991909045749874,2.2498930403748107
