clean_file,enhanced_file,sampling_rate,PESQ,SI_SDR,STOI,DNSMOS_p808_mos,DNSMOS_mos_sig,DNSMOS_mos_bak,DNSMOS_mos_ovr
p104_rainbow_04_loud,WF_p104_rainbow_04_loud_fold10_203424-9-0-15_SNR5dB.wav,16000,1.0899769067764282,5.722668170928955,0.749731719493866,2.6080077375684465,3.4565057576293734,2.1349164169648747,2.2513147070158377
