clean_file,enhanced_file,sampling_rate,PESQ,SI_SDR,STOI,DNSMOS_p808_mos,DNSMOS_mos_sig,DNSMOS_mos_bak,DNSMOS_mos_ovr
p104_rainbow_05_loud,WF_p104_rainbow_05_loud_fold10_20571-3-0-0_SNR5dB.wav,16000,1.2932615280151367,11.67292594909668,0.8725743293762207,2.881362199783325,4.085709336414061,2.352776457288761,2.7362292173495724
