clean_file,enhanced_file,sampling_rate,PESQ,SI_SDR,STOI,DNSMOS_p808_mos,DNSMOS_mos_sig,DNSMOS_mos_bak,DNSMOS_mos_ovr
p105_sentences_15_regular,WF_p105_sentences_15_regular_fold10_83195-9-0-6_SNR5dB.wav,16000,1.2751294374465942,5.093946933746338,0.512220025062561,2.5831565062204995,4.0365925203230475,2.445409217537893,2.792186950061206
