clean_file,enhanced_file,sampling_rate,PESQ,SI_SDR,STOI,DNSMOS_p808_mos,DNSMOS_mos_sig,DNSMOS_mos_bak,DNSMOS_mos_ovr
p102_rainbow_07_regular,WF_p102_rainbow_07_regular_fold10_162134-7-15-3_SNR5dB.wav,16000,1.0705630779266357,6.8664045333862305,0.7536978721618652,2.2533725261688233,3.780205601276492,1.9740551888045677,2.438521899196693
