clean_file,enhanced_file,sampling_rate,PESQ,SI_SDR,STOI,DNSMOS_p808_mos,DNSMOS_mos_sig,DNSMOS_mos_bak,DNSMOS_mos_ovr
p101_rainbow_08_highpitch,WF_p101_rainbow_08_highpitch_fold10_128240-3-0-39_SNR5dB.wav,16000,1.3305017948150635,4.997641563415527,0.8159008026123047,3.044654925664266,4.240586921273645,1.8979479536278288,2.5517201405335412
