clean_file,enhanced_file,sampling_rate,PESQ,SI_SDR,STOI,DNSMOS_p808_mos,DNSMOS_mos_sig,DNSMOS_mos_bak,DNSMOS_mos_ovr
p102_melodic_happy_birthday,WF_p102_melodic_happy_birthday_fold10_157207-6-6-0_SNR5dB.wav,16000,1.33304762840271,6.285722255706787,0.8321982622146606,2.67289137840271,4.1431946552916274,2.1632216563011903,2.781521935574162
