clean_file,enhanced_file,sampling_rate,PESQ,SI_SDR,STOI,DNSMOS_p808_mos,DNSMOS_mos_sig,DNSMOS_mos_bak,DNSMOS_mos_ovr
p103_sentences_12_highpitch,WF_p103_sentences_12_highpitch_fold10_188497-2-0-1_SNR5dB.wav,16000,1.2934350967407227,8.508889198303223,0.4883537292480469,2.462618555341448,2.612509044593543,2.2459083562028126,1.9199349662540388
