clean_file,enhanced_file,sampling_rate,PESQ,SI_SDR,STOI,DNSMOS_p808_mos,DNSMOS_mos_sig,DNSMOS_mos_bak,DNSMOS_mos_ovr
p101_nonverbal_yelling,WF_p101_nonverbal_yelling_fold10_106014-5-0-4_SNR5dB.wav,16000,1.3120596408843994,11.504629135131836,0.6740567088127136,2.2563564777374268,3.5078826696631626,1.5331071095763618,1.839959304945967
