clean_file,enhanced_file,sampling_rate,PESQ,SI_SDR,STOI,DNSMOS_p808_mos,DNSMOS_mos_sig,DNSMOS_mos_bak,DNSMOS_mos_ovr
p102_rainbow_02_regular,WF_p102_rainbow_02_regular_fold10_159742-8-0-7_SNR5dB.wav,16000,1.36050283908844,4.898730278015137,0.866537868976593,3.798184792200724,4.102291475231554,1.9486145667497896,2.480613486780589
