clean_file,enhanced_file,sampling_rate,PESQ,SI_SDR,STOI,DNSMOS_p808_mos,DNSMOS_mos_sig,DNSMOS_mos_bak,DNSMOS_mos_ovr
p105_emo_neutral_sentences,WF_p105_emo_neutral_sentences_fold10_7062-6-0-0_SNR5dB.wav,16000,1.1825023889541626,5.07462739944458,0.5633924603462219,2.802058756351471,3.740617511047269,2.884845725686756,2.758546367467234
