clean_file,enhanced_file,sampling_rate,PESQ,SI_SDR,STOI,DNSMOS_p808_mos,DNSMOS_mos_sig,DNSMOS_mos_bak,DNSMOS_mos_ovr
p102_sentences_01_loud,WF_p102_sentences_01_loud_fold10_162134-7-5-0_SNR5dB.wav,16000,1.1211433410644531,5.638151168823242,0.8014073967933655,2.91322922706604,4.245669949993222,1.6828592253595627,2.360232883724385
