clean_file,enhanced_file,sampling_rate,PESQ,SI_SDR,STOI,DNSMOS_p808_mos,DNSMOS_mos_sig,DNSMOS_mos_bak,DNSMOS_mos_ovr
p101_sentences_22_regular,WF_p101_sentences_22_regular_fold10_14470-2-0-70_SNR5dB.wav,16000,1.3754686117172241,4.590080261230469,0.6367416381835938,2.890028178691864,3.2396848509798226,2.199178297031248,2.2615238677207197
