clean_file,enhanced_file,sampling_rate,PESQ,SI_SDR,STOI,DNSMOS_p808_mos,DNSMOS_mos_sig,DNSMOS_mos_bak,DNSMOS_mos_ovr
p102_rainbow_01_slow,WF_p102_rainbow_01_slow_fold10_159742-8-0-14_SNR5dB.wav,16000,1.151583194732666,6.332735538482666,0.7926574945449829,3.135968017578125,3.9150492175078724,2.3255331859572896,2.7195789729353628
