clean_file,enhanced_file,sampling_rate,PESQ,SI_SDR,STOI,DNSMOS_p808_mos,DNSMOS_mos_sig,DNSMOS_mos_bak,DNSMOS_mos_ovr
p101_rainbow_01_fast,WF_p101_rainbow_01_fast_fold10_115241-9-0-1_SNR5dB.wav,16000,1.117918610572815,4.701618194580078,0.7294625043869019,2.5149289539882114,3.6695416230098568,2.0612994862456575,2.3357327842039557
