clean_file,enhanced_file,sampling_rate,PESQ,SI_SDR,STOI,DNSMOS_p808_mos,DNSMOS_mos_sig,DNSMOS_mos_bak,DNSMOS_mos_ovr
p101_emo_fear_sentences,WF_p101_emo_fear_sentences_fold10_102857-5-0-16_SNR5dB.wav,16000,2.0061583518981934,10.428916931152344,0.8166841864585876,3.07200973374503,4.118346235403002,3.273248776758995,3.2793538285022024
