clean_file,enhanced_file,sampling_rate,PESQ,SI_SDR,STOI,DNSMOS_p808_mos,DNSMOS_mos_sig,DNSMOS_mos_bak,DNSMOS_mos_ovr
p106_emo_pride_sentences,WF_p106_emo_pride_sentences_fold10_93567-8-0-9_SNR5dB.wav,16000,1.2354857921600342,7.676339626312256,0.7398601174354553,2.684355926513672,3.6371398272776694,2.0737654118778037,2.358802625932528
