clean_file,enhanced_file,sampling_rate,PESQ,SI_SDR,STOI,DNSMOS_p808_mos,DNSMOS_mos_sig,DNSMOS_mos_bak,DNSMOS_mos_ovr
p105_sentences_01_regular,WF_p105_sentences_01_regular_fold10_77927-3-1-1_SNR5dB.wav,16000,1.2405905723571777,4.805473327636719,0.6810641884803772,2.754518508911133,3.210043024521134,2.05845709974507,2.111489533295713
