clean_file,enhanced_file,sampling_rate,PESQ,SI_SDR,STOI,DNSMOS_p808_mos,DNSMOS_mos_sig,DNSMOS_mos_bak,DNSMOS_mos_ovr
p101_sentences_23_regular,WF_p101_sentences_23_regular_fold10_14470-2-0-72_SNR5dB.wav,16000,1.4884649515151978,4.632950305938721,0.7875845432281494,3.1764919757843018,4.007257064313027,2.1633204486508086,2.628587189503371
