clean_file,enhanced_file,sampling_rate,PESQ,SI_SDR,STOI,DNSMOS_p808_mos,DNSMOS_mos_sig,DNSMOS_mos_bak,DNSMOS_mos_ovr
p102_emo_interest_freeform,WF_p102_emo_interest_freeform_fold10_15544-5-0-14_SNR5dB.wav,16000,1.4631073474884033,7.901187419891357,0.7930779457092285,3.2138374532972063,3.846213123538658,2.209298413620691,2.5479064063458727
