clean_file,enhanced_file,sampling_rate,PESQ,SI_SDR,STOI,DNSMOS_p808_mos,DNSMOS_mos_sig,DNSMOS_mos_bak,DNSMOS_mos_ovr
p106_emo_amazement_freeform,WF_p106_emo_amazement_freeform_fold10_84249-9-0-11_SNR5dB.wav,16000,1.1738563776016235,6.6748785972595215,0.7017030119895935,2.5043622085026334,3.8208656168209387,1.9591700762248176,2.398823758990441
