clean_file,enhanced_file,sampling_rate,PESQ,SI_SDR,STOI,DNSMOS_p808_mos,DNSMOS_mos_sig,DNSMOS_mos_bak,DNSMOS_mos_ovr
p101_rainbow_07_fast,WF_p101_rainbow_07_fast_fold10_118558-5-2-1_SNR5dB.wav,16000,1.4867775440216064,8.82563591003418,0.8913684487342834,2.7855324745178223,3.511657048173541,2.776317055758497,2.737317314639305
