clean_file,enhanced_file,sampling_rate,PESQ,SI_SDR,STOI,DNSMOS_p808_mos,DNSMOS_mos_sig,DNSMOS_mos_bak,DNSMOS_mos_ovr
p101_sentences_13_lowpitch,WF_p101_sentences_13_lowpitch_fold10_14468-3-0-3_SNR5dB.wav,16000,1.2630048990249634,6.187793731689453,0.8275271654129028,2.62311061223348,2.8292941722130167,2.1045671074421923,2.0258589108804514
