clean_file,enhanced_file,sampling_rate,PESQ,SI_SDR,STOI,DNSMOS_p808_mos,DNSMOS_mos_sig,DNSMOS_mos_bak,DNSMOS_mos_ovr
p103_sentences_03_whisper,WF_p103_sentences_03_whisper_fold10_187110-2-0-6_SNR5dB.wav,16000,1.3277395963668823,3.0846140384674072,0.40292391180992126,2.751513753618513,1.966320243769536,2.624968368888389,1.6944307997627652
