clean_file,enhanced_file,sampling_rate,PESQ,SI_SDR,STOI,DNSMOS_p808_mos,DNSMOS_mos_sig,DNSMOS_mos_bak,DNSMOS_mos_ovr
p103_emo_anger_freeform,WF_p103_emo_anger_freeform_fold10_165640-4-0-1_SNR5dB.wav,16000,1.3495213985443115,11.941408157348633,0.8353238105773926,2.847073038419088,3.4334817624407155,1.886959343120543,2.0475565860313214
