clean_file,enhanced_file,sampling_rate,PESQ,SI_SDR,STOI,DNSMOS_p808_mos,DNSMOS_mos_sig,DNSMOS_mos_bak,DNSMOS_mos_ovr
p105_rainbow_04_slow,WF_p105_rainbow_04_slow_fold10_74364-8-1-2_SNR5dB.wav,16000,1.1575613021850586,3.4110336303710938,0.786207377910614,3.243179593767439,3.729494386247351,2.963980208793092,2.833069007079286
