clean_file,enhanced_file,sampling_rate,PESQ,SI_SDR,STOI,DNSMOS_p808_mos,DNSMOS_mos_sig,DNSMOS_mos_bak,DNSMOS_mos_ovr
p103_rainbow_05_loud,WF_p103_rainbow_05_loud_fold10_180127-4-0-10_SNR5dB.wav,16000,1.3768430948257446,10.374505996704102,0.8067358732223511,3.0110462393079485,2.7247825778502954,3.0798413900059103,2.3239247799430873
