clean_file,enhanced_file,sampling_rate,PESQ,SI_SDR,STOI,DNSMOS_p808_mos,DNSMOS_mos_sig,DNSMOS_mos_bak,DNSMOS_mos_ovr
p103_rainbow_04_regular,WF_p103_rainbow_04_regular_fold10_178826-2-0-39_SNR5dB.wav,16000,1.1847246885299683,6.829681396484375,0.8064063191413879,2.8032173088618686,4.1863300509498655,2.1085868924452353,2.626906973984004
