clean_file,enhanced_file,sampling_rate,PESQ,SI_SDR,STOI,DNSMOS_p808_mos,DNSMOS_mos_sig,DNSMOS_mos_bak,DNSMOS_mos_ovr
p102_rainbow_04_loud,WF_p102_rainbow_04_loud_fold10_162134-7-11-1_SNR5dB.wav,16000,1.0709000825881958,6.393664360046387,0.795830249786377,2.20642360051473,3.8898746996716924,1.5349313724241476,1.966021345224874
