clean_file,enhanced_file,sampling_rate,PESQ,SI_SDR,STOI,DNSMOS_p808_mos,DNSMOS_mos_sig,DNSMOS_mos_bak,DNSMOS_mos_ovr
p101_emo_amusement_freeform,WF_p101_emo_amusement_freeform_fold10_100648-1-4-0_SNR5dB.wav,16000,1.4163861274719238,4.6919169425964355,0.8364146947860718,3.1591908591134206,3.7944584338483263,2.1059607963489535,2.416255617089569
