clean_file,enhanced_file,sampling_rate,PESQ,SI_SDR,STOI,DNSMOS_p808_mos,DNSMOS_mos_sig,DNSMOS_mos_bak,DNSMOS_mos_ovr
p103_sentences_23_regular,WF_p103_sentences_23_regular_fold10_188813-7-10-2_SNR5dB.wav,16000,1.1626096963882446,7.345479965209961,0.6780903339385986,2.3630918775285994,4.281205112069596,2.1245912042677237,2.74279585875613
