clean_file,enhanced_file,sampling_rate,PESQ,SI_SDR,STOI,DNSMOS_p808_mos,DNSMOS_mos_sig,DNSMOS_mos_bak,DNSMOS_mos_ovr
p101_rainbow_02_fast,WF_p101_rainbow_02_fast_fold10_115418-9-0-11_SNR5dB.wav,16000,1.3109002113342285,5.491880893707275,0.7660066485404968,2.5514585971832275,3.944724731059602,2.0319341357938425,2.552936387846379
