clean_file,enhanced_file,sampling_rate,PESQ,SI_SDR,STOI,DNSMOS_p808_mos,DNSMOS_mos_sig,DNSMOS_mos_bak,DNSMOS_mos_ovr
p103_rainbow_04_fast,WF_p103_rainbow_04_fast_fold10_178826-2-0-16_SNR5dB.wav,16000,1.1747150421142578,5.832733154296875,0.80345219373703,2.8440001010894775,4.153381580235653,1.9856839800972736,2.457280369693254
