clean_file,enhanced_file,sampling_rate,PESQ,SI_SDR,STOI,DNSMOS_p808_mos,DNSMOS_mos_sig,DNSMOS_mos_bak,DNSMOS_mos_ovr
p101_emo_neutral_freeform,WF_p101_emo_neutral_freeform_fold10_102857-5-0-20_SNR5dB.wav,16000,1.6845179796218872,8.354354858398438,0.842429518699646,3.130223819187709,3.856101116542138,2.9758578462318965,2.9110815503501706
