clean_file,enhanced_file,sampling_rate,PESQ,SI_SDR,STOI,DNSMOS_p808_mos,DNSMOS_mos_sig,DNSMOS_mos_bak,DNSMOS_mos_ovr
p103_rainbow_08_whisper,WF_p103_rainbow_08_whisper_fold10_181624-4-10-0_SNR5dB.wav,16000,1.0486890077590942,1.845837116241455,0.565694272518158,2.487513439995902,2.6661535617196614,2.9489831095709564,2.098101105635877
