clean_file,enhanced_file,sampling_rate,PESQ,SI_SDR,STOI,DNSMOS_p808_mos,DNSMOS_mos_sig,DNSMOS_mos_bak,DNSMOS_mos_ovr
p105_emo_extasy_freeform,WF_p105_emo_extasy_freeform_fold10_59513-3-0-0_SNR5dB.wav,16000,2.068903923034668,5.035590171813965,0.7509203553199768,3.3585365613301597,3.6540727075186097,2.6179673672904014,2.529418742008079
