clean_file,enhanced_file,sampling_rate,PESQ,SI_SDR,STOI,DNSMOS_p808_mos,DNSMOS_mos_sig,DNSMOS_mos_bak,DNSMOS_mos_ovr
p103_emo_relief_sentences,WF_p103_emo_relief_sentences_fold10_171478-9-0-28_SNR5dB.wav,16000,1.1865636110305786,6.240139961242676,0.6356989741325378,2.9315254007067,3.6198710198664976,2.1991493954048944,2.3527699365067316
