clean_file,enhanced_file,sampling_rate,PESQ,SI_SDR,STOI,DNSMOS_p808_mos,DNSMOS_mos_sig,DNSMOS_mos_bak,DNSMOS_mos_ovr
p104_emo_disappointment_sentences,WF_p104_emo_disappointment_sentences_fold10_189982-0-0-28_SNR5dB.wav,16000,1.3545966148376465,8.979841232299805,0.6913323402404785,2.994393825531006,2.8783295290370923,2.5592526932838076,2.1840033389180253
