clean_file,enhanced_file,sampling_rate,PESQ,SI_SDR,STOI,DNSMOS_p808_mos,DNSMOS_mos_sig,DNSMOS_mos_bak,DNSMOS_mos_ovr
p103_sentences_10_fast,WF_p103_sentences_10_fast_fold10_187863-4-0-5_SNR5dB.wav,16000,1.0582915544509888,5.721795082092285,0.8395065069198608,2.6358667612075806,4.007839013445507,1.883021790774906,2.33557792983322
