clean_file,enhanced_file,sampling_rate,PESQ,SI_SDR,STOI,DNSMOS_p808_mos,DNSMOS_mos_sig,DNSMOS_mos_bak,DNSMOS_mos_ovr
p103_sentences_14_lowpitch,WF_p103_sentences_14_lowpitch_fold10_188497-2-0-17_SNR5dB.wav,16000,1.2815818786621094,7.626916885375977,0.6776331663131714,2.4755431583949496,3.261534350553674,2.091398651433111,2.1607119890893927
