clean_file,enhanced_file,sampling_rate,PESQ,SI_SDR,STOI,DNSMOS_p808_mos,DNSMOS_mos_sig,DNSMOS_mos_bak,DNSMOS_mos_ovr
p106_emo_relief_sentences,WF_p106_emo_relief_sentences_fold10_99192-4-0-12_SNR5dB.wav,16000,1.1226919889450073,6.537371635437012,0.7563846111297607,2.8283331394195557,4.0107002317538605,2.062795824476096,2.4433276356011056
