clean_file,enhanced_file,sampling_rate,PESQ,SI_SDR,STOI,DNSMOS_p808_mos,DNSMOS_mos_sig,DNSMOS_mos_bak,DNSMOS_mos_ovr
p102_vegetative_sneezing,WF_p102_vegetative_sneezing_fold10_165166-8-0-1_SNR5dB.wav,16000,2.0044779777526855,5.214709281921387,0.8136869072914124,3.0038956801096597,3.277170361238616,1.8501755680616352,1.9712668498398382
