clean_file,enhanced_file,sampling_rate,PESQ,SI_SDR,STOI,DNSMOS_p808_mos,DNSMOS_mos_sig,DNSMOS_mos_bak,DNSMOS_mos_ovr
p104_rainbow_08_lowpitch,WF_p104_rainbow_08_lowpitch_fold10_24076-1-0-0_SNR5dB.wav,16000,1.094445824623108,5.555427074432373,0.7726688385009766,2.498324360166277,4.259579977700305,2.274178502818714,2.764741235481472
