clean_file,enhanced_file,sampling_rate,PESQ,SI_SDR,STOI,DNSMOS_p808_mos,DNSMOS_mos_sig,DNSMOS_mos_bak,DNSMOS_mos_ovr
p102_emo_serenity_sentences,WF_p102_emo_serenity_sentences_fold10_157207-6-1-0_SNR5dB.wav,16000,2.0413081645965576,5.0835771560668945,0.7244743704795837,3.580912446975708,4.091106489471988,2.5625580087483972,2.8583065385175
