clean_file,enhanced_file,sampling_rate,PESQ,SI_SDR,STOI,DNSMOS_p808_mos,DNSMOS_mos_sig,DNSMOS_mos_bak,DNSMOS_mos_ovr
p101_sentences_11_highpitch,WF_p101_sentences_11_highpitch_fold10_142641-3-0-0_SNR5dB.wav,16000,1.12333083152771,5.586611747741699,0.6946484446525574,2.5786666870117188,3.0163395720265016,1.6315210467987216,1.7178756163631657
