clean_file,enhanced_file,sampling_rate,PESQ,SI_SDR,STOI,DNSMOS_p808_mos,DNSMOS_mos_sig,DNSMOS_mos_bak,DNSMOS_mos_ovr
p103_rainbow_02_highpitch,WF_p103_rainbow_02_highpitch_fold10_178261-7-1-0_SNR5dB.wav,16000,1.1249148845672607,9.572248458862305,0.6327387690544128,2.376332473754883,3.0446173085745825,1.9453981592163625,1.8537872180700048
