clean_file,enhanced_file,sampling_rate,PESQ,SI_SDR,STOI,DNSMOS_p808_mos,DNSMOS_mos_sig,DNSMOS_mos_bak,DNSMOS_mos_ovr
p103_nonverbal_laughter_open,WF_p103_nonverbal_laughter_open_fold10_174289-6-2-0_SNR5dB.wav,16000,1.7424039840698242,5.627080917358398,0.8128198981285095,2.426971197128296,2.9071879238378773,2.6443809592634944,2.278274578817563
