clean_file,enhanced_file,sampling_rate,PESQ,SI_SDR,STOI,DNSMOS_p808_mos,DNSMOS_mos_sig,DNSMOS_mos_bak,DNSMOS_mos_ovr
p103_rainbow_03_slow,WF_p103_rainbow_03_slow_fold10_178826-2-0-12_SNR5dB.wav,16000,1.299579381942749,7.631530284881592,0.6702700257301331,2.5922578647732735,3.792283587112015,2.3889799965651806,2.6306849839507698
