clean_file,enhanced_file,sampling_rate,PESQ,SI_SDR,STOI,DNSMOS_p808_mos,DNSMOS_mos_sig,DNSMOS_mos_bak,DNSMOS_mos_ovr
p102_rainbow_01_highpitch,WF_p102_rainbow_01_highpitch_fold10_159742-8-0-10_SNR5dB.wav,16000,1.4742645025253296,5.8455586433410645,0.8405042290687561,3.569979667663574,3.6246065172913555,1.615704044171077,1.8973220288620465
