clean_file,enhanced_file,sampling_rate,PESQ,SI_SDR,STOI,DNSMOS_p808_mos,DNSMOS_mos_sig,DNSMOS_mos_bak,DNSMOS_mos_ovr
p106_emo_confusion_sentences,WF_p106_emo_confusion_sentences_fold10_85574-3-0-2_SNR5dB.wav,16000,1.5014684200286865,10.113149642944336,0.718473494052887,3.3414344446999684,3.5362087665350876,2.499057627216868,2.5316305850609497
