clean_file,enhanced_file,sampling_rate,PESQ,SI_SDR,STOI,DNSMOS_p808_mos,DNSMOS_mos_sig,DNSMOS_mos_bak,DNSMOS_mos_ovr
p105_rainbow_07_lowpitch,WF_p105_rainbow_07_lowpitch_fold10_74922-4-0-3_SNR5dB.wav,16000,1.1336092948913574,7.84330415725708,0.7323738932609558,2.582893201283046,4.133906779366878,2.4816918637677157,2.8198011878589346
