clean_file,enhanced_file,sampling_rate,PESQ,SI_SDR,STOI,DNSMOS_p808_mos,DNSMOS_mos_sig,DNSMOS_mos_bak,DNSMOS_mos_ovr
p103_sentences_24_regular,WF_p103_sentences_24_regular_fold10_188813-7-10-3_SNR5dB.wav,16000,1.1997332572937012,7.8493194580078125,0.6121423244476318,2.4487975665501187,4.27642961645197,2.0436289597745185,2.734764820733886
