clean_file,enhanced_file,sampling_rate,PESQ,SI_SDR,STOI,DNSMOS_p808_mos,DNSMOS_mos_sig,DNSMOS_mos_bak,DNSMOS_mos_ovr
p105_rainbow_06_regular,WF_p105_rainbow_06_regular_fold10_74364-8-1-7_SNR5dB.wav,16000,1.3459237813949585,6.3166022300720215,0.7434011101722717,2.770505462374006,3.64462200374938,3.153472171559785,2.8719993070600287
