clean_file,enhanced_file,sampling_rate,PESQ,SI_SDR,STOI,DNSMOS_p808_mos,DNSMOS_mos_sig,DNSMOS_mos_bak,DNSMOS_mos_ovr
p101_rainbow_07_loud,WF_p101_rainbow_07_loud_fold10_118558-5-2-3_SNR5dB.wav,16000,1.5223383903503418,9.267483711242676,0.8336801528930664,2.605775078137716,3.0729856875178925,2.531924613561977,2.3525131238053643
