clean_file,enhanced_file,sampling_rate,PESQ,SI_SDR,STOI,DNSMOS_p808_mos,DNSMOS_mos_sig,DNSMOS_mos_bak,DNSMOS_mos_ovr
p103_emo_sadness_freeform,WF_p103_emo_sadness_freeform_fold10_171478-9-0-38_SNR5dB.wav,16000,1.239831566810608,6.976628303527832,0.7289485931396484,2.8735448122024536,4.142607870697853,2.7213651497461218,2.9417278678127565
