clean_file,enhanced_file,sampling_rate,PESQ,SI_SDR,STOI,DNSMOS_p808_mos,DNSMOS_mos_sig,DNSMOS_mos_bak,DNSMOS_mos_ovr
p105_rainbow_07_loud,WF_p105_rainbow_07_loud_fold10_74922-4-0-2_SNR5dB.wav,16000,1.1426258087158203,8.615754127502441,0.7667715549468994,2.741405282701765,4.332106190937166,2.410137141101575,2.911625322643093
