clean_file,enhanced_file,sampling_rate,PESQ,SI_SDR,STOI,DNSMOS_p808_mos,DNSMOS_mos_sig,DNSMOS_mos_bak,DNSMOS_mos_ovr
p102_rainbow_05_highpitch,WF_p102_rainbow_05_highpitch_fold10_162134-7-11-7_SNR5dB.wav,16000,1.0667078495025635,7.18996000289917,0.7439646124839783,2.3067504167556763,3.369180705330441,1.574084053201536,1.5871480389805386
