clean_file,enhanced_file,sampling_rate,PESQ,SI_SDR,STOI,DNSMOS_p808_mos,DNSMOS_mos_sig,DNSMOS_mos_bak,DNSMOS_mos_ovr
p101_sentences_24_regular,WF_p101_sentences_24_regular_fold10_146244-4-0-0_SNR5dB.wav,16000,1.0994133949279785,8.424628257751465,0.6736372709274292,2.6022212505340576,4.459418782222172,3.3693222904417075,3.6338914846564347
