clean_file,enhanced_file,sampling_rate,PESQ,SI_SDR,STOI,DNSMOS_p808_mos,DNSMOS_mos_sig,DNSMOS_mos_bak,DNSMOS_mos_ovr
p104_emo_desire_freeform,WF_p104_emo_desire_freeform_fold10_189982-0-0-20_SNR5dB.wav,16000,1.2929023504257202,8.53831958770752,0.7684217691421509,2.7257676124572754,3.1518397950132657,2.524986503703538,2.2238251101233724
