clean_file,enhanced_file,sampling_rate,PESQ,SI_SDR,STOI,DNSMOS_p808_mos,DNSMOS_mos_sig,DNSMOS_mos_bak,DNSMOS_mos_ovr
p105_emo_confusion_sentences,WF_p105_emo_confusion_sentences_fold10_39847-5-0-6_SNR5dB.wav,16000,1.4012796878814697,7.563498020172119,0.4204048812389374,2.223207473754883,2.10424827620878,2.476421175141705,1.7799329865796238
