clean_file,enhanced_file,sampling_rate,PESQ,SI_SDR,STOI,DNSMOS_p808_mos,DNSMOS_mos_sig,DNSMOS_mos_bak,DNSMOS_mos_ovr
p101_rainbow_05_fast,WF_p101_rainbow_05_fast_fold10_118278-4-0-3_SNR5dB.wav,16000,1.4933030605316162,7.0745038986206055,0.885341227054596,2.7171804904937744,3.733077998313325,2.1601411188520245,2.393563056747702
