clean_file,enhanced_file,sampling_rate,PESQ,SI_SDR,STOI,DNSMOS_p808_mos,DNSMOS_mos_sig,DNSMOS_mos_bak,DNSMOS_mos_ovr
p103_rainbow_01_highpitch,WF_p103_rainbow_01_highpitch_fold10_174292-6-2-0_SNR5dB.wav,16000,1.622023582458496,4.972084999084473,0.7716894149780273,2.964186906814575,3.884387981001592,1.8154759005713421,2.048345628755819
