clean_file,enhanced_file,sampling_rate,PESQ,SI_SDR,STOI,DNSMOS_p808_mos,DNSMOS_mos_sig,DNSMOS_mos_bak,DNSMOS_mos_ovr
p101_emo_relief_sentences,WF_p101_emo_relief_sentences_fold10_102857-5-0-29_SNR5dB.wav,16000,2.063892126083374,11.430717468261719,0.8017155528068542,3.1715774536132812,3.4392026209638438,2.858079782370026,2.6189336911194294
