clean_file,enhanced_file,sampling_rate,PESQ,SI_SDR,STOI,DNSMOS_p808_mos,DNSMOS_mos_sig,DNSMOS_mos_bak,DNSMOS_mos_ovr
p102_rainbow_01_whisper,WF_p102_rainbow_01_whisper_fold10_159742-8-0-2_SNR5dB.wav,16000,1.1448842287063599,5.003032207489014,0.7177348136901855,2.944173216819763,1.7680407561661324,2.0244785579456264,1.3859083774211842
