clean_file,enhanced_file,sampling_rate,PESQ,SI_SDR,STOI,DNSMOS_p808_mos,DNSMOS_mos_sig,DNSMOS_mos_bak,DNSMOS_mos_ovr
p102_sentences_19_regular,WF_p102_sentences_19_regular_fold10_164377-9-1-15_SNR5dB.wav,16000,1.28646981716156,5.957309722900391,0.7416974902153015,3.3665149211883545,3.4458273490949662,2.0663584338355983,2.1987703356291357
