clean_file,enhanced_file,sampling_rate,PESQ,SI_SDR,STOI,DNSMOS_p808_mos,DNSMOS_mos_sig,DNSMOS_mos_bak,DNSMOS_mos_ovr
p101_emo_relief_freeform,WF_p101_emo_relief_freeform_fold10_102857-5-0-28_SNR5dB.wav,16000,2.16422438621521,11.723295211791992,0.8881912231445312,3.317730188369751,4.1160055285085715,2.733258076229962,2.9852172446864813
