clean_file,enhanced_file,sampling_rate,PESQ,SI_SDR,STOI,DNSMOS_p808_mos,DNSMOS_mos_sig,DNSMOS_mos_bak,DNSMOS_mos_ovr
p101_rainbow_05_regular,WF_p101_rainbow_05_regular_fold10_118278-4-0-7_SNR5dB.wav,16000,1.2677818536758423,6.117546558380127,0.7521107792854309,2.536681115627289,3.715747106140058,2.6813941382310937,2.8118713811873466
