clean_file,enhanced_file,sampling_rate,PESQ,SI_SDR,STOI,DNSMOS_p808_mos,DNSMOS_mos_sig,DNSMOS_mos_bak,DNSMOS_mos_ovr
p102_emo_contentment_sentences,WF_p102_emo_contentment_sentences_fold10_155262-2-0-21_SNR5dB.wav,16000,1.3363008499145508,6.908483028411865,0.6770476698875427,3.0231956958770754,2.6230081530842133,2.3731661107720314,1.9300086863129884
