clean_file,enhanced_file,sampling_rate,PESQ,SI_SDR,STOI,DNSMOS_p808_mos,DNSMOS_mos_sig,DNSMOS_mos_bak,DNSMOS_mos_ovr
p101_rainbow_01_highpitch,WF_p101_rainbow_01_highpitch_fold10_115241-9-0-14_SNR5dB.wav,16000,1.2710777521133423,6.5491943359375,0.8389521241188049,2.4739304383595786,2.429102778238549,1.7808095562947166,1.5454954788996147
