clean_file,enhanced_file,sampling_rate,PESQ,SI_SDR,STOI,DNSMOS_p808_mos,DNSMOS_mos_sig,DNSMOS_mos_bak,DNSMOS_mos_ovr
p102_sentences_01_whisper,WF_p102_sentences_01_whisper_fold10_162134-7-8-0_SNR5dB.wav,16000,1.0546903610229492,5.033135890960693,0.4515473246574402,2.510121250152588,1.97075547716785,1.7883057336327859,1.1378819053612212
