clean_file,enhanced_file,sampling_rate,PESQ,SI_SDR,STOI,DNSMOS_p808_mos,DNSMOS_mos_sig,DNSMOS_mos_bak,DNSMOS_mos_ovr
p104_rainbow_02_lowpitch,WF_p104_rainbow_02_lowpitch_fold10_200786-5-0-0_SNR5dB.wav,16000,1.2089699506759644,6.969919681549072,0.8106321692466736,2.7254895766576133,2.2882295833064448,2.6567112703555833,1.8092295855606302
