clean_file,enhanced_file,sampling_rate,PESQ,SI_SDR,STOI,DNSMOS_p808_mos,DNSMOS_mos_sig,DNSMOS_mos_bak,DNSMOS_mos_ovr
p106_emo_contentment_sentences,WF_p106_emo_contentment_sentences_fold10_85665-3-0-0_SNR5dB.wav,16000,1.3568280935287476,4.59123420715332,0.7955925464630127,3.675074815750122,4.1240575332425795,2.984454592996147,3.002547191924045
