clean_file,enhanced_file,sampling_rate,PESQ,SI_SDR,STOI,DNSMOS_p808_mos,DNSMOS_mos_sig,DNSMOS_mos_bak,DNSMOS_mos_ovr
p105_rainbow_02_whisper,WF_p105_rainbow_02_whisper_fold10_73524-0-0-99_SNR5dB.wav,16000,1.1928499937057495,4.800479412078857,0.7198879718780518,2.9219552108219693,2.4758792537214886,3.6111323929331403,2.0844017840878455
