clean_file,enhanced_file,sampling_rate,PESQ,SI_SDR,STOI,DNSMOS_p808_mos,DNSMOS_mos_sig,DNSMOS_mos_bak,DNSMOS_mos_ovr
p103_rainbow_06_loud,WF_p103_rainbow_06_loud_fold10_180127-4-0-16_SNR5dB.wav,16000,1.2303327322006226,9.482723236083984,0.788087785243988,2.8603991985321047,3.1576194188210307,2.2130661292071734,2.1867484719948025
