clean_file,enhanced_file,sampling_rate,PESQ,SI_SDR,STOI,DNSMOS_p808_mos,DNSMOS_mos_sig,DNSMOS_mos_bak,DNSMOS_mos_ovr
p105_rainbow_04_lowpitch,WF_p105_rainbow_04_lowpitch_fold10_74364-8-1-18_SNR5dB.wav,16000,1.1577404737472534,4.9510579109191895,0.764182984828949,2.9590591362544467,4.223836212988879,2.358299432916966,2.8404425831826545
