clean_file,enhanced_file,sampling_rate,PESQ,SI_SDR,STOI,DNSMOS_p808_mos,DNSMOS_mos_sig,DNSMOS_mos_bak,DNSMOS_mos_ovr
p103_emo_desire_freeform,WF_p103_emo_desire_freeform_fold10_167464-0-0-14_SNR5dB.wav,16000,1.3091576099395752,7.418504238128662,0.7379197478294373,2.862650752067566,3.4433747936644172,2.5280850669931203,2.449132047169244
