clean_file,enhanced_file,sampling_rate,PESQ,SI_SDR,STOI,DNSMOS_p808_mos,DNSMOS_mos_sig,DNSMOS_mos_bak,DNSMOS_mos_ovr
p103_nonverbal_screaming,WF_p103_nonverbal_screaming_fold10_174289-6-3-0_SNR5dB.wav,16000,1.7736732959747314,5.2857184410095215,0.6035223007202148,2.1745289393833707,3.6852365452249103,1.736869234913985,1.978253073679243
