clean_file,enhanced_file,sampling_rate,PESQ,SI_SDR,STOI,DNSMOS_p808_mos,DNSMOS_mos_sig,DNSMOS_mos_bak,DNSMOS_mos_ovr
p105_rainbow_03_regular,WF_p105_rainbow_03_regular_fold10_74364-8-1-12_SNR5dB.wav,16000,1.305450677871704,4.809543609619141,0.7556480169296265,3.004636764526367,3.9667820253183943,2.1783692089153366,2.6132339943522007
