clean_file,enhanced_file,sampling_rate,PESQ,SI_SDR,STOI,DNSMOS_p808_mos,DNSMOS_mos_sig,DNSMOS_mos_bak,DNSMOS_mos_ovr
p102_emo_anger_freeform,WF_p102_emo_anger_freeform_fold10_155241-9-0-88_SNR5dB.wav,16000,1.1767219305038452,8.592318534851074,0.8276425004005432,2.591395241873605,3.674380915531574,1.7348876990044853,2.1388886532434315
