clean_file,enhanced_file,sampling_rate,PESQ,SI_SDR,STOI,DNSMOS_p808_mos,DNSMOS_mos_sig,DNSMOS_mos_bak,DNSMOS_mos_ovr
p106_emo_desire_sentences,WF_p106_emo_desire_sentences_fold10_88121-8-0-3_SNR5dB.wav,16000,1.1234307289123535,5.32027530670166,0.7455447912216187,2.802462339401245,4.068621394118978,2.505791015744386,2.851196238635903
