clean_file,enhanced_file,sampling_rate,PESQ,SI_SDR,STOI,DNSMOS_p808_mos,DNSMOS_mos_sig,DNSMOS_mos_bak,DNSMOS_mos_ovr
p102_sentences_21_regular,WF_p102_sentences_21_regular_fold10_164377-9-1-36_SNR5dB.wav,16000,1.3661677837371826,6.162349700927734,0.6969006657600403,2.744329333305359,3.064224291869802,2.2003989322217974,2.067382950407228
