clean_file,enhanced_file,sampling_rate,PESQ,SI_SDR,STOI,DNSMOS_p808_mos,DNSMOS_mos_sig,DNSMOS_mos_bak,DNSMOS_mos_ovr
p103_emo_contentment_freeform,WF_p103_emo_contentment_freeform_fold10_167464-0-0-10_SNR5dB.wav,16000,1.4013640880584717,6.864108562469482,0.7318859696388245,2.6685730729784285,3.519908759440223,2.7024355733508107,2.561597504053552
