clean_file,enhanced_file,sampling_rate,PESQ,SI_SDR,STOI,DNSMOS_p808_mos,DNSMOS_mos_sig,DNSMOS_mos_bak,DNSMOS_mos_ovr
p104_sentences_01_slow,WF_p104_sentences_01_slow_fold10_26344-4-0-0_SNR5dB.wav,16000,1.1885387897491455,5.340176105499268,0.6580299735069275,2.812292678015573,4.294545134780668,2.3707781613454233,2.881414271087442
