clean_file,enhanced_file,sampling_rate,PESQ,SI_SDR,STOI,DNSMOS_p808_mos,DNSMOS_mos_sig,DNSMOS_mos_bak,DNSMOS_mos_ovr
p101_sentences_01_slow,WF_p101_sentences_01_slow_fold10_129750-2-0-45_SNR5dB.wav,16000,1.311349868774414,3.360828161239624,0.5982573628425598,2.7801261288779124,2.0637937164912263,2.7221797130319287,1.7322392094210421
