clean_file,enhanced_file,sampling_rate,PESQ,SI_SDR,STOI,DNSMOS_p808_mos,DNSMOS_mos_sig,DNSMOS_mos_bak,DNSMOS_mos_ovr
p102_rainbow_05_whisper,WF_p102_rainbow_05_whisper_fold10_162134-7-12-4_SNR5dB.wav,16000,1.0639196634292603,4.836245059967041,0.5645493268966675,2.446885108947754,1.5239007858348896,1.7478263684054136,1.0719783876093805
