clean_file,enhanced_file,sampling_rate,PESQ,SI_SDR,STOI,DNSMOS_p808_mos,DNSMOS_mos_sig,DNSMOS_mos_bak,DNSMOS_mos_ovr
p105_nonverbal_screaming,WF_p105_nonverbal_screaming_fold10_73524-0-0-2_SNR5dB.wav,16000,1.3906508684158325,7.935135841369629,0.6160383224487305,2.2546818256378174,3.016237187458614,1.6162155914619656,1.7566684209741288
