clean_file,enhanced_file,sampling_rate,PESQ,SI_SDR,STOI,DNSMOS_p808_mos,DNSMOS_mos_sig,DNSMOS_mos_bak,DNSMOS_mos_ovr
p103_sentences_11_highpitch,WF_p103_sentences_11_highpitch_fold10_188497-2-0-0_SNR5dB.wav,16000,1.2949591875076294,8.82220458984375,0.519726574420929,2.3157076835632324,2.5732510993520283,2.507320554422242,2.071011343290006
