clean_file,enhanced_file,sampling_rate,PESQ,SI_SDR,STOI,DNSMOS_p808_mos,DNSMOS_mos_sig,DNSMOS_mos_bak,DNSMOS_mos_ovr
p101_sentences_01_whisper,WF_p101_sentences_01_whisper_fold10_129750-2-0-46_SNR5dB.wav,16000,1.2138744592666626,0.5002551674842834,0.5300969481468201,2.5932610829671225,1.5817475597556399,2.6524332868149294,1.4058002783300487
