clean_file,enhanced_file,sampling_rate,PESQ,SI_SDR,STOI,DNSMOS_p808_mos,DNSMOS_mos_sig,DNSMOS_mos_bak,DNSMOS_mos_ovr
p101_emo_fear_freeform,WF_p101_emo_fear_freeform_fold10_102857-5-0-15_SNR5dB.wav,16000,1.8335402011871338,11.969265937805176,0.8463388681411743,3.0480573858533586,3.9540329878624143,2.327213926571678,2.6559659578865924
