clean_file,enhanced_file,sampling_rate,PESQ,SI_SDR,STOI,DNSMOS_p808_mos,DNSMOS_mos_sig,DNSMOS_mos_bak,DNSMOS_mos_ovr
p106_emo_embarassment_sentences,WF_p106_emo_embarassment_sentences_fold10_93567-8-0-13_SNR5dB.wav,16000,1.2195087671279907,7.890973091125488,0.6783872842788696,2.628754758834839,3.795242129583034,1.941815775547368,2.274614573090457
