clean_file,enhanced_file,sampling_rate,PESQ,SI_SDR,STOI,DNSMOS_p808_mos,DNSMOS_mos_sig,DNSMOS_mos_bak,DNSMOS_mos_ovr
p101_rainbow_07_whisper,WF_p101_rainbow_07_whisper_fold10_128240-3-0-1_SNR5dB.wav,16000,1.382018804550171,3.523770809173584,0.8259645700454712,3.0108974320547923,3.7332731173857536,1.8306359287302343,2.1830365990125005
