clean_file,enhanced_file,sampling_rate,PESQ,SI_SDR,STOI,DNSMOS_p808_mos,DNSMOS_mos_sig,DNSMOS_mos_bak,DNSMOS_mos_ovr
p101_rainbow_03_slow,WF_p101_rainbow_03_slow_fold10_117889-9-0-39_SNR5dB.wav,16000,1.070259690284729,5.1972150802612305,0.7085227966308594,2.6684455076853433,3.0804963086075507,2.6290577353119797,2.2045019350164914
