clean_file,enhanced_file,sampling_rate,PESQ,SI_SDR,STOI,DNSMOS_p808_mos,DNSMOS_mos_sig,DNSMOS_mos_bak,DNSMOS_mos_ovr
p103_emo_realization_sentences,WF_p103_emo_realization_sentences_fold10_17124-1-0-0_SNR5dB.wav,16000,1.2137844562530518,5.739404678344727,0.6870231032371521,2.9606985364641463,4.396276879759165,2.318978232430477,2.917864516401436
