clean_file,enhanced_file,sampling_rate,PESQ,SI_SDR,STOI,DNSMOS_p808_mos,DNSMOS_mos_sig,DNSMOS_mos_bak,DNSMOS_mos_ovr
p104_sentences_11_highpitch,WF_p104_sentences_11_highpitch_fold10_28808-1-0-6_SNR5dB.wav,16000,1.227582573890686,4.8304243087768555,0.7560248970985413,2.5844340324401855,3.8837021228114317,1.9401410964813686,2.2260478346985355
