clean_file,enhanced_file,sampling_rate,PESQ,SI_SDR,STOI,DNSMOS_p808_mos,DNSMOS_mos_sig,DNSMOS_mos_bak,DNSMOS_mos_ovr
p104_emo_contentment_sentences,WF_p104_emo_contentment_sentences_fold10_189982-0-0-18_SNR5dB.wav,16000,1.30411958694458,7.864949703216553,0.6651857495307922,2.8355515003204346,2.5452015167635835,3.0128154487470025,2.0816487821045166
