clean_file,enhanced_file,sampling_rate,PESQ,SI_SDR,STOI,DNSMOS_p808_mos,DNSMOS_mos_sig,DNSMOS_mos_bak,DNSMOS_mos_ovr
p106_rainbow_02_fast,WF_p106_rainbow_02_fast_fold10_99192-4-0-7_SNR5dB.wav,16000,1.0870014429092407,5.835701942443848,0.7971288561820984,2.5296523571014404,3.4845930428786813,1.5542533081725884,1.644565347609937
