clean_file,enhanced_file,sampling_rate,PESQ,SI_SDR,STOI,DNSMOS_p808_mos,DNSMOS_mos_sig,DNSMOS_mos_bak,DNSMOS_mos_ovr
p104_rainbow_06_slow,WF_p104_rainbow_06_slow_fold10_208652-8-0-0_SNR5dB.wav,16000,1.1510756015777588,7.242518424987793,0.8191882967948914,2.78525972366333,4.214359778948189,2.395807080280111,2.8370139273510318
