clean_file,enhanced_file,sampling_rate,PESQ,SI_SDR,STOI,DNSMOS_p808_mos,DNSMOS_mos_sig,DNSMOS_mos_bak,DNSMOS_mos_ovr
p102_rainbow_02_lowpitch,WF_p102_rainbow_02_lowpitch_fold10_159742-8-0-6_SNR5dB.wav,16000,1.4407168626785278,4.980022430419922,0.8727869987487793,3.7876688639322915,4.282695211145665,1.9038835045112614,2.5256202311859446
