clean_file,enhanced_file,sampling_rate,PESQ,SI_SDR,STOI,DNSMOS_p808_mos,DNSMOS_mos_sig,DNSMOS_mos_bak,DNSMOS_mos_ovr
p103_rainbow_08_lowpitch,WF_p103_rainbow_08_lowpitch_fold10_181624-4-0-0_SNR5dB.wav,16000,1.0526769161224365,5.151299476623535,0.831078290939331,2.9131404672350203,4.460562129597035,2.0195148467948525,2.4173912806989155
