clean_file,enhanced_file,sampling_rate,PESQ,SI_SDR,STOI,DNSMOS_p808_mos,DNSMOS_mos_sig,DNSMOS_mos_bak,DNSMOS_mos_ovr
p105_emo_adoration_freeform,WF_p105_emo_adoration_freeform_fold10_39847-5-0-0_SNR5dB.wav,16000,1.206373929977417,5.533008575439453,0.48273995518684387,2.2530179023742676,1.9939303348121566,2.0922342961558487,1.4552446711501603
