clean_file,enhanced_file,sampling_rate,PESQ,SI_SDR,STOI,DNSMOS_p808_mos,DNSMOS_mos_sig,DNSMOS_mos_bak,DNSMOS_mos_ovr
p101_emo_disappointment_sentences,WF_p101_emo_disappointment_sentences_fold10_102103-3-0-0_SNR5dB.wav,16000,1.2470099925994873,4.953119277954102,0.6241602897644043,2.5490400791168213,4.17378083556265,2.145265021880558,2.6636536317916364
