clean_file,enhanced_file,sampling_rate,PESQ,SI_SDR,STOI,DNSMOS_p808_mos,DNSMOS_mos_sig,DNSMOS_mos_bak,DNSMOS_mos_ovr
p102_emo_embarassment_freeform,WF_p102_emo_embarassment_freeform_fold10_155280-2-0-7_SNR5dB.wav,16000,1.2965337038040161,7.381336212158203,0.8201259970664978,3.018953255244664,3.8221668753341937,2.031992155767737,2.4444355052815636
