clean_file,enhanced_file,sampling_rate,PESQ,SI_SDR,STOI,DNSMOS_p808_mos,DNSMOS_mos_sig,DNSMOS_mos_bak,DNSMOS_mos_ovr
p106_emo_adoration_sentences,WF_p106_emo_adoration_sentences_fold10_84249-9-0-10_SNR5dB.wav,16000,1.1981592178344727,6.70296573638916,0.6870610117912292,2.537428379058838,3.9413291073912426,2.1361963398239907,2.43887064864323
