clean_file,enhanced_file,sampling_rate,PESQ,SI_SDR,STOI,DNSMOS_p808_mos,DNSMOS_mos_sig,DNSMOS_mos_bak,DNSMOS_mos_ovr
p102_emo_amusement_sentences,WF_p102_emo_amusement_sentences_fold10_155241-9-0-8_SNR5dB.wav,16000,1.1699063777923584,7.496486186981201,0.7844260931015015,2.399000576564244,3.521184571537275,1.8665672703680833,2.1186079363191337
