clean_file,enhanced_file,sampling_rate,PESQ,SI_SDR,STOI,DNSMOS_p808_mos,DNSMOS_mos_sig,DNSMOS_mos_bak,DNSMOS_mos_ovr
p106_rainbow_01_lowpitch,WF_p106_rainbow_01_lowpitch_fold10_99192-4-0-52_SNR5dB.wav,16000,1.074474811553955,5.2001495361328125,0.7654419541358948,2.8300558725992837,4.150212116212242,1.9958152674070184,2.4510093455557738
