clean_file,enhanced_file,sampling_rate,PESQ,SI_SDR,STOI,DNSMOS_p808_mos,DNSMOS_mos_sig,DNSMOS_mos_bak,DNSMOS_mos_ovr
p103_emo_pride_sentences,WF_p103_emo_pride_sentences_fold10_169261-6-0-0_SNR5dB.wav,16000,1.5227049589157104,5.172116279602051,0.715643584728241,3.2397194589887346,4.143223596391598,2.261169722505874,2.8209834223320405
