clean_file,enhanced_file,sampling_rate,PESQ,SI_SDR,STOI,DNSMOS_p808_mos,DNSMOS_mos_sig,DNSMOS_mos_bak,DNSMOS_mos_ovr
p104_vegetative_yawning,WF_p104_vegetative_yawning_fold10_35628-3-0-0_SNR5dB.wav,16000,1.323531150817871,7.8925065994262695,0.549102783203125,2.7214748859405518,3.9159031284151355,2.6606450776238537,2.655978305067065
