clean_file,enhanced_file,sampling_rate,PESQ,SI_SDR,STOI,DNSMOS_p808_mos,DNSMOS_mos_sig,DNSMOS_mos_bak,DNSMOS_mos_ovr
p105_sentences_02_fast,WF_p105_sentences_02_fast_fold10_7913-3-2-0_SNR5dB.wav,16000,1.596231460571289,4.7062578201293945,0.6875913143157959,3.6111035346984863,4.500983718324059,2.473261552818537,3.104636977408134
