clean_file,enhanced_file,sampling_rate,PESQ,SI_SDR,STOI,DNSMOS_p808_mos,DNSMOS_mos_sig,DNSMOS_mos_bak,DNSMOS_mos_ovr
p103_sentences_01_lowpitch,WF_p103_sentences_01_lowpitch_fold10_181624-4-5-0_SNR5dB.wav,16000,1.1731679439544678,4.935150146484375,0.59013831615448,2.9947783265795027,4.3348129913152444,3.0712412044725346,3.075810936604611
