clean_file,enhanced_file,sampling_rate,PESQ,SI_SDR,STOI,DNSMOS_p808_mos,DNSMOS_mos_sig,DNSMOS_mos_bak,DNSMOS_mos_ovr
p102_sentences_02_loud,WF_p102_sentences_02_loud_fold10_162134-7-8-3_SNR5dB.wav,16000,1.0958105325698853,7.7584686279296875,0.7829949259757996,2.210055708885193,4.051136125783417,1.7866823517351573,2.326493511597947
