clean_file,enhanced_file,sampling_rate,PESQ,SI_SDR,STOI,DNSMOS_p808_mos,DNSMOS_mos_sig,DNSMOS_mos_bak,DNSMOS_mos_ovr
p101_rainbow_05_loud,WF_p101_rainbow_05_loud_fold10_118278-4-0-5_SNR5dB.wav,16000,1.335799217224121,7.390691757202148,0.8514568209648132,2.30845844745636,3.2446413932155806,2.4197442854479356,2.4200664167901396
