clean_file,enhanced_file,sampling_rate,PESQ,SI_SDR,STOI,DNSMOS_p808_mos,DNSMOS_mos_sig,DNSMOS_mos_bak,DNSMOS_mos_ovr
p102_vegetative_eating,WF_p102_vegetative_eating_fold10_165166-8-0-0_SNR5dB.wav,16000,1.444098949432373,2.8989171981811523,0.6505559086799622,2.9379959106445312,1.7816108925676282,2.4925059209782,1.5504674636276894
