clean_file,enhanced_file,sampling_rate,PESQ,SI_SDR,STOI,DNSMOS_p808_mos,DNSMOS_mos_sig,DNSMOS_mos_bak,DNSMOS_mos_ovr
p106_rainbow_01_slow,WF_p106_rainbow_01_slow_fold10_99192-4-0-54_SNR5dB.wav,16000,1.0966497659683228,4.654904365539551,0.781568706035614,2.79718770299639,4.086286990495608,2.111046163580403,2.3040703370321514
