clean_file,enhanced_file,sampling_rate,PESQ,SI_SDR,STOI,DNSMOS_p808_mos,DNSMOS_mos_sig,DNSMOS_mos_bak,DNSMOS_mos_ovr
p105_emo_disappointment_freeform,WF_p105_emo_disappointment_freeform_fold10_41306-3-0-4_SNR5dB.wav,16000,1.8589966297149658,5.948023319244385,0.5853114724159241,3.0866371989250183,3.611119973328066,3.6930304992049403,2.9194165660192573
