clean_file,enhanced_file,sampling_rate,PESQ,SI_SDR,STOI,DNSMOS_p808_mos,DNSMOS_mos_sig,DNSMOS_mos_bak,DNSMOS_mos_ovr
p101_nonverbal_cheering,WF_p101_nonverbal_cheering_fold10_103438-5-0-2_SNR5dB.wav,16000,1.150545597076416,10.58017349243164,0.6699699759483337,2.343055009841919,3.1327958354064402,1.5061430283267807,1.5786295487581503
