clean_file,enhanced_file,sampling_rate,PESQ,SI_SDR,STOI,DNSMOS_p808_mos,DNSMOS_mos_sig,DNSMOS_mos_bak,DNSMOS_mos_ovr
p103_rainbow_08_regular,WF_p103_rainbow_08_regular_fold10_181624-4-1-0_SNR5dB.wav,16000,1.1238526105880737,8.398674011230469,0.8415172100067139,2.4303600788116455,4.275366823530787,2.279845128899529,2.7793089901581696
