clean_file,enhanced_file,sampling_rate,PESQ,SI_SDR,STOI,DNSMOS_p808_mos,DNSMOS_mos_sig,DNSMOS_mos_bak,DNSMOS_mos_ovr
p106_emo_distress_freeform,WF_p106_emo_distress_freeform_fold10_93567-8-0-10_SNR5dB.wav,16000,1.1690341234207153,7.132787227630615,0.7704269289970398,3.0883359568459645,3.4941497023544867,1.9711119045653542,2.112194386296502
