clean_file,enhanced_file,sampling_rate,PESQ,SI_SDR,STOI,DNSMOS_p808_mos,DNSMOS_mos_sig,DNSMOS_mos_bak,DNSMOS_mos_ovr
p102_emo_extasy_sentences,WF_p102_emo_extasy_sentences_fold10_15544-5-0-1_SNR5dB.wav,16000,1.4878735542297363,10.681116104125977,0.8837413191795349,2.807445968900408,2.890797390461056,2.0166134917637533,1.9412755233271974
