clean_file,enhanced_file,sampling_rate,PESQ,SI_SDR,STOI,DNSMOS_p808_mos,DNSMOS_mos_sig,DNSMOS_mos_bak,DNSMOS_mos_ovr
p104_emo_disgust_sentences,WF_p104_emo_disgust_sentences_fold10_189982-0-0-30_SNR5dB.wav,16000,1.4231393337249756,10.037003517150879,0.6763816475868225,3.089345693588257,3.7388924117237465,2.5192644146379597,2.6525797868796204
