clean_file,enhanced_file,sampling_rate,PESQ,SI_SDR,STOI,DNSMOS_p808_mos,DNSMOS_mos_sig,DNSMOS_mos_bak,DNSMOS_mos_ovr
p101_emo_disgust_sentences,WF_p101_emo_disgust_sentences_fold10_102857-5-0-0_SNR5dB.wav,16000,2.033320903778076,12.314247131347656,0.8702603578567505,3.028339828763689,4.193874668345751,2.5587277614818675,2.9333913102307867
