clean_file,enhanced_file,sampling_rate,PESQ,SI_SDR,STOI,DNSMOS_p808_mos,DNSMOS_mos_sig,DNSMOS_mos_bak,DNSMOS_mos_ovr
p102_emo_guilt_freeform,WF_p102_emo_guilt_freeform_fold10_15544-5-0-12_SNR5dB.wav,16000,1.4511477947235107,9.321375846862793,0.8777117133140564,2.9999162197113036,3.861258050273905,2.1069403196009175,2.4837741897955743
