clean_file,enhanced_file,sampling_rate,PESQ,SI_SDR,STOI,DNSMOS_p808_mos,DNSMOS_mos_sig,DNSMOS_mos_bak,DNSMOS_mos_ovr
p101_emo_disgust_freeform,WF_p101_emo_disgust_freeform_fold10_102103-3-1-0_SNR5dB.wav,16000,1.1442360877990723,4.617169380187988,0.4550158381462097,2.482820851462228,3.27962409264412,2.212340046415892,2.152096810598626
