clean_file,enhanced_file,sampling_rate,PESQ,SI_SDR,STOI,DNSMOS_p808_mos,DNSMOS_mos_sig,DNSMOS_mos_bak,DNSMOS_mos_ovr
p105_sentences_21_regular,WF_p105_sentences_21_regular_fold10_83502-0-0-12_SNR5dB.wav,16000,1.2362794876098633,5.903069972991943,0.5163992047309875,2.7091023921966553,3.700228639537119,2.2528603484613847,2.4756783879192237
