clean_file,enhanced_file,sampling_rate,PESQ,SI_SDR,STOI,DNSMOS_p808_mos,DNSMOS_mos_sig,DNSMOS_mos_bak,DNSMOS_mos_ovr
p102_nonverbal_laughter_open,WF_p102_nonverbal_laughter_open_fold10_157800-6-0-0_SNR5dB.wav,16000,1.380990982055664,5.510713577270508,0.8736376166343689,2.593849539756775,3.7141212110103563,3.6924080444037273,3.2333542369041943
