clean_file,enhanced_file,sampling_rate,PESQ,SI_SDR,STOI,DNSMOS_p808_mos,DNSMOS_mos_sig,DNSMOS_mos_bak,DNSMOS_mos_ovr
p104_nonverbal_laughter_closed,WF_p104_nonverbal_laughter_closed_fold10_197554-2-0-60_SNR5dB.wav,16000,1.3247952461242676,6.940500259399414,0.67015141248703,2.307666540145874,1.6327295772163788,3.1001818337458094,1.473497535079201
