clean_file,enhanced_file,sampling_rate,PESQ,SI_SDR,STOI,DNSMOS_p808_mos,DNSMOS_mos_sig,DNSMOS_mos_bak,DNSMOS_mos_ovr
p101_rainbow_03_regular,WF_p101_rainbow_03_regular_fold10_117889-9-0-36_SNR5dB.wav,16000,1.4212315082550049,6.319684982299805,0.8382883667945862,2.737248659133911,2.706034997694268,2.2905080334844965,1.9763913986420727
