clean_file,enhanced_file,sampling_rate,PESQ,SI_SDR,STOI,DNSMOS_p808_mos,DNSMOS_mos_sig,DNSMOS_mos_bak,DNSMOS_mos_ovr
p105_emo_fear_freeform,WF_p105_emo_fear_freeform_fold10_59513-3-0-3_SNR5dB.wav,16000,1.7751035690307617,2.560305595397949,0.5769297480583191,3.119599461555481,2.435460168937511,3.4246077335672456,2.1225735438604945
