clean_file,enhanced_file,sampling_rate,PESQ,SI_SDR,STOI,DNSMOS_p808_mos,DNSMOS_mos_sig,DNSMOS_mos_bak,DNSMOS_mos_ovr
p104_rainbow_03_lowpitch,WF_p104_rainbow_03_lowpitch_fold10_202334-9-0-105_SNR5dB.wav,16000,1.098103404045105,5.542978286743164,0.7416072487831116,2.701622656413487,2.953339307258212,2.1171215991242627,1.9120332990693119
