clean_file,enhanced_file,sampling_rate,PESQ,SI_SDR,STOI,DNSMOS_p808_mos,DNSMOS_mos_sig,DNSMOS_mos_bak,DNSMOS_mos_ovr
p103_nonverbal_laughter_closed,WF_p103_nonverbal_laughter_closed_fold10_174289-6-1-0_SNR5dB.wav,16000,1.4566625356674194,4.837809085845947,0.7503453493118286,2.8073010444641113,3.3488543744732655,2.5908991633819323,2.440989735481478
