clean_file,enhanced_file,sampling_rate,PESQ,SI_SDR,STOI,DNSMOS_p808_mos,DNSMOS_mos_sig,DNSMOS_mos_bak,DNSMOS_mos_ovr
p101_emo_disappointment_freeform,WF_p101_emo_disappointment_freeform_fold10_101382-2-0-45_SNR5dB.wav,16000,1.2450501918792725,5.476282119750977,0.7724679708480835,2.4941251618521556,4.162305731380263,1.8932825516877994,2.4709027762328755
