clean_file,enhanced_file,sampling_rate,PESQ,SI_SDR,STOI,DNSMOS_p808_mos,DNSMOS_mos_sig,DNSMOS_mos_bak,DNSMOS_mos_ovr
p105_emo_interest_freeform,WF_p105_emo_interest_freeform_fold10_69661-3-0-14_SNR5dB.wav,16000,1.2686958312988281,4.121037483215332,0.5790913105010986,3.356823205947876,3.6114501800888514,2.275504158129956,2.3198404793352005
