clean_file,enhanced_file,sampling_rate,PESQ,SI_SDR,STOI,DNSMOS_p808_mos,DNSMOS_mos_sig,DNSMOS_mos_bak,DNSMOS_mos_ovr
p104_sentences_08_slow,WF_p104_sentences_08_slow_fold10_28808-1-0-3_SNR5dB.wav,16000,1.1721582412719727,6.485100269317627,0.677799642086029,2.473193883895874,3.73635555825788,2.346065169040415,2.586990671815918
