clean_file,enhanced_file,sampling_rate,PESQ,SI_SDR,STOI,DNSMOS_p808_mos,DNSMOS_mos_sig,DNSMOS_mos_bak,DNSMOS_mos_ovr
p101_sentences_03_whisper,WF_p101_sentences_03_whisper_fold10_138017-9-0-2_SNR5dB.wav,16000,1.0979992151260376,2.8123364448547363,0.4615616202354431,2.539546767870585,1.5720891335010831,2.7224504518250057,1.2486286814210388
