clean_file,enhanced_file,sampling_rate,PESQ,SI_SDR,STOI,DNSMOS_p808_mos,DNSMOS_mos_sig,DNSMOS_mos_bak,DNSMOS_mos_ovr
p105_emo_pride_freeform,WF_p105_emo_pride_freeform_fold10_71312-3-0-4_SNR5dB.wav,16000,1.4499783515930176,5.029049396514893,0.6622567772865295,3.16493558883667,4.072934437906487,1.9448876008852294,2.4730049578115154
