clean_file,enhanced_file,sampling_rate,PESQ,SI_SDR,STOI,DNSMOS_p808_mos,DNSMOS_mos_sig,DNSMOS_mos_bak,DNSMOS_mos_ovr
p102_sentences_12_highpitch,WF_p102_sentences_12_highpitch_fold10_164194-2-0-14_SNR5dB.wav,16000,1.1171398162841797,5.5182318687438965,0.7183338403701782,2.686332941055298,3.850056165950527,1.7038254254974579,2.1832197305078345
