clean_file,enhanced_file,sampling_rate,PESQ,SI_SDR,STOI,DNSMOS_p808_mos,DNSMOS_mos_sig,DNSMOS_mos_bak,DNSMOS_mos_ovr
p104_rainbow_02_highpitch,WF_p104_rainbow_02_highpitch_fold10_200460-6-4-0_SNR5dB.wav,16000,1.291001558303833,5.132317543029785,0.8918116688728333,3.573845863342285,4.25369831531533,3.023111839205526,3.2495768659769326
