clean_file,enhanced_file,sampling_rate,PESQ,SI_SDR,STOI,DNSMOS_p808_mos,DNSMOS_mos_sig,DNSMOS_mos_bak,DNSMOS_mos_ovr
p101_rainbow_03_highpitch,WF_p101_rainbow_03_highpitch_fold10_117889-9-0-12_SNR5dB.wav,16000,1.2503567934036255,5.776464462280273,0.7632216811180115,2.449411153793335,3.00488350028368,1.5536412009347687,1.5128988004438098
