clean_file,enhanced_file,sampling_rate,PESQ,SI_SDR,STOI,DNSMOS_p808_mos,DNSMOS_mos_sig,DNSMOS_mos_bak,DNSMOS_mos_ovr
p101_rainbow_07_lowpitch,WF_p101_rainbow_07_lowpitch_fold10_119067-0-0-0_SNR5dB.wav,16000,1.2218421697616577,7.5488481521606445,0.770126461982727,2.4638137022654214,3.252418687352538,2.6332277723227135,2.503656726704857
