clean_file,enhanced_file,sampling_rate,PESQ,SI_SDR,STOI,DNSMOS_p808_mos,DNSMOS_mos_sig,DNSMOS_mos_bak,DNSMOS_mos_ovr
p102_emo_distress_freeform,WF_p102_emo_distress_freeform_fold10_155280-2-0-5_SNR5dB.wav,16000,1.5751304626464844,7.489256858825684,0.9035179615020752,3.0839715957641602,3.6407055225841574,2.0440784810410184,2.341336060782808
