clean_file,enhanced_file,sampling_rate,PESQ,SI_SDR,STOI,DNSMOS_p808_mos,DNSMOS_mos_sig,DNSMOS_mos_bak,DNSMOS_mos_ovr
p103_emo_serenity_freeform,WF_p103_emo_serenity_freeform_fold10_171478-9-0-55_SNR5dB.wav,16000,1.2256505489349365,7.039290428161621,0.6402403712272644,2.6318958486829485,3.5665508211573784,2.2820837752004928,2.396715964886766
