clean_file,enhanced_file,sampling_rate,PESQ,SI_SDR,STOI,DNSMOS_p808_mos,DNSMOS_mos_sig,DNSMOS_mos_bak,DNSMOS_mos_ovr
p101_emo_cuteness_freeform,WF_p101_emo_cuteness_freeform_fold10_101382-2-0-21_SNR5dB.wav,16000,1.3183459043502808,3.894597291946411,0.7010096311569214,2.852984845638275,4.322648156890842,2.153767149521205,2.773617864196776
