clean_file,enhanced_file,sampling_rate,PESQ,SI_SDR,STOI,DNSMOS_p808_mos,DNSMOS_mos_sig,DNSMOS_mos_bak,DNSMOS_mos_ovr
p103_emo_fear_sentences,WF_p103_emo_fear_sentences_fold10_167464-0-0-4_SNR5dB.wav,16000,1.393911600112915,9.846635818481445,0.5848255157470703,2.9569586515426636,3.8398638961469125,2.6823402211447234,2.868214820998841
