clean_file,enhanced_file,sampling_rate,PESQ,SI_SDR,STOI,DNSMOS_p808_mos,DNSMOS_mos_sig,DNSMOS_mos_bak,DNSMOS_mos_ovr
p105_rainbow_05_fast,WF_p105_rainbow_05_fast_fold10_74364-8-1-21_SNR5dB.wav,16000,1.1561862230300903,4.578568458557129,0.8788298964500427,3.1617158889770507,4.315693032829609,2.335581533298615,2.8472149791831853
