clean_file,enhanced_file,sampling_rate,PESQ,SI_SDR,STOI,DNSMOS_p808_mos,DNSMOS_mos_sig,DNSMOS_mos_bak,DNSMOS_mos_ovr
p104_emo_amazement_sentences,WF_p104_emo_amazement_sentences_fold10_188813-7-6-0_SNR5dB.wav,16000,1.0690197944641113,5.816752910614014,0.784919798374176,2.472869634628296,4.320780272290702,1.8158360278132246,2.4217088459852776
