clean_file,enhanced_file,sampling_rate,PESQ,SI_SDR,STOI,DNSMOS_p808_mos,DNSMOS_mos_sig,DNSMOS_mos_bak,DNSMOS_mos_ovr
p105_rainbow_06_highpitch,WF_p105_rainbow_06_highpitch_fold10_74364-8-1-4_SNR5dB.wav,16000,1.1070771217346191,6.080657005310059,0.731026291847229,2.7951220870018005,3.5711515654788846,2.293937411513578,2.4209318798602224
