clean_file,enhanced_file,sampling_rate,PESQ,SI_SDR,STOI,DNSMOS_p808_mos,DNSMOS_mos_sig,DNSMOS_mos_bak,DNSMOS_mos_ovr
p101_emo_pride_freeform,WF_p101_emo_pride_freeform_fold10_102857-5-0-24_SNR5dB.wav,16000,1.7403241395950317,12.346997261047363,0.9287410378456116,3.0252640587942943,3.8412877009191884,2.6830214934996106,2.8548253415491636
