clean_file,enhanced_file,sampling_rate,PESQ,SI_SDR,STOI,DNSMOS_p808_mos,DNSMOS_mos_sig,DNSMOS_mos_bak,DNSMOS_mos_ovr
p103_interjection_filler,WF_p103_interjection_filler_fold10_172519-9-0-49_SNR5dB.wav,16000,1.337603211402893,7.070747375488281,0.4107118248939514,2.433867488588606,2.7569788002361233,2.099584782593997,1.9031543238350008
