clean_file,enhanced_file,sampling_rate,PESQ,SI_SDR,STOI,DNSMOS_p808_mos,DNSMOS_mos_sig,DNSMOS_mos_bak,DNSMOS_mos_ovr
p103_emo_guilt_sentences,WF_p103_emo_guilt_sentences_fold10_167464-0-0-6_SNR5dB.wav,16000,1.4058104753494263,7.238734245300293,0.4278663694858551,2.9939889510472617,4.054789704938003,2.9060098183426533,3.0089593954531537
