clean_file,enhanced_file,sampling_rate,PESQ,SI_SDR,STOI,DNSMOS_p808_mos,DNSMOS_mos_sig,DNSMOS_mos_bak,DNSMOS_mos_ovr
p104_emo_adoration_sentences,WF_p104_emo_adoration_sentences_fold10_188813-7-4-0_SNR5dB.wav,16000,1.079820990562439,5.590612411499023,0.7372386455535889,2.771778392791748,4.233283653291232,1.862277460999318,2.4465022074187877
