clean_file,enhanced_file,sampling_rate,PESQ,SI_SDR,STOI,DNSMOS_p808_mos,DNSMOS_mos_sig,DNSMOS_mos_bak,DNSMOS_mos_ovr
p104_emo_amazement_freeform,WF_p104_emo_amazement_freeform_fold10_188813-7-5-0_SNR5dB.wav,16000,1.1188040971755981,7.8839497566223145,0.728339433670044,2.292962908744812,4.266877214371346,2.100195813673884,2.727974103711876
