clean_file,enhanced_file,sampling_rate,PESQ,SI_SDR,STOI,DNSMOS_p808_mos,DNSMOS_mos_sig,DNSMOS_mos_bak,DNSMOS_mos_ovr
p104_sentences_02_fast,WF_p104_sentences_02_fast_fold10_27070-2-0-0_SNR5dB.wav,16000,1.1029366254806519,6.273787021636963,0.7743327617645264,2.4254937171936035,4.190399164882064,2.0309552910364217,2.6575591763068727
