clean_file,enhanced_file,sampling_rate,PESQ,SI_SDR,STOI,DNSMOS_p808_mos,DNSMOS_mos_sig,DNSMOS_mos_bak,DNSMOS_mos_ovr
p104_rainbow_08_regular,WF_p104_rainbow_08_regular_fold10_24076-1-1-0_SNR5dB.wav,16000,1.1506311893463135,5.630031585693359,0.7809082865715027,2.6675659247807095,3.9479601006447913,2.2472262388997217,2.4916197583345068
