clean_file,enhanced_file,sampling_rate,PESQ,SI_SDR,STOI,DNSMOS_p808_mos,DNSMOS_mos_sig,DNSMOS_mos_bak,DNSMOS_mos_ovr
p104_emo_confusion_sentences,WF_p104_emo_confusion_sentences_fold10_189982-0-0-16_SNR5dB.wav,16000,1.3589409589767456,9.02560806274414,0.5484439730644226,2.8130173683166504,2.722921292324437,2.6092399665288726,1.9878059999910844
