clean_file,enhanced_file,sampling_rate,PESQ,SI_SDR,STOI,DNSMOS_p808_mos,DNSMOS_mos_sig,DNSMOS_mos_bak,DNSMOS_mos_ovr
p101_rainbow_04_highpitch,WF_p101_rainbow_04_highpitch_fold10_118278-4-0-1_SNR5dB.wav,16000,1.232068419456482,7.431135654449463,0.7680026888847351,2.376180052757263,3.6082020221891167,1.9202480726567424,2.193103891337815
