clean_file,enhanced_file,sampling_rate,PESQ,SI_SDR,STOI,DNSMOS_p808_mos,DNSMOS_mos_sig,DNSMOS_mos_bak,DNSMOS_mos_ovr
p101_sentences_02_regular,WF_p101_sentences_02_regular_fold10_136558-9-1-21_SNR5dB.wav,16000,1.2795071601867676,4.977845668792725,0.7441585063934326,2.368306279182434,3.5324989542958907,1.9910198237968972,2.2527224267865322
