clean_file,enhanced_file,sampling_rate,PESQ,SI_SDR,STOI,DNSMOS_p808_mos,DNSMOS_mos_sig,DNSMOS_mos_bak,DNSMOS_mos_ovr
p105_emo_disgust_freeform,WF_p105_emo_disgust_freeform_fold10_51024-3-0-2_SNR5dB.wav,16000,1.1653443574905396,5.127331733703613,0.665917158126831,2.743368319102696,3.4065848142550124,2.2590945745363205,2.34246651193279
