clean_file,enhanced_file,sampling_rate,PESQ,SI_SDR,STOI,DNSMOS_p808_mos,DNSMOS_mos_sig,DNSMOS_mos_bak,DNSMOS_mos_ovr
p103_rainbow_06_regular,WF_p103_rainbow_06_regular_fold10_180127-4-0-18_SNR5dB.wav,16000,1.2984815835952759,8.875345230102539,0.814302384853363,2.9826043605804444,2.548106451487512,2.962387929208464,2.093552960419516
