clean_file,enhanced_file,sampling_rate,PESQ,SI_SDR,STOI,DNSMOS_p808_mos,DNSMOS_mos_sig,DNSMOS_mos_bak,DNSMOS_mos_ovr
p105_sentences_02_slow,WF_p105_sentences_02_slow_fold10_7965-3-3-0_SNR5dB.wav,16000,1.5246551036834717,6.214695930480957,0.6085922122001648,3.1231254850115096,3.749343047259817,3.4668937936970528,3.01541897021405
