clean_file,enhanced_file,sampling_rate,PESQ,SI_SDR,STOI,DNSMOS_p808_mos,DNSMOS_mos_sig,DNSMOS_mos_bak,DNSMOS_mos_ovr
p101_rainbow_08_regular,WF_p101_rainbow_08_regular_fold10_128470-3-0-1_SNR5dB.wav,16000,1.776842713356018,5.379278659820557,0.8945416212081909,3.5240466254098073,4.190944689411,2.064330341112002,2.6247199281732714
