clean_file,enhanced_file,sampling_rate,PESQ,SI_SDR,STOI,DNSMOS_p808_mos,DNSMOS_mos_sig,DNSMOS_mos_bak,DNSMOS_mos_ovr
p102_sentences_13_lowpitch,WF_p102_sentences_13_lowpitch_fold10_164194-2-0-18_SNR5dB.wav,16000,1.2749083042144775,5.412677764892578,0.7227811217308044,2.713088607788086,3.557622341077529,1.914172734541999,2.1872192345703008
