clean_file,enhanced_file,sampling_rate,PESQ,SI_SDR,STOI,DNSMOS_p808_mos,DNSMOS_mos_sig,DNSMOS_mos_bak,DNSMOS_mos_ovr
p103_sentences_17_regular,WF_p103_sentences_17_regular_fold10_188497-2-0-23_SNR5dB.wav,16000,1.3215103149414062,7.67753791809082,0.6091626882553101,2.6570938995906284,3.082401085256948,2.2018747434250865,2.0144849012095043
