clean_file,enhanced_file,sampling_rate,PESQ,SI_SDR,STOI,DNSMOS_p808_mos,DNSMOS_mos_sig,DNSMOS_mos_bak,DNSMOS_mos_ovr
p105_melodic_happy_birthday,WF_p105_melodic_happy_birthday_fold10_73524-0-0-126_SNR5dB.wav,16000,1.4031953811645508,5.719042778015137,0.7182072997093201,2.5835397243499756,2.559316712849517,2.383001476575723,1.83763879925171
