clean_file,enhanced_file,sampling_rate,PESQ,SI_SDR,STOI,DNSMOS_p808_mos,DNSMOS_mos_sig,DNSMOS_mos_bak,DNSMOS_mos_ovr
p102_sentences_10_fast,WF_p102_sentences_10_fast_fold10_164194-2-0-10_SNR5dB.wav,16000,1.3752678632736206,5.128990173339844,0.8633820414543152,3.1181528568267822,3.757581454415126,1.8305990478507985,2.384054729717901
