clean_file,enhanced_file,sampling_rate,PESQ,SI_SDR,STOI,DNSMOS_p808_mos,DNSMOS_mos_sig,DNSMOS_mos_bak,DNSMOS_mos_ovr
p105_rainbow_05_highpitch,WF_p105_rainbow_05_highpitch_fold10_74364-8-1-22_SNR5dB.wav,16000,1.0507134199142456,4.325234889984131,0.8064727187156677,3.0810112271990096,3.7972864848650327,2.203429973507475,2.389571726049664
