clean_file,enhanced_file,sampling_rate,PESQ,SI_SDR,STOI,DNSMOS_p808_mos,DNSMOS_mos_sig,DNSMOS_mos_bak,DNSMOS_mos_ovr
p103_rainbow_07_highpitch,WF_p103_rainbow_07_highpitch_fold10_180127-4-0-21_SNR5dB.wav,16000,1.2754244804382324,10.673667907714844,0.6653870940208435,2.7904251302991594,2.861372075660584,2.0970207242840133,1.9222777200472483
