clean_file,enhanced_file,sampling_rate,PESQ,SI_SDR,STOI,DNSMOS_p808_mos,DNSMOS_mos_sig,DNSMOS_mos_bak,DNSMOS_mos_ovr
p104_interjection_agreement,WF_p104_interjection_agreement_fold10_196127-3-0-0_SNR5dB.wav,16000,1.7235586643218994,5.1369829177856445,0.7145411968231201,2.932732025782267,3.718848225108338,1.8399814080968195,2.190857429026502
