clean_file,enhanced_file,sampling_rate,PESQ,SI_SDR,STOI,DNSMOS_p808_mos,DNSMOS_mos_sig,DNSMOS_mos_bak,DNSMOS_mos_ovr
p104_sentences_10_fast,WF_p104_sentences_10_fast_fold10_28808-1-0-5_SNR5dB.wav,16000,1.2456605434417725,5.517831802368164,0.7565789818763733,2.8702278477805003,3.851875054987076,2.030294729536604,2.2938773292271093
