clean_file,enhanced_file,sampling_rate,PESQ,SI_SDR,STOI,DNSMOS_p808_mos,DNSMOS_mos_sig,DNSMOS_mos_bak,DNSMOS_mos_ovr
p105_rainbow_03_whisper,WF_p105_rainbow_03_whisper_fold10_74364-8-1-14_SNR5dB.wav,16000,1.1507458686828613,2.551833152770996,0.661231517791748,2.8432068484170094,3.731773328761115,2.748448977871611,2.822879073830746
