clean_file,enhanced_file,sampling_rate,PESQ,SI_SDR,STOI,DNSMOS_p808_mos,DNSMOS_mos_sig,DNSMOS_mos_bak,DNSMOS_mos_ovr
p105_rainbow_08_whisper,WF_p105_rainbow_08_whisper_fold10_77901-9-0-6_SNR5dB.wav,16000,1.0246940851211548,3.352005958557129,0.6119345426559448,2.3015734468187605,2.9085196569754794,2.6628855344474767,2.2218232508478084
