clean_file,enhanced_file,sampling_rate,PESQ,SI_SDR,STOI,DNSMOS_p808_mos,DNSMOS_mos_sig,DNSMOS_mos_bak,DNSMOS_mos_ovr
p104_emo_anger_sentences,WF_p104_emo_anger_sentences_fold10_189982-0-0-11_SNR5dB.wav,16000,1.371130108833313,11.004233360290527,0.7457653880119324,2.859828472137451,2.897454200946103,2.7940477236207166,2.2959483510579304
