clean_file,enhanced_file,sampling_rate,PESQ,SI_SDR,STOI,DNSMOS_p808_mos,DNSMOS_mos_sig,DNSMOS_mos_bak,DNSMOS_mos_ovr
p103_rainbow_05_fast,WF_p103_rainbow_05_fast_fold10_180127-4-0-0_SNR5dB.wav,16000,1.1813894510269165,5.943885803222656,0.8081121444702148,3.114690899848938,2.9663247262754164,2.693729151793079,2.1583845465953484
