clean_file,enhanced_file,sampling_rate,PESQ,SI_SDR,STOI,DNSMOS_p808_mos,DNSMOS_mos_sig,DNSMOS_mos_bak,DNSMOS_mos_ovr
p103_emo_confusion_freeform,WF_p103_emo_confusion_freeform_fold10_167464-0-0-0_SNR5dB.wav,16000,1.1259733438491821,5.9929094314575195,0.7457258701324463,2.8356567859649657,4.433741239338622,2.347051242026918,2.9130073951789615
