clean_file,enhanced_file,sampling_rate,PESQ,SI_SDR,STOI,DNSMOS_p808_mos,DNSMOS_mos_sig,DNSMOS_mos_bak,DNSMOS_mos_ovr
p102_rainbow_08_slow,WF_p102_rainbow_08_slow_fold10_162134-7-17-4_SNR5dB.wav,16000,1.0705772638320923,6.427130222320557,0.7606956362724304,2.253527913774763,3.8401285581372107,1.9117325569316403,2.313046300606699
