clean_file,enhanced_file,sampling_rate,PESQ,SI_SDR,STOI,DNSMOS_p808_mos,DNSMOS_mos_sig,DNSMOS_mos_bak,DNSMOS_mos_ovr
p103_emo_embarassment_sentences,WF_p103_emo_embarassment_sentences_fold10_167464-0-0-22_SNR5dB.wav,16000,1.5091183185577393,7.36685848236084,0.7563058733940125,3.0635140895843507,3.5497000667178993,2.2477566648939806,2.399160730553041
