clean_file,enhanced_file,sampling_rate,PESQ,SI_SDR,STOI,DNSMOS_p808_mos,DNSMOS_mos_sig,DNSMOS_mos_bak,DNSMOS_mos_ovr
p104_sentences_23_regular,WF_p104_sentences_23_regular_fold10_34050-7-1-0_SNR5dB.wav,16000,1.1820133924484253,6.672653675079346,0.6144498586654663,2.5133442538125172,4.231254766875909,2.104517895785124,2.623195433106293
