clean_file,enhanced_file,sampling_rate,PESQ,SI_SDR,STOI,DNSMOS_p808_mos,DNSMOS_mos_sig,DNSMOS_mos_bak,DNSMOS_mos_ovr
p105_sentences_01_highpitch,WF_p105_sentences_01_highpitch_fold10_77927-3-0-0_SNR5dB.wav,16000,1.2353593111038208,4.791147708892822,0.659631073474884,2.4607427517573037,3.599872762975353,1.8800613262603558,2.051778684644079
