clean_file,enhanced_file,sampling_rate,PESQ,SI_SDR,STOI,DNSMOS_p808_mos,DNSMOS_mos_sig,DNSMOS_mos_bak,DNSMOS_mos_ovr
p101_vegetative_yawning,WF_p101_vegetative_yawning_fold10_147491-9-2-32_SNR5dB.wav,16000,1.3874893188476562,8.692842483520508,0.3818269968032837,2.462979714075724,1.5949922357083348,2.493523254713222,1.4588129022142897
