clean_file,enhanced_file,sampling_rate,PESQ,SI_SDR,STOI,DNSMOS_p808_mos,DNSMOS_mos_sig,DNSMOS_mos_bak,DNSMOS_mos_ovr
p105_rainbow_08_lowpitch,WF_p105_rainbow_08_lowpitch_fold10_77901-9-0-2_SNR5dB.wav,16000,1.100867748260498,6.161380767822266,0.7491095662117004,2.4520161151885986,3.920471250473617,2.038831505919437,2.4884061333746486
