clean_file,enhanced_file,sampling_rate,PESQ,SI_SDR,STOI,DNSMOS_p808_mos,DNSMOS_mos_sig,DNSMOS_mos_bak,DNSMOS_mos_ovr
p103_rainbow_07_regular,WF_p103_rainbow_07_regular_fold10_180127-4-0-5_SNR5dB.wav,16000,1.293407917022705,8.305356979370117,0.7771707773208618,3.1777902330671037,2.6768380485233925,2.680784702504428,2.040642993041038
