clean_file,enhanced_file,sampling_rate,PESQ,SI_SDR,STOI,DNSMOS_p808_mos,DNSMOS_mos_sig,DNSMOS_mos_bak,DNSMOS_mos_ovr
p101_rainbow_06_loud,WF_p101_rainbow_06_loud_fold10_118558-5-0-2_SNR5dB.wav,16000,1.3207520246505737,9.628570556640625,0.8019982576370239,2.7991724014282227,3.9909571321377157,2.4027496586443884,2.7848834598823253
