clean_file,enhanced_file,sampling_rate,PESQ,SI_SDR,STOI,DNSMOS_p808_mos,DNSMOS_mos_sig,DNSMOS_mos_bak,DNSMOS_mos_ovr
p105_vegetative_sneezing,WF_p105_vegetative_sneezing_fold10_83502-0-0-6_SNR5dB.wav,16000,1.2476692199707031,9.602075576782227,0.822178840637207,2.628211418787638,2.8447309323335452,2.289180093550684,1.972943237295308
