clean_file,enhanced_file,sampling_rate,PESQ,SI_SDR,STOI,DNSMOS_p808_mos,DNSMOS_mos_sig,DNSMOS_mos_bak,DNSMOS_mos_ovr
p101_rainbow_06_highpitch,WF_p101_rainbow_06_highpitch_fold10_118558-5-0-1_SNR5dB.wav,16000,1.2685577869415283,10.847506523132324,0.7715750336647034,2.7760040760040283,3.1641553022247098,2.568187672472855,2.450895912607105
