clean_file,enhanced_file,sampling_rate,PESQ,SI_SDR,STOI,DNSMOS_p808_mos,DNSMOS_mos_sig,DNSMOS_mos_bak,DNSMOS_mos_ovr
p103_emo_cuteness_freeform,WF_p103_emo_cuteness_freeform_fold10_167464-0-0-12_SNR5dB.wav,16000,1.3556227684020996,8.314573287963867,0.7236398458480835,2.763090968132019,3.1665383848451167,2.632122325907872,2.273959053265858
