clean_file,enhanced_file,sampling_rate,PESQ,SI_SDR,STOI,DNSMOS_p808_mos,DNSMOS_mos_sig,DNSMOS_mos_bak,DNSMOS_mos_ovr
p105_nonverbal_yelling,WF_p105_nonverbal_yelling_fold10_73524-0-0-23_SNR5dB.wav,16000,1.56389582157135,12.692686080932617,0.8068165183067322,2.3944289684295654,4.022543434316208,2.0274006858094187,2.4493257308275433
