clean_file,enhanced_file,sampling_rate,PESQ,SI_SDR,STOI,DNSMOS_p808_mos,DNSMOS_mos_sig,DNSMOS_mos_bak,DNSMOS_mos_ovr
p106_emo_sadness_sentences,WF_p106_emo_sadness_sentences_fold10_99192-4-0-17_SNR5dB.wav,16000,1.208714246749878,6.386371612548828,0.7105015516281128,2.4604249795277915,3.6820063832427845,2.218199413332215,2.2433435863436597
