clean_file,enhanced_file,sampling_rate,PESQ,SI_SDR,STOI,DNSMOS_p808_mos,DNSMOS_mos_sig,DNSMOS_mos_bak,DNSMOS_mos_ovr
p104_nonverbal_screaming,WF_p104_nonverbal_screaming_fold10_197554-2-0-74_SNR5dB.wav,16000,1.5061633586883545,6.622729778289795,0.5877535343170166,2.748138325554984,3.1770291648863784,1.6972121718516742,1.736456646883711
