clean_file,enhanced_file,sampling_rate,PESQ,SI_SDR,STOI,DNSMOS_p808_mos,DNSMOS_mos_sig,DNSMOS_mos_bak,DNSMOS_mos_ovr
p105_interjection_anger,WF_p105_interjection_anger_fold10_73524-0-0-101_SNR5dB.wav,16000,2.1055548191070557,11.01419448852539,0.7047673463821411,2.9220340933118547,3.105195184772891,2.5016116299153808,2.3205061047677478
