clean_file,enhanced_file,sampling_rate,PESQ,SI_SDR,STOI,DNSMOS_p808_mos,DNSMOS_mos_sig,DNSMOS_mos_bak,DNSMOS_mos_ovr
p102_rainbow_05_regular,WF_p102_rainbow_05_regular_fold10_162134-7-12-2_SNR5dB.wav,16000,1.0745532512664795,5.8684868812561035,0.7410964369773865,2.1547830581665037,4.0326413250487185,1.972531080175407,2.496624259862168
