clean_file,enhanced_file,sampling_rate,PESQ,SI_SDR,STOI,DNSMOS_p808_mos,DNSMOS_mos_sig,DNSMOS_mos_bak,DNSMOS_mos_ovr
p102_emo_guilt_sentences,WF_p102_emo_guilt_sentences_fold10_15544-5-0-13_SNR5dB.wav,16000,1.4966076612472534,9.253329277038574,0.802915632724762,2.8546347618103027,3.9831424612909396,2.495374380944363,2.752217019412749
