clean_file,enhanced_file,sampling_rate,PESQ,SI_SDR,STOI,DNSMOS_p808_mos,DNSMOS_mos_sig,DNSMOS_mos_bak,DNSMOS_mos_ovr
p105_rainbow_02_loud,WF_p105_rainbow_02_loud_fold10_73524-0-0-74_SNR5dB.wav,16000,1.6593017578125,7.352457046508789,0.7938529849052429,3.113266570227487,3.6513007285398262,3.0427026467374776,2.8589548743418263
