clean_file,enhanced_file,sampling_rate,PESQ,SI_SDR,STOI,DNSMOS_p808_mos,DNSMOS_mos_sig,DNSMOS_mos_bak,DNSMOS_mos_ovr
p103_rainbow_03_fast,WF_p103_rainbow_03_fast_fold10_178261-7-3-4_SNR5dB.wav,16000,1.1299912929534912,8.190469741821289,0.8719320297241211,2.3997795581817627,3.8782138155760584,2.311659519307924,2.5899238299149876
