clean_file,enhanced_file,sampling_rate,PESQ,SI_SDR,STOI,DNSMOS_p808_mos,DNSMOS_mos_sig,DNSMOS_mos_bak,DNSMOS_mos_ovr
p105_rainbow_07_regular,WF_p105_rainbow_07_regular_fold10_74922-4-0-4_SNR5dB.wav,16000,1.1734830141067505,9.317437171936035,0.72746342420578,2.8827626364571706,3.9345330891446157,2.4557030670051163,2.7132845654363136
