clean_file,enhanced_file,sampling_rate,PESQ,SI_SDR,STOI,DNSMOS_p808_mos,DNSMOS_mos_sig,DNSMOS_mos_bak,DNSMOS_mos_ovr
p102_sentences_01_highpitch,WF_p102_sentences_01_highpitch_fold10_162134-7-4-0_SNR5dB.wav,16000,1.0685757398605347,5.936867713928223,0.6749933958053589,2.594370683034261,3.7621860979299098,1.6146015474827884,1.9256664771605008
