clean_file,enhanced_file,sampling_rate,PESQ,SI_SDR,STOI,DNSMOS_p808_mos,DNSMOS_mos_sig,DNSMOS_mos_bak,DNSMOS_mos_ovr
p103_rainbow_01_whisper,WF_p103_rainbow_01_whisper_fold10_175850-1-0-0_SNR5dB.wav,16000,1.1056352853775024,0.13754716515541077,0.4980974495410919,2.885091463724772,2.7521359552225917,3.1641064374021766,2.2232276198533274
