clean_file,enhanced_file,sampling_rate,PESQ,SI_SDR,STOI,DNSMOS_p808_mos,DNSMOS_mos_sig,DNSMOS_mos_bak,DNSMOS_mos_ovr
p105_sentences_20_regular,WF_p105_sentences_20_regular_fold10_83502-0-0-11_SNR5dB.wav,16000,1.2769910097122192,6.044936180114746,0.583034098148346,2.733712809426444,3.944596859765036,2.5152093938666717,2.728938256369798
