clean_file,enhanced_file,sampling_rate,PESQ,SI_SDR,STOI,DNSMOS_p808_mos,DNSMOS_mos_sig,DNSMOS_mos_bak,DNSMOS_mos_ovr
p105_sentences_05_loud,WF_p105_sentences_05_loud_fold10_83191-9-0-0_SNR5dB.wav,16000,1.3739992380142212,4.9281005859375,0.6265254020690918,3.153651339667184,4.11040519882774,2.249470247409582,2.689614253971791
