clean_file,enhanced_file,sampling_rate,PESQ,SI_SDR,STOI,DNSMOS_p808_mos,DNSMOS_mos_sig,DNSMOS_mos_bak,DNSMOS_mos_ovr
p104_rainbow_06_regular,WF_p104_rainbow_06_regular_fold10_207213-2-0-85_SNR5dB.wav,16000,1.193652629852295,5.258574962615967,0.7895803451538086,2.9900166193644204,3.8327217027100886,1.8435970162074664,2.243196891481974
