clean_file,enhanced_file,sampling_rate,PESQ,SI_SDR,STOI,DNSMOS_p808_mos,DNSMOS_mos_sig,DNSMOS_mos_bak,DNSMOS_mos_ovr
p106_emo_amusement_freeform,WF_p106_emo_amusement_freeform_fold10_84249-9-0-6_SNR5dB.wav,16000,1.1826720237731934,7.698261737823486,0.6903566122055054,2.450113092150007,2.699302190067249,1.8406623985850588,1.7100211790525044
