clean_file,enhanced_file,sampling_rate,PESQ,SI_SDR,STOI,DNSMOS_p808_mos,DNSMOS_mos_sig,DNSMOS_mos_bak,DNSMOS_mos_ovr
p103_interjection_greetings,WF_p103_interjection_greetings_fold10_172519-9-0-53_SNR5dB.wav,16000,1.2594239711761475,5.451380729675293,0.6964409351348877,2.542478016444615,3.7884048879572765,1.6263460465728674,2.0655561005912566
