clean_file,enhanced_file,sampling_rate,PESQ,SI_SDR,STOI,DNSMOS_p808_mos,DNSMOS_mos_sig,DNSMOS_mos_bak,DNSMOS_mos_ovr
p101_vegetative_coughing,WF_p101_vegetative_coughing_fold10_147491-9-0-0_SNR5dB.wav,16000,1.7317055463790894,5.8582658767700195,0.6558383107185364,2.235792636871338,2.7990491871919105,1.9537858469162632,1.6925253814979708
