clean_file,enhanced_file,sampling_rate,PESQ,SI_SDR,STOI,DNSMOS_p808_mos,DNSMOS_mos_sig,DNSMOS_mos_bak,DNSMOS_mos_ovr
p101_sentences_12_highpitch,WF_p101_sentences_12_highpitch_fold10_14468-3-0-2_SNR5dB.wav,16000,1.2654054164886475,5.788815498352051,0.7102890610694885,2.4590468406677246,3.5139752319876605,1.8906048361287802,2.0998852913032175
