clean_file,enhanced_file,sampling_rate,PESQ,SI_SDR,STOI,DNSMOS_p808_mos,DNSMOS_mos_sig,DNSMOS_mos_bak,DNSMOS_mos_ovr
p104_sentences_01_fast,WF_p104_sentences_01_fast_fold10_26173-8-0-0_SNR5dB.wav,16000,1.3985713720321655,6.548311233520508,0.8048580884933472,3.53521736462911,4.136647599024766,2.0136964777585553,2.615181497104532
