clean_file,enhanced_file,sampling_rate,PESQ,SI_SDR,STOI,DNSMOS_p808_mos,DNSMOS_mos_sig,DNSMOS_mos_bak,DNSMOS_mos_ovr
p103_sentences_01_whisper,WF_p103_sentences_01_whisper_fold10_181624-4-8-0_SNR5dB.wav,16000,1.059919834136963,-1.0869040489196777,0.30670619010925293,2.6305420058114186,1.929075573245705,3.4242916547956503,1.7254379273447984
