clean_file,enhanced_file,sampling_rate,PESQ,SI_SDR,STOI,DNSMOS_p808_mos,DNSMOS_mos_sig,DNSMOS_mos_bak,DNSMOS_mos_ovr
p102_rainbow_03_regular,WF_p102_rainbow_03_regular_fold10_162134-7-10-0_SNR5dB.wav,16000,1.0760565996170044,6.0786943435668945,0.7121402025222778,2.4393953680992126,4.101234793000801,1.643484905173194,2.1336936813934755
