clean_file,enhanced_file,sampling_rate,PESQ,SI_SDR,STOI,DNSMOS_p808_mos,DNSMOS_mos_sig,DNSMOS_mos_bak,DNSMOS_mos_ovr
p105_emo_contentment_freeform,WF_p105_emo_contentment_freeform_fold10_39847-5-0-7_SNR5dB.wav,16000,1.1919103860855103,6.673511505126953,0.5397699475288391,2.143047273159027,2.4202298798313606,2.4257988067393583,1.623291005656679
