clean_file,enhanced_file,sampling_rate,PESQ,SI_SDR,STOI,DNSMOS_p808_mos,DNSMOS_mos_sig,DNSMOS_mos_bak,DNSMOS_mos_ovr
p104_emo_neutral_sentences,WF_p104_emo_neutral_sentences_fold10_189985-0-0-1_SNR5dB.wav,16000,1.5466821193695068,9.696721076965332,0.6142228841781616,3.0404216647148132,2.9074994346804237,2.879517163016978,2.2167596277481025
