clean_file,enhanced_file,sampling_rate,PESQ,SI_SDR,STOI,DNSMOS_p808_mos,DNSMOS_mos_sig,DNSMOS_mos_bak,DNSMOS_mos_ovr
p105_sentences_01_fast,WF_p105_sentences_01_fast_fold10_77901-9-0-7_SNR5dB.wav,16000,1.161423921585083,6.754866123199463,0.7294465899467468,2.721853494644165,3.9985611644335686,1.9802145898121875,2.448325048049305
