clean_file,enhanced_file,sampling_rate,PESQ,SI_SDR,STOI,DNSMOS_p808_mos,DNSMOS_mos_sig,DNSMOS_mos_bak,DNSMOS_mos_ovr
p101_sentences_01_lowpitch,WF_p101_sentences_01_lowpitch_fold10_129750-2-0-37_SNR5dB.wav,16000,1.2991279363632202,5.204943656921387,0.7949810028076172,2.8466103076934814,3.7280195458853327,1.8027877424430492,2.147882449739635
