clean_file,enhanced_file,sampling_rate,PESQ,SI_SDR,STOI,DNSMOS_p808_mos,DNSMOS_mos_sig,DNSMOS_mos_bak,DNSMOS_mos_ovr
p102_rainbow_08_whisper,WF_p102_rainbow_08_whisper_fold10_162134-7-2-0_SNR5dB.wav,16000,1.0508830547332764,5.686670303344727,0.46786564588546753,2.67273279598781,1.0527286992049576,2.2716249867287446,0.9567765327539676
