clean_file,enhanced_file,sampling_rate,PESQ,SI_SDR,STOI,DNSMOS_p808_mos,DNSMOS_mos_sig,DNSMOS_mos_bak,DNSMOS_mos_ovr
p102_rainbow_04_slow,WF_p102_rainbow_04_slow_fold10_162134-7-11-4_SNR5dB.wav,16000,1.0659586191177368,5.939727306365967,0.7465673089027405,2.3877116203308106,4.225756133232467,1.723154285683701,2.3284152244612484
