clean_file,enhanced_file,sampling_rate,PESQ,SI_SDR,STOI,DNSMOS_p808_mos,DNSMOS_mos_sig,DNSMOS_mos_bak,DNSMOS_mos_ovr
p103_emo_neutral_freeform,WF_p103_emo_neutral_freeform_fold10_167464-0-0-9_SNR5dB.wav,16000,1.3166509866714478,7.431619167327881,0.6693274974822998,3.0508004824320474,3.609340751789295,2.9574164693740825,2.679340106824188
