clean_file,enhanced_file,sampling_rate,PESQ,SI_SDR,STOI,DNSMOS_p808_mos,DNSMOS_mos_sig,DNSMOS_mos_bak,DNSMOS_mos_ovr
p105_emo_sadness_freeform,WF_p105_emo_sadness_freeform_fold10_72538-3-0-0_SNR5dB.wav,16000,1.4878864288330078,4.293798923492432,0.6090847849845886,3.5541032552719116,3.7152157078693033,2.3432060116878213,2.428680261564256
