clean_file,enhanced_file,sampling_rate,PESQ,SI_SDR,STOI,DNSMOS_p808_mos,DNSMOS_mos_sig,DNSMOS_mos_bak,DNSMOS_mos_ovr
p104_rainbow_03_whisper,WF_p104_rainbow_03_whisper_fold10_202334-9-0-202_SNR5dB.wav,16000,1.113389015197754,2.3041152954101562,0.6195909976959229,2.4818412917000905,2.1468705207632732,2.8816156588167003,1.819743207970715
