clean_file,enhanced_file,sampling_rate,PESQ,SI_SDR,STOI,DNSMOS_p808_mos,DNSMOS_mos_sig,DNSMOS_mos_bak,DNSMOS_mos_ovr
p105_sentences_22_regular,WF_p105_sentences_22_regular_fold10_83502-0-0-13_SNR5dB.wav,16000,1.161322832107544,5.7442708015441895,0.5547589659690857,2.8068881375449046,3.853526014036842,2.220547364475745,2.517902592380776
