clean_file,enhanced_file,sampling_rate,PESQ,SI_SDR,STOI,DNSMOS_p808_mos,DNSMOS_mos_sig,DNSMOS_mos_bak,DNSMOS_mos_ovr
p102_sentences_02_regular,WF_p102_sentences_02_regular_fold10_162134-7-8-5_SNR5dB.wav,16000,1.0801024436950684,6.526691436767578,0.7145442366600037,2.536949634552002,3.6860638855634775,1.7991020560330333,2.1795672025427093
