clean_file,enhanced_file,sampling_rate,PESQ,SI_SDR,STOI,DNSMOS_p808_mos,DNSMOS_mos_sig,DNSMOS_mos_bak,DNSMOS_mos_ovr
p104_emo_embarassment_freeform,WF_p104_emo_embarassment_freeform_fold10_189982-0-0-36_SNR5dB.wav,16000,1.4008115530014038,11.136178970336914,0.6425620317459106,2.6292691826820374,3.089995305348023,2.931081710754771,2.443761411975225
