clean_file,enhanced_file,sampling_rate,PESQ,SI_SDR,STOI,DNSMOS_p808_mos,DNSMOS_mos_sig,DNSMOS_mos_bak,DNSMOS_mos_ovr
p105_sentences_18_regular,WF_p105_sentences_18_regular_fold10_83502-0-0-1_SNR5dB.wav,16000,1.1116118431091309,5.873486518859863,0.5664229989051819,2.632025820868356,3.9034987525424034,3.007187814111393,2.9505216906014615
