clean_file,enhanced_file,sampling_rate,PESQ,SI_SDR,STOI,DNSMOS_p808_mos,DNSMOS_mos_sig,DNSMOS_mos_bak,DNSMOS_mos_ovr
p102_emo_desire_sentences,WF_p102_emo_desire_sentences_fold10_155280-2-0-10_SNR5dB.wav,16000,1.875612497329712,5.688746452331543,0.9106888771057129,3.5315701961517334,3.8891849373142957,2.682376256713019,2.8242984175291497
