clean_file,enhanced_file,sampling_rate,PESQ,SI_SDR,STOI,DNSMOS_p808_mos,DNSMOS_mos_sig,DNSMOS_mos_bak,DNSMOS_mos_ovr
p102_sentences_02_highpitch,WF_p102_sentences_02_highpitch_fold10_162134-7-8-2_SNR5dB.wav,16000,1.0645596981048584,7.814830780029297,0.6563521027565002,2.100690484046936,3.7908421411211357,1.5116380605782767,1.8577764765402778
