clean_file,enhanced_file,sampling_rate,PESQ,SI_SDR,STOI,DNSMOS_p808_mos,DNSMOS_mos_sig,DNSMOS_mos_bak,DNSMOS_mos_ovr
p105_rainbow_05_regular,WF_p105_rainbow_05_regular_fold10_74364-8-1-25_SNR5dB.wav,16000,1.2809607982635498,4.264552116394043,0.7654560208320618,2.9400175639561246,4.075701556792741,2.1751689014648328,2.6446245782000433
