clean_file,enhanced_file,sampling_rate,PESQ,SI_SDR,STOI,DNSMOS_p808_mos,DNSMOS_mos_sig,DNSMOS_mos_bak,DNSMOS_mos_ovr
p106_emo_sadness_freeform,WF_p106_emo_sadness_freeform_fold10_99192-4-0-15_SNR5dB.wav,16000,1.079690933227539,4.9632368087768555,0.6919533610343933,2.4090492725372314,3.7346589158700705,2.398418250819476,2.2955921846052574
