clean_file,enhanced_file,sampling_rate,PESQ,SI_SDR,STOI,DNSMOS_p808_mos,DNSMOS_mos_sig,DNSMOS_mos_bak,DNSMOS_mos_ovr
p106_emo_interest_sentences,WF_p106_emo_interest_sentences_fold10_93567-8-0-3_SNR5dB.wav,16000,1.319556474685669,8.832887649536133,0.5775859951972961,2.609123150507609,2.4210544776740286,2.150416430230681,1.7469468650148883
