clean_file,enhanced_file,sampling_rate,PESQ,SI_SDR,STOI,DNSMOS_p808_mos,DNSMOS_mos_sig,DNSMOS_mos_bak,DNSMOS_mos_ovr
p105_emo_embarassment_sentences,WF_p105_emo_embarassment_sentences_fold10_54086-1-2-0_SNR5dB.wav,16000,1.3545756340026855,5.119170665740967,0.7046797275543213,3.309901762008667,3.656604629448057,2.0237570788489396,2.1678016713878856
