clean_file,enhanced_file,sampling_rate,PESQ,SI_SDR,STOI,DNSMOS_p808_mos,DNSMOS_mos_sig,DNSMOS_mos_bak,DNSMOS_mos_ovr
p101_sentences_18_regular,WF_p101_sentences_18_regular_fold10_14470-2-0-21_SNR5dB.wav,16000,1.371584177017212,4.501055717468262,0.731360912322998,2.9821627140045166,3.743201680499789,2.3040524222624312,2.585394170656517
