clean_file,enhanced_file,sampling_rate,PESQ,SI_SDR,STOI,DNSMOS_p808_mos,DNSMOS_mos_sig,DNSMOS_mos_bak,DNSMOS_mos_ovr
p105_emo_neutral_freeform,WF_p105_emo_neutral_freeform_fold10_69661-3-0-29_SNR5dB.wav,16000,1.3085806369781494,1.6424764394760132,0.46478408575057983,2.8936355113983154,4.020234917661593,3.0370580960588214,3.027538765294275
