clean_file,enhanced_file,sampling_rate,PESQ,SI_SDR,STOI,DNSMOS_p808_mos,DNSMOS_mos_sig,DNSMOS_mos_bak,DNSMOS_mos_ovr
p103_sentences_02_slow,WF_p103_sentences_02_slow_fold10_187110-2-0-30_SNR5dB.wav,16000,1.284468412399292,6.451378345489502,0.6621317863464355,2.826024394286306,3.3562300800870055,2.4414020855927037,2.4387376061944135
