clean_file,enhanced_file,sampling_rate,PESQ,SI_SDR,STOI,DNSMOS_p808_mos,DNSMOS_mos_sig,DNSMOS_mos_bak,DNSMOS_mos_ovr
p104_emo_extasy_freeform,WF_p104_emo_extasy_freeform_fold10_189982-0-0-39_SNR5dB.wav,16000,1.4236841201782227,11.500311851501465,0.6559664607048035,2.9517837251935686,3.309971298523984,2.4627529966980686,2.4140017189418006
