clean_file,enhanced_file,sampling_rate,PESQ,SI_SDR,STOI,DNSMOS_p808_mos,DNSMOS_mos_sig,DNSMOS_mos_bak,DNSMOS_mos_ovr
p104_sentences_01_highpitch,WF_p104_sentences_01_highpitch_fold10_26255-3-0-0_SNR5dB.wav,16000,1.1123055219650269,6.987063407897949,0.7320979237556458,2.517045497894287,4.135902306772866,2.067274822637535,2.6334508678781177
