clean_file,enhanced_file,sampling_rate,PESQ,SI_SDR,STOI,DNSMOS_p808_mos,DNSMOS_mos_sig,DNSMOS_mos_bak,DNSMOS_mos_ovr
p104_sentences_16_regular,WF_p104_sentences_16_regular_fold10_28808-1-1-1_SNR5dB.wav,16000,1.2892370223999023,8.58767032623291,0.6646560430526733,2.7620819211006165,3.0680232187899037,2.4246657152593087,2.2759807432207735
