clean_file,enhanced_file,sampling_rate,PESQ,SI_SDR,STOI,DNSMOS_p808_mos,DNSMOS_mos_sig,DNSMOS_mos_bak,DNSMOS_mos_ovr
p101_rainbow_07_highpitch,WF_p101_rainbow_07_highpitch_fold10_118558-5-2-2_SNR5dB.wav,16000,1.3425222635269165,11.359864234924316,0.8616687059402466,2.722086191177368,2.992659169762747,2.3055177609034425,2.0953026644347106
