clean_file,enhanced_file,sampling_rate,PESQ,SI_SDR,STOI,DNSMOS_p808_mos,DNSMOS_mos_sig,DNSMOS_mos_bak,DNSMOS_mos_ovr
p104_sentences_24_regular,WF_p104_sentences_24_regular_fold10_34050-7-2-0_SNR5dB.wav,16000,1.1448183059692383,7.974616050720215,0.6885976791381836,2.5074073246547153,4.007444002125583,2.005985452147288,2.450817567787388
