clean_file,enhanced_file,sampling_rate,PESQ,SI_SDR,STOI,DNSMOS_p808_mos,DNSMOS_mos_sig,DNSMOS_mos_bak,DNSMOS_mos_ovr
p101_rainbow_01_slow,WF_p101_rainbow_01_slow_fold10_115241-9-0-8_SNR5dB.wav,16000,1.170240044593811,3.012002944946289,0.6865980625152588,2.4093662897745767,3.398676685121217,2.163544271398106,2.3811223622096698
