clean_file,enhanced_file,sampling_rate,PESQ,SI_SDR,STOI,DNSMOS_p808_mos,DNSMOS_mos_sig,DNSMOS_mos_bak,DNSMOS_mos_ovr
p101_emo_amazement_freeform,WF_p101_emo_amazement_freeform_fold10_101382-2-0-10_SNR15dB.wav,16000,1.6841764450073242,12.007063865661621,0.6846528649330139,2.9891809940338137,4.032992369673596,2.4751980873769392,2.875084307168846
