clean_file,enhanced_file,sampling_rate,PESQ,SI_SDR,STOI,DNSMOS_p808_mos,DNSMOS_mos_sig,DNSMOS_mos_bak,DNSMOS_mos_ovr
p101_emo_amazement_freeform,WF_p101_emo_amazement_freeform_fold10_101382-2-0-10_SNR15dB.wav,16000,1.6446762084960938,12.394000053405762,0.684991717338562,3.0089066505432127,4.017887965839206,2.5390121115451887,2.9152981838414345
