clean_file,enhanced_file,sampling_rate,PESQ,SI_SDR,STOI,DNSMOS_p808_mos,DNSMOS_mos_sig,DNSMOS_mos_bak,DNSMOS_mos_ovr
p101_emo_amusement_sentences,WF_p101_emo_amusement_sentences_fold10_118278-4-0-0_SNR15dB.wav,16000,2.5537874698638916,16.765939712524414,0.9553369879722595,3.3337335927145824,4.1464938093325925,2.6474991207967604,2.9842996127699464
