clean_file,enhanced_file,sampling_rate,PESQ,SI_SDR,STOI,DNSMOS_p808_mos,DNSMOS_mos_sig,DNSMOS_mos_bak,DNSMOS_mos_ovr
p101_emo_anger_freeform,WF_p101_emo_anger_freeform_fold10_119067-0-0-0_SNR15dB.wav,16000,2.0524775981903076,17.691938400268555,0.9024708271026611,2.8989788464137485,2.913441543548832,2.5419128566695206,2.271409429095049
