clean_file,enhanced_file,sampling_rate,PESQ,SI_SDR,STOI,DNSMOS_p808_mos,DNSMOS_mos_sig,DNSMOS_mos_bak,DNSMOS_mos_ovr
p101_emo_anger_freeform,WF_p101_emo_anger_freeform_fold10_119067-0-0-0_SNR15dB.wav,16000,2.0544025897979736,17.51835060119629,0.9010521769523621,2.9178524698529924,2.872624997747485,2.5486386955346854,2.2324789452967586
