clean_file,enhanced_file,sampling_rate,PESQ,SI_SDR,STOI,DNSMOS_p808_mos,DNSMOS_mos_sig,DNSMOS_mos_bak,DNSMOS_mos_ovr
p101_emo_adoration_freeform,WF_p101_emo_adoration_freeform_fold10_100648-1-0-0_SNR15dB.wav,16000,1.870056390762329,13.362640380859375,0.7381324172019958,2.8341851915631975,3.310957130458594,2.9662406200829454,2.543347214489713
