clean_file,enhanced_file,sampling_rate,PESQ,SI_SDR,STOI,DNSMOS_p808_mos,DNSMOS_mos_sig,DNSMOS_mos_bak,DNSMOS_mos_ovr
p101_emo_adoration_sentences,WF_p101_emo_adoration_sentences_fold10_100795-3-0-0_SNR15dB.wav,16000,2.2354736328125,14.203081130981445,0.9162436127662659,3.8160018920898438,4.301039261518081,3.1812864283376063,3.4035372636032246
