clean_file,enhanced_file,sampling_rate,PESQ,SI_SDR,STOI,DNSMOS_p808_mos,DNSMOS_mos_sig,DNSMOS_mos_bak,DNSMOS_mos_ovr
p101_emo_anger_freeform,WF_p101_emo_anger_freeform_fold10_119067-0-0-0_SNR15dB.wav,16000,2.009488105773926,16.738428115844727,0.8932335376739502,2.8937549931662425,2.758449840184815,2.52313721361731,2.1417181001591667
