clean_file,enhanced_file,sampling_rate,PESQ,SI_SDR,STOI,DNSMOS_p808_mos,DNSMOS_mos_sig,DNSMOS_mos_bak,DNSMOS_mos_ovr
p101_emo_anger_sentences,WF_p101_emo_anger_sentences_fold10_157207-6-0-0_SNR15dB.wav,16000,2.7909131050109863,15.178890228271484,0.9818760752677917,3.6233618600027904,4.384746329424634,2.674833310977445,3.2328703127419733
