clean_file,enhanced_file,sampling_rate,PESQ,SI_SDR,STOI,DNSMOS_p808_mos,DNSMOS_mos_sig,DNSMOS_mos_bak,DNSMOS_mos_ovr
p101_emo_confusion_freeform,WF_p101_emo_confusion_freeform_fold10_159742-8-0-0_SNR15dB.wav,16000,2.0683586597442627,13.014904022216797,0.8544574975967407,3.312718311945597,4.2535690672451985,2.4228832041642545,2.8837808197322734
