clean_file,enhanced_file,sampling_rate,PESQ,SI_SDR,STOI,DNSMOS_p808_mos,DNSMOS_mos_sig,DNSMOS_mos_bak,DNSMOS_mos_ovr
p101_emo_confusion_freeform,WF_p101_emo_confusion_freeform_fold10_159742-8-0-0_SNR15dB.wav,16000,2.0748250484466553,13.050423622131348,0.8597084879875183,3.242074489593506,4.265784048170604,2.550744647049507,2.9431627516993957
