clean_file,enhanced_file,sampling_rate,PESQ,SI_SDR,STOI,DNSMOS_p808_mos,DNSMOS_mos_sig,DNSMOS_mos_bak,DNSMOS_mos_ovr
p101_emo_amusement_sentences,WF_p101_emo_amusement_sentences_fold10_118278-4-0-0_SNR15dB.wav,16000,2.5248870849609375,16.253496170043945,0.9561562538146973,3.357748883111136,4.089068762094095,2.9191875703767862,3.1186274042872166
