clean_file,enhanced_file,sampling_rate,PESQ,SI_SDR,STOI,DNSMOS_p808_mos,DNSMOS_mos_sig,DNSMOS_mos_bak,DNSMOS_mos_ovr
p101_emo_anger_sentences,WF_p101_emo_anger_sentences_fold10_157207-6-0-0_SNR15dB.wav,16000,2.904137372970581,15.307284355163574,0.983614981174469,3.602548122406006,4.40871803490447,2.8643883134660335,3.353504264841014
