clean_file,enhanced_file,sampling_rate,PESQ,SI_SDR,STOI,DNSMOS_p808_mos,DNSMOS_mos_sig,DNSMOS_mos_bak,DNSMOS_mos_ovr
p101_emo_amazement_freeform,WF_p101_emo_amazement_freeform_fold10_101382-2-0-10_SNR15dB.wav,16000,1.6541693210601807,11.627569198608398,0.681469738483429,3.011219882965088,4.025855209814541,2.5571791957620746,2.9078547382691617
