clean_file,enhanced_file,sampling_rate,PESQ,SI_SDR,STOI,DNSMOS_p808_mos,DNSMOS_mos_sig,DNSMOS_mos_bak,DNSMOS_mos_ovr
p101_emo_amazement_sentences,WF_p101_emo_amazement_sentences_fold10_102857-5-0-0_SNR15dB.wav,16000,3.120898962020874,16.502948760986328,0.8985679149627686,3.6351545810699464,4.341178270663103,3.56386559412537,3.6822459513491643
