clean_file,enhanced_file,sampling_rate,PESQ,SI_SDR,STOI,DNSMOS_p808_mos,DNSMOS_mos_sig,DNSMOS_mos_bak,DNSMOS_mos_ovr
p101_emo_amusement_sentences,WF_p101_emo_amusement_sentences_fold10_118278-4-0-0_SNR15dB.wav,16000,2.4426746368408203,15.996742248535156,0.9591038227081299,3.28919472013201,4.229544012368453,2.697982312402506,3.081908084670194
