clean_file,enhanced_file,sampling_rate,PESQ,SI_SDR,STOI,DNSMOS_p808_mos,DNSMOS_mos_sig,DNSMOS_mos_bak,DNSMOS_mos_ovr
p101_emo_confusion_freeform,WF_p101_emo_confusion_freeform_fold10_159742-8-0-0_SNR15dB.wav,16000,2.0659914016723633,13.019676208496094,0.8540200591087341,3.3083457152048745,4.282105434534175,2.4845338355244726,2.937878827790744
