clean_file,enhanced_file,sampling_rate,PESQ,SI_SDR,STOI,DNSMOS_p808_mos,DNSMOS_mos_sig,DNSMOS_mos_bak,DNSMOS_mos_ovr
p101_emo_adoration_sentences,WF_p101_emo_adoration_sentences_fold10_100795-3-0-0_SNR15dB.wav,16000,2.2297589778900146,14.16874885559082,0.9160059690475464,3.815460205078125,4.284784313516237,3.1282618583628894,3.3540739699761004
