clean_file,enhanced_file,sampling_rate,PESQ,SI_SDR,STOI,DNSMOS_p808_mos,DNSMOS_mos_sig,DNSMOS_mos_bak,DNSMOS_mos_ovr
p101_emo_anger_sentences,WF_p101_emo_anger_sentences_fold10_157207-6-0-0_SNR15dB.wav,16000,2.783165216445923,15.187479019165039,0.9817737936973572,3.6205755983080183,4.373203330678279,2.730270104194428,3.2556314791615195
