clean_file,enhanced_file,sampling_rate,PESQ,SI_SDR,STOI,DNSMOS_p808_mos,DNSMOS_mos_sig,DNSMOS_mos_bak,DNSMOS_mos_ovr
p101_emo_adoration_sentences,WF_p101_emo_adoration_sentences_fold10_100795-3-0-0_SNR15dB.wav,16000,2.239738941192627,14.22996711730957,0.9164320826530457,3.818145275115967,4.294728153242795,3.187447036223861,3.4026824156321243
