clean_file,enhanced_file,sampling_rate,PESQ,SI_SDR,STOI,DNSMOS_p808_mos,DNSMOS_mos_sig,DNSMOS_mos_bak,DNSMOS_mos_ovr
p101_emo_amazement_freeform,WF_p101_emo_amazement_freeform_fold10_101382-2-0-10_SNR15dB.wav,16000,1.6403172016143799,11.558029174804688,0.6803741455078125,2.9918984889984133,4.040871180633964,2.5544768852294446,2.916295358753188
