clean_file,enhanced_file,sampling_rate,PESQ,SI_SDR,STOI,DNSMOS_p808_mos,DNSMOS_mos_sig,DNSMOS_mos_bak,DNSMOS_mos_ovr
p101_emo_anger_freeform,WF_p101_emo_anger_freeform_fold10_119067-0-0-0_SNR15dB.wav,16000,2.0282459259033203,17.39864158630371,0.8999168872833252,2.9158129010881697,2.9041796559049904,2.4647795957221232,2.2095047838079367
