clean_file,enhanced_file,sampling_rate,PESQ,SI_SDR,STOI,DNSMOS_p808_mos,DNSMOS_mos_sig,DNSMOS_mos_bak,DNSMOS_mos_ovr
p101_emo_confusion_sentences,WF_p101_emo_confusion_sentences_fold10_162134-7-0-0_SNR15dB.wav,16000,2.151827812194824,15.598807334899902,0.5292723178863525,2.692812238420759,3.483329431448091,2.2361846366638303,2.259124857118587
