clean_file,enhanced_file,sampling_rate,PESQ,SI_SDR,STOI,DNSMOS_p808_mos,DNSMOS_mos_sig,DNSMOS_mos_bak,DNSMOS_mos_ovr
p101_emo_amusement_freeform,WF_p101_emo_amusement_freeform_fold10_115241-9-0-1_SNR15dB.wav,16000,1.7197651863098145,13.974757194519043,0.8299323916435242,2.7251496655600413,3.4805284386435527,2.686081442093014,2.668867467586498
