clean_file,enhanced_file,sampling_rate,PESQ,SI_SDR,STOI,DNSMOS_p808_mos,DNSMOS_mos_sig,DNSMOS_mos_bak,DNSMOS_mos_ovr
p101_emo_adoration_freeform,WF_p101_emo_adoration_freeform_fold10_100648-1-0-0_SNR15dB.wav,16000,1.8669071197509766,13.240341186523438,0.7387089729309082,2.8341073308672224,3.326463827946352,2.9579311461399027,2.5587508543629305
