clean_file,enhanced_file,sampling_rate,PESQ,SI_SDR,STOI,DNSMOS_p808_mos,DNSMOS_mos_sig,DNSMOS_mos_bak,DNSMOS_mos_ovr
p101_emo_amusement_sentences,WF_p101_emo_amusement_sentences_fold10_118278-4-0-0_SNR15dB.wav,16000,2.4291062355041504,15.942562103271484,0.959303617477417,3.274090528488159,4.236881231697811,2.6689079042022015,3.069331384464545
