clean_file,enhanced_file,sampling_rate,PESQ,SI_SDR,STOI,DNSMOS_p808_mos,DNSMOS_mos_sig,DNSMOS_mos_bak,DNSMOS_mos_ovr
p101_emo_amusement_sentences,WF_p101_emo_amusement_sentences_fold10_118278-4-0-0_SNR15dB.wav,16000,2.5504672527313232,16.737415313720703,0.9554039835929871,3.3327414648873463,4.146817647809013,2.637000878638031,2.976782158995184
