clean_file,enhanced_file,sampling_rate,PESQ,SI_SDR,STOI,DNSMOS_p808_mos,DNSMOS_mos_sig,DNSMOS_mos_bak,DNSMOS_mos_ovr
p101_emo_confusion_sentences,WF_p101_emo_confusion_sentences_fold10_162134-7-0-0_SNR15dB.wav,16000,2.1509201526641846,15.028602600097656,0.532407820224762,2.742841516222273,3.409965638289517,2.3298790355621426,2.2613956777461
