clean_file,enhanced_file,sampling_rate,PESQ,SI_SDR,STOI,DNSMOS_p808_mos,DNSMOS_mos_sig,DNSMOS_mos_bak,DNSMOS_mos_ovr
p101_emo_amusement_freeform,WF_p101_emo_amusement_freeform_fold10_115241-9-0-1_SNR15dB.wav,16000,1.7213044166564941,14.012744903564453,0.8303825259208679,2.728660924094064,3.464289601664597,2.6817480738104673,2.656749455437356
