clean_file,enhanced_file,sampling_rate,PESQ,SI_SDR,STOI,DNSMOS_p808_mos,DNSMOS_mos_sig,DNSMOS_mos_bak,DNSMOS_mos_ovr
p101_emo_adoration_freeform,WF_p101_emo_adoration_freeform_fold10_100648-1-0-0_SNR15dB.wav,16000,1.9375600814819336,14.463286399841309,0.7442068457603455,2.8127487046378,3.5326464995700193,2.8660801780902174,2.6490571744556903
