clean_file,enhanced_file,sampling_rate,PESQ,SI_SDR,STOI,DNSMOS_p808_mos,DNSMOS_mos_sig,DNSMOS_mos_bak,DNSMOS_mos_ovr
p101_emo_amusement_freeform,WF_p101_emo_amusement_freeform_fold10_115241-9-0-1_SNR15dB.wav,16000,1.7075047492980957,13.835784912109375,0.8284668922424316,2.7192319461277554,3.5034418509410807,2.69238700091244,2.686246184363339
