clean_file,enhanced_file,sampling_rate,PESQ,SI_SDR,STOI,DNSMOS_p808_mos,DNSMOS_mos_sig,DNSMOS_mos_bak,DNSMOS_mos_ovr
p101_emo_amazement_sentences,WF_p101_emo_amazement_sentences_fold10_102857-5-0-0_SNR15dB.wav,16000,3.129713535308838,16.52482032775879,0.899501383304596,3.6395609855651854,4.337985786993661,3.5686527048495575,3.6843111963371755
