clean_file,enhanced_file,sampling_rate,PESQ,SI_SDR,STOI,DNSMOS_p808_mos,DNSMOS_mos_sig,DNSMOS_mos_bak,DNSMOS_mos_ovr
p101_emo_amusement_freeform,WF_p101_emo_amusement_freeform_fold10_115241-9-0-1_SNR15dB.wav,16000,1.7241946458816528,14.05990982055664,0.8308549523353577,2.731703042984009,3.4465848394103893,2.673532619840782,2.643380821997681
