clean_file,enhanced_file,sampling_rate,PESQ,SI_SDR,STOI,DNSMOS_p808_mos,DNSMOS_mos_sig,DNSMOS_mos_bak,DNSMOS_mos_ovr
p101_emo_confusion_sentences,WF_p101_emo_confusion_sentences_fold10_162134-7-0-0_SNR15dB.wav,16000,2.1396193504333496,15.587462425231934,0.5309041738510132,2.7414732660566057,3.409909886150955,2.309561482734927,2.263584741089249
