clean_file,enhanced_file,sampling_rate,PESQ,SI_SDR,STOI,DNSMOS_p808_mos,DNSMOS_mos_sig,DNSMOS_mos_bak,DNSMOS_mos_ovr
p101_emo_amusement_freeform,WF_p101_emo_amusement_freeform_fold10_115241-9-0-1_SNR15dB.wav,16000,1.5516273975372314,12.624512672424316,0.8255464434623718,2.674262046813965,3.6080824026642864,2.609815386085983,2.7288711830616457
