clean_file,enhanced_file,sampling_rate,PESQ,SI_SDR,STOI,DNSMOS_p808_mos,DNSMOS_mos_sig,DNSMOS_mos_bak,DNSMOS_mos_ovr
p101_emo_confusion_freeform,WF_p101_emo_confusion_freeform_fold10_159742-8-0-0_SNR15dB.wav,16000,2.065232753753662,12.98183536529541,0.8536641001701355,3.3172783851623535,4.295833755033239,2.4689614290800126,2.936451481488516
