clean_file,enhanced_file,sampling_rate,PESQ,SI_SDR,STOI,DNSMOS_p808_mos,DNSMOS_mos_sig,DNSMOS_mos_bak,DNSMOS_mos_ovr
p101_emo_confusion_sentences,WF_p101_emo_confusion_sentences_fold10_162134-7-0-0_SNR15dB.wav,16000,2.1053009033203125,15.75616455078125,0.5328006744384766,2.789756638663156,3.418828030541984,2.362618981440174,2.2891590533822472
