clean_file,enhanced_file,sampling_rate,PESQ,SI_SDR,STOI,DNSMOS_p808_mos,DNSMOS_mos_sig,DNSMOS_mos_bak,DNSMOS_mos_ovr
p101_emo_adoration_sentences,WF_p101_emo_adoration_sentences_fold10_100795-3-0-0_SNR15dB.wav,16000,2.433887004852295,13.810068130493164,0.9213817119598389,3.8490591049194336,4.222108138566839,2.655977560950986,2.9877994817335116
