clean_file,enhanced_file,sampling_rate,PESQ,SI_SDR,STOI,DNSMOS_p808_mos,DNSMOS_mos_sig,DNSMOS_mos_bak,DNSMOS_mos_ovr
p101_emo_anger_freeform,WF_p101_emo_anger_freeform_fold10_119067-0-0-0_SNR15dB.wav,16000,2.008573532104492,17.349651336669922,0.8995304703712463,2.914562940597534,2.971229705185295,2.433391178433069,2.241477248505626
