clean_file,enhanced_file,sampling_rate,PESQ,SI_SDR,STOI,DNSMOS_p808_mos,DNSMOS_mos_sig,DNSMOS_mos_bak,DNSMOS_mos_ovr
p101_emo_anger_sentences,WF_p101_emo_anger_sentences_fold10_157207-6-0-0_SNR15dB.wav,16000,3.063706398010254,15.164228439331055,0.9855719208717346,3.6569110325404575,4.59661753829396,2.656364791431067,3.3619259509350257
