clean_file,enhanced_file,sampling_rate,PESQ,SI_SDR,STOI,DNSMOS_p808_mos,DNSMOS_mos_sig,DNSMOS_mos_bak,DNSMOS_mos_ovr
p101_emo_confusion_freeform,WF_p101_emo_confusion_freeform_fold10_159742-8-0-0_SNR15dB.wav,16000,2.070237636566162,13.026456832885742,0.8548055291175842,3.325646241505941,4.238087440188571,2.4059726686287193,2.863402909745762
