clean_file,enhanced_file,sampling_rate,PESQ,SI_SDR,STOI,DNSMOS_p808_mos,DNSMOS_mos_sig,DNSMOS_mos_bak,DNSMOS_mos_ovr
p101_emo_confusion_sentences,WF_p101_emo_confusion_sentences_fold10_162134-7-0-0_SNR15dB.wav,16000,2.1560616493225098,15.587023735046387,0.529025137424469,2.6885150500706265,3.4756789977849953,2.2332591473825083,2.248631116876518
