clean_file,enhanced_file,sampling_rate,PESQ,SI_SDR,STOI,DNSMOS_p808_mos,DNSMOS_mos_sig,DNSMOS_mos_bak,DNSMOS_mos_ovr
p101_emo_adoration_sentences,WF_p101_emo_adoration_sentences_fold10_100795-3-0-0_SNR15dB.wav,16000,2.243558406829834,14.254343032836914,0.9165968894958496,3.8195137977600098,4.2901606826083105,3.161403598922164,3.382069409889509
