clean_file,enhanced_file,sampling_rate,PESQ,SI_SDR,STOI,DNSMOS_p808_mos,DNSMOS_mos_sig,DNSMOS_mos_bak,DNSMOS_mos_ovr
p101_emo_amazement_sentences,WF_p101_emo_amazement_sentences_fold10_102857-5-0-0_SNR15dB.wav,16000,3.1270406246185303,16.791215896606445,0.8984005451202393,3.6004894733428956,4.334723518301378,3.414313954340802,3.603612932624299
