clean_file,enhanced_file,sampling_rate,PESQ,SI_SDR,STOI,DNSMOS_p808_mos,DNSMOS_mos_sig,DNSMOS_mos_bak,DNSMOS_mos_ovr
p101_emo_amazement_sentences,WF_p101_emo_amazement_sentences_fold10_102857-5-0-0_SNR15dB.wav,16000,3.1108648777008057,16.477521896362305,0.8982717394828796,3.6361475467681883,4.33929131787041,3.5453637697341867,3.6677435336200483
