clean_file,enhanced_file,sampling_rate,PESQ,SI_SDR,STOI,DNSMOS_p808_mos,DNSMOS_mos_sig,DNSMOS_mos_bak,DNSMOS_mos_ovr
p101_emo_adoration_freeform,WF_p101_emo_adoration_freeform_fold10_100648-1-0-0_SNR15dB.wav,16000,1.914393424987793,13.995092391967773,0.7430279850959778,2.8141960075923373,3.4789046232104144,2.8991940765854562,2.6219602096527743
