clean_file,enhanced_file,sampling_rate,PESQ,SI_SDR,STOI,DNSMOS_p808_mos,DNSMOS_mos_sig,DNSMOS_mos_bak,DNSMOS_mos_ovr
p101_emo_adoration_freeform,WF_p101_emo_adoration_freeform_fold10_100648-1-0-0_SNR15dB.wav,16000,1.863550066947937,12.898917198181152,0.7368691563606262,2.837951796395438,3.3037883653063846,2.9754575191638932,2.5600317439997715
