clean_file,enhanced_file,sampling_rate,PESQ,SI_SDR,STOI,DNSMOS_p808_mos,DNSMOS_mos_sig,DNSMOS_mos_bak,DNSMOS_mos_ovr
p101_emo_amazement_sentences,WF_p101_emo_amazement_sentences_fold10_102857-5-0-0_SNR15dB.wav,16000,3.168379068374634,16.664274215698242,0.8995701670646667,3.6343204975128174,4.268712272961029,3.4465144066529425,3.574418252246037
