clean_file,enhanced_file,sampling_rate,PESQ,SI_SDR,STOI,DNSMOS_p808_mos,DNSMOS_mos_sig,DNSMOS_mos_bak,DNSMOS_mos_ovr
p101_emo_anger_sentences,WF_p101_emo_anger_sentences_fold10_157207-6-0-0_SNR15dB.wav,16000,2.445688009262085,15.098493576049805,0.9718742370605469,3.6585917813437328,4.191608330069358,2.456837125054267,2.9321010082057772
