clean_file,enhanced_file,sampling_rate,PESQ,SI_SDR,STOI,DNSMOS_p808_mos,DNSMOS_mos_sig,DNSMOS_mos_bak,DNSMOS_mos_ovr
p101_emo_amazement_freeform,WF_p101_emo_amazement_freeform_fold10_101382-2-0-10_SNR15dB.wav,16000,1.6297812461853027,11.606497764587402,0.679314136505127,2.9995294570922852,4.047501709205967,2.53401828412357,2.908036407527234
