method,threshold,tpr_sensitivity,fpr,specificity,precision,f1_score
Youden_J (ROC),0.600916862487793,0.6525930858568187,0.3364190653675532,0.6635809346324468,,
Max F1 (PR),0.5202064514160156,0.994498933420616,,,0.9071344740255729,0.9488098634653288
Default,0.5,,,,,
