method,threshold,tpr_sensitivity,fpr,specificity,precision,f1_score
Youden_J (ROC),0.5336846113204956,0.7156627641527217,0.38283410522107086,0.6171658947789291,,
Max F1 (PR),0.19293852150440216,0.9924375702487417,,,0.9176514825089283,0.953580469218236
Default,0.5,,,,,
