{
  "test_mse": 16.259413891074978,
  "test_mae": 3.0816301467106406,
  "test_rel_err": -39.865684521998254
}