clean_file,enhanced_file,sampling_rate,PESQ,SI_SDR,STOI,DNSMOS_p808_mos,DNSMOS_mos_sig,DNSMOS_mos_bak,DNSMOS_mos_ovr
p092_emo_contentment_sentences,P4_validation_Car Nois_10dB_Car Noise_60mph,16000,2.271444320678711,15.211304664611816,0.8260244131088257,3.556135654449463,3.9794524409925467,4.287021555080212,3.5581319924902033
