clean_file,enhanced_file,sampling_rate,PESQ,SI_SDR,STOI,DNSMOS_p808_mos,DNSMOS_mos_sig,DNSMOS_mos_bak,DNSMOS_mos_ovr
p092_emo_contentment_sentences,P4_validation_Car Nois_5dB_Car Noise_60mph,16000,1.8982877731323242,12.517671585083008,0.783245861530304,3.4345245361328125,3.939940747409632,4.051071096391303,3.414984139497719
