clean_file,enhanced_file,sampling_rate,PESQ,SI_SDR,STOI,DNSMOS_p808_mos,DNSMOS_mos_sig,DNSMOS_mos_bak,DNSMOS_mos_ovr
p092_emo_contentment_sentences,P4_validation_Inside T_5dB_Inside Train_1,16000,1.6328375339508057,11.621286392211914,0.7535524964332581,3.331361770629883,3.519894864671069,4.065305339701329,3.084967495097381
