clean_file,enhanced_file,sampling_rate,PESQ,SI_SDR,STOI,DNSMOS_p808_mos,DNSMOS_mos_sig,DNSMOS_mos_bak,DNSMOS_mos_ovr
p092_emo_contentment_sentences,P4_validation_Car Nois_0dB_Car Noise_60mph,16000,1.6001262664794922,9.313291549682617,0.740351676940918,3.4857394695281982,3.2857377945307795,4.247198924243445,2.99385926639545
