clean_file,enhanced_file,sampling_rate,PESQ,SI_SDR,STOI,DNSMOS_p808_mos,DNSMOS_mos_sig,DNSMOS_mos_bak,DNSMOS_mos_ovr
p092_emo_contentment_sentences,P4_validation_Inside T_10dB_Inside Train_1,16000,2.2222418785095215,14.72337818145752,0.8158451318740845,3.5778374671936035,4.157441121476203,4.482738087718809,3.797485530202446
