clean_file,enhanced_file,sampling_rate,PESQ,SI_SDR,STOI,DNSMOS_p808_mos,DNSMOS_mos_sig,DNSMOS_mos_bak,DNSMOS_mos_ovr
p092_emo_contentment_sentences,P4_validation_Inside T_0dB_Inside Train_1,16000,1.3275845050811768,8.148289680480957,0.6845957636833191,3.2362964153289795,2.9679990639537333,3.3726747289579233,2.44433660936719
