clean_file,enhanced_file,sampling_rate,PESQ,SI_SDR,STOI,DNSMOS_p808_mos,DNSMOS_mos_sig,DNSMOS_mos_bak,DNSMOS_mos_ovr
p101_emo_confusion_sentences,WF_p101_emo_confusion_sentences_fold10_162134-7-0-0_SNR10dB.wav,16000,1.7762466669082642,11.361994743347168,0.48162776231765747,2.574662889753069,3.344411998606648,2.1107763239681616,2.1554041325572606
