clean_file,enhanced_file,sampling_rate,PESQ,SI_SDR,STOI,DNSMOS_p808_mos,DNSMOS_mos_sig,DNSMOS_mos_bak,DNSMOS_mos_ovr
p101_emo_amazement_sentences,WF_p101_emo_amazement_sentences_fold10_102857-5-0-0_SNR10dB.wav,16000,2.574197769165039,13.59042739868164,0.8706226348876953,3.432039213180542,4.185676461366951,3.008069524931647,3.270964866671206
