clean_file,enhanced_file,sampling_rate,PESQ,SI_SDR,STOI,DNSMOS_p808_mos,DNSMOS_mos_sig,DNSMOS_mos_bak,DNSMOS_mos_ovr
p101_emo_amazement_sentences,WF_p101_emo_amazement_sentences_fold10_102857-5-0-0_SNR10dB.wav,16000,2.5675013065338135,13.655742645263672,0.8683347702026367,3.4206472873687743,4.255078216501953,3.2610564135547273,3.4494825358009016
