clean_file,enhanced_file,sampling_rate,PESQ,SI_SDR,STOI,DNSMOS_p808_mos,DNSMOS_mos_sig,DNSMOS_mos_bak,DNSMOS_mos_ovr
p101_emo_confusion_freeform,WF_p101_emo_confusion_freeform_fold10_159742-8-0-0_SNR10dB.wav,16000,1.5954539775848389,8.831387519836426,0.8026768565177917,3.1085837682088218,4.082826514867701,2.3217086302944985,2.747014223964604
