clean_file,enhanced_file,sampling_rate,PESQ,SI_SDR,STOI,DNSMOS_p808_mos,DNSMOS_mos_sig,DNSMOS_mos_bak,DNSMOS_mos_ovr
p101_emo_confusion_freeform,WF_p101_emo_confusion_freeform_fold10_159742-8-0-0_SNR10dB.wav,16000,1.6056028604507446,8.777358055114746,0.8062754273414612,3.1698025862375894,4.013420536128322,2.435058656196774,2.788222251706161
