clean_file,enhanced_file,sampling_rate,PESQ,SI_SDR,STOI,DNSMOS_p808_mos,DNSMOS_mos_sig,DNSMOS_mos_bak,DNSMOS_mos_ovr
p101_emo_adoration_sentences,WF_p101_emo_adoration_sentences_fold10_100795-3-0-0_SNR10dB.wav,16000,1.8606653213500977,9.518010139465332,0.8896214365959167,3.804375171661377,4.01475961567978,2.5228798019640912,2.8194214265702278
