clean_file,enhanced_file,sampling_rate,PESQ,SI_SDR,STOI,DNSMOS_p808_mos,DNSMOS_mos_sig,DNSMOS_mos_bak,DNSMOS_mos_ovr
p101_emo_amusement_sentences,WF_p101_emo_amusement_sentences_fold10_118278-4-0-0_SNR10dB.wav,16000,1.8496378660202026,11.103147506713867,0.922126054763794,2.9798789364951,4.159600964395042,2.6923452316854246,3.071544215346214
