clean_file,enhanced_file,sampling_rate,PESQ,SI_SDR,STOI,DNSMOS_p808_mos,DNSMOS_mos_sig,DNSMOS_mos_bak,DNSMOS_mos_ovr
p101_emo_amazement_freeform,WF_p101_emo_amazement_freeform_fold10_101382-2-0-10_SNR10dB.wav,16000,1.433518409729004,8.555025100708008,0.6395338177680969,2.9510791301727295,4.054881164374432,2.2710623325726536,2.743717280431318
