clean_file,enhanced_file,sampling_rate,PESQ,SI_SDR,STOI,DNSMOS_p808_mos,DNSMOS_mos_sig,DNSMOS_mos_bak,DNSMOS_mos_ovr
p101_emo_anger_sentences,WF_p101_emo_anger_sentences_fold10_157207-6-0-0_SNR10dB.wav,16000,2.4286704063415527,10.362282752990723,0.9701008200645447,3.548187800816127,4.389223215994476,2.7911491953113625,3.2374551059653704
