clean_file,enhanced_file,sampling_rate,PESQ,SI_SDR,STOI,DNSMOS_p808_mos,DNSMOS_mos_sig,DNSMOS_mos_bak,DNSMOS_mos_ovr
p101_emo_adoration_sentences,WF_p101_emo_adoration_sentences_fold10_100795-3-0-0_SNR10dB.wav,16000,1.7413525581359863,9.558454513549805,0.8863063454627991,3.8076412677764893,4.019858551023148,2.429251751076425,2.7504119783823286
