clean_file,enhanced_file,sampling_rate,PESQ,SI_SDR,STOI,DNSMOS_p808_mos,DNSMOS_mos_sig,DNSMOS_mos_bak,DNSMOS_mos_ovr
p101_emo_amusement_sentences,WF_p101_emo_amusement_sentences_fold10_118278-4-0-0_SNR10dB.wav,16000,1.910385012626648,11.951627731323242,0.9173473715782166,3.056157793317522,3.9687608609229725,2.749932210232932,2.9552661262644953
