clean_file,enhanced_file,sampling_rate,PESQ,SI_SDR,STOI,DNSMOS_p808_mos,DNSMOS_mos_sig,DNSMOS_mos_bak,DNSMOS_mos_ovr
p101_emo_anger_freeform,WF_p101_emo_anger_freeform_fold10_119067-0-0-0_SNR10dB.wav,16000,1.6130177974700928,14.17202091217041,0.8566716909408569,2.732138531548636,2.6320988182896916,2.3646336921461346,2.042332362482366
