clean_file,enhanced_file,sampling_rate,PESQ,SI_SDR,STOI,DNSMOS_p808_mos,DNSMOS_mos_sig,DNSMOS_mos_bak,DNSMOS_mos_ovr
p101_emo_confusion_freeform,WF_p101_emo_confusion_freeform_fold10_159742-8-0-0_SNR10dB.wav,16000,1.6519951820373535,9.549423217773438,0.8139505982398987,3.0129498640696206,4.147517983503946,2.391098720161598,2.8434690487107583
