clean_file,enhanced_file,sampling_rate,PESQ,SI_SDR,STOI,DNSMOS_p808_mos,DNSMOS_mos_sig,DNSMOS_mos_bak,DNSMOS_mos_ovr
p101_emo_amusement_freeform,WF_p101_emo_amusement_freeform_fold10_115241-9-0-1_SNR10dB.wav,16000,1.394142508506775,9.698559761047363,0.7698979377746582,2.331256525857108,3.554029051308904,2.3512963305387595,2.5395424566487343
