clean_file,enhanced_file,sampling_rate,PESQ,SI_SDR,STOI,DNSMOS_p808_mos,DNSMOS_mos_sig,DNSMOS_mos_bak,DNSMOS_mos_ovr
p101_emo_amusement_freeform,WF_p101_emo_amusement_freeform_fold10_115241-9-0-1_SNR10dB.wav,16000,1.3057503700256348,9.016793251037598,0.7707239985466003,2.439527784075056,3.7605033706637943,2.363101222480503,2.653318725653154
