clean_file,enhanced_file,sampling_rate,PESQ,SI_SDR,STOI,DNSMOS_p808_mos,DNSMOS_mos_sig,DNSMOS_mos_bak,DNSMOS_mos_ovr
p101_emo_amazement_freeform,WF_p101_emo_amazement_freeform_fold10_101382-2-0-10_SNR10dB.wav,16000,1.4427874088287354,8.781632423400879,0.6427595615386963,2.9309014797210695,3.9987015169471496,2.2718920260099273,2.7143698911779177
