clean_file,enhanced_file,sampling_rate,PESQ,SI_SDR,STOI,DNSMOS_p808_mos,DNSMOS_mos_sig,DNSMOS_mos_bak,DNSMOS_mos_ovr
p101_emo_adoration_sentences,WF_p101_emo_adoration_sentences_fold10_100795-3-0-0_SNR10dB.wav,16000,1.590038776397705,9.46548080444336,0.876823365688324,3.8119242191314697,3.8289816763621634,2.058799713242286,2.347786951930706
