clean_file,enhanced_file,sampling_rate,PESQ,SI_SDR,STOI,DNSMOS_p808_mos,DNSMOS_mos_sig,DNSMOS_mos_bak,DNSMOS_mos_ovr
p101_emo_anger_freeform,WF_p101_emo_anger_freeform_fold10_119067-0-0-0_SNR10dB.wav,16000,1.630091905593872,13.865310668945312,0.8506214618682861,2.6803549017224992,2.4399094329898086,2.5066210318646616,1.9659395633079237
