clean_file,enhanced_file,sampling_rate,PESQ,SI_SDR,STOI,DNSMOS_p808_mos,DNSMOS_mos_sig,DNSMOS_mos_bak,DNSMOS_mos_ovr
p101_emo_adoration_freeform,WF_p101_emo_adoration_freeform_fold10_100648-1-0-0_SNR10dB.wav,16000,1.4951555728912354,8.325423240661621,0.6810669898986816,2.725487436567034,3.5033193378854586,2.5402664115946707,2.507806723360756
