clean_file,enhanced_file,sampling_rate,PESQ,SI_SDR,STOI,DNSMOS_p808_mos,DNSMOS_mos_sig,DNSMOS_mos_bak,DNSMOS_mos_ovr
p101_emo_anger_sentences,WF_p101_emo_anger_sentences_fold10_157207-6-0-0_SNR10dB.wav,16000,2.797656536102295,10.311792373657227,0.9780603647232056,3.6309922763279507,4.499623831628171,2.6565048939275435,3.285175672140667
