clean_file,enhanced_file,sampling_rate,PESQ,SI_SDR,STOI,DNSMOS_p808_mos,DNSMOS_mos_sig,DNSMOS_mos_bak,DNSMOS_mos_ovr
p101_emo_confusion_freeform,WF_p101_emo_confusion_freeform_fold10_159742-8-0-0_SNR10dB.wav,16000,1.6500036716461182,9.721932411193848,0.8147422671318054,3.0024661223093667,4.190219470196387,2.4221759218012955,2.886921173221373
