clean_file,enhanced_file,sampling_rate,PESQ,SI_SDR,STOI,DNSMOS_p808_mos,DNSMOS_mos_sig,DNSMOS_mos_bak,DNSMOS_mos_ovr
p101_emo_amusement_sentences,WF_p101_emo_amusement_sentences_fold10_118278-4-0-0_SNR10dB.wav,16000,1.8977453708648682,12.134674072265625,0.9118416905403137,3.100653716496059,3.844110703219847,2.7311279466241167,2.90653659074838
