clean_file,enhanced_file,sampling_rate,PESQ,SI_SDR,STOI,DNSMOS_p808_mos,DNSMOS_mos_sig,DNSMOS_mos_bak,DNSMOS_mos_ovr
p101_emo_amusement_freeform,WF_p101_emo_amusement_freeform_fold10_115241-9-0-1_SNR10dB.wav,16000,1.2988736629486084,8.968392372131348,0.7691417336463928,2.451739583696638,3.769900227433774,2.3271686476381204,2.638660785187927
