clean_file,enhanced_file,sampling_rate,PESQ,SI_SDR,STOI,DNSMOS_p808_mos,DNSMOS_mos_sig,DNSMOS_mos_bak,DNSMOS_mos_ovr
p101_emo_amusement_freeform,WF_p101_emo_amusement_freeform_fold10_115241-9-0-1_SNR10dB.wav,16000,1.321991205215454,9.357294082641602,0.765859067440033,2.458295004708426,3.5668816845572744,2.4081157493770466,2.605438466278506
