clean_file,enhanced_file,sampling_rate,PESQ,SI_SDR,STOI,DNSMOS_p808_mos,DNSMOS_mos_sig,DNSMOS_mos_bak,DNSMOS_mos_ovr
p101_emo_amusement_freeform,WF_p101_emo_amusement_freeform_fold10_115241-9-0-1_SNR10dB.wav,16000,1.289860486984253,8.942927360534668,0.7676587104797363,2.4572106770106723,3.7822865034154702,2.345509644134188,2.6610586097090136
