clean_file,enhanced_file,sampling_rate,PESQ,SI_SDR,STOI,DNSMOS_p808_mos,DNSMOS_mos_sig,DNSMOS_mos_bak,DNSMOS_mos_ovr
p101_emo_anger_freeform,WF_p101_emo_anger_freeform_fold10_119067-0-0-0_SNR10dB.wav,16000,1.590509295463562,14.027191162109375,0.8551547527313232,2.710887466158186,2.585315434146612,2.3089013777313085,1.990133956099249
