clean_file,enhanced_file,sampling_rate,PESQ,SI_SDR,STOI,DNSMOS_p808_mos,DNSMOS_mos_sig,DNSMOS_mos_bak,DNSMOS_mos_ovr
p101_emo_anger_freeform,WF_p101_emo_anger_freeform_fold10_119067-0-0-0_SNR10dB.wav,16000,1.569002628326416,14.06970500946045,0.8593300580978394,2.785147632871355,2.9144763071981434,2.3291483606654544,2.1666256616654125
