clean_file,enhanced_file,sampling_rate,PESQ,SI_SDR,STOI,DNSMOS_p808_mos,DNSMOS_mos_sig,DNSMOS_mos_bak,DNSMOS_mos_ovr
p101_emo_adoration_freeform,WF_p101_emo_adoration_freeform_fold10_100648-1-0-0_SNR10dB.wav,16000,1.575533151626587,10.660810470581055,0.6946715712547302,2.6916656834738597,3.3515673628600777,2.6266320463873534,2.473654709125878
