clean_file,enhanced_file,sampling_rate,PESQ,SI_SDR,STOI,DNSMOS_p808_mos,DNSMOS_mos_sig,DNSMOS_mos_bak,DNSMOS_mos_ovr
p101_emo_amazement_sentences,WF_p101_emo_amazement_sentences_fold10_102857-5-0-0_SNR10dB.wav,16000,2.5770351886749268,13.627594947814941,0.8706185221672058,3.4401265144348145,4.173703869044917,2.988618170203238,3.2507253909993565
