clean_file,enhanced_file,sampling_rate,PESQ,SI_SDR,STOI,DNSMOS_p808_mos,DNSMOS_mos_sig,DNSMOS_mos_bak,DNSMOS_mos_ovr
p101_emo_amusement_sentences,WF_p101_emo_amusement_sentences_fold10_118278-4-0-0_SNR10dB.wav,16000,1.916106104850769,11.5205078125,0.9193978309631348,3.0477421283721924,4.016229868775289,2.7727088479765105,3.008865087243725
