clean_file,enhanced_file,sampling_rate,PESQ,SI_SDR,STOI,DNSMOS_p808_mos,DNSMOS_mos_sig,DNSMOS_mos_bak,DNSMOS_mos_ovr
p101_emo_amazement_freeform,WF_p101_emo_amazement_freeform_fold10_101382-2-0-10_SNR10dB.wav,16000,1.502197027206421,8.649118423461914,0.6462538838386536,2.8990426063537598,4.015336130667189,2.187681665936238,2.644618397387389
