clean_file,enhanced_file,sampling_rate,PESQ,SI_SDR,STOI,DNSMOS_p808_mos,DNSMOS_mos_sig,DNSMOS_mos_bak,DNSMOS_mos_ovr
p101_emo_adoration_sentences,WF_p101_emo_adoration_sentences_fold10_100795-3-0-0_SNR10dB.wav,16000,1.7811610698699951,9.697073936462402,0.8878958821296692,3.798142671585083,4.047911080990087,2.4064220400565537,2.7553250971794796
