clean_file,enhanced_file,sampling_rate,PESQ,SI_SDR,STOI,DNSMOS_p808_mos,DNSMOS_mos_sig,DNSMOS_mos_bak,DNSMOS_mos_ovr
p101_emo_confusion_freeform,WF_p101_emo_confusion_freeform_fold10_159742-8-0-0_SNR10dB.wav,16000,1.652626872062683,9.62660026550293,0.8144144415855408,3.000084638595581,4.16295824675747,2.4195785816180657,2.872113970505449
