clean_file,enhanced_file,sampling_rate,PESQ,SI_SDR,STOI,DNSMOS_p808_mos,DNSMOS_mos_sig,DNSMOS_mos_bak,DNSMOS_mos_ovr
p101_emo_adoration_freeform,WF_p101_emo_adoration_freeform_fold10_100648-1-0-0_SNR10dB.wav,16000,1.5001556873321533,9.635382652282715,0.6859685182571411,2.7833844934191023,3.2753058464230618,2.6145473041562513,2.3978905784958187
