clean_file,enhanced_file,sampling_rate,PESQ,SI_SDR,STOI,DNSMOS_p808_mos,DNSMOS_mos_sig,DNSMOS_mos_bak,DNSMOS_mos_ovr
p101_emo_amazement_freeform,WF_p101_emo_amazement_freeform_fold10_101382-2-0-10_SNR10dB.wav,16000,1.4472683668136597,8.92622184753418,0.6445201635360718,2.9275238513946533,3.9930753215488615,2.2521137055028264,2.6972200223785903
