clean_file,enhanced_file,sampling_rate,PESQ,SI_SDR,STOI,DNSMOS_p808_mos,DNSMOS_mos_sig,DNSMOS_mos_bak,DNSMOS_mos_ovr
p101_emo_anger_sentences,WF_p101_emo_anger_sentences_fold10_157207-6-0-0_SNR10dB.wav,16000,2.827738046646118,10.288545608520508,0.9783932566642761,3.6472781726292203,4.5195176399121895,2.7311845039011864,3.3491125139330293
