clean_file,enhanced_file,sampling_rate,PESQ,SI_SDR,STOI,DNSMOS_p808_mos,DNSMOS_mos_sig,DNSMOS_mos_bak,DNSMOS_mos_ovr
p101_emo_adoration_freeform,WF_p101_emo_adoration_freeform_fold10_100648-1-0-0_SNR10dB.wav,16000,1.470193862915039,8.393954277038574,0.6816853880882263,2.753631455557687,3.2616420653598515,2.56600226361289,2.3512150352577454
