clean_file,enhanced_file,sampling_rate,PESQ,SI_SDR,STOI,DNSMOS_p808_mos,DNSMOS_mos_sig,DNSMOS_mos_bak,DNSMOS_mos_ovr
p101_emo_anger_freeform,WF_p101_emo_anger_freeform_fold10_119067-0-0-0_SNR10dB.wav,16000,1.6062164306640625,14.101799964904785,0.8557146787643433,2.7477469784872874,2.5892128376158845,2.328767516762217,1.9953037790744745
