clean_file,enhanced_file,sampling_rate,PESQ,SI_SDR,STOI,DNSMOS_p808_mos,DNSMOS_mos_sig,DNSMOS_mos_bak,DNSMOS_mos_ovr
p101_emo_confusion_sentences,WF_p101_emo_confusion_sentences_fold10_162134-7-0-0_SNR10dB.wav,16000,1.7537883520126343,11.613717079162598,0.48136040568351746,2.5871131079537526,3.4464635432116673,2.1549714322786393,2.2309118657254676
