clean_file,enhanced_file,sampling_rate,PESQ,SI_SDR,STOI,DNSMOS_p808_mos,DNSMOS_mos_sig,DNSMOS_mos_bak,DNSMOS_mos_ovr
p101_emo_amazement_freeform,WF_p101_emo_amazement_freeform_fold10_101382-2-0-10_SNR10dB.wav,16000,1.4197585582733154,8.023361206054688,0.6335945725440979,3.0322242259979246,3.999120354494463,2.244772742629472,2.6873623909858173
