clean_file,enhanced_file,sampling_rate,PESQ,SI_SDR,STOI,DNSMOS_p808_mos,DNSMOS_mos_sig,DNSMOS_mos_bak,DNSMOS_mos_ovr
p101_emo_confusion_sentences,WF_p101_emo_confusion_sentences_fold10_162134-7-0-0_SNR10dB.wav,16000,1.75559401512146,11.47749137878418,0.47871869802474976,2.5319793224334717,3.495790833744855,2.137939501924322,2.233364086869135
