clean_file,enhanced_file,sampling_rate,PESQ,SI_SDR,STOI,DNSMOS_p808_mos,DNSMOS_mos_sig,DNSMOS_mos_bak,DNSMOS_mos_ovr
p101_emo_adoration_sentences,WF_p101_emo_adoration_sentences_fold10_100795-3-0-0_SNR10dB.wav,16000,1.77011239528656,9.635889053344727,0.8872418999671936,3.8033950328826904,4.017548568073658,2.4371161050795696,2.765591688463782
