clean_file,enhanced_file,sampling_rate,PESQ,SI_SDR,STOI,DNSMOS_p808_mos,DNSMOS_mos_sig,DNSMOS_mos_bak,DNSMOS_mos_ovr
p101_emo_amusement_sentences,WF_p101_emo_amusement_sentences_fold10_118278-4-0-0_SNR10dB.wav,16000,1.8556767702102661,11.136072158813477,0.9221158027648926,2.9861786706107005,4.155128181734468,2.6883925157660724,3.067196763065998
