clean_file,enhanced_file,sampling_rate,PESQ,SI_SDR,STOI,DNSMOS_p808_mos,DNSMOS_mos_sig,DNSMOS_mos_bak,DNSMOS_mos_ovr
p101_emo_amazement_sentences,WF_p101_emo_amazement_sentences_fold10_102857-5-0-0_SNR10dB.wav,16000,2.6172614097595215,13.757471084594727,0.8713858127593994,3.4488566398620604,4.174353374116139,3.010984501485653,3.2592098348148175
