clean_file,enhanced_file,sampling_rate,PESQ,SI_SDR,STOI,DNSMOS_p808_mos,DNSMOS_mos_sig,DNSMOS_mos_bak,DNSMOS_mos_ovr
p101_emo_anger_sentences,WF_p101_emo_anger_sentences_fold10_157207-6-0-0_SNR10dB.wav,16000,2.1336305141448975,10.111818313598633,0.9590794444084167,3.56029326575143,4.149135087447857,2.46273777791507,2.902032422380117
