clean_file,enhanced_file,sampling_rate,PESQ,SI_SDR,STOI,DNSMOS_p808_mos,DNSMOS_mos_sig,DNSMOS_mos_bak,DNSMOS_mos_ovr
p101_emo_confusion_sentences,WF_p101_emo_confusion_sentences_fold10_162134-7-0-0_SNR10dB.wav,16000,1.7344679832458496,11.790994644165039,0.4838859736919403,2.607675518308367,3.47288799337564,2.275977763495572,2.3386262156367854
