clean_file,enhanced_file,sampling_rate,PESQ,SI_SDR,STOI,DNSMOS_p808_mos,DNSMOS_mos_sig,DNSMOS_mos_bak,DNSMOS_mos_ovr
p101_emo_anger_sentences,WF_p101_emo_anger_sentences_fold10_157207-6-0-0_SNR10dB.wav,16000,2.6527628898620605,10.332636833190918,0.9755534529685974,3.5636603151048933,4.411361791081832,2.7394669131287905,3.287045380471627
