clean_file,enhanced_file,sampling_rate,PESQ,SI_SDR,STOI,DNSMOS_p808_mos,DNSMOS_mos_sig,DNSMOS_mos_bak,DNSMOS_mos_ovr
p101_emo_amazement_sentences,WF_p101_emo_amazement_sentences_fold10_102857-5-0-0_SNR10dB.wav,16000,2.543945550918579,13.63207721710205,0.867631196975708,3.451833486557007,4.257184002646726,3.2489773593184497,3.44021243028332
