clean_file,enhanced_file,sampling_rate,PESQ,SI_SDR,STOI,DNSMOS_p808_mos,DNSMOS_mos_sig,DNSMOS_mos_bak,DNSMOS_mos_ovr
p101_emo_confusion_sentences,WF_p101_emo_confusion_sentences_fold10_162134-7-0-0_SNR10dB.wav,16000,1.7430535554885864,11.847549438476562,0.4821881353855133,2.621257407324655,3.5697565774564706,2.229354976904791,2.3353067774114384
