clean_file,enhanced_file,sampling_rate,PESQ,SI_SDR,STOI,DNSMOS_p808_mos,DNSMOS_mos_sig,DNSMOS_mos_bak,DNSMOS_mos_ovr
p101_emo_adoration_sentences,WF_p101_emo_adoration_sentences_fold10_100795-3-0-0_SNR5dB.wav,16000,1.48484206199646,4.735208511352539,0.8518912196159363,3.718080997467041,4.065116934430492,2.3955447557554024,2.7508025828178195
