clean_file,enhanced_file,sampling_rate,PESQ,SI_SDR,STOI,DNSMOS_p808_mos,DNSMOS_mos_sig,DNSMOS_mos_bak,DNSMOS_mos_ovr
p101_emo_amusement_sentences,WF_p101_emo_amusement_sentences_fold10_118278-4-0-0_SNR5dB.wav,16000,1.4119699001312256,6.528027534484863,0.8628531098365784,2.6706535816192627,3.951949749575648,2.8759957200205903,3.1079227477587006
