clean_file,enhanced_file,sampling_rate,PESQ,SI_SDR,STOI,DNSMOS_p808_mos,DNSMOS_mos_sig,DNSMOS_mos_bak,DNSMOS_mos_ovr
p101_emo_amazement_freeform,WF_p101_emo_amazement_freeform_fold10_101382-2-0-10_SNR5dB.wav,16000,1.2870372533798218,4.522586822509766,0.5976894497871399,2.8649672985076906,4.081956263237986,1.962168379352726,2.4851582019125855
