clean_file,enhanced_file,sampling_rate,PESQ,SI_SDR,STOI,DNSMOS_p808_mos,DNSMOS_mos_sig,DNSMOS_mos_bak,DNSMOS_mos_ovr
p101_emo_amazement_sentences,WF_p101_emo_amazement_sentences_fold10_102857-5-0-0_SNR5dB.wav,16000,1.956343412399292,10.708609580993652,0.826126754283905,3.176246929168701,4.167985933437295,2.729075917099893,3.0773061781206734
