clean_file,enhanced_file,sampling_rate,PESQ,SI_SDR,STOI,DNSMOS_p808_mos,DNSMOS_mos_sig,DNSMOS_mos_bak,DNSMOS_mos_ovr
p101_emo_amazement_sentences,WF_p101_emo_amazement_sentences_fold10_102857-5-0-0_SNR5dB.wav,16000,1.8888499736785889,10.322784423828125,0.8202755451202393,3.1413775444030763,4.120016712007088,2.6612542740909952,2.999217268560902
