clean_file,enhanced_file,sampling_rate,PESQ,SI_SDR,STOI,DNSMOS_p808_mos,DNSMOS_mos_sig,DNSMOS_mos_bak,DNSMOS_mos_ovr
p101_emo_amazement_sentences,WF_p101_emo_amazement_sentences_fold10_102857-5-0-0_SNR5dB.wav,16000,2.1378173828125,10.687336921691895,0.8202728629112244,3.2831422328948974,4.035236373625033,2.7691364547136335,3.0161986520767896
