clean_file,enhanced_file,sampling_rate,PESQ,SI_SDR,STOI,DNSMOS_p808_mos,DNSMOS_mos_sig,DNSMOS_mos_bak,DNSMOS_mos_ovr
p101_emo_amusement_sentences,WF_p101_emo_amusement_sentences_fold10_118278-4-0-0_SNR5dB.wav,16000,1.5110466480255127,7.539611339569092,0.8466092944145203,2.6842120715550015,3.7379256892801167,2.648051560682191,2.818959180432845
