clean_file,enhanced_file,sampling_rate,PESQ,SI_SDR,STOI,DNSMOS_p808_mos,DNSMOS_mos_sig,DNSMOS_mos_bak,DNSMOS_mos_ovr
p101_emo_amusement_freeform,WF_p101_emo_amusement_freeform_fold10_115241-9-0-1_SNR5dB.wav,16000,1.1038864850997925,4.531116008758545,0.6941965818405151,2.3416402339935303,3.579797802940462,2.1595152849781845,2.4073822322519622
