clean_file,enhanced_file,sampling_rate,PESQ,SI_SDR,STOI,DNSMOS_p808_mos,DNSMOS_mos_sig,DNSMOS_mos_bak,DNSMOS_mos_ovr
p101_emo_amazement_freeform,WF_p101_emo_amazement_freeform_fold10_101382-2-0-10_SNR5dB.wav,16000,1.346801519393921,4.313699722290039,0.6000060439109802,2.724321889877319,4.099485555191018,1.963549559668057,2.487401855062701
