clean_file,enhanced_file,sampling_rate,PESQ,SI_SDR,STOI,DNSMOS_p808_mos,DNSMOS_mos_sig,DNSMOS_mos_bak,DNSMOS_mos_ovr
p101_emo_amusement_sentences,WF_p101_emo_amusement_sentences_fold10_118278-4-0-0_SNR5dB.wav,16000,1.4681439399719238,7.281429767608643,0.8529441952705383,2.6661134447370256,3.7669788351093265,2.667010906242956,2.8276551963822856
