clean_file,enhanced_file,sampling_rate,PESQ,SI_SDR,STOI,DNSMOS_p808_mos,DNSMOS_mos_sig,DNSMOS_mos_bak,DNSMOS_mos_ovr
p101_emo_amusement_freeform,WF_p101_emo_amusement_freeform_fold10_115241-9-0-1_SNR5dB.wav,16000,1.125341773033142,5.248053073883057,0.6971492171287537,2.467228957584926,3.211286762049574,2.243359161036914,2.3131340464029777
