clean_file,enhanced_file,sampling_rate,PESQ,SI_SDR,STOI,DNSMOS_p808_mos,DNSMOS_mos_sig,DNSMOS_mos_bak,DNSMOS_mos_ovr
p101_emo_adoration_sentences,WF_p101_emo_adoration_sentences_fold10_100795-3-0-0_SNR5dB.wav,16000,1.4817192554473877,4.7212371826171875,0.8515202403068542,3.7217864990234375,4.081062762643113,2.3993092699722602,2.759030247392651
