clean_file,enhanced_file,sampling_rate,PESQ,SI_SDR,STOI,DNSMOS_p808_mos,DNSMOS_mos_sig,DNSMOS_mos_bak,DNSMOS_mos_ovr
p101_emo_confusion_freeform,WF_p101_emo_confusion_freeform_fold10_159742-8-0-0_SNR5dB.wav,16000,1.2587454319000244,3.587188482284546,0.7256778478622437,2.5979758898417153,3.4337704417296746,2.258301822210833,2.354950074293449
