clean_file,enhanced_file,sampling_rate,PESQ,SI_SDR,STOI,DNSMOS_p808_mos,DNSMOS_mos_sig,DNSMOS_mos_bak,DNSMOS_mos_ovr
p101_emo_amusement_freeform,WF_p101_emo_amusement_freeform_fold10_115241-9-0-1_SNR5dB.wav,16000,1.1201634407043457,5.1069231033325195,0.6938400864601135,2.4490456581115723,3.2002212760916153,2.314526122932023,2.3593502927586867
