clean_file,enhanced_file,sampling_rate,PESQ,SI_SDR,STOI,DNSMOS_p808_mos,DNSMOS_mos_sig,DNSMOS_mos_bak,DNSMOS_mos_ovr
p101_emo_confusion_sentences,WF_p101_emo_confusion_sentences_fold10_162134-7-0-0_SNR5dB.wav,16000,1.4370087385177612,7.692252159118652,0.42032721638679504,2.3427960191454207,3.192204108324547,2.0386060348093538,2.0755461616965536
