clean_file,enhanced_file,sampling_rate,PESQ,SI_SDR,STOI,DNSMOS_p808_mos,DNSMOS_mos_sig,DNSMOS_mos_bak,DNSMOS_mos_ovr
p101_emo_adoration_freeform,WF_p101_emo_adoration_freeform_fold10_100648-1-0-0_SNR5dB.wav,16000,1.326742172241211,6.069396018981934,0.6287771463394165,2.585784946169172,3.0727563659781683,2.322343223763301,2.1745573916593615
