clean_file,enhanced_file,sampling_rate,PESQ,SI_SDR,STOI,DNSMOS_p808_mos,DNSMOS_mos_sig,DNSMOS_mos_bak,DNSMOS_mos_ovr
p101_emo_anger_sentences,WF_p101_emo_anger_sentences_fold10_157207-6-0-0_SNR5dB.wav,16000,2.3001227378845215,5.139462471008301,0.9604880809783936,3.5325168882097517,4.259559986975202,2.5198588878378585,3.0340109485910216
