clean_file,enhanced_file,sampling_rate,PESQ,SI_SDR,STOI,DNSMOS_p808_mos,DNSMOS_mos_sig,DNSMOS_mos_bak,DNSMOS_mos_ovr
p101_emo_confusion_freeform,WF_p101_emo_confusion_freeform_fold10_159742-8-0-0_SNR5dB.wav,16000,1.221726417541504,3.3279075622558594,0.7174281477928162,2.7013746897379556,3.3728751601976867,2.2698063165430145,2.313595670777324
