clean_file,enhanced_file,sampling_rate,PESQ,SI_SDR,STOI,DNSMOS_p808_mos,DNSMOS_mos_sig,DNSMOS_mos_bak,DNSMOS_mos_ovr
p101_emo_adoration_freeform,WF_p101_emo_adoration_freeform_fold10_100648-1-0-0_SNR5dB.wav,16000,1.2782974243164062,5.353541851043701,0.6194508671760559,2.587092161178589,3.14439577936139,2.1900140421599676,2.1446580386701823
