clean_file,enhanced_file,sampling_rate,PESQ,SI_SDR,STOI,DNSMOS_p808_mos,DNSMOS_mos_sig,DNSMOS_mos_bak,DNSMOS_mos_ovr
p101_emo_amusement_sentences,WF_p101_emo_amusement_sentences_fold10_118278-4-0-0_SNR5dB.wav,16000,1.4778467416763306,7.315922737121582,0.8516803979873657,2.651498113359724,3.7271138337987004,2.795455989195229,2.874715090242882
