clean_file,enhanced_file,sampling_rate,PESQ,SI_SDR,STOI,DNSMOS_p808_mos,DNSMOS_mos_sig,DNSMOS_mos_bak,DNSMOS_mos_ovr
p101_emo_amusement_freeform,WF_p101_emo_amusement_freeform_fold10_115241-9-0-1_SNR5dB.wav,16000,1.1014418601989746,4.425081729888916,0.692171037197113,2.3600961480821883,3.579026872556759,2.1135083655921627,2.3600305383035605
