clean_file,enhanced_file,sampling_rate,PESQ,SI_SDR,STOI,DNSMOS_p808_mos,DNSMOS_mos_sig,DNSMOS_mos_bak,DNSMOS_mos_ovr
p101_emo_anger_freeform,WF_p101_emo_anger_freeform_fold10_119067-0-0-0_SNR5dB.wav,16000,1.3537988662719727,10.576056480407715,0.7898452877998352,2.454998935971941,2.463983157571014,2.1718981998988274,1.8411544435640737
