clean_file,enhanced_file,sampling_rate,PESQ,SI_SDR,STOI,DNSMOS_p808_mos,DNSMOS_mos_sig,DNSMOS_mos_bak,DNSMOS_mos_ovr
p101_emo_anger_freeform,WF_p101_emo_anger_freeform_fold10_119067-0-0-0_SNR5dB.wav,16000,1.3248586654663086,10.48408317565918,0.7929831147193909,2.522135087421962,2.649407869512406,1.9705394409180543,1.768791910044505
