clean_file,enhanced_file,sampling_rate,PESQ,SI_SDR,STOI,DNSMOS_p808_mos,DNSMOS_mos_sig,DNSMOS_mos_bak,DNSMOS_mos_ovr
p101_emo_confusion_sentences,WF_p101_emo_confusion_sentences_fold10_162134-7-0-0_SNR5dB.wav,16000,1.4470438957214355,6.994814395904541,0.4289073050022125,2.405883312225342,3.257423456993737,1.8785474678930265,2.0476547401752727
