clean_file,enhanced_file,sampling_rate,PESQ,SI_SDR,STOI,DNSMOS_p808_mos,DNSMOS_mos_sig,DNSMOS_mos_bak,DNSMOS_mos_ovr
p101_emo_amazement_sentences,WF_p101_emo_amazement_sentences_fold10_102857-5-0-0_SNR5dB.wav,16000,1.9747880697250366,10.083504676818848,0.831843912601471,3.1782113552093505,4.27791791922995,2.6554830666367417,3.081274311690014
