clean_file,enhanced_file,sampling_rate,PESQ,SI_SDR,STOI,DNSMOS_p808_mos,DNSMOS_mos_sig,DNSMOS_mos_bak,DNSMOS_mos_ovr
p101_emo_amusement_sentences,WF_p101_emo_amusement_sentences_fold10_118278-4-0-0_SNR5dB.wav,16000,1.498459815979004,7.701438903808594,0.8485304117202759,2.691276482173375,3.6291455134880684,2.646062629249513,2.757252719157853
