clean_file,enhanced_file,sampling_rate,PESQ,SI_SDR,STOI,DNSMOS_p808_mos,DNSMOS_mos_sig,DNSMOS_mos_bak,DNSMOS_mos_ovr
p101_emo_anger_sentences,WF_p101_emo_anger_sentences_fold10_157207-6-0-0_SNR5dB.wav,16000,2.4427547454833984,5.3029069900512695,0.9664105176925659,3.5561457702091763,4.3751339850586835,2.8787444387378813,3.3239501029964353
