clean_file,enhanced_file,sampling_rate,PESQ,SI_SDR,STOI,DNSMOS_p808_mos,DNSMOS_mos_sig,DNSMOS_mos_bak,DNSMOS_mos_ovr
p101_emo_confusion_sentences,WF_p101_emo_confusion_sentences_fold10_162134-7-0-0_SNR5dB.wav,16000,1.4537463188171387,6.7739577293396,0.43017345666885376,2.376007046018328,3.257492953689916,1.8590748683409866,2.026261677902647
