clean_file,enhanced_file,sampling_rate,PESQ,SI_SDR,STOI,DNSMOS_p808_mos,DNSMOS_mos_sig,DNSMOS_mos_bak,DNSMOS_mos_ovr
p101_emo_amazement_freeform,WF_p101_emo_amazement_freeform_fold10_101382-2-0-10_SNR5dB.wav,16000,1.2869040966033936,4.38839864730835,0.5948302149772644,2.8661728382110594,4.109254254208809,1.9520936536172013,2.4710355296050324
