clean_file,enhanced_file,sampling_rate,PESQ,SI_SDR,STOI,DNSMOS_p808_mos,DNSMOS_mos_sig,DNSMOS_mos_bak,DNSMOS_mos_ovr
p101_emo_confusion_freeform,WF_p101_emo_confusion_freeform_fold10_159742-8-0-0_SNR5dB.wav,16000,1.2992042303085327,4.5205278396606445,0.7409343719482422,2.7664266427357993,3.895823027630018,2.2795561252658114,2.626181625614763
