clean_file,enhanced_file,sampling_rate,PESQ,SI_SDR,STOI,DNSMOS_p808_mos,DNSMOS_mos_sig,DNSMOS_mos_bak,DNSMOS_mos_ovr
p101_emo_confusion_freeform,WF_p101_emo_confusion_freeform_fold10_159742-8-0-0_SNR5dB.wav,16000,1.271236777305603,4.0082879066467285,0.7332342863082886,2.7828369140625,3.638663531169484,2.2928303229509077,2.4536319499328862
