clean_file,enhanced_file,sampling_rate,PESQ,SI_SDR,STOI,DNSMOS_p808_mos,DNSMOS_mos_sig,DNSMOS_mos_bak,DNSMOS_mos_ovr
p101_emo_confusion_freeform,WF_p101_emo_confusion_freeform_fold10_159742-8-0-0_SNR5dB.wav,16000,1.3153364658355713,4.880643367767334,0.7461349964141846,2.671266714731852,3.8698685312902548,2.264493714667108,2.6135698543524355
