clean_file,enhanced_file,sampling_rate,PESQ,SI_SDR,STOI,DNSMOS_p808_mos,DNSMOS_mos_sig,DNSMOS_mos_bak,DNSMOS_mos_ovr
p101_emo_adoration_sentences,WF_p101_emo_adoration_sentences_fold10_100795-3-0-0_SNR5dB.wav,16000,1.4500133991241455,4.606350898742676,0.8486229777336121,3.700178861618042,4.052832942031812,2.3117539759935983,2.683513478603169
