clean_file,enhanced_file,sampling_rate,PESQ,SI_SDR,STOI,DNSMOS_p808_mos,DNSMOS_mos_sig,DNSMOS_mos_bak,DNSMOS_mos_ovr
p101_emo_anger_sentences,WF_p101_emo_anger_sentences_fold10_157207-6-0-0_SNR5dB.wav,16000,2.2648544311523438,5.18627405166626,0.9587006568908691,3.5179384435926164,4.243578920985285,2.553198092444318,3.023350461301689
