clean_file,enhanced_file,sampling_rate,PESQ,SI_SDR,STOI,DNSMOS_p808_mos,DNSMOS_mos_sig,DNSMOS_mos_bak,DNSMOS_mos_ovr
p101_emo_adoration_freeform,WF_p101_emo_adoration_freeform_fold10_100648-1-0-0_SNR5dB.wav,16000,1.2874599695205688,4.7372145652771,0.6183097958564758,2.6105470997946605,3.125777633177761,2.238457486486813,2.1692906868910704
