clean_file,enhanced_file,sampling_rate,PESQ,SI_SDR,STOI,DNSMOS_p808_mos,DNSMOS_mos_sig,DNSMOS_mos_bak,DNSMOS_mos_ovr
p101_emo_amazement_sentences,WF_p101_emo_amazement_sentences_fold10_102857-5-0-0_SNR5dB.wav,16000,2.2000486850738525,11.025335311889648,0.8355293869972229,3.2178103923797607,4.073487002132426,2.7277456998034237,3.013540800568109
