clean_file,enhanced_file,sampling_rate,PESQ,SI_SDR,STOI,DNSMOS_p808_mos,DNSMOS_mos_sig,DNSMOS_mos_bak,DNSMOS_mos_ovr
p101_emo_adoration_sentences,WF_p101_emo_adoration_sentences_fold10_100795-3-0-0_SNR5dB.wav,16000,1.7555739879608154,4.784514427185059,0.8631404638290405,3.6946887969970703,4.191087502018997,1.9973396785364703,2.5098170194870684
