clean_file,enhanced_file,sampling_rate,PESQ,SI_SDR,STOI,DNSMOS_p808_mos,DNSMOS_mos_sig,DNSMOS_mos_bak,DNSMOS_mos_ovr
p101_emo_anger_sentences,WF_p101_emo_anger_sentences_fold10_157207-6-0-0_SNR5dB.wav,16000,2.5615100860595703,5.219859600067139,0.9689902067184448,3.619252852031163,4.4565118391131495,2.63082487064234,3.2435190086755488
