clean_file,enhanced_file,sampling_rate,PESQ,SI_SDR,STOI,DNSMOS_p808_mos,DNSMOS_mos_sig,DNSMOS_mos_bak,DNSMOS_mos_ovr
p101_emo_anger_freeform,WF_p101_emo_anger_freeform_fold10_119067-0-0-0_SNR5dB.wav,16000,1.3225629329681396,10.454442977905273,0.7932373285293579,2.5457348142351424,2.6545746683973195,1.92275732492967,1.7320017917191148
