clean_file,enhanced_file,sampling_rate,PESQ,SI_SDR,STOI,DNSMOS_p808_mos,DNSMOS_mos_sig,DNSMOS_mos_bak,DNSMOS_mos_ovr
p101_emo_confusion_sentences,WF_p101_emo_confusion_sentences_fold10_162134-7-0-0_SNR5dB.wav,16000,1.4512124061584473,6.809472560882568,0.4301903247833252,2.392763716833932,3.3961066606723938,1.9141591441055341,2.118412118321543
