clean_file,enhanced_file,sampling_rate,PESQ,SI_SDR,STOI,DNSMOS_p808_mos,DNSMOS_mos_sig,DNSMOS_mos_bak,DNSMOS_mos_ovr
p101_emo_confusion_sentences,WF_p101_emo_confusion_sentences_fold10_162134-7-0-0_SNR5dB.wav,16000,1.4374455213546753,6.986222743988037,0.42866137623786926,2.3720392159053256,3.3207969125065118,1.9678370912271552,2.118925855037495
