clean_file,enhanced_file,sampling_rate,PESQ,SI_SDR,STOI,DNSMOS_p808_mos,DNSMOS_mos_sig,DNSMOS_mos_bak,DNSMOS_mos_ovr
p101_emo_amazement_freeform,WF_p101_emo_amazement_freeform_fold10_101382-2-0-10_SNR5dB.wav,16000,1.3716648817062378,4.367897033691406,0.6041797995567322,2.7368060111999513,4.161241357267934,1.9300404197396042,2.5128577293421515
