clean_file,enhanced_file,sampling_rate,PESQ,SI_SDR,STOI,DNSMOS_p808_mos,DNSMOS_mos_sig,DNSMOS_mos_bak,DNSMOS_mos_ovr
p101_emo_amusement_freeform,WF_p101_emo_amusement_freeform_fold10_115241-9-0-1_SNR5dB.wav,16000,1.1173723936080933,5.022596836090088,0.6917047500610352,2.452781472887312,3.3505033573195897,2.3260005742200844,2.4284403833518793
