clean_file,enhanced_file,sampling_rate,PESQ,SI_SDR,STOI,DNSMOS_p808_mos,DNSMOS_mos_sig,DNSMOS_mos_bak,DNSMOS_mos_ovr
p101_emo_amazement_freeform,WF_p101_emo_amazement_freeform_fold10_101382-2-0-10_SNR5dB.wav,16000,1.3131186962127686,4.247506141662598,0.5959989428520203,2.7851410865783692,4.074425231950165,1.9500904908800472,2.4514808400368184
