clean_file,enhanced_file,sampling_rate,PESQ,SI_SDR,STOI,DNSMOS_p808_mos,DNSMOS_mos_sig,DNSMOS_mos_bak,DNSMOS_mos_ovr
p101_emo_adoration_freeform,WF_p101_emo_adoration_freeform_fold10_100648-1-0-0_SNR5dB.wav,16000,1.3399393558502197,6.285797119140625,0.6319752931594849,2.556927442550659,3.1989620537646295,2.361100008521851,2.3105587107156977
