clean_file,enhanced_file,sampling_rate,PESQ,SI_SDR,STOI,DNSMOS_p808_mos,DNSMOS_mos_sig,DNSMOS_mos_bak,DNSMOS_mos_ovr
p101_emo_adoration_sentences,WF_p101_emo_adoration_sentences_fold10_100795-3-0-0_SNR5dB.wav,16000,1.4879947900772095,4.762439250946045,0.852676272392273,3.7006418704986572,4.0225591522448605,2.3405422700404412,2.7000425795196503
