clean_file,enhanced_file,sampling_rate,PESQ,SI_SDR,STOI,DNSMOS_p808_mos,DNSMOS_mos_sig,DNSMOS_mos_bak,DNSMOS_mos_ovr
p101_emo_anger_freeform,WF_p101_emo_anger_freeform_fold10_119067-0-0-0_SNR5dB.wav,16000,1.3289601802825928,10.592155456542969,0.794316291809082,2.51867743900844,2.619683099258201,1.9671882840795145,1.7549314059792063
