clean_file,enhanced_file,sampling_rate,PESQ,SI_SDR,STOI,DNSMOS_p808_mos,DNSMOS_mos_sig,DNSMOS_mos_bak,DNSMOS_mos_ovr
p101_emo_adoration_freeform,WF_p101_emo_adoration_freeform_fold10_100648-1-0-0_SNR5dB.wav,16000,1.271268606185913,4.9286346435546875,0.6174319982528687,2.6023240089416504,3.1698709743950295,2.208239555372674,2.175600776980207
