clean_file,enhanced_file,sampling_rate,PESQ,SI_SDR,STOI,DNSMOS_p808_mos,DNSMOS_mos_sig,DNSMOS_mos_bak,DNSMOS_mos_ovr
p101_emo_anger_freeform,WF_p101_emo_anger_freeform_fold10_119067-0-0-0_SNR5dB.wav,16000,1.3169713020324707,10.34847640991211,0.7915942072868347,2.5247253690447127,2.631259515599838,1.9197575518786072,1.7333576712168777
