clean_file,enhanced_file,sampling_rate,PESQ,SI_SDR,STOI,DNSMOS_p808_mos,DNSMOS_mos_sig,DNSMOS_mos_bak,DNSMOS_mos_ovr
p101_emo_anger_sentences,WF_p101_emo_anger_sentences_fold10_157207-6-0-0_SNR5dB.wav,16000,2.5482094287872314,5.244326591491699,0.9688101410865784,3.6001595429011752,4.442590122637848,2.6548108245775097,3.246940159337431
