clean_file,enhanced_file,sampling_rate,PESQ,SI_SDR,STOI,DNSMOS_p808_mos,DNSMOS_mos_sig,DNSMOS_mos_bak,DNSMOS_mos_ovr
GTCRN_TEST,WF_GTCRN_TEST_test.wav,16000,1.3758502006530762,7.28206205368042,0.7564892172813416,3.320103089014689,2.9027710210882876,3.671775529993513,2.4851085201358534
