Config_ID,Mode,Status,Freq_spacing,Nband,FRMSZ_ms,OVLP,Floor,Noisefr,SNR_dB,Noise_Category,clean_file,enhanced_file,PESQ,STOI,SI_SDR,DNSMOS_p808_mos,DNSMOS_mos_sig,DNSMOS_mos_bak,DNSMOS_mos_ovr,sampling_rate,source_file
mband_linear_N16_F20_O25_FL0p5,hybrid,Success,linear,16,20,25,0.5,1,0,Car,p092_emo_contentment_sentences,GTCRN+SS_mband_linear_N16_F20_O25_FL0p5_p092_emo_contentment_sentences_NOIZEUS_NOISE_DATASET_Car Noise_Idle Noise_60mph_SNR0dB,1.453312873840332,0.746573269367218,8.055240631103516,3.310460329055786,3.990185730302065,4.3019510194810735,3.5784030901275554,16000,mband_linear_N16_F20_O25_FL0p5_metrics.csv_ENH-GTCRN+SS_mband_linear_N16_F20_O25_FL0p5_p092_emo_contentment_sentences_NOIZEUS_NOISE_DATASET_Car Noise_Idle Noise_60mph_SNR0dB_CLN-p092_emo_contentment_sentences.csv
mband_linear_N16_F20_O25_FL0p7,hybrid,Success,linear,16,20,25,0.7,1,0,Car,p092_emo_contentment_sentences,GTCRN+SS_mband_linear_N16_F20_O25_FL0p7_p092_emo_contentment_sentences_NOIZEUS_NOISE_DATASET_Car Noise_Idle Noise_60mph_SNR0dB,1.502274751663208,0.7475486397743225,8.29283332824707,3.290647029876709,3.783435852037468,3.8793839742644782,3.267949135904584,16000,mband_linear_N16_F20_O25_FL0p7_metrics.csv_ENH-GTCRN+SS_mband_linear_N16_F20_O25_FL0p7_p092_emo_contentment_sentences_NOIZEUS_NOISE_DATASET_Car Noise_Idle Noise_60mph_SNR0dB_CLN-p092_emo_contentment_sentences.csv
mband_linear_N16_F20_O25_FL0p8,hybrid,Success,linear,16,20,25,0.8,1,0,Car,p092_emo_contentment_sentences,GTCRN+SS_mband_linear_N16_F20_O25_FL0p8_p092_emo_contentment_sentences_NOIZEUS_NOISE_DATASET_Car Noise_Idle Noise_60mph_SNR0dB,1.426572561264038,0.7528972029685974,8.321420669555664,3.192760944366455,3.6007193064658565,3.476719099412714,2.918001506038677,16000,mband_linear_N16_F20_O25_FL0p8_metrics.csv_ENH-GTCRN+SS_mband_linear_N16_F20_O25_FL0p8_p092_emo_contentment_sentences_NOIZEUS_NOISE_DATASET_Car Noise_Idle Noise_60mph_SNR0dB_CLN-p092_emo_contentment_sentences.csv
mband_linear_N16_F20_O50_FL0p5,hybrid,Success,linear,16,20,50,0.5,1,0,Car,p092_emo_contentment_sentences,GTCRN+SS_mband_linear_N16_F20_O50_FL0p5_p092_emo_contentment_sentences_NOIZEUS_NOISE_DATASET_Car Noise_Idle Noise_60mph_SNR0dB,1.512751221656799,0.7379723787307739,8.416213035583496,3.467937469482422,3.837516779147276,4.098556017416639,3.359141229420724,16000,mband_linear_N16_F20_O50_FL0p5_metrics.csv_ENH-GTCRN+SS_mband_linear_N16_F20_O50_FL0p5_p092_emo_contentment_sentences_NOIZEUS_NOISE_DATASET_Car Noise_Idle Noise_60mph_SNR0dB_CLN-p092_emo_contentment_sentences.csv
mband_linear_N16_F20_O50_FL0p7,hybrid,Success,linear,16,20,50,0.7,1,0,Car,p092_emo_contentment_sentences,GTCRN+SS_mband_linear_N16_F20_O50_FL0p7_p092_emo_contentment_sentences_NOIZEUS_NOISE_DATASET_Car Noise_Idle Noise_60mph_SNR0dB,1.550886631011963,0.7416054010391235,9.30848503112793,3.297724485397339,4.013611229077055,3.950678290728333,3.4802858373581764,16000,mband_linear_N16_F20_O50_FL0p7_metrics.csv_ENH-GTCRN+SS_mband_linear_N16_F20_O50_FL0p7_p092_emo_contentment_sentences_NOIZEUS_NOISE_DATASET_Car Noise_Idle Noise_60mph_SNR0dB_CLN-p092_emo_contentment_sentences.csv
mband_linear_N16_F20_O50_FL0p8,hybrid,Success,linear,16,20,50,0.8,1,0,Car,p092_emo_contentment_sentences,GTCRN+SS_mband_linear_N16_F20_O50_FL0p8_p092_emo_contentment_sentences_NOIZEUS_NOISE_DATASET_Car Noise_Idle Noise_60mph_SNR0dB,1.495556354522705,0.751615047454834,9.263425827026367,3.373501777648926,3.4705230512325245,3.8770736571486784,3.038938759145557,16000,mband_linear_N16_F20_O50_FL0p8_metrics.csv_ENH-GTCRN+SS_mband_linear_N16_F20_O50_FL0p8_p092_emo_contentment_sentences_NOIZEUS_NOISE_DATASET_Car Noise_Idle Noise_60mph_SNR0dB_CLN-p092_emo_contentment_sentences.csv
mband_linear_N16_F20_O75_FL0p5,hybrid,Success,linear,16,20,75,0.5,1,0,Car,p092_emo_contentment_sentences,GTCRN+SS_mband_linear_N16_F20_O75_FL0p5_p092_emo_contentment_sentences_NOIZEUS_NOISE_DATASET_Car Noise_Idle Noise_60mph_SNR0dB,1.5420092344284058,0.7353724241256714,9.693699836730955,3.640215396881104,3.3965022439261348,3.949673377851601,2.9810624745467966,16000,mband_linear_N16_F20_O75_FL0p5_metrics.csv_ENH-GTCRN+SS_mband_linear_N16_F20_O75_FL0p5_p092_emo_contentment_sentences_NOIZEUS_NOISE_DATASET_Car Noise_Idle Noise_60mph_SNR0dB_CLN-p092_emo_contentment_sentences.csv
mband_linear_N16_F20_O75_FL0p7,hybrid,Success,linear,16,20,75,0.7,1,0,Car,p092_emo_contentment_sentences,GTCRN+SS_mband_linear_N16_F20_O75_FL0p7_p092_emo_contentment_sentences_NOIZEUS_NOISE_DATASET_Car Noise_Idle Noise_60mph_SNR0dB,1.533436298370361,0.7546882033348083,9.158543586730955,3.29329800605774,3.316019542104228,3.798889312387974,2.8996094784751847,16000,mband_linear_N16_F20_O75_FL0p7_metrics.csv_ENH-GTCRN+SS_mband_linear_N16_F20_O75_FL0p7_p092_emo_contentment_sentences_NOIZEUS_NOISE_DATASET_Car Noise_Idle Noise_60mph_SNR0dB_CLN-p092_emo_contentment_sentences.csv
mband_linear_N16_F20_O75_FL0p8,hybrid,Success,linear,16,20,75,0.8,1,0,Car,p092_emo_contentment_sentences,GTCRN+SS_mband_linear_N16_F20_O75_FL0p8_p092_emo_contentment_sentences_NOIZEUS_NOISE_DATASET_Car Noise_Idle Noise_60mph_SNR0dB,1.4658944606781006,0.7396941781044006,9.44089126586914,3.1906800270080566,3.005791181939307,3.3498677157306203,2.4931067907296947,16000,mband_linear_N16_F20_O75_FL0p8_metrics.csv_ENH-GTCRN+SS_mband_linear_N16_F20_O75_FL0p8_p092_emo_contentment_sentences_NOIZEUS_NOISE_DATASET_Car Noise_Idle Noise_60mph_SNR0dB_CLN-p092_emo_contentment_sentences.csv
mband_linear_N16_F25_O25_FL0p5,hybrid,Success,linear,16,25,25,0.5,1,0,Car,p092_emo_contentment_sentences,GTCRN+SS_mband_linear_N16_F25_O25_FL0p5_p092_emo_contentment_sentences_NOIZEUS_NOISE_DATASET_Car Noise_Idle Noise_60mph_SNR0dB,1.4973944425582886,0.7417897582054138,7.48568058013916,3.2490456104278564,3.764020412947839,3.454407563065881,3.0874535990914342,16000,mband_linear_N16_F25_O25_FL0p5_metrics.csv_ENH-GTCRN+SS_mband_linear_N16_F25_O25_FL0p5_p092_emo_contentment_sentences_NOIZEUS_NOISE_DATASET_Car Noise_Idle Noise_60mph_SNR0dB_CLN-p092_emo_contentment_sentences.csv
mband_linear_N16_F25_O25_FL0p7,hybrid,Success,linear,16,25,25,0.7,1,0,Car,p092_emo_contentment_sentences,GTCRN+SS_mband_linear_N16_F25_O25_FL0p7_p092_emo_contentment_sentences_NOIZEUS_NOISE_DATASET_Car Noise_Idle Noise_60mph_SNR0dB,1.396115779876709,0.7410228252410889,7.488644599914551,3.309279680252075,3.9951876431557496,4.040928865478032,3.5115274142706205,16000,mband_linear_N16_F25_O25_FL0p7_metrics.csv_ENH-GTCRN+SS_mband_linear_N16_F25_O25_FL0p7_p092_emo_contentment_sentences_NOIZEUS_NOISE_DATASET_Car Noise_Idle Noise_60mph_SNR0dB_CLN-p092_emo_contentment_sentences.csv
mband_linear_N16_F25_O25_FL0p8,hybrid,Success,linear,16,25,25,0.8,1,0,Car,p092_emo_contentment_sentences,GTCRN+SS_mband_linear_N16_F25_O25_FL0p8_p092_emo_contentment_sentences_NOIZEUS_NOISE_DATASET_Car Noise_Idle Noise_60mph_SNR0dB,1.357652187347412,0.7369954586029053,7.185478687286377,3.2695016860961914,3.837937834817083,3.998624403957584,3.368305924315025,16000,mband_linear_N16_F25_O25_FL0p8_metrics.csv_ENH-GTCRN+SS_mband_linear_N16_F25_O25_FL0p8_p092_emo_contentment_sentences_NOIZEUS_NOISE_DATASET_Car Noise_Idle Noise_60mph_SNR0dB_CLN-p092_emo_contentment_sentences.csv
mband_linear_N16_F25_O50_FL0p5,hybrid,Success,linear,16,25,50,0.5,1,0,Car,p092_emo_contentment_sentences,GTCRN+SS_mband_linear_N16_F25_O50_FL0p5_p092_emo_contentment_sentences_NOIZEUS_NOISE_DATASET_Car Noise_Idle Noise_60mph_SNR0dB,1.5077319145202637,0.735950767993927,8.79786491394043,3.434579372406006,3.838819762221494,3.934442538377115,3.333092882562525,16000,mband_linear_N16_F25_O50_FL0p5_metrics.csv_ENH-GTCRN+SS_mband_linear_N16_F25_O50_FL0p5_p092_emo_contentment_sentences_NOIZEUS_NOISE_DATASET_Car Noise_Idle Noise_60mph_SNR0dB_CLN-p092_emo_contentment_sentences.csv
mband_linear_N16_F25_O50_FL0p7,hybrid,Success,linear,16,25,50,0.7,1,0,Car,p092_emo_contentment_sentences,GTCRN+SS_mband_linear_N16_F25_O50_FL0p7_p092_emo_contentment_sentences_NOIZEUS_NOISE_DATASET_Car Noise_Idle Noise_60mph_SNR0dB,1.4828040599822998,0.7350907921791077,9.057814598083496,3.3902523517608643,3.635040667088153,3.7846291854355023,3.132224124451332,16000,mband_linear_N16_F25_O50_FL0p7_metrics.csv_ENH-GTCRN+SS_mband_linear_N16_F25_O50_FL0p7_p092_emo_contentment_sentences_NOIZEUS_NOISE_DATASET_Car Noise_Idle Noise_60mph_SNR0dB_CLN-p092_emo_contentment_sentences.csv
mband_linear_N16_F25_O50_FL0p8,hybrid,Success,linear,16,25,50,0.8,1,0,Car,p092_emo_contentment_sentences,GTCRN+SS_mband_linear_N16_F25_O50_FL0p8_p092_emo_contentment_sentences_NOIZEUS_NOISE_DATASET_Car Noise_Idle Noise_60mph_SNR0dB,1.4703117609024048,0.7479113936424255,8.770429611206055,3.3890187740325928,3.84421269387538,3.982129163607959,3.3729400152262885,16000,mband_linear_N16_F25_O50_FL0p8_metrics.csv_ENH-GTCRN+SS_mband_linear_N16_F25_O50_FL0p8_p092_emo_contentment_sentences_NOIZEUS_NOISE_DATASET_Car Noise_Idle Noise_60mph_SNR0dB_CLN-p092_emo_contentment_sentences.csv
mband_linear_N16_F25_O75_FL0p5,hybrid,Success,linear,16,25,75,0.5,1,0,Car,p092_emo_contentment_sentences,GTCRN+SS_mband_linear_N16_F25_O75_FL0p5_p092_emo_contentment_sentences_NOIZEUS_NOISE_DATASET_Car Noise_Idle Noise_60mph_SNR0dB,1.474834680557251,0.7369462847709656,9.131216049194336,3.246539831161499,3.381147147988457,3.8591190074576462,2.981228529856401,16000,mband_linear_N16_F25_O75_FL0p5_metrics.csv_ENH-GTCRN+SS_mband_linear_N16_F25_O75_FL0p5_p092_emo_contentment_sentences_NOIZEUS_NOISE_DATASET_Car Noise_Idle Noise_60mph_SNR0dB_CLN-p092_emo_contentment_sentences.csv
mband_linear_N16_F25_O75_FL0p7,hybrid,Success,linear,16,25,75,0.7,1,0,Car,p092_emo_contentment_sentences,GTCRN+SS_mband_linear_N16_F25_O75_FL0p7_p092_emo_contentment_sentences_NOIZEUS_NOISE_DATASET_Car Noise_Idle Noise_60mph_SNR0dB,1.5333240032196045,0.7386717200279236,9.387264251708984,3.461562395095825,3.582398404013692,3.880093265537629,3.1163009494115403,16000,mband_linear_N16_F25_O75_FL0p7_metrics.csv_ENH-GTCRN+SS_mband_linear_N16_F25_O75_FL0p7_p092_emo_contentment_sentences_NOIZEUS_NOISE_DATASET_Car Noise_Idle Noise_60mph_SNR0dB_CLN-p092_emo_contentment_sentences.csv
mband_linear_N16_F25_O75_FL0p8,hybrid,Success,linear,16,25,75,0.8,1,0,Car,p092_emo_contentment_sentences,GTCRN+SS_mband_linear_N16_F25_O75_FL0p8_p092_emo_contentment_sentences_NOIZEUS_NOISE_DATASET_Car Noise_Idle Noise_60mph_SNR0dB,1.491119384765625,0.7652409076690674,9.04278564453125,3.358445644378662,3.5036633235696946,3.618217299289442,2.955955703286239,16000,mband_linear_N16_F25_O75_FL0p8_metrics.csv_ENH-GTCRN+SS_mband_linear_N16_F25_O75_FL0p8_p092_emo_contentment_sentences_NOIZEUS_NOISE_DATASET_Car Noise_Idle Noise_60mph_SNR0dB_CLN-p092_emo_contentment_sentences.csv
mband_linear_N16_F8_O25_FL0p5,hybrid,Success,linear,16,8,25,0.5,1,0,Car,p092_emo_contentment_sentences,GTCRN+SS_mband_linear_N16_F8_O25_FL0p5_p092_emo_contentment_sentences_NOIZEUS_NOISE_DATASET_Car Noise_Idle Noise_60mph_SNR0dB,1.4232937097549438,0.7449908256530762,8.677681922912598,3.1899852752685547,3.577716619966726,3.8477836841845976,3.0781838989900576,16000,mband_linear_N16_F8_O25_FL0p5_metrics.csv_ENH-GTCRN+SS_mband_linear_N16_F8_O25_FL0p5_p092_emo_contentment_sentences_NOIZEUS_NOISE_DATASET_Car Noise_Idle Noise_60mph_SNR0dB_CLN-p092_emo_contentment_sentences.csv
mband_linear_N16_F8_O25_FL0p7,hybrid,Success,linear,16,8,25,0.7,1,0,Car,p092_emo_contentment_sentences,GTCRN+SS_mband_linear_N16_F8_O25_FL0p7_p092_emo_contentment_sentences_NOIZEUS_NOISE_DATASET_Car Noise_Idle Noise_60mph_SNR0dB,1.456650972366333,0.7280528545379639,8.81154727935791,3.226470232009888,3.061912956498618,4.048851654738499,2.7997484247743896,16000,mband_linear_N16_F8_O25_FL0p7_metrics.csv_ENH-GTCRN+SS_mband_linear_N16_F8_O25_FL0p7_p092_emo_contentment_sentences_NOIZEUS_NOISE_DATASET_Car Noise_Idle Noise_60mph_SNR0dB_CLN-p092_emo_contentment_sentences.csv
mband_linear_N16_F8_O25_FL0p8,hybrid,Success,linear,16,8,25,0.8,1,0,Car,p092_emo_contentment_sentences,GTCRN+SS_mband_linear_N16_F8_O25_FL0p8_p092_emo_contentment_sentences_NOIZEUS_NOISE_DATASET_Car Noise_Idle Noise_60mph_SNR0dB,1.3849122524261477,0.7542216181755066,8.552889823913574,3.244110584259033,2.958500074814219,3.5619875774533147,2.553319353395934,16000,mband_linear_N16_F8_O25_FL0p8_metrics.csv_ENH-GTCRN+SS_mband_linear_N16_F8_O25_FL0p8_p092_emo_contentment_sentences_NOIZEUS_NOISE_DATASET_Car Noise_Idle Noise_60mph_SNR0dB_CLN-p092_emo_contentment_sentences.csv
mband_linear_N16_F8_O50_FL0p5,hybrid,Success,linear,16,8,50,0.5,1,0,Car,p092_emo_contentment_sentences,GTCRN+SS_mband_linear_N16_F8_O50_FL0p5_p092_emo_contentment_sentences_NOIZEUS_NOISE_DATASET_Car Noise_Idle Noise_60mph_SNR0dB,1.4716182947158811,0.7384811639785767,8.992507934570312,3.1355884075164795,3.6158536617848087,4.119732094464477,3.1968812007803544,16000,mband_linear_N16_F8_O50_FL0p5_metrics.csv_ENH-GTCRN+SS_mband_linear_N16_F8_O50_FL0p5_p092_emo_contentment_sentences_NOIZEUS_NOISE_DATASET_Car Noise_Idle Noise_60mph_SNR0dB_CLN-p092_emo_contentment_sentences.csv
mband_linear_N16_F8_O50_FL0p7,hybrid,Success,linear,16,8,50,0.7,1,0,Car,p092_emo_contentment_sentences,GTCRN+SS_mband_linear_N16_F8_O50_FL0p7_p092_emo_contentment_sentences_NOIZEUS_NOISE_DATASET_Car Noise_Idle Noise_60mph_SNR0dB,1.4625545740127563,0.7318316102027893,9.072845458984377,3.321216106414795,3.624708008458779,4.069272501285635,3.198158500575313,16000,mband_linear_N16_F8_O50_FL0p7_metrics.csv_ENH-GTCRN+SS_mband_linear_N16_F8_O50_FL0p7_p092_emo_contentment_sentences_NOIZEUS_NOISE_DATASET_Car Noise_Idle Noise_60mph_SNR0dB_CLN-p092_emo_contentment_sentences.csv
mband_linear_N16_F8_O50_FL0p8,hybrid,Success,linear,16,8,50,0.8,1,0,Car,p092_emo_contentment_sentences,GTCRN+SS_mband_linear_N16_F8_O50_FL0p8_p092_emo_contentment_sentences_NOIZEUS_NOISE_DATASET_Car Noise_Idle Noise_60mph_SNR0dB,1.439271330833435,0.7265214323997498,9.169503211975098,3.308379650115967,3.4936979913211026,3.623253440838643,2.971885546388851,16000,mband_linear_N16_F8_O50_FL0p8_metrics.csv_ENH-GTCRN+SS_mband_linear_N16_F8_O50_FL0p8_p092_emo_contentment_sentences_NOIZEUS_NOISE_DATASET_Car Noise_Idle Noise_60mph_SNR0dB_CLN-p092_emo_contentment_sentences.csv
mband_linear_N16_F8_O75_FL0p5,hybrid,Success,linear,16,8,75,0.5,1,0,Car,p092_emo_contentment_sentences,GTCRN+SS_mband_linear_N16_F8_O75_FL0p5_p092_emo_contentment_sentences_NOIZEUS_NOISE_DATASET_Car Noise_Idle Noise_60mph_SNR0dB,1.484276533126831,0.7370067238807678,8.984014511108398,3.2191920280456543,3.19856210510938,3.817952385644652,2.8144674834088588,16000,mband_linear_N16_F8_O75_FL0p5_metrics.csv_ENH-GTCRN+SS_mband_linear_N16_F8_O75_FL0p5_p092_emo_contentment_sentences_NOIZEUS_NOISE_DATASET_Car Noise_Idle Noise_60mph_SNR0dB_CLN-p092_emo_contentment_sentences.csv
mband_linear_N16_F8_O75_FL0p7,hybrid,Success,linear,16,8,75,0.7,1,0,Car,p092_emo_contentment_sentences,GTCRN+SS_mband_linear_N16_F8_O75_FL0p7_p092_emo_contentment_sentences_NOIZEUS_NOISE_DATASET_Car Noise_Idle Noise_60mph_SNR0dB,1.539445877075195,0.7572072148323059,9.574089050292969,3.3772521018981934,3.341686925513305,3.47613209493234,2.834568500175934,16000,mband_linear_N16_F8_O75_FL0p7_metrics.csv_ENH-GTCRN+SS_mband_linear_N16_F8_O75_FL0p7_p092_emo_contentment_sentences_NOIZEUS_NOISE_DATASET_Car Noise_Idle Noise_60mph_SNR0dB_CLN-p092_emo_contentment_sentences.csv
mband_linear_N16_F8_O75_FL0p8,hybrid,Success,linear,16,8,75,0.8,1,0,Car,p092_emo_contentment_sentences,GTCRN+SS_mband_linear_N16_F8_O75_FL0p8_p092_emo_contentment_sentences_NOIZEUS_NOISE_DATASET_Car Noise_Idle Noise_60mph_SNR0dB,1.4268641471862793,0.735411524772644,9.21336555480957,3.272698163986206,3.470262396968866,3.3956103029841924,2.835087418566191,16000,mband_linear_N16_F8_O75_FL0p8_metrics.csv_ENH-GTCRN+SS_mband_linear_N16_F8_O75_FL0p8_p092_emo_contentment_sentences_NOIZEUS_NOISE_DATASET_Car Noise_Idle Noise_60mph_SNR0dB_CLN-p092_emo_contentment_sentences.csv
mband_linear_N4_F20_O25_FL0p5,hybrid,Success,linear,4,20,25,0.5,1,0,Car,p092_emo_contentment_sentences,GTCRN+SS_mband_linear_N4_F20_O25_FL0p5_p092_emo_contentment_sentences_NOIZEUS_NOISE_DATASET_Car Noise_Idle Noise_60mph_SNR0dB,1.4057979583740234,0.7368032932281494,7.915890216827393,3.3344643115997314,3.723567730967712,3.60368825901577,3.089438665614973,16000,mband_linear_N4_F20_O25_FL0p5_metrics.csv_ENH-GTCRN+SS_mband_linear_N4_F20_O25_FL0p5_p092_emo_contentment_sentences_NOIZEUS_NOISE_DATASET_Car Noise_Idle Noise_60mph_SNR0dB_CLN-p092_emo_contentment_sentences.csv
mband_linear_N4_F20_O25_FL0p7,hybrid,Success,linear,4,20,25,0.7,1,0,Car,p092_emo_contentment_sentences,GTCRN+SS_mband_linear_N4_F20_O25_FL0p7_p092_emo_contentment_sentences_NOIZEUS_NOISE_DATASET_Car Noise_Idle Noise_60mph_SNR0dB,1.4241455793380735,0.7420468926429749,8.207170486450195,3.2932190895080566,3.921344981271917,3.815494679880212,3.3506752303542684,16000,mband_linear_N4_F20_O25_FL0p7_metrics.csv_ENH-GTCRN+SS_mband_linear_N4_F20_O25_FL0p7_p092_emo_contentment_sentences_NOIZEUS_NOISE_DATASET_Car Noise_Idle Noise_60mph_SNR0dB_CLN-p092_emo_contentment_sentences.csv
mband_linear_N4_F20_O25_FL0p8,hybrid,Success,linear,4,20,25,0.8,1,0,Car,p092_emo_contentment_sentences,GTCRN+SS_mband_linear_N4_F20_O25_FL0p8_p092_emo_contentment_sentences_NOIZEUS_NOISE_DATASET_Car Noise_Idle Noise_60mph_SNR0dB,1.449657917022705,0.7526794075965881,8.335379600524902,3.3800628185272217,3.933440921496853,3.810345140557232,3.387470889543419,16000,mband_linear_N4_F20_O25_FL0p8_metrics.csv_ENH-GTCRN+SS_mband_linear_N4_F20_O25_FL0p8_p092_emo_contentment_sentences_NOIZEUS_NOISE_DATASET_Car Noise_Idle Noise_60mph_SNR0dB_CLN-p092_emo_contentment_sentences.csv
mband_linear_N4_F20_O50_FL0p5,hybrid,Success,linear,4,20,50,0.5,1,0,Car,p092_emo_contentment_sentences,GTCRN+SS_mband_linear_N4_F20_O50_FL0p5_p092_emo_contentment_sentences_NOIZEUS_NOISE_DATASET_Car Noise_Idle Noise_60mph_SNR0dB,1.5206711292266846,0.7315272688865662,9.026869773864746,3.451679229736328,3.816840221766365,4.114202288784234,3.373556636481045,16000,mband_linear_N4_F20_O50_FL0p5_metrics.csv_ENH-GTCRN+SS_mband_linear_N4_F20_O50_FL0p5_p092_emo_contentment_sentences_NOIZEUS_NOISE_DATASET_Car Noise_Idle Noise_60mph_SNR0dB_CLN-p092_emo_contentment_sentences.csv
mband_linear_N4_F20_O50_FL0p7,hybrid,Success,linear,4,20,50,0.7,1,0,Car,p092_emo_contentment_sentences,GTCRN+SS_mband_linear_N4_F20_O50_FL0p7_p092_emo_contentment_sentences_NOIZEUS_NOISE_DATASET_Car Noise_Idle Noise_60mph_SNR0dB,1.5290594100952148,0.7474222183227539,9.022921562194824,3.344033718109131,3.89588941712258,4.063636036872651,3.4004741742434907,16000,mband_linear_N4_F20_O50_FL0p7_metrics.csv_ENH-GTCRN+SS_mband_linear_N4_F20_O50_FL0p7_p092_emo_contentment_sentences_NOIZEUS_NOISE_DATASET_Car Noise_Idle Noise_60mph_SNR0dB_CLN-p092_emo_contentment_sentences.csv
mband_linear_N4_F20_O50_FL0p8,hybrid,Success,linear,4,20,50,0.8,1,0,Car,p092_emo_contentment_sentences,GTCRN+SS_mband_linear_N4_F20_O50_FL0p8_p092_emo_contentment_sentences_NOIZEUS_NOISE_DATASET_Car Noise_Idle Noise_60mph_SNR0dB,1.43972909450531,0.7559754252433777,9.23300552368164,3.625429391860962,3.6762986013825696,3.627083062899889,3.0833161655588923,16000,mband_linear_N4_F20_O50_FL0p8_metrics.csv_ENH-GTCRN+SS_mband_linear_N4_F20_O50_FL0p8_p092_emo_contentment_sentences_NOIZEUS_NOISE_DATASET_Car Noise_Idle Noise_60mph_SNR0dB_CLN-p092_emo_contentment_sentences.csv
mband_linear_N4_F20_O75_FL0p5,hybrid,Success,linear,4,20,75,0.5,1,0,Car,p092_emo_contentment_sentences,GTCRN+SS_mband_linear_N4_F20_O75_FL0p5_p092_emo_contentment_sentences_NOIZEUS_NOISE_DATASET_Car Noise_Idle Noise_60mph_SNR0dB,1.4620360136032104,0.7338485717773438,9.098837852478027,3.544156312942505,3.182723145770946,3.92150389702095,2.829656802068718,16000,mband_linear_N4_F20_O75_FL0p5_metrics.csv_ENH-GTCRN+SS_mband_linear_N4_F20_O75_FL0p5_p092_emo_contentment_sentences_NOIZEUS_NOISE_DATASET_Car Noise_Idle Noise_60mph_SNR0dB_CLN-p092_emo_contentment_sentences.csv
mband_linear_N4_F20_O75_FL0p7,hybrid,Success,linear,4,20,75,0.7,1,0,Car,p092_emo_contentment_sentences,GTCRN+SS_mband_linear_N4_F20_O75_FL0p7_p092_emo_contentment_sentences_NOIZEUS_NOISE_DATASET_Car Noise_Idle Noise_60mph_SNR0dB,1.467593789100647,0.7578454613685608,9.320653915405272,3.3903276920318604,3.5937242232861166,3.5237234628440395,3.000085182283914,16000,mband_linear_N4_F20_O75_FL0p7_metrics.csv_ENH-GTCRN+SS_mband_linear_N4_F20_O75_FL0p7_p092_emo_contentment_sentences_NOIZEUS_NOISE_DATASET_Car Noise_Idle Noise_60mph_SNR0dB_CLN-p092_emo_contentment_sentences.csv
mband_linear_N4_F20_O75_FL0p8,hybrid,Success,linear,4,20,75,0.8,1,0,Car,p092_emo_contentment_sentences,GTCRN+SS_mband_linear_N4_F20_O75_FL0p8_p092_emo_contentment_sentences_NOIZEUS_NOISE_DATASET_Car Noise_Idle Noise_60mph_SNR0dB,1.5051474571228027,0.736070990562439,9.239642143249512,3.25545620918274,3.1706443644304705,3.827327662690513,2.777699838780395,16000,mband_linear_N4_F20_O75_FL0p8_metrics.csv_ENH-GTCRN+SS_mband_linear_N4_F20_O75_FL0p8_p092_emo_contentment_sentences_NOIZEUS_NOISE_DATASET_Car Noise_Idle Noise_60mph_SNR0dB_CLN-p092_emo_contentment_sentences.csv
mband_linear_N4_F25_O25_FL0p5,hybrid,Success,linear,4,25,25,0.5,1,0,Car,p092_emo_contentment_sentences,GTCRN+SS_mband_linear_N4_F25_O25_FL0p5_p092_emo_contentment_sentences_NOIZEUS_NOISE_DATASET_Car Noise_Idle Noise_60mph_SNR0dB,1.4631317853927612,0.7341979742050171,7.108065605163574,3.1530864238739014,3.689324009255553,3.9783314111476016,3.238742119936579,16000,mband_linear_N4_F25_O25_FL0p5_metrics.csv_ENH-GTCRN+SS_mband_linear_N4_F25_O25_FL0p5_p092_emo_contentment_sentences_NOIZEUS_NOISE_DATASET_Car Noise_Idle Noise_60mph_SNR0dB_CLN-p092_emo_contentment_sentences.csv
mband_linear_N4_F25_O25_FL0p7,hybrid,Success,linear,4,25,25,0.7,1,0,Car,p092_emo_contentment_sentences,GTCRN+SS_mband_linear_N4_F25_O25_FL0p7_p092_emo_contentment_sentences_NOIZEUS_NOISE_DATASET_Car Noise_Idle Noise_60mph_SNR0dB,1.4565675258636477,0.7262262105941772,7.808016777038574,3.318044662475586,3.679963929770633,3.98124496533027,3.2542216839244777,16000,mband_linear_N4_F25_O25_FL0p7_metrics.csv_ENH-GTCRN+SS_mband_linear_N4_F25_O25_FL0p7_p092_emo_contentment_sentences_NOIZEUS_NOISE_DATASET_Car Noise_Idle Noise_60mph_SNR0dB_CLN-p092_emo_contentment_sentences.csv
mband_linear_N4_F25_O25_FL0p8,hybrid,Success,linear,4,25,25,0.8,1,0,Car,p092_emo_contentment_sentences,GTCRN+SS_mband_linear_N4_F25_O25_FL0p8_p092_emo_contentment_sentences_NOIZEUS_NOISE_DATASET_Car Noise_Idle Noise_60mph_SNR0dB,1.4145926237106323,0.7395422458648682,7.345358848571777,3.2740046977996826,3.9683855048408434,3.981149271275036,3.493395092185912,16000,mband_linear_N4_F25_O25_FL0p8_metrics.csv_ENH-GTCRN+SS_mband_linear_N4_F25_O25_FL0p8_p092_emo_contentment_sentences_NOIZEUS_NOISE_DATASET_Car Noise_Idle Noise_60mph_SNR0dB_CLN-p092_emo_contentment_sentences.csv
mband_linear_N4_F25_O50_FL0p5,hybrid,Success,linear,4,25,50,0.5,1,0,Car,p092_emo_contentment_sentences,GTCRN+SS_mband_linear_N4_F25_O50_FL0p5_p092_emo_contentment_sentences_NOIZEUS_NOISE_DATASET_Car Noise_Idle Noise_60mph_SNR0dB,1.434497356414795,0.7259779572486877,8.58476448059082,3.4356462955474854,3.435703248321842,3.4897441896738024,2.810073936853541,16000,mband_linear_N4_F25_O50_FL0p5_metrics.csv_ENH-GTCRN+SS_mband_linear_N4_F25_O50_FL0p5_p092_emo_contentment_sentences_NOIZEUS_NOISE_DATASET_Car Noise_Idle Noise_60mph_SNR0dB_CLN-p092_emo_contentment_sentences.csv
mband_linear_N4_F25_O50_FL0p7,hybrid,Success,linear,4,25,50,0.7,1,0,Car,p092_emo_contentment_sentences,GTCRN+SS_mband_linear_N4_F25_O50_FL0p7_p092_emo_contentment_sentences_NOIZEUS_NOISE_DATASET_Car Noise_Idle Noise_60mph_SNR0dB,1.5257216691970823,0.7432474493980408,8.579602241516113,3.43432092666626,3.895962507572083,4.096377085643439,3.441485208924896,16000,mband_linear_N4_F25_O50_FL0p7_metrics.csv_ENH-GTCRN+SS_mband_linear_N4_F25_O50_FL0p7_p092_emo_contentment_sentences_NOIZEUS_NOISE_DATASET_Car Noise_Idle Noise_60mph_SNR0dB_CLN-p092_emo_contentment_sentences.csv
mband_linear_N4_F25_O50_FL0p8,hybrid,Success,linear,4,25,50,0.8,1,0,Car,p092_emo_contentment_sentences,GTCRN+SS_mband_linear_N4_F25_O50_FL0p8_p092_emo_contentment_sentences_NOIZEUS_NOISE_DATASET_Car Noise_Idle Noise_60mph_SNR0dB,1.491131067276001,0.7390693426132202,8.8803071975708,3.340574026107788,3.763389703505175,3.5453560251991085,3.1202125091255004,16000,mband_linear_N4_F25_O50_FL0p8_metrics.csv_ENH-GTCRN+SS_mband_linear_N4_F25_O50_FL0p8_p092_emo_contentment_sentences_NOIZEUS_NOISE_DATASET_Car Noise_Idle Noise_60mph_SNR0dB_CLN-p092_emo_contentment_sentences.csv
mband_linear_N4_F25_O75_FL0p5,hybrid,Success,linear,4,25,75,0.5,1,0,Car,p092_emo_contentment_sentences,GTCRN+SS_mband_linear_N4_F25_O75_FL0p5_p092_emo_contentment_sentences_NOIZEUS_NOISE_DATASET_Car Noise_Idle Noise_60mph_SNR0dB,1.5699524879455566,0.7483733296394348,9.30511474609375,3.1566922664642334,3.3647328872324294,3.9328400845110383,2.98810096279605,16000,mband_linear_N4_F25_O75_FL0p5_metrics.csv_ENH-GTCRN+SS_mband_linear_N4_F25_O75_FL0p5_p092_emo_contentment_sentences_NOIZEUS_NOISE_DATASET_Car Noise_Idle Noise_60mph_SNR0dB_CLN-p092_emo_contentment_sentences.csv
mband_linear_N4_F25_O75_FL0p7,hybrid,Success,linear,4,25,75,0.7,1,0,Car,p092_emo_contentment_sentences,GTCRN+SS_mband_linear_N4_F25_O75_FL0p7_p092_emo_contentment_sentences_NOIZEUS_NOISE_DATASET_Car Noise_Idle Noise_60mph_SNR0dB,1.5127960443496704,0.755710244178772,9.16052532196045,3.3805959224700928,3.489319055691954,3.530879587833446,2.9303206239215123,16000,mband_linear_N4_F25_O75_FL0p7_metrics.csv_ENH-GTCRN+SS_mband_linear_N4_F25_O75_FL0p7_p092_emo_contentment_sentences_NOIZEUS_NOISE_DATASET_Car Noise_Idle Noise_60mph_SNR0dB_CLN-p092_emo_contentment_sentences.csv
mband_linear_N4_F25_O75_FL0p8,hybrid,Success,linear,4,25,75,0.8,1,0,Car,p092_emo_contentment_sentences,GTCRN+SS_mband_linear_N4_F25_O75_FL0p8_p092_emo_contentment_sentences_NOIZEUS_NOISE_DATASET_Car Noise_Idle Noise_60mph_SNR0dB,1.4077916145324707,0.7603952288627625,8.736862182617188,3.303703784942627,3.101589492928768,3.8241232199153927,2.772684158153845,16000,mband_linear_N4_F25_O75_FL0p8_metrics.csv_ENH-GTCRN+SS_mband_linear_N4_F25_O75_FL0p8_p092_emo_contentment_sentences_NOIZEUS_NOISE_DATASET_Car Noise_Idle Noise_60mph_SNR0dB_CLN-p092_emo_contentment_sentences.csv
mband_linear_N4_F8_O25_FL0p5,hybrid,Success,linear,4,8,25,0.5,1,0,Car,p092_emo_contentment_sentences,GTCRN+SS_mband_linear_N4_F8_O25_FL0p5_p092_emo_contentment_sentences_NOIZEUS_NOISE_DATASET_Car Noise_Idle Noise_60mph_SNR0dB,1.4320639371871948,0.7468688488006592,9.147995948791504,3.175529718399048,3.292408833469153,3.867217769558641,2.9062212730320485,16000,mband_linear_N4_F8_O25_FL0p5_metrics.csv_ENH-GTCRN+SS_mband_linear_N4_F8_O25_FL0p5_p092_emo_contentment_sentences_NOIZEUS_NOISE_DATASET_Car Noise_Idle Noise_60mph_SNR0dB_CLN-p092_emo_contentment_sentences.csv
mband_linear_N4_F8_O25_FL0p7,hybrid,Success,linear,4,8,25,0.7,1,0,Car,p092_emo_contentment_sentences,GTCRN+SS_mband_linear_N4_F8_O25_FL0p7_p092_emo_contentment_sentences_NOIZEUS_NOISE_DATASET_Car Noise_Idle Noise_60mph_SNR0dB,1.4831969738006592,0.7629947662353516,8.797524452209473,3.295626878738404,3.618924061572289,3.8231648803256384,3.1227376795689628,16000,mband_linear_N4_F8_O25_FL0p7_metrics.csv_ENH-GTCRN+SS_mband_linear_N4_F8_O25_FL0p7_p092_emo_contentment_sentences_NOIZEUS_NOISE_DATASET_Car Noise_Idle Noise_60mph_SNR0dB_CLN-p092_emo_contentment_sentences.csv
mband_linear_N4_F8_O25_FL0p8,hybrid,Success,linear,4,8,25,0.8,1,0,Car,p092_emo_contentment_sentences,GTCRN+SS_mband_linear_N4_F8_O25_FL0p8_p092_emo_contentment_sentences_NOIZEUS_NOISE_DATASET_Car Noise_Idle Noise_60mph_SNR0dB,1.3780215978622437,0.7539376020431519,8.564505577087402,3.2619454860687256,3.2369253155374627,3.8688720699258905,2.8030951197426512,16000,mband_linear_N4_F8_O25_FL0p8_metrics.csv_ENH-GTCRN+SS_mband_linear_N4_F8_O25_FL0p8_p092_emo_contentment_sentences_NOIZEUS_NOISE_DATASET_Car Noise_Idle Noise_60mph_SNR0dB_CLN-p092_emo_contentment_sentences.csv
mband_linear_N4_F8_O50_FL0p5,hybrid,Success,linear,4,8,50,0.5,1,0,Car,p092_emo_contentment_sentences,GTCRN+SS_mband_linear_N4_F8_O50_FL0p5_p092_emo_contentment_sentences_NOIZEUS_NOISE_DATASET_Car Noise_Idle Noise_60mph_SNR0dB,1.5355732440948486,0.7479791045188904,8.714555740356445,3.2487709522247314,3.4601969253154534,3.83752412818858,3.015173949215704,16000,mband_linear_N4_F8_O50_FL0p5_metrics.csv_ENH-GTCRN+SS_mband_linear_N4_F8_O50_FL0p5_p092_emo_contentment_sentences_NOIZEUS_NOISE_DATASET_Car Noise_Idle Noise_60mph_SNR0dB_CLN-p092_emo_contentment_sentences.csv
mband_linear_N4_F8_O50_FL0p7,hybrid,Success,linear,4,8,50,0.7,1,0,Car,p092_emo_contentment_sentences,GTCRN+SS_mband_linear_N4_F8_O50_FL0p7_p092_emo_contentment_sentences_NOIZEUS_NOISE_DATASET_Car Noise_Idle Noise_60mph_SNR0dB,1.4945111274719238,0.7422289848327637,9.217930793762209,3.274422645568848,3.351203837200429,3.8620636076394943,2.950517740670687,16000,mband_linear_N4_F8_O50_FL0p7_metrics.csv_ENH-GTCRN+SS_mband_linear_N4_F8_O50_FL0p7_p092_emo_contentment_sentences_NOIZEUS_NOISE_DATASET_Car Noise_Idle Noise_60mph_SNR0dB_CLN-p092_emo_contentment_sentences.csv
mband_linear_N4_F8_O50_FL0p8,hybrid,Success,linear,4,8,50,0.8,1,0,Car,p092_emo_contentment_sentences,GTCRN+SS_mband_linear_N4_F8_O50_FL0p8_p092_emo_contentment_sentences_NOIZEUS_NOISE_DATASET_Car Noise_Idle Noise_60mph_SNR0dB,1.4180171489715576,0.7378654479980469,9.725754737854004,3.3492870330810547,3.5435160247819053,4.130950331379967,3.168476676569003,16000,mband_linear_N4_F8_O50_FL0p8_metrics.csv_ENH-GTCRN+SS_mband_linear_N4_F8_O50_FL0p8_p092_emo_contentment_sentences_NOIZEUS_NOISE_DATASET_Car Noise_Idle Noise_60mph_SNR0dB_CLN-p092_emo_contentment_sentences.csv
mband_linear_N4_F8_O75_FL0p5,hybrid,Success,linear,4,8,75,0.5,1,0,Car,p092_emo_contentment_sentences,GTCRN+SS_mband_linear_N4_F8_O75_FL0p5_p092_emo_contentment_sentences_NOIZEUS_NOISE_DATASET_Car Noise_Idle Noise_60mph_SNR0dB,1.543599009513855,0.7431665062904358,8.780729293823242,3.3877382278442383,3.1890318478677364,3.860920951040729,2.8205480816959216,16000,mband_linear_N4_F8_O75_FL0p5_metrics.csv_ENH-GTCRN+SS_mband_linear_N4_F8_O75_FL0p5_p092_emo_contentment_sentences_NOIZEUS_NOISE_DATASET_Car Noise_Idle Noise_60mph_SNR0dB_CLN-p092_emo_contentment_sentences.csv
mband_linear_N4_F8_O75_FL0p7,hybrid,Success,linear,4,8,75,0.7,1,0,Car,p092_emo_contentment_sentences,GTCRN+SS_mband_linear_N4_F8_O75_FL0p7_p092_emo_contentment_sentences_NOIZEUS_NOISE_DATASET_Car Noise_Idle Noise_60mph_SNR0dB,1.533115267753601,0.7529827356338501,9.341995239257812,3.4863739013671875,3.333945984630088,3.733285984817978,2.892729265084858,16000,mband_linear_N4_F8_O75_FL0p7_metrics.csv_ENH-GTCRN+SS_mband_linear_N4_F8_O75_FL0p7_p092_emo_contentment_sentences_NOIZEUS_NOISE_DATASET_Car Noise_Idle Noise_60mph_SNR0dB_CLN-p092_emo_contentment_sentences.csv
mband_linear_N4_F8_O75_FL0p8,hybrid,Success,linear,4,8,75,0.8,1,0,Car,p092_emo_contentment_sentences,GTCRN+SS_mband_linear_N4_F8_O75_FL0p8_p092_emo_contentment_sentences_NOIZEUS_NOISE_DATASET_Car Noise_Idle Noise_60mph_SNR0dB,1.4297847747802734,0.7352424263954163,9.244504928588867,3.1754603385925293,3.4758632587053,3.780755125303593,2.985209947425901,16000,mband_linear_N4_F8_O75_FL0p8_metrics.csv_ENH-GTCRN+SS_mband_linear_N4_F8_O75_FL0p8_p092_emo_contentment_sentences_NOIZEUS_NOISE_DATASET_Car Noise_Idle Noise_60mph_SNR0dB_CLN-p092_emo_contentment_sentences.csv
mband_linear_N8_F20_O25_FL0p5,hybrid,Success,linear,8,20,25,0.5,1,0,Car,p092_emo_contentment_sentences,GTCRN+SS_mband_linear_N8_F20_O25_FL0p5_p092_emo_contentment_sentences_NOIZEUS_NOISE_DATASET_Car Noise_Idle Noise_60mph_SNR0dB,1.4514243602752686,0.7089372873306274,7.870491027832031,3.3817615509033203,3.942054349949835,4.391884593774949,3.54681782862621,16000,mband_linear_N8_F20_O25_FL0p5_metrics.csv_ENH-GTCRN+SS_mband_linear_N8_F20_O25_FL0p5_p092_emo_contentment_sentences_NOIZEUS_NOISE_DATASET_Car Noise_Idle Noise_60mph_SNR0dB_CLN-p092_emo_contentment_sentences.csv
mband_linear_N8_F20_O25_FL0p7,hybrid,Success,linear,8,20,25,0.7,1,0,Car,p092_emo_contentment_sentences,GTCRN+SS_mband_linear_N8_F20_O25_FL0p7_p092_emo_contentment_sentences_NOIZEUS_NOISE_DATASET_Car Noise_Idle Noise_60mph_SNR0dB,1.4311474561691284,0.7426066994667053,7.725024700164795,3.3856968879699707,3.599146410375464,4.023979222231347,3.1558810536820383,16000,mband_linear_N8_F20_O25_FL0p7_metrics.csv_ENH-GTCRN+SS_mband_linear_N8_F20_O25_FL0p7_p092_emo_contentment_sentences_NOIZEUS_NOISE_DATASET_Car Noise_Idle Noise_60mph_SNR0dB_CLN-p092_emo_contentment_sentences.csv
mband_linear_N8_F20_O25_FL0p8,hybrid,Success,linear,8,20,25,0.8,1,0,Car,p092_emo_contentment_sentences,GTCRN+SS_mband_linear_N8_F20_O25_FL0p8_p092_emo_contentment_sentences_NOIZEUS_NOISE_DATASET_Car Noise_Idle Noise_60mph_SNR0dB,1.4197412729263306,0.7559022307395935,7.762088298797607,3.2775888442993164,4.138951191277174,3.8149831563062793,3.4906878621526327,16000,mband_linear_N8_F20_O25_FL0p8_metrics.csv_ENH-GTCRN+SS_mband_linear_N8_F20_O25_FL0p8_p092_emo_contentment_sentences_NOIZEUS_NOISE_DATASET_Car Noise_Idle Noise_60mph_SNR0dB_CLN-p092_emo_contentment_sentences.csv
mband_linear_N8_F20_O50_FL0p5,hybrid,Success,linear,8,20,50,0.5,1,0,Car,p092_emo_contentment_sentences,GTCRN+SS_mband_linear_N8_F20_O50_FL0p5_p092_emo_contentment_sentences_NOIZEUS_NOISE_DATASET_Car Noise_Idle Noise_60mph_SNR0dB,1.460552453994751,0.7385007739067078,9.230331420898438,3.442009925842285,3.892962937807358,4.252555078011676,3.4636296365806207,16000,mband_linear_N8_F20_O50_FL0p5_metrics.csv_ENH-GTCRN+SS_mband_linear_N8_F20_O50_FL0p5_p092_emo_contentment_sentences_NOIZEUS_NOISE_DATASET_Car Noise_Idle Noise_60mph_SNR0dB_CLN-p092_emo_contentment_sentences.csv
mband_linear_N8_F20_O50_FL0p7,hybrid,Success,linear,8,20,50,0.7,1,0,Car,p092_emo_contentment_sentences,GTCRN+SS_mband_linear_N8_F20_O50_FL0p7_p092_emo_contentment_sentences_NOIZEUS_NOISE_DATASET_Car Noise_Idle Noise_60mph_SNR0dB,1.4294449090957642,0.7383415102958679,8.430303573608398,3.2394802570343018,3.700636529368565,4.053013658242602,3.2398590987328086,16000,mband_linear_N8_F20_O50_FL0p7_metrics.csv_ENH-GTCRN+SS_mband_linear_N8_F20_O50_FL0p7_p092_emo_contentment_sentences_NOIZEUS_NOISE_DATASET_Car Noise_Idle Noise_60mph_SNR0dB_CLN-p092_emo_contentment_sentences.csv
mband_linear_N8_F20_O50_FL0p8,hybrid,Success,linear,8,20,50,0.8,1,0,Car,p092_emo_contentment_sentences,GTCRN+SS_mband_linear_N8_F20_O50_FL0p8_p092_emo_contentment_sentences_NOIZEUS_NOISE_DATASET_Car Noise_Idle Noise_60mph_SNR0dB,1.4875065088272097,0.7316615581512451,8.737550735473633,3.456827402114868,4.003125813339699,3.526702405831617,3.2550505585036964,16000,mband_linear_N8_F20_O50_FL0p8_metrics.csv_ENH-GTCRN+SS_mband_linear_N8_F20_O50_FL0p8_p092_emo_contentment_sentences_NOIZEUS_NOISE_DATASET_Car Noise_Idle Noise_60mph_SNR0dB_CLN-p092_emo_contentment_sentences.csv
mband_linear_N8_F20_O75_FL0p5,hybrid,Success,linear,8,20,75,0.5,1,0,Car,p092_emo_contentment_sentences,GTCRN+SS_mband_linear_N8_F20_O75_FL0p5_p092_emo_contentment_sentences_NOIZEUS_NOISE_DATASET_Car Noise_Idle Noise_60mph_SNR0dB,1.5806541442871094,0.7592937350273132,9.67823886871338,3.5685784816741943,3.527314429688229,4.006073380543908,3.139811503091729,16000,mband_linear_N8_F20_O75_FL0p5_metrics.csv_ENH-GTCRN+SS_mband_linear_N8_F20_O75_FL0p5_p092_emo_contentment_sentences_NOIZEUS_NOISE_DATASET_Car Noise_Idle Noise_60mph_SNR0dB_CLN-p092_emo_contentment_sentences.csv
mband_linear_N8_F20_O75_FL0p7,hybrid,Success,linear,8,20,75,0.7,1,0,Car,p092_emo_contentment_sentences,GTCRN+SS_mband_linear_N8_F20_O75_FL0p7_p092_emo_contentment_sentences_NOIZEUS_NOISE_DATASET_Car Noise_Idle Noise_60mph_SNR0dB,1.4136003255844116,0.7408390045166016,8.72618579864502,3.2393012046813965,3.478366810252824,3.95058776893259,3.051502301121015,16000,mband_linear_N8_F20_O75_FL0p7_metrics.csv_ENH-GTCRN+SS_mband_linear_N8_F20_O75_FL0p7_p092_emo_contentment_sentences_NOIZEUS_NOISE_DATASET_Car Noise_Idle Noise_60mph_SNR0dB_CLN-p092_emo_contentment_sentences.csv
mband_linear_N8_F20_O75_FL0p8,hybrid,Success,linear,8,20,75,0.8,1,0,Car,p092_emo_contentment_sentences,GTCRN+SS_mband_linear_N8_F20_O75_FL0p8_p092_emo_contentment_sentences_NOIZEUS_NOISE_DATASET_Car Noise_Idle Noise_60mph_SNR0dB,1.4611202478408811,0.7414332032203674,9.005852699279785,3.339463233947754,3.023409568524197,3.665517345470037,2.6708748488630865,16000,mband_linear_N8_F20_O75_FL0p8_metrics.csv_ENH-GTCRN+SS_mband_linear_N8_F20_O75_FL0p8_p092_emo_contentment_sentences_NOIZEUS_NOISE_DATASET_Car Noise_Idle Noise_60mph_SNR0dB_CLN-p092_emo_contentment_sentences.csv
mband_linear_N8_F25_O25_FL0p5,hybrid,Success,linear,8,25,25,0.5,1,0,Car,p092_emo_contentment_sentences,GTCRN+SS_mband_linear_N8_F25_O25_FL0p5_p092_emo_contentment_sentences_NOIZEUS_NOISE_DATASET_Car Noise_Idle Noise_60mph_SNR0dB,1.4431232213974,0.7381899952888489,7.476316452026367,3.314594268798828,3.482349886894564,3.4544321317552384,2.872905268634552,16000,mband_linear_N8_F25_O25_FL0p5_metrics.csv_ENH-GTCRN+SS_mband_linear_N8_F25_O25_FL0p5_p092_emo_contentment_sentences_NOIZEUS_NOISE_DATASET_Car Noise_Idle Noise_60mph_SNR0dB_CLN-p092_emo_contentment_sentences.csv
mband_linear_N8_F25_O25_FL0p7,hybrid,Success,linear,8,25,25,0.7,1,0,Car,p092_emo_contentment_sentences,GTCRN+SS_mband_linear_N8_F25_O25_FL0p7_p092_emo_contentment_sentences_NOIZEUS_NOISE_DATASET_Car Noise_Idle Noise_60mph_SNR0dB,1.360954999923706,0.720988929271698,7.277166843414307,3.204796314239502,3.7573616428003858,4.018764429174841,3.2838828766914823,16000,mband_linear_N8_F25_O25_FL0p7_metrics.csv_ENH-GTCRN+SS_mband_linear_N8_F25_O25_FL0p7_p092_emo_contentment_sentences_NOIZEUS_NOISE_DATASET_Car Noise_Idle Noise_60mph_SNR0dB_CLN-p092_emo_contentment_sentences.csv
mband_linear_N8_F25_O25_FL0p8,hybrid,Success,linear,8,25,25,0.8,1,0,Car,p092_emo_contentment_sentences,GTCRN+SS_mband_linear_N8_F25_O25_FL0p8_p092_emo_contentment_sentences_NOIZEUS_NOISE_DATASET_Car Noise_Idle Noise_60mph_SNR0dB,1.438063621520996,0.7564905881881714,7.556860446929932,3.276109457015991,3.6683391975836144,4.012757858463555,3.228241218254216,16000,mband_linear_N8_F25_O25_FL0p8_metrics.csv_ENH-GTCRN+SS_mband_linear_N8_F25_O25_FL0p8_p092_emo_contentment_sentences_NOIZEUS_NOISE_DATASET_Car Noise_Idle Noise_60mph_SNR0dB_CLN-p092_emo_contentment_sentences.csv
mband_linear_N8_F25_O50_FL0p5,hybrid,Success,linear,8,25,50,0.5,1,0,Car,p092_emo_contentment_sentences,GTCRN+SS_mband_linear_N8_F25_O50_FL0p5_p092_emo_contentment_sentences_NOIZEUS_NOISE_DATASET_Car Noise_Idle Noise_60mph_SNR0dB,1.4565114974975586,0.7245195508003235,8.716724395751953,3.135495662689209,3.802839411483325,3.8203134809424526,3.237574063876904,16000,mband_linear_N8_F25_O50_FL0p5_metrics.csv_ENH-GTCRN+SS_mband_linear_N8_F25_O50_FL0p5_p092_emo_contentment_sentences_NOIZEUS_NOISE_DATASET_Car Noise_Idle Noise_60mph_SNR0dB_CLN-p092_emo_contentment_sentences.csv
mband_linear_N8_F25_O50_FL0p7,hybrid,Success,linear,8,25,50,0.7,1,0,Car,p092_emo_contentment_sentences,GTCRN+SS_mband_linear_N8_F25_O50_FL0p7_p092_emo_contentment_sentences_NOIZEUS_NOISE_DATASET_Car Noise_Idle Noise_60mph_SNR0dB,1.458818435668945,0.7203454375267029,8.714811325073242,3.3388657569885254,3.685966625598044,4.167698167740277,3.2657454513125472,16000,mband_linear_N8_F25_O50_FL0p7_metrics.csv_ENH-GTCRN+SS_mband_linear_N8_F25_O50_FL0p7_p092_emo_contentment_sentences_NOIZEUS_NOISE_DATASET_Car Noise_Idle Noise_60mph_SNR0dB_CLN-p092_emo_contentment_sentences.csv
mband_linear_N8_F25_O50_FL0p8,hybrid,Success,linear,8,25,50,0.8,1,0,Car,p092_emo_contentment_sentences,GTCRN+SS_mband_linear_N8_F25_O50_FL0p8_p092_emo_contentment_sentences_NOIZEUS_NOISE_DATASET_Car Noise_Idle Noise_60mph_SNR0dB,1.4685251712799072,0.7255169153213501,8.75683879852295,3.524489402770996,3.672097255760635,4.045054714145124,3.2260719825804967,16000,mband_linear_N8_F25_O50_FL0p8_metrics.csv_ENH-GTCRN+SS_mband_linear_N8_F25_O50_FL0p8_p092_emo_contentment_sentences_NOIZEUS_NOISE_DATASET_Car Noise_Idle Noise_60mph_SNR0dB_CLN-p092_emo_contentment_sentences.csv
mband_linear_N8_F25_O75_FL0p5,hybrid,Success,linear,8,25,75,0.5,1,0,Car,p092_emo_contentment_sentences,GTCRN+SS_mband_linear_N8_F25_O75_FL0p5_p092_emo_contentment_sentences_NOIZEUS_NOISE_DATASET_Car Noise_Idle Noise_60mph_SNR0dB,1.5047972202301023,0.7353435158729553,8.553112983703613,3.1919219493865967,3.407081292221225,3.784516392145768,2.9639194755612817,16000,mband_linear_N8_F25_O75_FL0p5_metrics.csv_ENH-GTCRN+SS_mband_linear_N8_F25_O75_FL0p5_p092_emo_contentment_sentences_NOIZEUS_NOISE_DATASET_Car Noise_Idle Noise_60mph_SNR0dB_CLN-p092_emo_contentment_sentences.csv
mband_linear_N8_F25_O75_FL0p7,hybrid,Success,linear,8,25,75,0.7,1,0,Car,p092_emo_contentment_sentences,GTCRN+SS_mband_linear_N8_F25_O75_FL0p7_p092_emo_contentment_sentences_NOIZEUS_NOISE_DATASET_Car Noise_Idle Noise_60mph_SNR0dB,1.4800745248794556,0.7421709895133972,9.381410598754885,3.484788179397583,3.7727086630136633,3.8699060108734376,3.29286624185326,16000,mband_linear_N8_F25_O75_FL0p7_metrics.csv_ENH-GTCRN+SS_mband_linear_N8_F25_O75_FL0p7_p092_emo_contentment_sentences_NOIZEUS_NOISE_DATASET_Car Noise_Idle Noise_60mph_SNR0dB_CLN-p092_emo_contentment_sentences.csv
mband_linear_N8_F25_O75_FL0p8,hybrid,Success,linear,8,25,75,0.8,1,0,Car,p092_emo_contentment_sentences,GTCRN+SS_mband_linear_N8_F25_O75_FL0p8_p092_emo_contentment_sentences_NOIZEUS_NOISE_DATASET_Car Noise_Idle Noise_60mph_SNR0dB,1.4056284427642822,0.727685809135437,9.097678184509276,3.189053535461426,3.559159329622491,3.6884877543746986,3.043480609565378,16000,mband_linear_N8_F25_O75_FL0p8_metrics.csv_ENH-GTCRN+SS_mband_linear_N8_F25_O75_FL0p8_p092_emo_contentment_sentences_NOIZEUS_NOISE_DATASET_Car Noise_Idle Noise_60mph_SNR0dB_CLN-p092_emo_contentment_sentences.csv
mband_linear_N8_F8_O25_FL0p5,hybrid,Success,linear,8,8,25,0.5,1,0,Car,p092_emo_contentment_sentences,GTCRN+SS_mband_linear_N8_F8_O25_FL0p5_p092_emo_contentment_sentences_NOIZEUS_NOISE_DATASET_Car Noise_Idle Noise_60mph_SNR0dB,1.5067970752716064,0.7438445091247559,8.991104125976562,3.3168294429779053,3.451830373094041,4.034300805815405,3.0385008632577666,16000,mband_linear_N8_F8_O25_FL0p5_metrics.csv_ENH-GTCRN+SS_mband_linear_N8_F8_O25_FL0p5_p092_emo_contentment_sentences_NOIZEUS_NOISE_DATASET_Car Noise_Idle Noise_60mph_SNR0dB_CLN-p092_emo_contentment_sentences.csv
mband_linear_N8_F8_O25_FL0p7,hybrid,Success,linear,8,8,25,0.7,1,0,Car,p092_emo_contentment_sentences,GTCRN+SS_mband_linear_N8_F8_O25_FL0p7_p092_emo_contentment_sentences_NOIZEUS_NOISE_DATASET_Car Noise_Idle Noise_60mph_SNR0dB,1.3602538108825684,0.7462732791900635,8.212773323059082,3.0885767936706543,3.2177849967037013,4.118729980730044,2.915142374766556,16000,mband_linear_N8_F8_O25_FL0p7_metrics.csv_ENH-GTCRN+SS_mband_linear_N8_F8_O25_FL0p7_p092_emo_contentment_sentences_NOIZEUS_NOISE_DATASET_Car Noise_Idle Noise_60mph_SNR0dB_CLN-p092_emo_contentment_sentences.csv
mband_linear_N8_F8_O25_FL0p8,hybrid,Success,linear,8,8,25,0.8,1,0,Car,p092_emo_contentment_sentences,GTCRN+SS_mband_linear_N8_F8_O25_FL0p8_p092_emo_contentment_sentences_NOIZEUS_NOISE_DATASET_Car Noise_Idle Noise_60mph_SNR0dB,1.383667230606079,0.7436187267303467,8.49073314666748,3.098438501358032,3.429537350378536,3.884435953783184,2.987441970376213,16000,mband_linear_N8_F8_O25_FL0p8_metrics.csv_ENH-GTCRN+SS_mband_linear_N8_F8_O25_FL0p8_p092_emo_contentment_sentences_NOIZEUS_NOISE_DATASET_Car Noise_Idle Noise_60mph_SNR0dB_CLN-p092_emo_contentment_sentences.csv
mband_linear_N8_F8_O50_FL0p5,hybrid,Success,linear,8,8,50,0.5,1,0,Car,p092_emo_contentment_sentences,GTCRN+SS_mband_linear_N8_F8_O50_FL0p5_p092_emo_contentment_sentences_NOIZEUS_NOISE_DATASET_Car Noise_Idle Noise_60mph_SNR0dB,1.4535019397735596,0.7327167391777039,9.01375675201416,3.299611806869507,3.1692376065639394,3.779619134550176,2.775870289898758,16000,mband_linear_N8_F8_O50_FL0p5_metrics.csv_ENH-GTCRN+SS_mband_linear_N8_F8_O50_FL0p5_p092_emo_contentment_sentences_NOIZEUS_NOISE_DATASET_Car Noise_Idle Noise_60mph_SNR0dB_CLN-p092_emo_contentment_sentences.csv
mband_linear_N8_F8_O50_FL0p7,hybrid,Success,linear,8,8,50,0.7,1,0,Car,p092_emo_contentment_sentences,GTCRN+SS_mband_linear_N8_F8_O50_FL0p7_p092_emo_contentment_sentences_NOIZEUS_NOISE_DATASET_Car Noise_Idle Noise_60mph_SNR0dB,1.4551372528076172,0.7344003319740295,9.354965209960938,3.272256851196289,3.035333747324936,3.643727563976451,2.6823805423458618,16000,mband_linear_N8_F8_O50_FL0p7_metrics.csv_ENH-GTCRN+SS_mband_linear_N8_F8_O50_FL0p7_p092_emo_contentment_sentences_NOIZEUS_NOISE_DATASET_Car Noise_Idle Noise_60mph_SNR0dB_CLN-p092_emo_contentment_sentences.csv
mband_linear_N8_F8_O50_FL0p8,hybrid,Success,linear,8,8,50,0.8,1,0,Car,p092_emo_contentment_sentences,GTCRN+SS_mband_linear_N8_F8_O50_FL0p8_p092_emo_contentment_sentences_NOIZEUS_NOISE_DATASET_Car Noise_Idle Noise_60mph_SNR0dB,1.3599183559417725,0.753042459487915,8.151599884033203,3.4310719966888428,3.476459931595079,3.713954583333915,2.9452843452004127,16000,mband_linear_N8_F8_O50_FL0p8_metrics.csv_ENH-GTCRN+SS_mband_linear_N8_F8_O50_FL0p8_p092_emo_contentment_sentences_NOIZEUS_NOISE_DATASET_Car Noise_Idle Noise_60mph_SNR0dB_CLN-p092_emo_contentment_sentences.csv
mband_linear_N8_F8_O75_FL0p5,hybrid,Success,linear,8,8,75,0.5,1,0,Car,p092_emo_contentment_sentences,GTCRN+SS_mband_linear_N8_F8_O75_FL0p5_p092_emo_contentment_sentences_NOIZEUS_NOISE_DATASET_Car Noise_Idle Noise_60mph_SNR0dB,1.4379881620407104,0.761372447013855,9.20193862915039,3.388023614883423,3.3997335209329087,4.034664839354792,3.018845887307453,16000,mband_linear_N8_F8_O75_FL0p5_metrics.csv_ENH-GTCRN+SS_mband_linear_N8_F8_O75_FL0p5_p092_emo_contentment_sentences_NOIZEUS_NOISE_DATASET_Car Noise_Idle Noise_60mph_SNR0dB_CLN-p092_emo_contentment_sentences.csv
mband_linear_N8_F8_O75_FL0p7,hybrid,Success,linear,8,8,75,0.7,1,0,Car,p092_emo_contentment_sentences,GTCRN+SS_mband_linear_N8_F8_O75_FL0p7_p092_emo_contentment_sentences_NOIZEUS_NOISE_DATASET_Car Noise_Idle Noise_60mph_SNR0dB,1.4644341468811035,0.773216187953949,9.205665588378906,3.1071548461914062,2.942193558752886,3.658672127229335,2.602979882751608,16000,mband_linear_N8_F8_O75_FL0p7_metrics.csv_ENH-GTCRN+SS_mband_linear_N8_F8_O75_FL0p7_p092_emo_contentment_sentences_NOIZEUS_NOISE_DATASET_Car Noise_Idle Noise_60mph_SNR0dB_CLN-p092_emo_contentment_sentences.csv
mband_linear_N8_F8_O75_FL0p8,hybrid,Success,linear,8,8,75,0.8,1,0,Car,p092_emo_contentment_sentences,GTCRN+SS_mband_linear_N8_F8_O75_FL0p8_p092_emo_contentment_sentences_NOIZEUS_NOISE_DATASET_Car Noise_Idle Noise_60mph_SNR0dB,1.5220119953155518,0.7415532469749451,9.449491500854492,3.333848714828491,3.605134535294094,3.612983839225085,3.048920752174705,16000,mband_linear_N8_F8_O75_FL0p8_metrics.csv_ENH-GTCRN+SS_mband_linear_N8_F8_O75_FL0p8_p092_emo_contentment_sentences_NOIZEUS_NOISE_DATASET_Car Noise_Idle Noise_60mph_SNR0dB_CLN-p092_emo_contentment_sentences.csv
mband_log_N16_F20_O25_FL0p5,hybrid,Success,log,16,20,25,0.5,1,0,Car,p092_emo_contentment_sentences,GTCRN+SS_mband_log_N16_F20_O25_FL0p5_p092_emo_contentment_sentences_NOIZEUS_NOISE_DATASET_Car Noise_Idle Noise_60mph_SNR0dB,1.5369541645050049,0.7415239214897156,7.480415821075439,3.1873538494110107,3.8989594348247696,3.6753757761278014,3.2621823482698526,16000,mband_log_N16_F20_O25_FL0p5_metrics.csv_ENH-GTCRN+SS_mband_log_N16_F20_O25_FL0p5_p092_emo_contentment_sentences_NOIZEUS_NOISE_DATASET_Car Noise_Idle Noise_60mph_SNR0dB_CLN-p092_emo_contentment_sentences.csv
mband_log_N16_F20_O25_FL0p7,hybrid,Success,log,16,20,25,0.7,1,0,Car,p092_emo_contentment_sentences,GTCRN+SS_mband_log_N16_F20_O25_FL0p7_p092_emo_contentment_sentences_NOIZEUS_NOISE_DATASET_Car Noise_Idle Noise_60mph_SNR0dB,1.5133318901062012,0.7476487159729004,8.07315731048584,3.350316286087036,3.866478476998841,3.963419895364392,3.3945377541372084,16000,mband_log_N16_F20_O25_FL0p7_metrics.csv_ENH-GTCRN+SS_mband_log_N16_F20_O25_FL0p7_p092_emo_contentment_sentences_NOIZEUS_NOISE_DATASET_Car Noise_Idle Noise_60mph_SNR0dB_CLN-p092_emo_contentment_sentences.csv
mband_log_N16_F20_O25_FL0p8,hybrid,Success,log,16,20,25,0.8,1,0,Car,p092_emo_contentment_sentences,GTCRN+SS_mband_log_N16_F20_O25_FL0p8_p092_emo_contentment_sentences_NOIZEUS_NOISE_DATASET_Car Noise_Idle Noise_60mph_SNR0dB,1.459907054901123,0.747397780418396,8.248311996459961,3.398437023162842,4.102350048154791,4.026184165322,3.577595769394123,16000,mband_log_N16_F20_O25_FL0p8_metrics.csv_ENH-GTCRN+SS_mband_log_N16_F20_O25_FL0p8_p092_emo_contentment_sentences_NOIZEUS_NOISE_DATASET_Car Noise_Idle Noise_60mph_SNR0dB_CLN-p092_emo_contentment_sentences.csv
mband_log_N16_F20_O50_FL0p5,hybrid,Success,log,16,20,50,0.5,1,0,Car,p092_emo_contentment_sentences,GTCRN+SS_mband_log_N16_F20_O50_FL0p5_p092_emo_contentment_sentences_NOIZEUS_NOISE_DATASET_Car Noise_Idle Noise_60mph_SNR0dB,1.4372055530548096,0.7352478504180908,8.808494567871094,3.3822646141052246,3.782296027686948,4.23836355006088,3.357920816536008,16000,mband_log_N16_F20_O50_FL0p5_metrics.csv_ENH-GTCRN+SS_mband_log_N16_F20_O50_FL0p5_p092_emo_contentment_sentences_NOIZEUS_NOISE_DATASET_Car Noise_Idle Noise_60mph_SNR0dB_CLN-p092_emo_contentment_sentences.csv
mband_log_N16_F20_O50_FL0p7,hybrid,Success,log,16,20,50,0.7,1,0,Car,p092_emo_contentment_sentences,GTCRN+SS_mband_log_N16_F20_O50_FL0p7_p092_emo_contentment_sentences_NOIZEUS_NOISE_DATASET_Car Noise_Idle Noise_60mph_SNR0dB,1.4969244003295898,0.7375264763832092,9.266172409057615,3.351628541946411,3.71441818216448,3.902028199680138,3.2297043649592787,16000,mband_log_N16_F20_O50_FL0p7_metrics.csv_ENH-GTCRN+SS_mband_log_N16_F20_O50_FL0p7_p092_emo_contentment_sentences_NOIZEUS_NOISE_DATASET_Car Noise_Idle Noise_60mph_SNR0dB_CLN-p092_emo_contentment_sentences.csv
mband_log_N16_F20_O50_FL0p8,hybrid,Success,log,16,20,50,0.8,1,0,Car,p092_emo_contentment_sentences,GTCRN+SS_mband_log_N16_F20_O50_FL0p8_p092_emo_contentment_sentences_NOIZEUS_NOISE_DATASET_Car Noise_Idle Noise_60mph_SNR0dB,1.4884448051452637,0.7324427366256714,8.679930686950684,3.423766851425171,3.6206862104954247,3.923474622513538,3.152467203945541,16000,mband_log_N16_F20_O50_FL0p8_metrics.csv_ENH-GTCRN+SS_mband_log_N16_F20_O50_FL0p8_p092_emo_contentment_sentences_NOIZEUS_NOISE_DATASET_Car Noise_Idle Noise_60mph_SNR0dB_CLN-p092_emo_contentment_sentences.csv
mband_log_N16_F20_O75_FL0p5,hybrid,Success,log,16,20,75,0.5,1,0,Car,p092_emo_contentment_sentences,GTCRN+SS_mband_log_N16_F20_O75_FL0p5_p092_emo_contentment_sentences_NOIZEUS_NOISE_DATASET_Car Noise_Idle Noise_60mph_SNR0dB,1.5602158308029177,0.7646687626838684,9.22358226776123,3.522907018661499,3.358715866710333,3.8579952567714586,2.9028825703609047,16000,mband_log_N16_F20_O75_FL0p5_metrics.csv_ENH-GTCRN+SS_mband_log_N16_F20_O75_FL0p5_p092_emo_contentment_sentences_NOIZEUS_NOISE_DATASET_Car Noise_Idle Noise_60mph_SNR0dB_CLN-p092_emo_contentment_sentences.csv
mband_log_N16_F20_O75_FL0p7,hybrid,Success,log,16,20,75,0.7,1,0,Car,p092_emo_contentment_sentences,GTCRN+SS_mband_log_N16_F20_O75_FL0p7_p092_emo_contentment_sentences_NOIZEUS_NOISE_DATASET_Car Noise_Idle Noise_60mph_SNR0dB,1.5208475589752195,0.7477476596832275,9.309391975402832,3.390529155731201,3.3191602776080624,3.7864933629015742,2.911606245997472,16000,mband_log_N16_F20_O75_FL0p7_metrics.csv_ENH-GTCRN+SS_mband_log_N16_F20_O75_FL0p7_p092_emo_contentment_sentences_NOIZEUS_NOISE_DATASET_Car Noise_Idle Noise_60mph_SNR0dB_CLN-p092_emo_contentment_sentences.csv
mband_log_N16_F20_O75_FL0p8,hybrid,Success,log,16,20,75,0.8,1,0,Car,p092_emo_contentment_sentences,GTCRN+SS_mband_log_N16_F20_O75_FL0p8_p092_emo_contentment_sentences_NOIZEUS_NOISE_DATASET_Car Noise_Idle Noise_60mph_SNR0dB,1.3941606283187866,0.7590871453285217,8.633419036865234,3.2207043170928955,3.1232218832867207,3.490936761946874,2.6532578969773666,16000,mband_log_N16_F20_O75_FL0p8_metrics.csv_ENH-GTCRN+SS_mband_log_N16_F20_O75_FL0p8_p092_emo_contentment_sentences_NOIZEUS_NOISE_DATASET_Car Noise_Idle Noise_60mph_SNR0dB_CLN-p092_emo_contentment_sentences.csv
mband_log_N16_F25_O25_FL0p5,hybrid,Success,log,16,25,25,0.5,1,0,Car,p092_emo_contentment_sentences,GTCRN+SS_mband_log_N16_F25_O25_FL0p5_p092_emo_contentment_sentences_NOIZEUS_NOISE_DATASET_Car Noise_Idle Noise_60mph_SNR0dB,1.493152379989624,0.7190529108047485,7.373164176940918,3.1073365211486816,3.8132379939457817,4.003584724005551,3.351229128841384,16000,mband_log_N16_F25_O25_FL0p5_metrics.csv_ENH-GTCRN+SS_mband_log_N16_F25_O25_FL0p5_p092_emo_contentment_sentences_NOIZEUS_NOISE_DATASET_Car Noise_Idle Noise_60mph_SNR0dB_CLN-p092_emo_contentment_sentences.csv
mband_log_N16_F25_O25_FL0p7,hybrid,Success,log,16,25,25,0.7,1,0,Car,p092_emo_contentment_sentences,GTCRN+SS_mband_log_N16_F25_O25_FL0p7_p092_emo_contentment_sentences_NOIZEUS_NOISE_DATASET_Car Noise_Idle Noise_60mph_SNR0dB,1.33911395072937,0.7511864900588989,7.29457950592041,3.3628296852111816,3.899573064816499,4.034931595722449,3.428926546127524,16000,mband_log_N16_F25_O25_FL0p7_metrics.csv_ENH-GTCRN+SS_mband_log_N16_F25_O25_FL0p7_p092_emo_contentment_sentences_NOIZEUS_NOISE_DATASET_Car Noise_Idle Noise_60mph_SNR0dB_CLN-p092_emo_contentment_sentences.csv
mband_log_N16_F25_O25_FL0p8,hybrid,Success,log,16,25,25,0.8,1,0,Car,p092_emo_contentment_sentences,GTCRN+SS_mband_log_N16_F25_O25_FL0p8_p092_emo_contentment_sentences_NOIZEUS_NOISE_DATASET_Car Noise_Idle Noise_60mph_SNR0dB,1.3920481204986572,0.7412068843841553,7.5415730476379395,3.2276971340179443,3.919566500969653,3.566084411702807,3.233659503748968,16000,mband_log_N16_F25_O25_FL0p8_metrics.csv_ENH-GTCRN+SS_mband_log_N16_F25_O25_FL0p8_p092_emo_contentment_sentences_NOIZEUS_NOISE_DATASET_Car Noise_Idle Noise_60mph_SNR0dB_CLN-p092_emo_contentment_sentences.csv
mband_log_N16_F25_O50_FL0p5,hybrid,Success,log,16,25,50,0.5,1,0,Car,p092_emo_contentment_sentences,GTCRN+SS_mband_log_N16_F25_O50_FL0p5_p092_emo_contentment_sentences_NOIZEUS_NOISE_DATASET_Car Noise_Idle Noise_60mph_SNR0dB,1.520699143409729,0.7529622912406921,8.497183799743652,3.472249746322632,3.927900905351871,3.82243472366847,3.353379202685608,16000,mband_log_N16_F25_O50_FL0p5_metrics.csv_ENH-GTCRN+SS_mband_log_N16_F25_O50_FL0p5_p092_emo_contentment_sentences_NOIZEUS_NOISE_DATASET_Car Noise_Idle Noise_60mph_SNR0dB_CLN-p092_emo_contentment_sentences.csv
mband_log_N16_F25_O50_FL0p7,hybrid,Success,log,16,25,50,0.7,1,0,Car,p092_emo_contentment_sentences,GTCRN+SS_mband_log_N16_F25_O50_FL0p7_p092_emo_contentment_sentences_NOIZEUS_NOISE_DATASET_Car Noise_Idle Noise_60mph_SNR0dB,1.422713279724121,0.7475237846374512,8.365584373474121,3.5173230171203613,3.6627423774650607,3.614397868627198,3.081252849630128,16000,mband_log_N16_F25_O50_FL0p7_metrics.csv_ENH-GTCRN+SS_mband_log_N16_F25_O50_FL0p7_p092_emo_contentment_sentences_NOIZEUS_NOISE_DATASET_Car Noise_Idle Noise_60mph_SNR0dB_CLN-p092_emo_contentment_sentences.csv
mband_log_N16_F25_O50_FL0p8,hybrid,Success,log,16,25,50,0.8,1,0,Car,p092_emo_contentment_sentences,GTCRN+SS_mband_log_N16_F25_O50_FL0p8_p092_emo_contentment_sentences_NOIZEUS_NOISE_DATASET_Car Noise_Idle Noise_60mph_SNR0dB,1.4856091737747192,0.7409369945526123,9.08017635345459,3.3929927349090576,3.875649827956207,3.993110149780548,3.382904589409615,16000,mband_log_N16_F25_O50_FL0p8_metrics.csv_ENH-GTCRN+SS_mband_log_N16_F25_O50_FL0p8_p092_emo_contentment_sentences_NOIZEUS_NOISE_DATASET_Car Noise_Idle Noise_60mph_SNR0dB_CLN-p092_emo_contentment_sentences.csv
mband_log_N16_F25_O75_FL0p5,hybrid,Success,log,16,25,75,0.5,1,0,Car,p092_emo_contentment_sentences,GTCRN+SS_mband_log_N16_F25_O75_FL0p5_p092_emo_contentment_sentences_NOIZEUS_NOISE_DATASET_Car Noise_Idle Noise_60mph_SNR0dB,1.5395667552947998,0.7281575202941895,9.071637153625488,3.3322408199310303,3.740190957827363,4.08231560921843,3.266315134756141,16000,mband_log_N16_F25_O75_FL0p5_metrics.csv_ENH-GTCRN+SS_mband_log_N16_F25_O75_FL0p5_p092_emo_contentment_sentences_NOIZEUS_NOISE_DATASET_Car Noise_Idle Noise_60mph_SNR0dB_CLN-p092_emo_contentment_sentences.csv
mband_log_N16_F25_O75_FL0p7,hybrid,Success,log,16,25,75,0.7,1,0,Car,p092_emo_contentment_sentences,GTCRN+SS_mband_log_N16_F25_O75_FL0p7_p092_emo_contentment_sentences_NOIZEUS_NOISE_DATASET_Car Noise_Idle Noise_60mph_SNR0dB,1.568530559539795,0.7497274279594421,8.982780456542969,3.381533145904541,3.4090610244931674,3.7809038710675167,2.98281913169383,16000,mband_log_N16_F25_O75_FL0p7_metrics.csv_ENH-GTCRN+SS_mband_log_N16_F25_O75_FL0p7_p092_emo_contentment_sentences_NOIZEUS_NOISE_DATASET_Car Noise_Idle Noise_60mph_SNR0dB_CLN-p092_emo_contentment_sentences.csv
mband_log_N16_F25_O75_FL0p8,hybrid,Success,log,16,25,75,0.8,1,0,Car,p092_emo_contentment_sentences,GTCRN+SS_mband_log_N16_F25_O75_FL0p8_p092_emo_contentment_sentences_NOIZEUS_NOISE_DATASET_Car Noise_Idle Noise_60mph_SNR0dB,1.4580341577529907,0.7489704489707947,9.516729354858398,3.4299628734588623,3.464332527285027,3.6828834687903145,2.97560775214091,16000,mband_log_N16_F25_O75_FL0p8_metrics.csv_ENH-GTCRN+SS_mband_log_N16_F25_O75_FL0p8_p092_emo_contentment_sentences_NOIZEUS_NOISE_DATASET_Car Noise_Idle Noise_60mph_SNR0dB_CLN-p092_emo_contentment_sentences.csv
mband_log_N16_F8_O25_FL0p5,hybrid,Success,log,16,8,25,0.5,1,0,Car,p092_emo_contentment_sentences,GTCRN+SS_mband_log_N16_F8_O25_FL0p5_p092_emo_contentment_sentences_NOIZEUS_NOISE_DATASET_Car Noise_Idle Noise_60mph_SNR0dB,1.4270522594451904,0.753869891166687,8.437284469604492,3.2848896980285645,3.293056265856292,3.798230915013818,2.8970720853623027,16000,mband_log_N16_F8_O25_FL0p5_metrics.csv_ENH-GTCRN+SS_mband_log_N16_F8_O25_FL0p5_p092_emo_contentment_sentences_NOIZEUS_NOISE_DATASET_Car Noise_Idle Noise_60mph_SNR0dB_CLN-p092_emo_contentment_sentences.csv
mband_log_N16_F8_O25_FL0p7,hybrid,Success,log,16,8,25,0.7,1,0,Car,p092_emo_contentment_sentences,GTCRN+SS_mband_log_N16_F8_O25_FL0p7_p092_emo_contentment_sentences_NOIZEUS_NOISE_DATASET_Car Noise_Idle Noise_60mph_SNR0dB,1.4054417610168457,0.7494652271270752,8.674153327941895,3.219744920730591,3.0518903661260017,3.692532271803304,2.6535528039472736,16000,mband_log_N16_F8_O25_FL0p7_metrics.csv_ENH-GTCRN+SS_mband_log_N16_F8_O25_FL0p7_p092_emo_contentment_sentences_NOIZEUS_NOISE_DATASET_Car Noise_Idle Noise_60mph_SNR0dB_CLN-p092_emo_contentment_sentences.csv
mband_log_N16_F8_O25_FL0p8,hybrid,Success,log,16,8,25,0.8,1,0,Car,p092_emo_contentment_sentences,GTCRN+SS_mband_log_N16_F8_O25_FL0p8_p092_emo_contentment_sentences_NOIZEUS_NOISE_DATASET_Car Noise_Idle Noise_60mph_SNR0dB,1.4393261671066284,0.7568268775939941,8.89813232421875,3.1108341217041016,3.492727999616947,3.893070189658422,3.041264644968638,16000,mband_log_N16_F8_O25_FL0p8_metrics.csv_ENH-GTCRN+SS_mband_log_N16_F8_O25_FL0p8_p092_emo_contentment_sentences_NOIZEUS_NOISE_DATASET_Car Noise_Idle Noise_60mph_SNR0dB_CLN-p092_emo_contentment_sentences.csv
mband_log_N16_F8_O50_FL0p5,hybrid,Success,log,16,8,50,0.5,1,0,Car,p092_emo_contentment_sentences,GTCRN+SS_mband_log_N16_F8_O50_FL0p5_p092_emo_contentment_sentences_NOIZEUS_NOISE_DATASET_Car Noise_Idle Noise_60mph_SNR0dB,1.4169960021972656,0.7432567477226257,9.051998138427734,3.2609777450561523,3.335477500616645,3.982169486977024,2.94966939495281,16000,mband_log_N16_F8_O50_FL0p5_metrics.csv_ENH-GTCRN+SS_mband_log_N16_F8_O50_FL0p5_p092_emo_contentment_sentences_NOIZEUS_NOISE_DATASET_Car Noise_Idle Noise_60mph_SNR0dB_CLN-p092_emo_contentment_sentences.csv
mband_log_N16_F8_O50_FL0p7,hybrid,Success,log,16,8,50,0.7,1,0,Car,p092_emo_contentment_sentences,GTCRN+SS_mband_log_N16_F8_O50_FL0p7_p092_emo_contentment_sentences_NOIZEUS_NOISE_DATASET_Car Noise_Idle Noise_60mph_SNR0dB,1.4840102195739746,0.7381369471549988,8.981112480163574,3.1409151554107666,3.530261093159469,3.5990094283974585,3.0262913965182205,16000,mband_log_N16_F8_O50_FL0p7_metrics.csv_ENH-GTCRN+SS_mband_log_N16_F8_O50_FL0p7_p092_emo_contentment_sentences_NOIZEUS_NOISE_DATASET_Car Noise_Idle Noise_60mph_SNR0dB_CLN-p092_emo_contentment_sentences.csv
mband_log_N16_F8_O50_FL0p8,hybrid,Success,log,16,8,50,0.8,1,0,Car,p092_emo_contentment_sentences,GTCRN+SS_mband_log_N16_F8_O50_FL0p8_p092_emo_contentment_sentences_NOIZEUS_NOISE_DATASET_Car Noise_Idle Noise_60mph_SNR0dB,1.45292329788208,0.744856059551239,9.420734405517578,3.3260698318481445,3.74724587546893,4.044568154420063,3.294439396754877,16000,mband_log_N16_F8_O50_FL0p8_metrics.csv_ENH-GTCRN+SS_mband_log_N16_F8_O50_FL0p8_p092_emo_contentment_sentences_NOIZEUS_NOISE_DATASET_Car Noise_Idle Noise_60mph_SNR0dB_CLN-p092_emo_contentment_sentences.csv
mband_log_N16_F8_O75_FL0p5,hybrid,Success,log,16,8,75,0.5,1,0,Car,p092_emo_contentment_sentences,GTCRN+SS_mband_log_N16_F8_O75_FL0p5_p092_emo_contentment_sentences_NOIZEUS_NOISE_DATASET_Car Noise_Idle Noise_60mph_SNR0dB,1.468259572982788,0.7709136605262756,8.76309585571289,3.1280317306518555,3.3257151856134723,3.783657122262391,2.884945199612808,16000,mband_log_N16_F8_O75_FL0p5_metrics.csv_ENH-GTCRN+SS_mband_log_N16_F8_O75_FL0p5_p092_emo_contentment_sentences_NOIZEUS_NOISE_DATASET_Car Noise_Idle Noise_60mph_SNR0dB_CLN-p092_emo_contentment_sentences.csv
mband_log_N16_F8_O75_FL0p7,hybrid,Success,log,16,8,75,0.7,1,0,Car,p092_emo_contentment_sentences,GTCRN+SS_mband_log_N16_F8_O75_FL0p7_p092_emo_contentment_sentences_NOIZEUS_NOISE_DATASET_Car Noise_Idle Noise_60mph_SNR0dB,1.4721444845199585,0.7443440556526184,9.380243301391602,3.293659448623657,3.085989861218751,3.744285075249613,2.739998095662732,16000,mband_log_N16_F8_O75_FL0p7_metrics.csv_ENH-GTCRN+SS_mband_log_N16_F8_O75_FL0p7_p092_emo_contentment_sentences_NOIZEUS_NOISE_DATASET_Car Noise_Idle Noise_60mph_SNR0dB_CLN-p092_emo_contentment_sentences.csv
mband_log_N16_F8_O75_FL0p8,hybrid,Success,log,16,8,75,0.8,1,0,Car,p092_emo_contentment_sentences,GTCRN+SS_mband_log_N16_F8_O75_FL0p8_p092_emo_contentment_sentences_NOIZEUS_NOISE_DATASET_Car Noise_Idle Noise_60mph_SNR0dB,1.5900228023529053,0.7362779974937439,9.497971534729004,3.373462200164795,3.181927322374248,3.616707644837589,2.7474628776493266,16000,mband_log_N16_F8_O75_FL0p8_metrics.csv_ENH-GTCRN+SS_mband_log_N16_F8_O75_FL0p8_p092_emo_contentment_sentences_NOIZEUS_NOISE_DATASET_Car Noise_Idle Noise_60mph_SNR0dB_CLN-p092_emo_contentment_sentences.csv
mband_log_N4_F20_O25_FL0p5,hybrid,Success,log,4,20,25,0.5,1,0,Car,p092_emo_contentment_sentences,GTCRN+SS_mband_log_N4_F20_O25_FL0p5_p092_emo_contentment_sentences_NOIZEUS_NOISE_DATASET_Car Noise_Idle Noise_60mph_SNR0dB,1.5047314167022705,0.7367570400238037,8.221220970153809,3.3696446418762207,3.772719897677137,4.184532421677747,3.350876974063006,16000,mband_log_N4_F20_O25_FL0p5_metrics.csv_ENH-GTCRN+SS_mband_log_N4_F20_O25_FL0p5_p092_emo_contentment_sentences_NOIZEUS_NOISE_DATASET_Car Noise_Idle Noise_60mph_SNR0dB_CLN-p092_emo_contentment_sentences.csv
mband_log_N4_F20_O25_FL0p7,hybrid,Success,log,4,20,25,0.7,1,0,Car,p092_emo_contentment_sentences,GTCRN+SS_mband_log_N4_F20_O25_FL0p7_p092_emo_contentment_sentences_NOIZEUS_NOISE_DATASET_Car Noise_Idle Noise_60mph_SNR0dB,1.4809259176254272,0.7324146032333374,7.846616744995117,3.262685775756836,3.9755312383250434,3.871024015435685,3.4356736614367605,16000,mband_log_N4_F20_O25_FL0p7_metrics.csv_ENH-GTCRN+SS_mband_log_N4_F20_O25_FL0p7_p092_emo_contentment_sentences_NOIZEUS_NOISE_DATASET_Car Noise_Idle Noise_60mph_SNR0dB_CLN-p092_emo_contentment_sentences.csv
mband_log_N4_F20_O25_FL0p8,hybrid,Success,log,4,20,25,0.8,1,0,Car,p092_emo_contentment_sentences,GTCRN+SS_mband_log_N4_F20_O25_FL0p8_p092_emo_contentment_sentences_NOIZEUS_NOISE_DATASET_Car Noise_Idle Noise_60mph_SNR0dB,1.40258526802063,0.716632604598999,7.731359481811523,3.2752039432525635,3.906675206574466,3.82903385454484,3.3384904386364407,16000,mband_log_N4_F20_O25_FL0p8_metrics.csv_ENH-GTCRN+SS_mband_log_N4_F20_O25_FL0p8_p092_emo_contentment_sentences_NOIZEUS_NOISE_DATASET_Car Noise_Idle Noise_60mph_SNR0dB_CLN-p092_emo_contentment_sentences.csv
mband_log_N4_F20_O50_FL0p5,hybrid,Success,log,4,20,50,0.5,1,0,Car,p092_emo_contentment_sentences,GTCRN+SS_mband_log_N4_F20_O50_FL0p5_p092_emo_contentment_sentences_NOIZEUS_NOISE_DATASET_Car Noise_Idle Noise_60mph_SNR0dB,1.5266627073287964,0.7535052299499512,9.07566261291504,3.216485977172852,3.8407512640452968,4.115845863153352,3.384048153001458,16000,mband_log_N4_F20_O50_FL0p5_metrics.csv_ENH-GTCRN+SS_mband_log_N4_F20_O50_FL0p5_p092_emo_contentment_sentences_NOIZEUS_NOISE_DATASET_Car Noise_Idle Noise_60mph_SNR0dB_CLN-p092_emo_contentment_sentences.csv
mband_log_N4_F20_O50_FL0p7,hybrid,Success,log,4,20,50,0.7,1,0,Car,p092_emo_contentment_sentences,GTCRN+SS_mband_log_N4_F20_O50_FL0p7_p092_emo_contentment_sentences_NOIZEUS_NOISE_DATASET_Car Noise_Idle Noise_60mph_SNR0dB,1.4724868535995483,0.7526251077651978,8.928385734558105,3.4463412761688232,3.935946314430229,3.557541787509804,3.237055465792147,16000,mband_log_N4_F20_O50_FL0p7_metrics.csv_ENH-GTCRN+SS_mband_log_N4_F20_O50_FL0p7_p092_emo_contentment_sentences_NOIZEUS_NOISE_DATASET_Car Noise_Idle Noise_60mph_SNR0dB_CLN-p092_emo_contentment_sentences.csv
mband_log_N4_F20_O50_FL0p8,hybrid,Success,log,4,20,50,0.8,1,0,Car,p092_emo_contentment_sentences,GTCRN+SS_mband_log_N4_F20_O50_FL0p8_p092_emo_contentment_sentences_NOIZEUS_NOISE_DATASET_Car Noise_Idle Noise_60mph_SNR0dB,1.4001291990280151,0.735895037651062,8.606036186218262,3.4633288383483887,3.729071593330567,3.763616573988283,3.165468829977596,16000,mband_log_N4_F20_O50_FL0p8_metrics.csv_ENH-GTCRN+SS_mband_log_N4_F20_O50_FL0p8_p092_emo_contentment_sentences_NOIZEUS_NOISE_DATASET_Car Noise_Idle Noise_60mph_SNR0dB_CLN-p092_emo_contentment_sentences.csv
mband_log_N4_F20_O75_FL0p5,hybrid,Success,log,4,20,75,0.5,1,0,Car,p092_emo_contentment_sentences,GTCRN+SS_mband_log_N4_F20_O75_FL0p5_p092_emo_contentment_sentences_NOIZEUS_NOISE_DATASET_Car Noise_Idle Noise_60mph_SNR0dB,1.5143595933914185,0.7523793578147888,8.882505416870117,3.3006722927093506,3.146957636156444,3.3527683406069526,2.604746194619224,16000,mband_log_N4_F20_O75_FL0p5_metrics.csv_ENH-GTCRN+SS_mband_log_N4_F20_O75_FL0p5_p092_emo_contentment_sentences_NOIZEUS_NOISE_DATASET_Car Noise_Idle Noise_60mph_SNR0dB_CLN-p092_emo_contentment_sentences.csv
mband_log_N4_F20_O75_FL0p7,hybrid,Success,log,4,20,75,0.7,1,0,Car,p092_emo_contentment_sentences,GTCRN+SS_mband_log_N4_F20_O75_FL0p7_p092_emo_contentment_sentences_NOIZEUS_NOISE_DATASET_Car Noise_Idle Noise_60mph_SNR0dB,1.579676866531372,0.7522059082984924,9.919485092163086,3.5179226398468018,3.4413900471494467,3.909988302455256,3.0427063306198128,16000,mband_log_N4_F20_O75_FL0p7_metrics.csv_ENH-GTCRN+SS_mband_log_N4_F20_O75_FL0p7_p092_emo_contentment_sentences_NOIZEUS_NOISE_DATASET_Car Noise_Idle Noise_60mph_SNR0dB_CLN-p092_emo_contentment_sentences.csv
mband_log_N4_F20_O75_FL0p8,hybrid,Success,log,4,20,75,0.8,1,0,Car,p092_emo_contentment_sentences,GTCRN+SS_mband_log_N4_F20_O75_FL0p8_p092_emo_contentment_sentences_NOIZEUS_NOISE_DATASET_Car Noise_Idle Noise_60mph_SNR0dB,1.5424718856811523,0.7482733130455017,9.14051628112793,3.321143865585327,3.084545358618302,3.5596457673946085,2.6681064257133715,16000,mband_log_N4_F20_O75_FL0p8_metrics.csv_ENH-GTCRN+SS_mband_log_N4_F20_O75_FL0p8_p092_emo_contentment_sentences_NOIZEUS_NOISE_DATASET_Car Noise_Idle Noise_60mph_SNR0dB_CLN-p092_emo_contentment_sentences.csv
mband_log_N4_F25_O25_FL0p5,hybrid,Success,log,4,25,25,0.5,1,0,Car,p092_emo_contentment_sentences,GTCRN+SS_mband_log_N4_F25_O25_FL0p5_p092_emo_contentment_sentences_NOIZEUS_NOISE_DATASET_Car Noise_Idle Noise_60mph_SNR0dB,1.4237505197525024,0.7195916175842285,7.284223556518555,3.2102532386779785,3.732667020931334,4.002303340666691,3.2775408379590933,16000,mband_log_N4_F25_O25_FL0p5_metrics.csv_ENH-GTCRN+SS_mband_log_N4_F25_O25_FL0p5_p092_emo_contentment_sentences_NOIZEUS_NOISE_DATASET_Car Noise_Idle Noise_60mph_SNR0dB_CLN-p092_emo_contentment_sentences.csv
mband_log_N4_F25_O25_FL0p7,hybrid,Success,log,4,25,25,0.7,1,0,Car,p092_emo_contentment_sentences,GTCRN+SS_mband_log_N4_F25_O25_FL0p7_p092_emo_contentment_sentences_NOIZEUS_NOISE_DATASET_Car Noise_Idle Noise_60mph_SNR0dB,1.4476594924926758,0.7248585224151611,7.7833251953125,3.357527256011963,4.088965069111625,4.133749875249877,3.621546787757175,16000,mband_log_N4_F25_O25_FL0p7_metrics.csv_ENH-GTCRN+SS_mband_log_N4_F25_O25_FL0p7_p092_emo_contentment_sentences_NOIZEUS_NOISE_DATASET_Car Noise_Idle Noise_60mph_SNR0dB_CLN-p092_emo_contentment_sentences.csv
mband_log_N4_F25_O25_FL0p8,hybrid,Success,log,4,25,25,0.8,1,0,Car,p092_emo_contentment_sentences,GTCRN+SS_mband_log_N4_F25_O25_FL0p8_p092_emo_contentment_sentences_NOIZEUS_NOISE_DATASET_Car Noise_Idle Noise_60mph_SNR0dB,1.4188332557678225,0.7264875769615173,7.427495002746582,3.353593587875366,3.8780381616943487,4.347391602495218,3.491018822557079,16000,mband_log_N4_F25_O25_FL0p8_metrics.csv_ENH-GTCRN+SS_mband_log_N4_F25_O25_FL0p8_p092_emo_contentment_sentences_NOIZEUS_NOISE_DATASET_Car Noise_Idle Noise_60mph_SNR0dB_CLN-p092_emo_contentment_sentences.csv
mband_log_N4_F25_O50_FL0p5,hybrid,Success,log,4,25,50,0.5,1,0,Car,p092_emo_contentment_sentences,GTCRN+SS_mband_log_N4_F25_O50_FL0p5_p092_emo_contentment_sentences_NOIZEUS_NOISE_DATASET_Car Noise_Idle Noise_60mph_SNR0dB,1.4949909448623655,0.7373098134994507,8.761078834533691,3.3618087768554688,3.8237997887376514,4.064855101991,3.3698003995405186,16000,mband_log_N4_F25_O50_FL0p5_metrics.csv_ENH-GTCRN+SS_mband_log_N4_F25_O50_FL0p5_p092_emo_contentment_sentences_NOIZEUS_NOISE_DATASET_Car Noise_Idle Noise_60mph_SNR0dB_CLN-p092_emo_contentment_sentences.csv
mband_log_N4_F25_O50_FL0p7,hybrid,Success,log,4,25,50,0.7,1,0,Car,p092_emo_contentment_sentences,GTCRN+SS_mband_log_N4_F25_O50_FL0p7_p092_emo_contentment_sentences_NOIZEUS_NOISE_DATASET_Car Noise_Idle Noise_60mph_SNR0dB,1.498119235038757,0.7338736057281494,8.099316596984863,3.182107448577881,3.87282549596069,3.2994919863608514,3.106718691609384,16000,mband_log_N4_F25_O50_FL0p7_metrics.csv_ENH-GTCRN+SS_mband_log_N4_F25_O50_FL0p7_p092_emo_contentment_sentences_NOIZEUS_NOISE_DATASET_Car Noise_Idle Noise_60mph_SNR0dB_CLN-p092_emo_contentment_sentences.csv
mband_log_N4_F25_O50_FL0p8,hybrid,Success,log,4,25,50,0.8,1,0,Car,p092_emo_contentment_sentences,GTCRN+SS_mband_log_N4_F25_O50_FL0p8_p092_emo_contentment_sentences_NOIZEUS_NOISE_DATASET_Car Noise_Idle Noise_60mph_SNR0dB,1.4932467937469482,0.7380468845367432,8.689321517944336,3.495424270629883,3.497183684204517,3.837858782662776,3.0338601164875034,16000,mband_log_N4_F25_O50_FL0p8_metrics.csv_ENH-GTCRN+SS_mband_log_N4_F25_O50_FL0p8_p092_emo_contentment_sentences_NOIZEUS_NOISE_DATASET_Car Noise_Idle Noise_60mph_SNR0dB_CLN-p092_emo_contentment_sentences.csv
mband_log_N4_F25_O75_FL0p5,hybrid,Success,log,4,25,75,0.5,1,0,Car,p092_emo_contentment_sentences,GTCRN+SS_mband_log_N4_F25_O75_FL0p5_p092_emo_contentment_sentences_NOIZEUS_NOISE_DATASET_Car Noise_Idle Noise_60mph_SNR0dB,1.518172264099121,0.7547789812088013,9.407795906066896,3.166837692260742,3.448248779776441,3.804665366388927,2.9936818827331537,16000,mband_log_N4_F25_O75_FL0p5_metrics.csv_ENH-GTCRN+SS_mband_log_N4_F25_O75_FL0p5_p092_emo_contentment_sentences_NOIZEUS_NOISE_DATASET_Car Noise_Idle Noise_60mph_SNR0dB_CLN-p092_emo_contentment_sentences.csv
mband_log_N4_F25_O75_FL0p7,hybrid,Success,log,4,25,75,0.7,1,0,Car,p092_emo_contentment_sentences,GTCRN+SS_mband_log_N4_F25_O75_FL0p7_p092_emo_contentment_sentences_NOIZEUS_NOISE_DATASET_Car Noise_Idle Noise_60mph_SNR0dB,1.4292242527008057,0.7249585390090942,8.839630126953125,3.2706027030944824,3.349719603240997,3.7570015492414153,2.910558454966663,16000,mband_log_N4_F25_O75_FL0p7_metrics.csv_ENH-GTCRN+SS_mband_log_N4_F25_O75_FL0p7_p092_emo_contentment_sentences_NOIZEUS_NOISE_DATASET_Car Noise_Idle Noise_60mph_SNR0dB_CLN-p092_emo_contentment_sentences.csv
mband_log_N4_F25_O75_FL0p8,hybrid,Success,log,4,25,75,0.8,1,0,Car,p092_emo_contentment_sentences,GTCRN+SS_mband_log_N4_F25_O75_FL0p8_p092_emo_contentment_sentences_NOIZEUS_NOISE_DATASET_Car Noise_Idle Noise_60mph_SNR0dB,1.4804539680480957,0.7256281971931458,9.305707931518556,3.4218807220458984,3.3529417495672025,3.978007791284462,2.9975851638799424,16000,mband_log_N4_F25_O75_FL0p8_metrics.csv_ENH-GTCRN+SS_mband_log_N4_F25_O75_FL0p8_p092_emo_contentment_sentences_NOIZEUS_NOISE_DATASET_Car Noise_Idle Noise_60mph_SNR0dB_CLN-p092_emo_contentment_sentences.csv
mband_log_N4_F8_O25_FL0p5,hybrid,Success,log,4,8,25,0.5,1,0,Car,p092_emo_contentment_sentences,GTCRN+SS_mband_log_N4_F8_O25_FL0p5_p092_emo_contentment_sentences_NOIZEUS_NOISE_DATASET_Car Noise_Idle Noise_60mph_SNR0dB,1.4475481510162354,0.7361459136009216,8.381647109985352,3.331447124481201,3.361268265930024,3.801006911339571,2.93062344876409,16000,mband_log_N4_F8_O25_FL0p5_metrics.csv_ENH-GTCRN+SS_mband_log_N4_F8_O25_FL0p5_p092_emo_contentment_sentences_NOIZEUS_NOISE_DATASET_Car Noise_Idle Noise_60mph_SNR0dB_CLN-p092_emo_contentment_sentences.csv
mband_log_N4_F8_O25_FL0p7,hybrid,Success,log,4,8,25,0.7,1,0,Car,p092_emo_contentment_sentences,GTCRN+SS_mband_log_N4_F8_O25_FL0p7_p092_emo_contentment_sentences_NOIZEUS_NOISE_DATASET_Car Noise_Idle Noise_60mph_SNR0dB,1.4546200037002563,0.7477458119392395,9.197295188903809,3.202380895614624,3.1521504122829818,3.760723605674312,2.7544254419121,16000,mband_log_N4_F8_O25_FL0p7_metrics.csv_ENH-GTCRN+SS_mband_log_N4_F8_O25_FL0p7_p092_emo_contentment_sentences_NOIZEUS_NOISE_DATASET_Car Noise_Idle Noise_60mph_SNR0dB_CLN-p092_emo_contentment_sentences.csv
mband_log_N4_F8_O25_FL0p8,hybrid,Success,log,4,8,25,0.8,1,0,Car,p092_emo_contentment_sentences,GTCRN+SS_mband_log_N4_F8_O25_FL0p8_p092_emo_contentment_sentences_NOIZEUS_NOISE_DATASET_Car Noise_Idle Noise_60mph_SNR0dB,1.4015710353851318,0.7452283501625061,8.81861686706543,3.1956775188446045,3.687810661529296,3.929727567416253,3.2059321065975617,16000,mband_log_N4_F8_O25_FL0p8_metrics.csv_ENH-GTCRN+SS_mband_log_N4_F8_O25_FL0p8_p092_emo_contentment_sentences_NOIZEUS_NOISE_DATASET_Car Noise_Idle Noise_60mph_SNR0dB_CLN-p092_emo_contentment_sentences.csv
mband_log_N4_F8_O50_FL0p5,hybrid,Success,log,4,8,50,0.5,1,0,Car,p092_emo_contentment_sentences,GTCRN+SS_mband_log_N4_F8_O50_FL0p5_p092_emo_contentment_sentences_NOIZEUS_NOISE_DATASET_Car Noise_Idle Noise_60mph_SNR0dB,1.45783269405365,0.7458179593086243,8.232657432556152,3.249324321746826,3.3795998003219028,3.332914862678079,2.772268958029213,16000,mband_log_N4_F8_O50_FL0p5_metrics.csv_ENH-GTCRN+SS_mband_log_N4_F8_O50_FL0p5_p092_emo_contentment_sentences_NOIZEUS_NOISE_DATASET_Car Noise_Idle Noise_60mph_SNR0dB_CLN-p092_emo_contentment_sentences.csv
mband_log_N4_F8_O50_FL0p7,hybrid,Success,log,4,8,50,0.7,1,0,Car,p092_emo_contentment_sentences,GTCRN+SS_mband_log_N4_F8_O50_FL0p7_p092_emo_contentment_sentences_NOIZEUS_NOISE_DATASET_Car Noise_Idle Noise_60mph_SNR0dB,1.412123203277588,0.7332983613014221,8.274649620056152,3.25852918624878,3.264966710182486,3.9770034468090674,2.898532627418128,16000,mband_log_N4_F8_O50_FL0p7_metrics.csv_ENH-GTCRN+SS_mband_log_N4_F8_O50_FL0p7_p092_emo_contentment_sentences_NOIZEUS_NOISE_DATASET_Car Noise_Idle Noise_60mph_SNR0dB_CLN-p092_emo_contentment_sentences.csv
mband_log_N4_F8_O50_FL0p8,hybrid,Success,log,4,8,50,0.8,1,0,Car,p092_emo_contentment_sentences,GTCRN+SS_mband_log_N4_F8_O50_FL0p8_p092_emo_contentment_sentences_NOIZEUS_NOISE_DATASET_Car Noise_Idle Noise_60mph_SNR0dB,1.4648566246032717,0.7414937019348145,9.63935089111328,3.305815458297729,3.4826040658162016,3.846970704975683,3.052536926599802,16000,mband_log_N4_F8_O50_FL0p8_metrics.csv_ENH-GTCRN+SS_mband_log_N4_F8_O50_FL0p8_p092_emo_contentment_sentences_NOIZEUS_NOISE_DATASET_Car Noise_Idle Noise_60mph_SNR0dB_CLN-p092_emo_contentment_sentences.csv
mband_log_N4_F8_O75_FL0p5,hybrid,Success,log,4,8,75,0.5,1,0,Car,p092_emo_contentment_sentences,GTCRN+SS_mband_log_N4_F8_O75_FL0p5_p092_emo_contentment_sentences_NOIZEUS_NOISE_DATASET_Car Noise_Idle Noise_60mph_SNR0dB,1.4748380184173584,0.7586604356765747,9.431404113769531,3.2703702449798584,2.9147686300904576,3.637207536028277,2.5632797407534467,16000,mband_log_N4_F8_O75_FL0p5_metrics.csv_ENH-GTCRN+SS_mband_log_N4_F8_O75_FL0p5_p092_emo_contentment_sentences_NOIZEUS_NOISE_DATASET_Car Noise_Idle Noise_60mph_SNR0dB_CLN-p092_emo_contentment_sentences.csv
mband_log_N4_F8_O75_FL0p7,hybrid,Success,log,4,8,75,0.7,1,0,Car,p092_emo_contentment_sentences,GTCRN+SS_mband_log_N4_F8_O75_FL0p7_p092_emo_contentment_sentences_NOIZEUS_NOISE_DATASET_Car Noise_Idle Noise_60mph_SNR0dB,1.460953950881958,0.7498417496681213,9.447470664978027,3.305369138717652,3.5224900183437184,3.753820305333484,3.029864813580926,16000,mband_log_N4_F8_O75_FL0p7_metrics.csv_ENH-GTCRN+SS_mband_log_N4_F8_O75_FL0p7_p092_emo_contentment_sentences_NOIZEUS_NOISE_DATASET_Car Noise_Idle Noise_60mph_SNR0dB_CLN-p092_emo_contentment_sentences.csv
mband_log_N4_F8_O75_FL0p8,hybrid,Success,log,4,8,75,0.8,1,0,Car,p092_emo_contentment_sentences,GTCRN+SS_mband_log_N4_F8_O75_FL0p8_p092_emo_contentment_sentences_NOIZEUS_NOISE_DATASET_Car Noise_Idle Noise_60mph_SNR0dB,1.4599545001983645,0.748297929763794,8.68957233428955,3.2581615447998047,3.6283433267003007,3.849988764773413,3.151841613934377,16000,mband_log_N4_F8_O75_FL0p8_metrics.csv_ENH-GTCRN+SS_mband_log_N4_F8_O75_FL0p8_p092_emo_contentment_sentences_NOIZEUS_NOISE_DATASET_Car Noise_Idle Noise_60mph_SNR0dB_CLN-p092_emo_contentment_sentences.csv
mband_log_N8_F20_O25_FL0p5,hybrid,Success,log,8,20,25,0.5,1,0,Car,p092_emo_contentment_sentences,GTCRN+SS_mband_log_N8_F20_O25_FL0p5_p092_emo_contentment_sentences_NOIZEUS_NOISE_DATASET_Car Noise_Idle Noise_60mph_SNR0dB,1.4442059993743896,0.7457054257392883,7.653080940246582,3.254981756210327,3.8226096688899656,3.944012445594291,3.329961807745517,16000,mband_log_N8_F20_O25_FL0p5_metrics.csv_ENH-GTCRN+SS_mband_log_N8_F20_O25_FL0p5_p092_emo_contentment_sentences_NOIZEUS_NOISE_DATASET_Car Noise_Idle Noise_60mph_SNR0dB_CLN-p092_emo_contentment_sentences.csv
mband_log_N8_F20_O25_FL0p7,hybrid,Success,log,8,20,25,0.7,1,0,Car,p092_emo_contentment_sentences,GTCRN+SS_mband_log_N8_F20_O25_FL0p7_p092_emo_contentment_sentences_NOIZEUS_NOISE_DATASET_Car Noise_Idle Noise_60mph_SNR0dB,1.4266661405563354,0.7401285171508789,7.898309230804443,3.318564176559448,3.867445318454173,3.8872481831780337,3.2826134282249675,16000,mband_log_N8_F20_O25_FL0p7_metrics.csv_ENH-GTCRN+SS_mband_log_N8_F20_O25_FL0p7_p092_emo_contentment_sentences_NOIZEUS_NOISE_DATASET_Car Noise_Idle Noise_60mph_SNR0dB_CLN-p092_emo_contentment_sentences.csv
mband_log_N8_F20_O25_FL0p8,hybrid,Success,log,8,20,25,0.8,1,0,Car,p092_emo_contentment_sentences,GTCRN+SS_mband_log_N8_F20_O25_FL0p8_p092_emo_contentment_sentences_NOIZEUS_NOISE_DATASET_Car Noise_Idle Noise_60mph_SNR0dB,1.4168577194213867,0.7275872230529785,7.979152202606201,3.383374691009521,3.697860196333236,3.6720476969560094,3.0901466298711755,16000,mband_log_N8_F20_O25_FL0p8_metrics.csv_ENH-GTCRN+SS_mband_log_N8_F20_O25_FL0p8_p092_emo_contentment_sentences_NOIZEUS_NOISE_DATASET_Car Noise_Idle Noise_60mph_SNR0dB_CLN-p092_emo_contentment_sentences.csv
mband_log_N8_F20_O50_FL0p5,hybrid,Success,log,8,20,50,0.5,1,0,Car,p092_emo_contentment_sentences,GTCRN+SS_mband_log_N8_F20_O50_FL0p5_p092_emo_contentment_sentences_NOIZEUS_NOISE_DATASET_Car Noise_Idle Noise_60mph_SNR0dB,1.532674789428711,0.7378502488136292,8.515569686889648,3.63953709602356,3.705802983194156,3.916134066147957,3.205568989767157,16000,mband_log_N8_F20_O50_FL0p5_metrics.csv_ENH-GTCRN+SS_mband_log_N8_F20_O50_FL0p5_p092_emo_contentment_sentences_NOIZEUS_NOISE_DATASET_Car Noise_Idle Noise_60mph_SNR0dB_CLN-p092_emo_contentment_sentences.csv
mband_log_N8_F20_O50_FL0p7,hybrid,Success,log,8,20,50,0.7,1,0,Car,p092_emo_contentment_sentences,GTCRN+SS_mband_log_N8_F20_O50_FL0p7_p092_emo_contentment_sentences_NOIZEUS_NOISE_DATASET_Car Noise_Idle Noise_60mph_SNR0dB,1.508689284324646,0.7429652810096741,9.112115859985352,3.446552991867065,3.799762285666183,4.061430113612413,3.356420919261033,16000,mband_log_N8_F20_O50_FL0p7_metrics.csv_ENH-GTCRN+SS_mband_log_N8_F20_O50_FL0p7_p092_emo_contentment_sentences_NOIZEUS_NOISE_DATASET_Car Noise_Idle Noise_60mph_SNR0dB_CLN-p092_emo_contentment_sentences.csv
mband_log_N8_F20_O50_FL0p8,hybrid,Success,log,8,20,50,0.8,1,0,Car,p092_emo_contentment_sentences,GTCRN+SS_mband_log_N8_F20_O50_FL0p8_p092_emo_contentment_sentences_NOIZEUS_NOISE_DATASET_Car Noise_Idle Noise_60mph_SNR0dB,1.4217711687088013,0.7416685819625854,8.981228828430176,3.428242921829224,3.9458676629308806,3.531213799207614,3.235189224120177,16000,mband_log_N8_F20_O50_FL0p8_metrics.csv_ENH-GTCRN+SS_mband_log_N8_F20_O50_FL0p8_p092_emo_contentment_sentences_NOIZEUS_NOISE_DATASET_Car Noise_Idle Noise_60mph_SNR0dB_CLN-p092_emo_contentment_sentences.csv
mband_log_N8_F20_O75_FL0p5,hybrid,Success,log,8,20,75,0.5,1,0,Car,p092_emo_contentment_sentences,GTCRN+SS_mband_log_N8_F20_O75_FL0p5_p092_emo_contentment_sentences_NOIZEUS_NOISE_DATASET_Car Noise_Idle Noise_60mph_SNR0dB,1.5245628356933594,0.7368666529655457,9.130373001098633,3.278644800186157,3.4249855464277226,3.967239197832837,3.013747126973517,16000,mband_log_N8_F20_O75_FL0p5_metrics.csv_ENH-GTCRN+SS_mband_log_N8_F20_O75_FL0p5_p092_emo_contentment_sentences_NOIZEUS_NOISE_DATASET_Car Noise_Idle Noise_60mph_SNR0dB_CLN-p092_emo_contentment_sentences.csv
mband_log_N8_F20_O75_FL0p7,hybrid,Success,log,8,20,75,0.7,1,0,Car,p092_emo_contentment_sentences,GTCRN+SS_mband_log_N8_F20_O75_FL0p7_p092_emo_contentment_sentences_NOIZEUS_NOISE_DATASET_Car Noise_Idle Noise_60mph_SNR0dB,1.431227445602417,0.7418427467346191,8.9066801071167,3.2217321395874023,3.656508635799765,3.560860068572406,3.0708195525377926,16000,mband_log_N8_F20_O75_FL0p7_metrics.csv_ENH-GTCRN+SS_mband_log_N8_F20_O75_FL0p7_p092_emo_contentment_sentences_NOIZEUS_NOISE_DATASET_Car Noise_Idle Noise_60mph_SNR0dB_CLN-p092_emo_contentment_sentences.csv
mband_log_N8_F20_O75_FL0p8,hybrid,Success,log,8,20,75,0.8,1,0,Car,p092_emo_contentment_sentences,GTCRN+SS_mband_log_N8_F20_O75_FL0p8_p092_emo_contentment_sentences_NOIZEUS_NOISE_DATASET_Car Noise_Idle Noise_60mph_SNR0dB,1.4430387020111084,0.731063961982727,9.09812355041504,3.245576858520508,3.1332579227363966,3.790666150723663,2.7745467636892114,16000,mband_log_N8_F20_O75_FL0p8_metrics.csv_ENH-GTCRN+SS_mband_log_N8_F20_O75_FL0p8_p092_emo_contentment_sentences_NOIZEUS_NOISE_DATASET_Car Noise_Idle Noise_60mph_SNR0dB_CLN-p092_emo_contentment_sentences.csv
mband_log_N8_F25_O25_FL0p5,hybrid,Success,log,8,25,25,0.5,1,0,Car,p092_emo_contentment_sentences,GTCRN+SS_mband_log_N8_F25_O25_FL0p5_p092_emo_contentment_sentences_NOIZEUS_NOISE_DATASET_Car Noise_Idle Noise_60mph_SNR0dB,1.4107632637023926,0.7175511717796326,7.1774678230285645,3.22369384765625,3.8494415520064384,4.05683988110133,3.393405502824057,16000,mband_log_N8_F25_O25_FL0p5_metrics.csv_ENH-GTCRN+SS_mband_log_N8_F25_O25_FL0p5_p092_emo_contentment_sentences_NOIZEUS_NOISE_DATASET_Car Noise_Idle Noise_60mph_SNR0dB_CLN-p092_emo_contentment_sentences.csv
mband_log_N8_F25_O25_FL0p7,hybrid,Success,log,8,25,25,0.7,1,0,Car,p092_emo_contentment_sentences,GTCRN+SS_mband_log_N8_F25_O25_FL0p7_p092_emo_contentment_sentences_NOIZEUS_NOISE_DATASET_Car Noise_Idle Noise_60mph_SNR0dB,1.4596126079559326,0.7459807395935059,7.820958614349365,3.294735908508301,3.8799506278665694,4.07186962857595,3.401332965893517,16000,mband_log_N8_F25_O25_FL0p7_metrics.csv_ENH-GTCRN+SS_mband_log_N8_F25_O25_FL0p7_p092_emo_contentment_sentences_NOIZEUS_NOISE_DATASET_Car Noise_Idle Noise_60mph_SNR0dB_CLN-p092_emo_contentment_sentences.csv
mband_log_N8_F25_O25_FL0p8,hybrid,Success,log,8,25,25,0.8,1,0,Car,p092_emo_contentment_sentences,GTCRN+SS_mband_log_N8_F25_O25_FL0p8_p092_emo_contentment_sentences_NOIZEUS_NOISE_DATASET_Car Noise_Idle Noise_60mph_SNR0dB,1.3924195766448977,0.7356107234954834,7.481572151184082,3.34300184249878,3.767189461288516,3.9426982771462207,3.290796492937836,16000,mband_log_N8_F25_O25_FL0p8_metrics.csv_ENH-GTCRN+SS_mband_log_N8_F25_O25_FL0p8_p092_emo_contentment_sentences_NOIZEUS_NOISE_DATASET_Car Noise_Idle Noise_60mph_SNR0dB_CLN-p092_emo_contentment_sentences.csv
mband_log_N8_F25_O50_FL0p5,hybrid,Success,log,8,25,50,0.5,1,0,Car,p092_emo_contentment_sentences,GTCRN+SS_mband_log_N8_F25_O50_FL0p5_p092_emo_contentment_sentences_NOIZEUS_NOISE_DATASET_Car Noise_Idle Noise_60mph_SNR0dB,1.471103310585022,0.7614728212356567,8.497282028198242,3.166473388671875,3.912974869964581,4.027320169640626,3.416771004701706,16000,mband_log_N8_F25_O50_FL0p5_metrics.csv_ENH-GTCRN+SS_mband_log_N8_F25_O50_FL0p5_p092_emo_contentment_sentences_NOIZEUS_NOISE_DATASET_Car Noise_Idle Noise_60mph_SNR0dB_CLN-p092_emo_contentment_sentences.csv
mband_log_N8_F25_O50_FL0p7,hybrid,Success,log,8,25,50,0.7,1,0,Car,p092_emo_contentment_sentences,GTCRN+SS_mband_log_N8_F25_O50_FL0p7_p092_emo_contentment_sentences_NOIZEUS_NOISE_DATASET_Car Noise_Idle Noise_60mph_SNR0dB,1.428983211517334,0.7484870553016663,8.572806358337402,3.0923385620117188,4.059733816419139,4.242285396981494,3.6361940528070607,16000,mband_log_N8_F25_O50_FL0p7_metrics.csv_ENH-GTCRN+SS_mband_log_N8_F25_O50_FL0p7_p092_emo_contentment_sentences_NOIZEUS_NOISE_DATASET_Car Noise_Idle Noise_60mph_SNR0dB_CLN-p092_emo_contentment_sentences.csv
mband_log_N8_F25_O50_FL0p8,hybrid,Success,log,8,25,50,0.8,1,0,Car,p092_emo_contentment_sentences,GTCRN+SS_mband_log_N8_F25_O50_FL0p8_p092_emo_contentment_sentences_NOIZEUS_NOISE_DATASET_Car Noise_Idle Noise_60mph_SNR0dB,1.562094807624817,0.7573621869087219,8.660442352294922,3.3088297843933105,3.4387403587717644,3.782112952055145,2.967767208486533,16000,mband_log_N8_F25_O50_FL0p8_metrics.csv_ENH-GTCRN+SS_mband_log_N8_F25_O50_FL0p8_p092_emo_contentment_sentences_NOIZEUS_NOISE_DATASET_Car Noise_Idle Noise_60mph_SNR0dB_CLN-p092_emo_contentment_sentences.csv
mband_log_N8_F25_O75_FL0p5,hybrid,Success,log,8,25,75,0.5,1,0,Car,p092_emo_contentment_sentences,GTCRN+SS_mband_log_N8_F25_O75_FL0p5_p092_emo_contentment_sentences_NOIZEUS_NOISE_DATASET_Car Noise_Idle Noise_60mph_SNR0dB,1.352519989013672,0.7378602623939514,8.607553482055664,3.3497002124786377,3.394767492660355,3.939366820271833,3.0095939025261345,16000,mband_log_N8_F25_O75_FL0p5_metrics.csv_ENH-GTCRN+SS_mband_log_N8_F25_O75_FL0p5_p092_emo_contentment_sentences_NOIZEUS_NOISE_DATASET_Car Noise_Idle Noise_60mph_SNR0dB_CLN-p092_emo_contentment_sentences.csv
mband_log_N8_F25_O75_FL0p7,hybrid,Success,log,8,25,75,0.7,1,0,Car,p092_emo_contentment_sentences,GTCRN+SS_mband_log_N8_F25_O75_FL0p7_p092_emo_contentment_sentences_NOIZEUS_NOISE_DATASET_Car Noise_Idle Noise_60mph_SNR0dB,1.4980627298355105,0.7400041222572327,9.45708179473877,3.4048471450805664,3.767367160077272,3.498992194345944,3.1074017924030937,16000,mband_log_N8_F25_O75_FL0p7_metrics.csv_ENH-GTCRN+SS_mband_log_N8_F25_O75_FL0p7_p092_emo_contentment_sentences_NOIZEUS_NOISE_DATASET_Car Noise_Idle Noise_60mph_SNR0dB_CLN-p092_emo_contentment_sentences.csv
mband_log_N8_F25_O75_FL0p8,hybrid,Success,log,8,25,75,0.8,1,0,Car,p092_emo_contentment_sentences,GTCRN+SS_mband_log_N8_F25_O75_FL0p8_p092_emo_contentment_sentences_NOIZEUS_NOISE_DATASET_Car Noise_Idle Noise_60mph_SNR0dB,1.4281145334243774,0.7482631802558899,9.192119598388672,3.278226137161255,3.494395806891396,3.859495251699052,3.044398165271693,16000,mband_log_N8_F25_O75_FL0p8_metrics.csv_ENH-GTCRN+SS_mband_log_N8_F25_O75_FL0p8_p092_emo_contentment_sentences_NOIZEUS_NOISE_DATASET_Car Noise_Idle Noise_60mph_SNR0dB_CLN-p092_emo_contentment_sentences.csv
mband_log_N8_F8_O25_FL0p5,hybrid,Success,log,8,8,25,0.5,1,0,Car,p092_emo_contentment_sentences,GTCRN+SS_mband_log_N8_F8_O25_FL0p5_p092_emo_contentment_sentences_NOIZEUS_NOISE_DATASET_Car Noise_Idle Noise_60mph_SNR0dB,1.5556931495666504,0.7449349761009216,8.731471061706543,3.138432025909424,3.5123497791624887,4.069623365083405,3.122902720166465,16000,mband_log_N8_F8_O25_FL0p5_metrics.csv_ENH-GTCRN+SS_mband_log_N8_F8_O25_FL0p5_p092_emo_contentment_sentences_NOIZEUS_NOISE_DATASET_Car Noise_Idle Noise_60mph_SNR0dB_CLN-p092_emo_contentment_sentences.csv
mband_log_N8_F8_O25_FL0p7,hybrid,Success,log,8,8,25,0.7,1,0,Car,p092_emo_contentment_sentences,GTCRN+SS_mband_log_N8_F8_O25_FL0p7_p092_emo_contentment_sentences_NOIZEUS_NOISE_DATASET_Car Noise_Idle Noise_60mph_SNR0dB,1.4866222143173218,0.7476556301116943,8.888267517089844,3.234771013259888,3.348957277881246,3.668992435759422,2.8911405535716344,16000,mband_log_N8_F8_O25_FL0p7_metrics.csv_ENH-GTCRN+SS_mband_log_N8_F8_O25_FL0p7_p092_emo_contentment_sentences_NOIZEUS_NOISE_DATASET_Car Noise_Idle Noise_60mph_SNR0dB_CLN-p092_emo_contentment_sentences.csv
mband_log_N8_F8_O25_FL0p8,hybrid,Success,log,8,8,25,0.8,1,0,Car,p092_emo_contentment_sentences,GTCRN+SS_mband_log_N8_F8_O25_FL0p8_p092_emo_contentment_sentences_NOIZEUS_NOISE_DATASET_Car Noise_Idle Noise_60mph_SNR0dB,1.4045859575271606,0.7662270069122314,8.487035751342773,3.0894923210144043,3.27434987328631,3.3821403059814505,2.709307356387907,16000,mband_log_N8_F8_O25_FL0p8_metrics.csv_ENH-GTCRN+SS_mband_log_N8_F8_O25_FL0p8_p092_emo_contentment_sentences_NOIZEUS_NOISE_DATASET_Car Noise_Idle Noise_60mph_SNR0dB_CLN-p092_emo_contentment_sentences.csv
mband_log_N8_F8_O50_FL0p5,hybrid,Success,log,8,8,50,0.5,1,0,Car,p092_emo_contentment_sentences,GTCRN+SS_mband_log_N8_F8_O50_FL0p5_p092_emo_contentment_sentences_NOIZEUS_NOISE_DATASET_Car Noise_Idle Noise_60mph_SNR0dB,1.4283462762832642,0.7475558519363403,8.985210418701172,3.2770278453826904,3.589598500800692,3.5069398595730616,2.975255442186449,16000,mband_log_N8_F8_O50_FL0p5_metrics.csv_ENH-GTCRN+SS_mband_log_N8_F8_O50_FL0p5_p092_emo_contentment_sentences_NOIZEUS_NOISE_DATASET_Car Noise_Idle Noise_60mph_SNR0dB_CLN-p092_emo_contentment_sentences.csv
mband_log_N8_F8_O50_FL0p7,hybrid,Success,log,8,8,50,0.7,1,0,Car,p092_emo_contentment_sentences,GTCRN+SS_mband_log_N8_F8_O50_FL0p7_p092_emo_contentment_sentences_NOIZEUS_NOISE_DATASET_Car Noise_Idle Noise_60mph_SNR0dB,1.4333231449127195,0.7205466628074646,8.76563549041748,3.469590902328491,3.5134570637307743,4.105388898485963,3.118300004534711,16000,mband_log_N8_F8_O50_FL0p7_metrics.csv_ENH-GTCRN+SS_mband_log_N8_F8_O50_FL0p7_p092_emo_contentment_sentences_NOIZEUS_NOISE_DATASET_Car Noise_Idle Noise_60mph_SNR0dB_CLN-p092_emo_contentment_sentences.csv
mband_log_N8_F8_O50_FL0p8,hybrid,Success,log,8,8,50,0.8,1,0,Car,p092_emo_contentment_sentences,GTCRN+SS_mband_log_N8_F8_O50_FL0p8_p092_emo_contentment_sentences_NOIZEUS_NOISE_DATASET_Car Noise_Idle Noise_60mph_SNR0dB,1.4359933137893677,0.749335527420044,9.166799545288086,3.259824275970459,3.617222155079196,4.16057590096616,3.2237382688446186,16000,mband_log_N8_F8_O50_FL0p8_metrics.csv_ENH-GTCRN+SS_mband_log_N8_F8_O50_FL0p8_p092_emo_contentment_sentences_NOIZEUS_NOISE_DATASET_Car Noise_Idle Noise_60mph_SNR0dB_CLN-p092_emo_contentment_sentences.csv
mband_log_N8_F8_O75_FL0p5,hybrid,Success,log,8,8,75,0.5,1,0,Car,p092_emo_contentment_sentences,GTCRN+SS_mband_log_N8_F8_O75_FL0p5_p092_emo_contentment_sentences_NOIZEUS_NOISE_DATASET_Car Noise_Idle Noise_60mph_SNR0dB,1.4648312330245972,0.744827926158905,8.97716236114502,3.29382872581482,3.136865819379933,3.848261232828116,2.7895823955397234,16000,mband_log_N8_F8_O75_FL0p5_metrics.csv_ENH-GTCRN+SS_mband_log_N8_F8_O75_FL0p5_p092_emo_contentment_sentences_NOIZEUS_NOISE_DATASET_Car Noise_Idle Noise_60mph_SNR0dB_CLN-p092_emo_contentment_sentences.csv
mband_log_N8_F8_O75_FL0p7,hybrid,Success,log,8,8,75,0.7,1,0,Car,p092_emo_contentment_sentences,GTCRN+SS_mband_log_N8_F8_O75_FL0p7_p092_emo_contentment_sentences_NOIZEUS_NOISE_DATASET_Car Noise_Idle Noise_60mph_SNR0dB,1.4362008571624756,0.7518336176872253,8.955265998840332,3.25167179107666,3.2865409699731907,3.764174002198147,2.891908323085834,16000,mband_log_N8_F8_O75_FL0p7_metrics.csv_ENH-GTCRN+SS_mband_log_N8_F8_O75_FL0p7_p092_emo_contentment_sentences_NOIZEUS_NOISE_DATASET_Car Noise_Idle Noise_60mph_SNR0dB_CLN-p092_emo_contentment_sentences.csv
mband_log_N8_F8_O75_FL0p8,hybrid,Success,log,8,8,75,0.8,1,0,Car,p092_emo_contentment_sentences,GTCRN+SS_mband_log_N8_F8_O75_FL0p8_p092_emo_contentment_sentences_NOIZEUS_NOISE_DATASET_Car Noise_Idle Noise_60mph_SNR0dB,1.4060273170471191,0.7567729353904724,8.905033111572266,3.3757264614105225,3.183609448529189,3.746686934284296,2.779334476337972,16000,mband_log_N8_F8_O75_FL0p8_metrics.csv_ENH-GTCRN+SS_mband_log_N8_F8_O75_FL0p8_p092_emo_contentment_sentences_NOIZEUS_NOISE_DATASET_Car Noise_Idle Noise_60mph_SNR0dB_CLN-p092_emo_contentment_sentences.csv
mband_mel_N16_F20_O25_FL0p5,hybrid,Success,mel,16,20,25,0.5,1,0,Car,p092_emo_contentment_sentences,GTCRN+SS_mband_mel_N16_F20_O25_FL0p5_p092_emo_contentment_sentences_NOIZEUS_NOISE_DATASET_Car Noise_Idle Noise_60mph_SNR0dB,1.5247089862823486,0.7417353391647339,7.593216896057129,3.318033695220948,3.819060567887224,3.559493568097781,3.15184625376161,16000,mband_mel_N16_F20_O25_FL0p5_metrics.csv_ENH-GTCRN+SS_mband_mel_N16_F20_O25_FL0p5_p092_emo_contentment_sentences_NOIZEUS_NOISE_DATASET_Car Noise_Idle Noise_60mph_SNR0dB_CLN-p092_emo_contentment_sentences.csv
mband_mel_N16_F20_O25_FL0p7,hybrid,Success,mel,16,20,25,0.7,1,0,Car,p092_emo_contentment_sentences,GTCRN+SS_mband_mel_N16_F20_O25_FL0p7_p092_emo_contentment_sentences_NOIZEUS_NOISE_DATASET_Car Noise_Idle Noise_60mph_SNR0dB,1.447853446006775,0.7321465015411377,8.056952476501465,3.2870516777038574,3.803998830778526,3.858174692151225,3.260883003931941,16000,mband_mel_N16_F20_O25_FL0p7_metrics.csv_ENH-GTCRN+SS_mband_mel_N16_F20_O25_FL0p7_p092_emo_contentment_sentences_NOIZEUS_NOISE_DATASET_Car Noise_Idle Noise_60mph_SNR0dB_CLN-p092_emo_contentment_sentences.csv
mband_mel_N16_F20_O25_FL0p8,hybrid,Success,mel,16,20,25,0.8,1,0,Car,p092_emo_contentment_sentences,GTCRN+SS_mband_mel_N16_F20_O25_FL0p8_p092_emo_contentment_sentences_NOIZEUS_NOISE_DATASET_Car Noise_Idle Noise_60mph_SNR0dB,1.4192018508911133,0.747264564037323,8.164734840393066,3.357029676437378,3.859243690289928,4.0126501537578,3.3912179575858694,16000,mband_mel_N16_F20_O25_FL0p8_metrics.csv_ENH-GTCRN+SS_mband_mel_N16_F20_O25_FL0p8_p092_emo_contentment_sentences_NOIZEUS_NOISE_DATASET_Car Noise_Idle Noise_60mph_SNR0dB_CLN-p092_emo_contentment_sentences.csv
mband_mel_N16_F20_O50_FL0p5,hybrid,Success,mel,16,20,50,0.5,1,0,Car,p092_emo_contentment_sentences,GTCRN+SS_mband_mel_N16_F20_O50_FL0p5_p092_emo_contentment_sentences_NOIZEUS_NOISE_DATASET_Car Noise_Idle Noise_60mph_SNR0dB,1.5057048797607422,0.7232342958450317,9.05473518371582,3.4525108337402344,3.7130471372195,4.122397087286984,3.273231013785072,16000,mband_mel_N16_F20_O50_FL0p5_metrics.csv_ENH-GTCRN+SS_mband_mel_N16_F20_O50_FL0p5_p092_emo_contentment_sentences_NOIZEUS_NOISE_DATASET_Car Noise_Idle Noise_60mph_SNR0dB_CLN-p092_emo_contentment_sentences.csv
mband_mel_N16_F20_O50_FL0p7,hybrid,Success,mel,16,20,50,0.7,1,0,Car,p092_emo_contentment_sentences,GTCRN+SS_mband_mel_N16_F20_O50_FL0p7_p092_emo_contentment_sentences_NOIZEUS_NOISE_DATASET_Car Noise_Idle Noise_60mph_SNR0dB,1.5882947444915771,0.730351984500885,8.980326652526855,3.5603339672088623,3.620411510154322,3.795956456291641,3.083487599447704,16000,mband_mel_N16_F20_O50_FL0p7_metrics.csv_ENH-GTCRN+SS_mband_mel_N16_F20_O50_FL0p7_p092_emo_contentment_sentences_NOIZEUS_NOISE_DATASET_Car Noise_Idle Noise_60mph_SNR0dB_CLN-p092_emo_contentment_sentences.csv
mband_mel_N16_F20_O50_FL0p8,hybrid,Success,mel,16,20,50,0.8,1,0,Car,p092_emo_contentment_sentences,GTCRN+SS_mband_mel_N16_F20_O50_FL0p8_p092_emo_contentment_sentences_NOIZEUS_NOISE_DATASET_Car Noise_Idle Noise_60mph_SNR0dB,1.3927996158599854,0.7443939447402954,8.920677185058594,3.4850516319274902,3.931702897945228,3.9273643453766622,3.417981319307305,16000,mband_mel_N16_F20_O50_FL0p8_metrics.csv_ENH-GTCRN+SS_mband_mel_N16_F20_O50_FL0p8_p092_emo_contentment_sentences_NOIZEUS_NOISE_DATASET_Car Noise_Idle Noise_60mph_SNR0dB_CLN-p092_emo_contentment_sentences.csv
mband_mel_N16_F20_O75_FL0p5,hybrid,Success,mel,16,20,75,0.5,1,0,Car,p092_emo_contentment_sentences,GTCRN+SS_mband_mel_N16_F20_O75_FL0p5_p092_emo_contentment_sentences_NOIZEUS_NOISE_DATASET_Car Noise_Idle Noise_60mph_SNR0dB,1.4847772121429443,0.7428109049797058,9.088418960571287,3.435298442840576,3.4460159489289848,3.8413154869799984,3.0147725792396654,16000,mband_mel_N16_F20_O75_FL0p5_metrics.csv_ENH-GTCRN+SS_mband_mel_N16_F20_O75_FL0p5_p092_emo_contentment_sentences_NOIZEUS_NOISE_DATASET_Car Noise_Idle Noise_60mph_SNR0dB_CLN-p092_emo_contentment_sentences.csv
mband_mel_N16_F20_O75_FL0p7,hybrid,Success,mel,16,20,75,0.7,1,0,Car,p092_emo_contentment_sentences,GTCRN+SS_mband_mel_N16_F20_O75_FL0p7_p092_emo_contentment_sentences_NOIZEUS_NOISE_DATASET_Car Noise_Idle Noise_60mph_SNR0dB,1.464717984199524,0.739528238773346,9.383474349975586,3.445082664489746,2.999993947367674,3.7489290718121406,2.657312330304785,16000,mband_mel_N16_F20_O75_FL0p7_metrics.csv_ENH-GTCRN+SS_mband_mel_N16_F20_O75_FL0p7_p092_emo_contentment_sentences_NOIZEUS_NOISE_DATASET_Car Noise_Idle Noise_60mph_SNR0dB_CLN-p092_emo_contentment_sentences.csv
mband_mel_N16_F20_O75_FL0p8,hybrid,Success,mel,16,20,75,0.8,1,0,Car,p092_emo_contentment_sentences,GTCRN+SS_mband_mel_N16_F20_O75_FL0p8_p092_emo_contentment_sentences_NOIZEUS_NOISE_DATASET_Car Noise_Idle Noise_60mph_SNR0dB,1.4537365436553955,0.7370715737342834,9.40371799468994,3.465209722518921,3.6928900629723582,3.800362738194601,3.140619735061872,16000,mband_mel_N16_F20_O75_FL0p8_metrics.csv_ENH-GTCRN+SS_mband_mel_N16_F20_O75_FL0p8_p092_emo_contentment_sentences_NOIZEUS_NOISE_DATASET_Car Noise_Idle Noise_60mph_SNR0dB_CLN-p092_emo_contentment_sentences.csv
mband_mel_N16_F25_O25_FL0p5,hybrid,Success,mel,16,25,25,0.5,1,0,Car,p092_emo_contentment_sentences,GTCRN+SS_mband_mel_N16_F25_O25_FL0p5_p092_emo_contentment_sentences_NOIZEUS_NOISE_DATASET_Car Noise_Idle Noise_60mph_SNR0dB,1.378782868385315,0.7503886222839355,7.215860366821289,3.377053737640381,3.7681512280196383,4.107904906917478,3.312571658758531,16000,mband_mel_N16_F25_O25_FL0p5_metrics.csv_ENH-GTCRN+SS_mband_mel_N16_F25_O25_FL0p5_p092_emo_contentment_sentences_NOIZEUS_NOISE_DATASET_Car Noise_Idle Noise_60mph_SNR0dB_CLN-p092_emo_contentment_sentences.csv
mband_mel_N16_F25_O25_FL0p7,hybrid,Success,mel,16,25,25,0.7,1,0,Car,p092_emo_contentment_sentences,GTCRN+SS_mband_mel_N16_F25_O25_FL0p7_p092_emo_contentment_sentences_NOIZEUS_NOISE_DATASET_Car Noise_Idle Noise_60mph_SNR0dB,1.449372410774231,0.7575871348381042,7.605628490447998,3.2640225887298584,3.5177223670862228,3.9460221512400433,3.1031770275374564,16000,mband_mel_N16_F25_O25_FL0p7_metrics.csv_ENH-GTCRN+SS_mband_mel_N16_F25_O25_FL0p7_p092_emo_contentment_sentences_NOIZEUS_NOISE_DATASET_Car Noise_Idle Noise_60mph_SNR0dB_CLN-p092_emo_contentment_sentences.csv
mband_mel_N16_F25_O25_FL0p8,hybrid,Success,mel,16,25,25,0.8,1,0,Car,p092_emo_contentment_sentences,GTCRN+SS_mband_mel_N16_F25_O25_FL0p8_p092_emo_contentment_sentences_NOIZEUS_NOISE_DATASET_Car Noise_Idle Noise_60mph_SNR0dB,1.321666955947876,0.7436491250991821,7.255611419677734,3.330296516418457,3.8552363598654296,4.017143367080893,3.3671794994980524,16000,mband_mel_N16_F25_O25_FL0p8_metrics.csv_ENH-GTCRN+SS_mband_mel_N16_F25_O25_FL0p8_p092_emo_contentment_sentences_NOIZEUS_NOISE_DATASET_Car Noise_Idle Noise_60mph_SNR0dB_CLN-p092_emo_contentment_sentences.csv
mband_mel_N16_F25_O50_FL0p5,hybrid,Success,mel,16,25,50,0.5,1,0,Car,p092_emo_contentment_sentences,GTCRN+SS_mband_mel_N16_F25_O50_FL0p5_p092_emo_contentment_sentences_NOIZEUS_NOISE_DATASET_Car Noise_Idle Noise_60mph_SNR0dB,1.531157374382019,0.7368582487106323,8.292802810668945,3.357431411743164,4.082024457423749,3.901294593656456,3.522032701709889,16000,mband_mel_N16_F25_O50_FL0p5_metrics.csv_ENH-GTCRN+SS_mband_mel_N16_F25_O50_FL0p5_p092_emo_contentment_sentences_NOIZEUS_NOISE_DATASET_Car Noise_Idle Noise_60mph_SNR0dB_CLN-p092_emo_contentment_sentences.csv
mband_mel_N16_F25_O50_FL0p7,hybrid,Success,mel,16,25,50,0.7,1,0,Car,p092_emo_contentment_sentences,GTCRN+SS_mband_mel_N16_F25_O50_FL0p7_p092_emo_contentment_sentences_NOIZEUS_NOISE_DATASET_Car Noise_Idle Noise_60mph_SNR0dB,1.454965353012085,0.7501363158226013,8.804752349853516,3.217314004898072,3.836332065691528,3.7605989185670414,3.253453670201512,16000,mband_mel_N16_F25_O50_FL0p7_metrics.csv_ENH-GTCRN+SS_mband_mel_N16_F25_O50_FL0p7_p092_emo_contentment_sentences_NOIZEUS_NOISE_DATASET_Car Noise_Idle Noise_60mph_SNR0dB_CLN-p092_emo_contentment_sentences.csv
mband_mel_N16_F25_O50_FL0p8,hybrid,Success,mel,16,25,50,0.8,1,0,Car,p092_emo_contentment_sentences,GTCRN+SS_mband_mel_N16_F25_O50_FL0p8_p092_emo_contentment_sentences_NOIZEUS_NOISE_DATASET_Car Noise_Idle Noise_60mph_SNR0dB,1.4037187099456787,0.7219667434692383,8.504496574401855,3.40763521194458,3.7921853730037673,3.9826661113846886,3.314007731206027,16000,mband_mel_N16_F25_O50_FL0p8_metrics.csv_ENH-GTCRN+SS_mband_mel_N16_F25_O50_FL0p8_p092_emo_contentment_sentences_NOIZEUS_NOISE_DATASET_Car Noise_Idle Noise_60mph_SNR0dB_CLN-p092_emo_contentment_sentences.csv
mband_mel_N16_F25_O75_FL0p5,hybrid,Success,mel,16,25,75,0.5,1,0,Car,p092_emo_contentment_sentences,GTCRN+SS_mband_mel_N16_F25_O75_FL0p5_p092_emo_contentment_sentences_NOIZEUS_NOISE_DATASET_Car Noise_Idle Noise_60mph_SNR0dB,1.413549780845642,0.7581000328063965,9.48525619506836,3.5932440757751465,3.4762693465582823,3.703036718873031,2.9988280620235384,16000,mband_mel_N16_F25_O75_FL0p5_metrics.csv_ENH-GTCRN+SS_mband_mel_N16_F25_O75_FL0p5_p092_emo_contentment_sentences_NOIZEUS_NOISE_DATASET_Car Noise_Idle Noise_60mph_SNR0dB_CLN-p092_emo_contentment_sentences.csv
mband_mel_N16_F25_O75_FL0p7,hybrid,Success,mel,16,25,75,0.7,1,0,Car,p092_emo_contentment_sentences,GTCRN+SS_mband_mel_N16_F25_O75_FL0p7_p092_emo_contentment_sentences_NOIZEUS_NOISE_DATASET_Car Noise_Idle Noise_60mph_SNR0dB,1.5331246852874756,0.7420508861541748,9.360706329345703,3.3770651817321777,3.747320398761236,4.120094076322607,3.3485142952273383,16000,mband_mel_N16_F25_O75_FL0p7_metrics.csv_ENH-GTCRN+SS_mband_mel_N16_F25_O75_FL0p7_p092_emo_contentment_sentences_NOIZEUS_NOISE_DATASET_Car Noise_Idle Noise_60mph_SNR0dB_CLN-p092_emo_contentment_sentences.csv
mband_mel_N16_F25_O75_FL0p8,hybrid,Success,mel,16,25,75,0.8,1,0,Car,p092_emo_contentment_sentences,GTCRN+SS_mband_mel_N16_F25_O75_FL0p8_p092_emo_contentment_sentences_NOIZEUS_NOISE_DATASET_Car Noise_Idle Noise_60mph_SNR0dB,1.4569135904312134,0.7482048869132996,9.419641494750977,3.254263639450073,3.3851279836749018,3.611263934643383,2.86808891994139,16000,mband_mel_N16_F25_O75_FL0p8_metrics.csv_ENH-GTCRN+SS_mband_mel_N16_F25_O75_FL0p8_p092_emo_contentment_sentences_NOIZEUS_NOISE_DATASET_Car Noise_Idle Noise_60mph_SNR0dB_CLN-p092_emo_contentment_sentences.csv
mband_mel_N16_F8_O25_FL0p5,hybrid,Success,mel,16,8,25,0.5,1,0,Car,p092_emo_contentment_sentences,GTCRN+SS_mband_mel_N16_F8_O25_FL0p5_p092_emo_contentment_sentences_NOIZEUS_NOISE_DATASET_Car Noise_Idle Noise_60mph_SNR0dB,1.4392669200897217,0.7334628701210022,8.995112419128418,3.2118468284606934,3.711873926016733,4.072714038577699,3.260674790500304,16000,mband_mel_N16_F8_O25_FL0p5_metrics.csv_ENH-GTCRN+SS_mband_mel_N16_F8_O25_FL0p5_p092_emo_contentment_sentences_NOIZEUS_NOISE_DATASET_Car Noise_Idle Noise_60mph_SNR0dB_CLN-p092_emo_contentment_sentences.csv
mband_mel_N16_F8_O25_FL0p7,hybrid,Success,mel,16,8,25,0.7,1,0,Car,p092_emo_contentment_sentences,GTCRN+SS_mband_mel_N16_F8_O25_FL0p7_p092_emo_contentment_sentences_NOIZEUS_NOISE_DATASET_Car Noise_Idle Noise_60mph_SNR0dB,1.470313549041748,0.7326453924179077,9.07314682006836,3.232103109359741,3.646880193075558,3.7462103945452334,3.142450152076721,16000,mband_mel_N16_F8_O25_FL0p7_metrics.csv_ENH-GTCRN+SS_mband_mel_N16_F8_O25_FL0p7_p092_emo_contentment_sentences_NOIZEUS_NOISE_DATASET_Car Noise_Idle Noise_60mph_SNR0dB_CLN-p092_emo_contentment_sentences.csv
mband_mel_N16_F8_O25_FL0p8,hybrid,Success,mel,16,8,25,0.8,1,0,Car,p092_emo_contentment_sentences,GTCRN+SS_mband_mel_N16_F8_O25_FL0p8_p092_emo_contentment_sentences_NOIZEUS_NOISE_DATASET_Car Noise_Idle Noise_60mph_SNR0dB,1.433243751525879,0.7432730793952942,8.554740905761719,3.14732313156128,3.4709545749589656,4.175213553547775,3.142961627002939,16000,mband_mel_N16_F8_O25_FL0p8_metrics.csv_ENH-GTCRN+SS_mband_mel_N16_F8_O25_FL0p8_p092_emo_contentment_sentences_NOIZEUS_NOISE_DATASET_Car Noise_Idle Noise_60mph_SNR0dB_CLN-p092_emo_contentment_sentences.csv
mband_mel_N16_F8_O50_FL0p5,hybrid,Success,mel,16,8,50,0.5,1,0,Car,p092_emo_contentment_sentences,GTCRN+SS_mband_mel_N16_F8_O50_FL0p5_p092_emo_contentment_sentences_NOIZEUS_NOISE_DATASET_Car Noise_Idle Noise_60mph_SNR0dB,1.4423611164093018,0.757975697517395,8.587060928344727,3.486741781234741,3.2914896357745618,3.999828769802871,2.94185692898851,16000,mband_mel_N16_F8_O50_FL0p5_metrics.csv_ENH-GTCRN+SS_mband_mel_N16_F8_O50_FL0p5_p092_emo_contentment_sentences_NOIZEUS_NOISE_DATASET_Car Noise_Idle Noise_60mph_SNR0dB_CLN-p092_emo_contentment_sentences.csv
mband_mel_N16_F8_O50_FL0p7,hybrid,Success,mel,16,8,50,0.7,1,0,Car,p092_emo_contentment_sentences,GTCRN+SS_mband_mel_N16_F8_O50_FL0p7_p092_emo_contentment_sentences_NOIZEUS_NOISE_DATASET_Car Noise_Idle Noise_60mph_SNR0dB,1.4283849000930786,0.7279969453811646,9.098681449890137,3.214597463607788,3.5627671375414613,3.920187282829891,3.0985547383723286,16000,mband_mel_N16_F8_O50_FL0p7_metrics.csv_ENH-GTCRN+SS_mband_mel_N16_F8_O50_FL0p7_p092_emo_contentment_sentences_NOIZEUS_NOISE_DATASET_Car Noise_Idle Noise_60mph_SNR0dB_CLN-p092_emo_contentment_sentences.csv
mband_mel_N16_F8_O50_FL0p8,hybrid,Success,mel,16,8,50,0.8,1,0,Car,p092_emo_contentment_sentences,GTCRN+SS_mband_mel_N16_F8_O50_FL0p8_p092_emo_contentment_sentences_NOIZEUS_NOISE_DATASET_Car Noise_Idle Noise_60mph_SNR0dB,1.447267770767212,0.7583224773406982,9.09929084777832,3.1111347675323486,3.785234937649756,4.208981055175107,3.3855572893414645,16000,mband_mel_N16_F8_O50_FL0p8_metrics.csv_ENH-GTCRN+SS_mband_mel_N16_F8_O50_FL0p8_p092_emo_contentment_sentences_NOIZEUS_NOISE_DATASET_Car Noise_Idle Noise_60mph_SNR0dB_CLN-p092_emo_contentment_sentences.csv
mband_mel_N16_F8_O75_FL0p5,hybrid,Success,mel,16,8,75,0.5,1,0,Car,p092_emo_contentment_sentences,GTCRN+SS_mband_mel_N16_F8_O75_FL0p5_p092_emo_contentment_sentences_NOIZEUS_NOISE_DATASET_Car Noise_Idle Noise_60mph_SNR0dB,1.4801028966903689,0.7466561198234558,9.5050687789917,3.1912641525268555,3.4535892554404826,4.015211208744988,3.033725016463713,16000,mband_mel_N16_F8_O75_FL0p5_metrics.csv_ENH-GTCRN+SS_mband_mel_N16_F8_O75_FL0p5_p092_emo_contentment_sentences_NOIZEUS_NOISE_DATASET_Car Noise_Idle Noise_60mph_SNR0dB_CLN-p092_emo_contentment_sentences.csv
mband_mel_N16_F8_O75_FL0p7,hybrid,Success,mel,16,8,75,0.7,1,0,Car,p092_emo_contentment_sentences,GTCRN+SS_mband_mel_N16_F8_O75_FL0p7_p092_emo_contentment_sentences_NOIZEUS_NOISE_DATASET_Car Noise_Idle Noise_60mph_SNR0dB,1.424185872077942,0.7436290383338928,9.062376976013184,3.4108073711395264,3.4669906803494666,3.850096477060303,3.026423702239596,16000,mband_mel_N16_F8_O75_FL0p7_metrics.csv_ENH-GTCRN+SS_mband_mel_N16_F8_O75_FL0p7_p092_emo_contentment_sentences_NOIZEUS_NOISE_DATASET_Car Noise_Idle Noise_60mph_SNR0dB_CLN-p092_emo_contentment_sentences.csv
mband_mel_N16_F8_O75_FL0p8,hybrid,Success,mel,16,8,75,0.8,1,0,Car,p092_emo_contentment_sentences,GTCRN+SS_mband_mel_N16_F8_O75_FL0p8_p092_emo_contentment_sentences_NOIZEUS_NOISE_DATASET_Car Noise_Idle Noise_60mph_SNR0dB,1.547949194908142,0.7485105991363525,9.457038879394531,3.3372340202331543,3.0774731727959868,3.7546626231445175,2.699548846127252,16000,mband_mel_N16_F8_O75_FL0p8_metrics.csv_ENH-GTCRN+SS_mband_mel_N16_F8_O75_FL0p8_p092_emo_contentment_sentences_NOIZEUS_NOISE_DATASET_Car Noise_Idle Noise_60mph_SNR0dB_CLN-p092_emo_contentment_sentences.csv
mband_mel_N4_F20_O25_FL0p5,hybrid,Success,mel,4,20,25,0.5,1,0,Car,p092_emo_contentment_sentences,GTCRN+SS_mband_mel_N4_F20_O25_FL0p5_p092_emo_contentment_sentences_NOIZEUS_NOISE_DATASET_Car Noise_Idle Noise_60mph_SNR0dB,1.4462320804595947,0.721505343914032,7.660463333129883,3.2627720832824707,3.692700820866461,3.725651251176019,3.13442206327717,16000,mband_mel_N4_F20_O25_FL0p5_metrics.csv_ENH-GTCRN+SS_mband_mel_N4_F20_O25_FL0p5_p092_emo_contentment_sentences_NOIZEUS_NOISE_DATASET_Car Noise_Idle Noise_60mph_SNR0dB_CLN-p092_emo_contentment_sentences.csv
mband_mel_N4_F20_O25_FL0p7,hybrid,Success,mel,4,20,25,0.7,1,0,Car,p092_emo_contentment_sentences,GTCRN+SS_mband_mel_N4_F20_O25_FL0p7_p092_emo_contentment_sentences_NOIZEUS_NOISE_DATASET_Car Noise_Idle Noise_60mph_SNR0dB,1.4824010133743286,0.7343469858169556,7.6085686683654785,3.140592575073242,3.811978460375769,4.006510064420036,3.323515402145273,16000,mband_mel_N4_F20_O25_FL0p7_metrics.csv_ENH-GTCRN+SS_mband_mel_N4_F20_O25_FL0p7_p092_emo_contentment_sentences_NOIZEUS_NOISE_DATASET_Car Noise_Idle Noise_60mph_SNR0dB_CLN-p092_emo_contentment_sentences.csv
mband_mel_N4_F20_O25_FL0p8,hybrid,Success,mel,4,20,25,0.8,1,0,Car,p092_emo_contentment_sentences,GTCRN+SS_mband_mel_N4_F20_O25_FL0p8_p092_emo_contentment_sentences_NOIZEUS_NOISE_DATASET_Car Noise_Idle Noise_60mph_SNR0dB,1.4338022470474243,0.7475388050079346,8.083819389343262,3.2852346897125244,3.826255211136875,3.2835065528996417,2.985974056583714,16000,mband_mel_N4_F20_O25_FL0p8_metrics.csv_ENH-GTCRN+SS_mband_mel_N4_F20_O25_FL0p8_p092_emo_contentment_sentences_NOIZEUS_NOISE_DATASET_Car Noise_Idle Noise_60mph_SNR0dB_CLN-p092_emo_contentment_sentences.csv
mband_mel_N4_F20_O50_FL0p5,hybrid,Success,mel,4,20,50,0.5,1,0,Car,p092_emo_contentment_sentences,GTCRN+SS_mband_mel_N4_F20_O50_FL0p5_p092_emo_contentment_sentences_NOIZEUS_NOISE_DATASET_Car Noise_Idle Noise_60mph_SNR0dB,1.486058473587036,0.733807384967804,8.804713249206543,3.601346969604492,3.552160751241427,3.973804931815558,3.112027538930356,16000,mband_mel_N4_F20_O50_FL0p5_metrics.csv_ENH-GTCRN+SS_mband_mel_N4_F20_O50_FL0p5_p092_emo_contentment_sentences_NOIZEUS_NOISE_DATASET_Car Noise_Idle Noise_60mph_SNR0dB_CLN-p092_emo_contentment_sentences.csv
mband_mel_N4_F20_O50_FL0p7,hybrid,Success,mel,4,20,50,0.7,1,0,Car,p092_emo_contentment_sentences,GTCRN+SS_mband_mel_N4_F20_O50_FL0p7_p092_emo_contentment_sentences_NOIZEUS_NOISE_DATASET_Car Noise_Idle Noise_60mph_SNR0dB,1.4993445873260498,0.7535790801048279,9.232608795166016,3.531942367553711,3.630530346390076,3.413349105160949,2.937363633486905,16000,mband_mel_N4_F20_O50_FL0p7_metrics.csv_ENH-GTCRN+SS_mband_mel_N4_F20_O50_FL0p7_p092_emo_contentment_sentences_NOIZEUS_NOISE_DATASET_Car Noise_Idle Noise_60mph_SNR0dB_CLN-p092_emo_contentment_sentences.csv
mband_mel_N4_F20_O50_FL0p8,hybrid,Success,mel,4,20,50,0.8,1,0,Car,p092_emo_contentment_sentences,GTCRN+SS_mband_mel_N4_F20_O50_FL0p8_p092_emo_contentment_sentences_NOIZEUS_NOISE_DATASET_Car Noise_Idle Noise_60mph_SNR0dB,1.5140798091888428,0.738838255405426,8.905535697937012,3.3903751373291016,4.032068261849529,3.927983501573445,3.455352502781204,16000,mband_mel_N4_F20_O50_FL0p8_metrics.csv_ENH-GTCRN+SS_mband_mel_N4_F20_O50_FL0p8_p092_emo_contentment_sentences_NOIZEUS_NOISE_DATASET_Car Noise_Idle Noise_60mph_SNR0dB_CLN-p092_emo_contentment_sentences.csv
mband_mel_N4_F20_O75_FL0p5,hybrid,Success,mel,4,20,75,0.5,1,0,Car,p092_emo_contentment_sentences,GTCRN+SS_mband_mel_N4_F20_O75_FL0p5_p092_emo_contentment_sentences_NOIZEUS_NOISE_DATASET_Car Noise_Idle Noise_60mph_SNR0dB,1.5622953176498413,0.7554700970649719,9.042362213134766,3.217111825942993,3.4214943910713043,3.9648927845525175,3.055060786840861,16000,mband_mel_N4_F20_O75_FL0p5_metrics.csv_ENH-GTCRN+SS_mband_mel_N4_F20_O75_FL0p5_p092_emo_contentment_sentences_NOIZEUS_NOISE_DATASET_Car Noise_Idle Noise_60mph_SNR0dB_CLN-p092_emo_contentment_sentences.csv
mband_mel_N4_F20_O75_FL0p7,hybrid,Success,mel,4,20,75,0.7,1,0,Car,p092_emo_contentment_sentences,GTCRN+SS_mband_mel_N4_F20_O75_FL0p7_p092_emo_contentment_sentences_NOIZEUS_NOISE_DATASET_Car Noise_Idle Noise_60mph_SNR0dB,1.4592490196228027,0.739550769329071,9.303462982177734,3.244277238845825,3.338649748476328,3.647295203334288,2.846689660569934,16000,mband_mel_N4_F20_O75_FL0p7_metrics.csv_ENH-GTCRN+SS_mband_mel_N4_F20_O75_FL0p7_p092_emo_contentment_sentences_NOIZEUS_NOISE_DATASET_Car Noise_Idle Noise_60mph_SNR0dB_CLN-p092_emo_contentment_sentences.csv
mband_mel_N4_F20_O75_FL0p8,hybrid,Success,mel,4,20,75,0.8,1,0,Car,p092_emo_contentment_sentences,GTCRN+SS_mband_mel_N4_F20_O75_FL0p8_p092_emo_contentment_sentences_NOIZEUS_NOISE_DATASET_Car Noise_Idle Noise_60mph_SNR0dB,1.5052019357681274,0.7403692603111267,9.492094993591309,3.482189655303955,3.019960822786599,3.603088659967736,2.6225090022858017,16000,mband_mel_N4_F20_O75_FL0p8_metrics.csv_ENH-GTCRN+SS_mband_mel_N4_F20_O75_FL0p8_p092_emo_contentment_sentences_NOIZEUS_NOISE_DATASET_Car Noise_Idle Noise_60mph_SNR0dB_CLN-p092_emo_contentment_sentences.csv
mband_mel_N4_F25_O25_FL0p5,hybrid,Success,mel,4,25,25,0.5,1,0,Car,p092_emo_contentment_sentences,GTCRN+SS_mband_mel_N4_F25_O25_FL0p5_p092_emo_contentment_sentences_NOIZEUS_NOISE_DATASET_Car Noise_Idle Noise_60mph_SNR0dB,1.4714326858520508,0.7182801961898804,7.080743312835693,3.049910545349121,3.9199147905968736,4.099376597965138,3.4707157704463256,16000,mband_mel_N4_F25_O25_FL0p5_metrics.csv_ENH-GTCRN+SS_mband_mel_N4_F25_O25_FL0p5_p092_emo_contentment_sentences_NOIZEUS_NOISE_DATASET_Car Noise_Idle Noise_60mph_SNR0dB_CLN-p092_emo_contentment_sentences.csv
mband_mel_N4_F25_O25_FL0p7,hybrid,Success,mel,4,25,25,0.7,1,0,Car,p092_emo_contentment_sentences,GTCRN+SS_mband_mel_N4_F25_O25_FL0p7_p092_emo_contentment_sentences_NOIZEUS_NOISE_DATASET_Car Noise_Idle Noise_60mph_SNR0dB,1.5051627159118652,0.7332748174667358,7.498223304748535,3.303150653839112,3.6133796576046415,3.844867120357892,3.112058296587824,16000,mband_mel_N4_F25_O25_FL0p7_metrics.csv_ENH-GTCRN+SS_mband_mel_N4_F25_O25_FL0p7_p092_emo_contentment_sentences_NOIZEUS_NOISE_DATASET_Car Noise_Idle Noise_60mph_SNR0dB_CLN-p092_emo_contentment_sentences.csv
mband_mel_N4_F25_O25_FL0p8,hybrid,Success,mel,4,25,25,0.8,1,0,Car,p092_emo_contentment_sentences,GTCRN+SS_mband_mel_N4_F25_O25_FL0p8_p092_emo_contentment_sentences_NOIZEUS_NOISE_DATASET_Car Noise_Idle Noise_60mph_SNR0dB,1.413920521736145,0.7439783811569214,7.281027317047119,3.3497180938720703,3.66039985658714,3.905300026174942,3.213577221368173,16000,mband_mel_N4_F25_O25_FL0p8_metrics.csv_ENH-GTCRN+SS_mband_mel_N4_F25_O25_FL0p8_p092_emo_contentment_sentences_NOIZEUS_NOISE_DATASET_Car Noise_Idle Noise_60mph_SNR0dB_CLN-p092_emo_contentment_sentences.csv
mband_mel_N4_F25_O50_FL0p5,hybrid,Success,mel,4,25,50,0.5,1,0,Car,p092_emo_contentment_sentences,GTCRN+SS_mband_mel_N4_F25_O50_FL0p5_p092_emo_contentment_sentences_NOIZEUS_NOISE_DATASET_Car Noise_Idle Noise_60mph_SNR0dB,1.4447866678237915,0.7614059448242188,8.559610366821289,3.505528211593628,3.49948384555196,3.832221185065988,3.008948561500816,16000,mband_mel_N4_F25_O50_FL0p5_metrics.csv_ENH-GTCRN+SS_mband_mel_N4_F25_O50_FL0p5_p092_emo_contentment_sentences_NOIZEUS_NOISE_DATASET_Car Noise_Idle Noise_60mph_SNR0dB_CLN-p092_emo_contentment_sentences.csv
mband_mel_N4_F25_O50_FL0p7,hybrid,Success,mel,4,25,50,0.7,1,0,Car,p092_emo_contentment_sentences,GTCRN+SS_mband_mel_N4_F25_O50_FL0p7_p092_emo_contentment_sentences_NOIZEUS_NOISE_DATASET_Car Noise_Idle Noise_60mph_SNR0dB,1.44047749042511,0.7324299216270447,8.536149978637695,3.3660950660705566,3.754971164402731,3.733562550045599,3.1687735389837,16000,mband_mel_N4_F25_O50_FL0p7_metrics.csv_ENH-GTCRN+SS_mband_mel_N4_F25_O50_FL0p7_p092_emo_contentment_sentences_NOIZEUS_NOISE_DATASET_Car Noise_Idle Noise_60mph_SNR0dB_CLN-p092_emo_contentment_sentences.csv
mband_mel_N4_F25_O50_FL0p8,hybrid,Success,mel,4,25,50,0.8,1,0,Car,p092_emo_contentment_sentences,GTCRN+SS_mband_mel_N4_F25_O50_FL0p8_p092_emo_contentment_sentences_NOIZEUS_NOISE_DATASET_Car Noise_Idle Noise_60mph_SNR0dB,1.4638299942016602,0.7402255535125732,9.013699531555176,3.2749593257904053,3.722526172025048,4.042415840700915,3.2819974310875177,16000,mband_mel_N4_F25_O50_FL0p8_metrics.csv_ENH-GTCRN+SS_mband_mel_N4_F25_O50_FL0p8_p092_emo_contentment_sentences_NOIZEUS_NOISE_DATASET_Car Noise_Idle Noise_60mph_SNR0dB_CLN-p092_emo_contentment_sentences.csv
mband_mel_N4_F25_O75_FL0p5,hybrid,Success,mel,4,25,75,0.5,1,0,Car,p092_emo_contentment_sentences,GTCRN+SS_mband_mel_N4_F25_O75_FL0p5_p092_emo_contentment_sentences_NOIZEUS_NOISE_DATASET_Car Noise_Idle Noise_60mph_SNR0dB,1.4894394874572754,0.7413554191589355,9.31498908996582,3.251153945922852,3.6203551217380703,4.106616982522989,3.2096567256926813,16000,mband_mel_N4_F25_O75_FL0p5_metrics.csv_ENH-GTCRN+SS_mband_mel_N4_F25_O75_FL0p5_p092_emo_contentment_sentences_NOIZEUS_NOISE_DATASET_Car Noise_Idle Noise_60mph_SNR0dB_CLN-p092_emo_contentment_sentences.csv
mband_mel_N4_F25_O75_FL0p7,hybrid,Success,mel,4,25,75,0.7,1,0,Car,p092_emo_contentment_sentences,GTCRN+SS_mband_mel_N4_F25_O75_FL0p7_p092_emo_contentment_sentences_NOIZEUS_NOISE_DATASET_Car Noise_Idle Noise_60mph_SNR0dB,1.44488263130188,0.7307440042495728,9.30125617980957,3.3388683795928955,3.239287279864005,4.199460562527618,2.9530186378584777,16000,mband_mel_N4_F25_O75_FL0p7_metrics.csv_ENH-GTCRN+SS_mband_mel_N4_F25_O75_FL0p7_p092_emo_contentment_sentences_NOIZEUS_NOISE_DATASET_Car Noise_Idle Noise_60mph_SNR0dB_CLN-p092_emo_contentment_sentences.csv
mband_mel_N4_F25_O75_FL0p8,hybrid,Success,mel,4,25,75,0.8,1,0,Car,p092_emo_contentment_sentences,GTCRN+SS_mband_mel_N4_F25_O75_FL0p8_p092_emo_contentment_sentences_NOIZEUS_NOISE_DATASET_Car Noise_Idle Noise_60mph_SNR0dB,1.4934042692184448,0.7397653460502625,9.041181564331056,3.4300472736358643,3.760878515244309,4.220519994957029,3.360730439828324,16000,mband_mel_N4_F25_O75_FL0p8_metrics.csv_ENH-GTCRN+SS_mband_mel_N4_F25_O75_FL0p8_p092_emo_contentment_sentences_NOIZEUS_NOISE_DATASET_Car Noise_Idle Noise_60mph_SNR0dB_CLN-p092_emo_contentment_sentences.csv
mband_mel_N4_F8_O25_FL0p5,hybrid,Success,mel,4,8,25,0.5,1,0,Car,p092_emo_contentment_sentences,GTCRN+SS_mband_mel_N4_F8_O25_FL0p5_p092_emo_contentment_sentences_NOIZEUS_NOISE_DATASET_Car Noise_Idle Noise_60mph_SNR0dB,1.4902338981628418,0.754848837852478,8.77541446685791,3.21515154838562,3.324633802404421,3.993555108366983,2.9341889312193863,16000,mband_mel_N4_F8_O25_FL0p5_metrics.csv_ENH-GTCRN+SS_mband_mel_N4_F8_O25_FL0p5_p092_emo_contentment_sentences_NOIZEUS_NOISE_DATASET_Car Noise_Idle Noise_60mph_SNR0dB_CLN-p092_emo_contentment_sentences.csv
mband_mel_N4_F8_O25_FL0p7,hybrid,Success,mel,4,8,25,0.7,1,0,Car,p092_emo_contentment_sentences,GTCRN+SS_mband_mel_N4_F8_O25_FL0p7_p092_emo_contentment_sentences_NOIZEUS_NOISE_DATASET_Car Noise_Idle Noise_60mph_SNR0dB,1.4540278911590576,0.7521106600761414,8.903985023498535,3.23917293548584,3.57992931470727,4.125154186237717,3.177312985509716,16000,mband_mel_N4_F8_O25_FL0p7_metrics.csv_ENH-GTCRN+SS_mband_mel_N4_F8_O25_FL0p7_p092_emo_contentment_sentences_NOIZEUS_NOISE_DATASET_Car Noise_Idle Noise_60mph_SNR0dB_CLN-p092_emo_contentment_sentences.csv
mband_mel_N4_F8_O25_FL0p8,hybrid,Success,mel,4,8,25,0.8,1,0,Car,p092_emo_contentment_sentences,GTCRN+SS_mband_mel_N4_F8_O25_FL0p8_p092_emo_contentment_sentences_NOIZEUS_NOISE_DATASET_Car Noise_Idle Noise_60mph_SNR0dB,1.4274836778640747,0.7328886389732361,8.689128875732422,3.111281633377075,3.5659136804639644,4.094146191908143,3.1289627434493377,16000,mband_mel_N4_F8_O25_FL0p8_metrics.csv_ENH-GTCRN+SS_mband_mel_N4_F8_O25_FL0p8_p092_emo_contentment_sentences_NOIZEUS_NOISE_DATASET_Car Noise_Idle Noise_60mph_SNR0dB_CLN-p092_emo_contentment_sentences.csv
mband_mel_N4_F8_O50_FL0p5,hybrid,Success,mel,4,8,50,0.5,1,0,Car,p092_emo_contentment_sentences,GTCRN+SS_mband_mel_N4_F8_O50_FL0p5_p092_emo_contentment_sentences_NOIZEUS_NOISE_DATASET_Car Noise_Idle Noise_60mph_SNR0dB,1.4787614345550537,0.7424697875976562,8.555744171142578,3.271099328994751,3.353232786641087,3.87971306224358,2.909911995871876,16000,mband_mel_N4_F8_O50_FL0p5_metrics.csv_ENH-GTCRN+SS_mband_mel_N4_F8_O50_FL0p5_p092_emo_contentment_sentences_NOIZEUS_NOISE_DATASET_Car Noise_Idle Noise_60mph_SNR0dB_CLN-p092_emo_contentment_sentences.csv
mband_mel_N4_F8_O50_FL0p7,hybrid,Success,mel,4,8,50,0.7,1,0,Car,p092_emo_contentment_sentences,GTCRN+SS_mband_mel_N4_F8_O50_FL0p7_p092_emo_contentment_sentences_NOIZEUS_NOISE_DATASET_Car Noise_Idle Noise_60mph_SNR0dB,1.4511815309524536,0.7377426028251648,9.18511199951172,3.2504677772521973,3.1765824887380827,3.763875739644903,2.788259109311789,16000,mband_mel_N4_F8_O50_FL0p7_metrics.csv_ENH-GTCRN+SS_mband_mel_N4_F8_O50_FL0p7_p092_emo_contentment_sentences_NOIZEUS_NOISE_DATASET_Car Noise_Idle Noise_60mph_SNR0dB_CLN-p092_emo_contentment_sentences.csv
mband_mel_N4_F8_O50_FL0p8,hybrid,Success,mel,4,8,50,0.8,1,0,Car,p092_emo_contentment_sentences,GTCRN+SS_mband_mel_N4_F8_O50_FL0p8_p092_emo_contentment_sentences_NOIZEUS_NOISE_DATASET_Car Noise_Idle Noise_60mph_SNR0dB,1.4635478258132937,0.7313351035118103,8.989466667175293,3.2885000705718994,3.854526979336274,4.06157958941497,3.3987237622649222,16000,mband_mel_N4_F8_O50_FL0p8_metrics.csv_ENH-GTCRN+SS_mband_mel_N4_F8_O50_FL0p8_p092_emo_contentment_sentences_NOIZEUS_NOISE_DATASET_Car Noise_Idle Noise_60mph_SNR0dB_CLN-p092_emo_contentment_sentences.csv
mband_mel_N4_F8_O75_FL0p5,hybrid,Success,mel,4,8,75,0.5,1,0,Car,p092_emo_contentment_sentences,GTCRN+SS_mband_mel_N4_F8_O75_FL0p5_p092_emo_contentment_sentences_NOIZEUS_NOISE_DATASET_Car Noise_Idle Noise_60mph_SNR0dB,1.4320249557495115,0.7401605844497681,9.657779693603516,3.422942876815796,3.2522945792488778,3.7982065381876335,2.835407230678217,16000,mband_mel_N4_F8_O75_FL0p5_metrics.csv_ENH-GTCRN+SS_mband_mel_N4_F8_O75_FL0p5_p092_emo_contentment_sentences_NOIZEUS_NOISE_DATASET_Car Noise_Idle Noise_60mph_SNR0dB_CLN-p092_emo_contentment_sentences.csv
mband_mel_N4_F8_O75_FL0p7,hybrid,Success,mel,4,8,75,0.7,1,0,Car,p092_emo_contentment_sentences,GTCRN+SS_mband_mel_N4_F8_O75_FL0p7_p092_emo_contentment_sentences_NOIZEUS_NOISE_DATASET_Car Noise_Idle Noise_60mph_SNR0dB,1.387931227684021,0.7389281392097473,8.878814697265625,3.209463834762573,3.362859764517713,3.888254105973258,2.9765173068202446,16000,mband_mel_N4_F8_O75_FL0p7_metrics.csv_ENH-GTCRN+SS_mband_mel_N4_F8_O75_FL0p7_p092_emo_contentment_sentences_NOIZEUS_NOISE_DATASET_Car Noise_Idle Noise_60mph_SNR0dB_CLN-p092_emo_contentment_sentences.csv
mband_mel_N4_F8_O75_FL0p8,hybrid,Success,mel,4,8,75,0.8,1,0,Car,p092_emo_contentment_sentences,GTCRN+SS_mband_mel_N4_F8_O75_FL0p8_p092_emo_contentment_sentences_NOIZEUS_NOISE_DATASET_Car Noise_Idle Noise_60mph_SNR0dB,1.4241132736206057,0.7435923218727112,9.627704620361328,3.3579206466674805,3.571417760676713,4.157307027251434,3.233426532785754,16000,mband_mel_N4_F8_O75_FL0p8_metrics.csv_ENH-GTCRN+SS_mband_mel_N4_F8_O75_FL0p8_p092_emo_contentment_sentences_NOIZEUS_NOISE_DATASET_Car Noise_Idle Noise_60mph_SNR0dB_CLN-p092_emo_contentment_sentences.csv
mband_mel_N8_F20_O25_FL0p5,hybrid,Success,mel,8,20,25,0.5,1,0,Car,p092_emo_contentment_sentences,GTCRN+SS_mband_mel_N8_F20_O25_FL0p5_p092_emo_contentment_sentences_NOIZEUS_NOISE_DATASET_Car Noise_Idle Noise_60mph_SNR0dB,1.4654881954193115,0.7512944936752319,7.935745239257812,3.4134342670440674,3.678584265605937,3.964143323261859,3.226944332655388,16000,mband_mel_N8_F20_O25_FL0p5_metrics.csv_ENH-GTCRN+SS_mband_mel_N8_F20_O25_FL0p5_p092_emo_contentment_sentences_NOIZEUS_NOISE_DATASET_Car Noise_Idle Noise_60mph_SNR0dB_CLN-p092_emo_contentment_sentences.csv
mband_mel_N8_F20_O25_FL0p7,hybrid,Success,mel,8,20,25,0.7,1,0,Car,p092_emo_contentment_sentences,GTCRN+SS_mband_mel_N8_F20_O25_FL0p7_p092_emo_contentment_sentences_NOIZEUS_NOISE_DATASET_Car Noise_Idle Noise_60mph_SNR0dB,1.3497066497802734,0.7412418127059937,7.7190680503845215,3.3765974044799805,3.691971969636712,3.7673815555225074,3.1724064540545185,16000,mband_mel_N8_F20_O25_FL0p7_metrics.csv_ENH-GTCRN+SS_mband_mel_N8_F20_O25_FL0p7_p092_emo_contentment_sentences_NOIZEUS_NOISE_DATASET_Car Noise_Idle Noise_60mph_SNR0dB_CLN-p092_emo_contentment_sentences.csv
mband_mel_N8_F20_O25_FL0p8,hybrid,Success,mel,8,20,25,0.8,1,0,Car,p092_emo_contentment_sentences,GTCRN+SS_mband_mel_N8_F20_O25_FL0p8_p092_emo_contentment_sentences_NOIZEUS_NOISE_DATASET_Car Noise_Idle Noise_60mph_SNR0dB,1.4388439655303955,0.7364116311073303,7.846519947052002,3.3822062015533447,3.582844486161229,3.687414087776196,3.0113276041251704,16000,mband_mel_N8_F20_O25_FL0p8_metrics.csv_ENH-GTCRN+SS_mband_mel_N8_F20_O25_FL0p8_p092_emo_contentment_sentences_NOIZEUS_NOISE_DATASET_Car Noise_Idle Noise_60mph_SNR0dB_CLN-p092_emo_contentment_sentences.csv
mband_mel_N8_F20_O50_FL0p5,hybrid,Success,mel,8,20,50,0.5,1,0,Car,p092_emo_contentment_sentences,GTCRN+SS_mband_mel_N8_F20_O50_FL0p5_p092_emo_contentment_sentences_NOIZEUS_NOISE_DATASET_Car Noise_Idle Noise_60mph_SNR0dB,1.511868953704834,0.750110924243927,8.378814697265625,3.379376173019409,3.739352640653816,3.446865229383385,3.0716714514121826,16000,mband_mel_N8_F20_O50_FL0p5_metrics.csv_ENH-GTCRN+SS_mband_mel_N8_F20_O50_FL0p5_p092_emo_contentment_sentences_NOIZEUS_NOISE_DATASET_Car Noise_Idle Noise_60mph_SNR0dB_CLN-p092_emo_contentment_sentences.csv
mband_mel_N8_F20_O50_FL0p7,hybrid,Success,mel,8,20,50,0.7,1,0,Car,p092_emo_contentment_sentences,GTCRN+SS_mband_mel_N8_F20_O50_FL0p7_p092_emo_contentment_sentences_NOIZEUS_NOISE_DATASET_Car Noise_Idle Noise_60mph_SNR0dB,1.440281629562378,0.7522565126419067,9.146476745605469,3.427602529525757,3.666505063150274,4.050389267773344,3.2138708360467163,16000,mband_mel_N8_F20_O50_FL0p7_metrics.csv_ENH-GTCRN+SS_mband_mel_N8_F20_O50_FL0p7_p092_emo_contentment_sentences_NOIZEUS_NOISE_DATASET_Car Noise_Idle Noise_60mph_SNR0dB_CLN-p092_emo_contentment_sentences.csv
mband_mel_N8_F20_O50_FL0p8,hybrid,Success,mel,8,20,50,0.8,1,0,Car,p092_emo_contentment_sentences,GTCRN+SS_mband_mel_N8_F20_O50_FL0p8_p092_emo_contentment_sentences_NOIZEUS_NOISE_DATASET_Car Noise_Idle Noise_60mph_SNR0dB,1.470153570175171,0.7541079521179199,8.941950798034668,3.455010414123535,3.892139565460951,3.8330790457725374,3.3335973987354413,16000,mband_mel_N8_F20_O50_FL0p8_metrics.csv_ENH-GTCRN+SS_mband_mel_N8_F20_O50_FL0p8_p092_emo_contentment_sentences_NOIZEUS_NOISE_DATASET_Car Noise_Idle Noise_60mph_SNR0dB_CLN-p092_emo_contentment_sentences.csv
mband_mel_N8_F20_O75_FL0p5,hybrid,Success,mel,8,20,75,0.5,1,0,Car,p092_emo_contentment_sentences,GTCRN+SS_mband_mel_N8_F20_O75_FL0p5_p092_emo_contentment_sentences_NOIZEUS_NOISE_DATASET_Car Noise_Idle Noise_60mph_SNR0dB,1.5140100717544556,0.7254368662834167,8.60750961303711,3.1641790866851807,3.4417865867443207,3.8076588146127057,2.993027030601436,16000,mband_mel_N8_F20_O75_FL0p5_metrics.csv_ENH-GTCRN+SS_mband_mel_N8_F20_O75_FL0p5_p092_emo_contentment_sentences_NOIZEUS_NOISE_DATASET_Car Noise_Idle Noise_60mph_SNR0dB_CLN-p092_emo_contentment_sentences.csv
mband_mel_N8_F20_O75_FL0p7,hybrid,Success,mel,8,20,75,0.7,1,0,Car,p092_emo_contentment_sentences,GTCRN+SS_mband_mel_N8_F20_O75_FL0p7_p092_emo_contentment_sentences_NOIZEUS_NOISE_DATASET_Car Noise_Idle Noise_60mph_SNR0dB,1.3962287902832031,0.7308650016784668,9.24246311187744,3.277137517929077,3.455701618035628,3.8111450877794137,3.0177962560455067,16000,mband_mel_N8_F20_O75_FL0p7_metrics.csv_ENH-GTCRN+SS_mband_mel_N8_F20_O75_FL0p7_p092_emo_contentment_sentences_NOIZEUS_NOISE_DATASET_Car Noise_Idle Noise_60mph_SNR0dB_CLN-p092_emo_contentment_sentences.csv
mband_mel_N8_F20_O75_FL0p8,hybrid,Success,mel,8,20,75,0.8,1,0,Car,p092_emo_contentment_sentences,GTCRN+SS_mband_mel_N8_F20_O75_FL0p8_p092_emo_contentment_sentences_NOIZEUS_NOISE_DATASET_Car Noise_Idle Noise_60mph_SNR0dB,1.5509393215179443,0.7277889847755432,9.136906623840332,3.445119380950928,3.4077750699179115,3.920409279476489,3.0137640362968883,16000,mband_mel_N8_F20_O75_FL0p8_metrics.csv_ENH-GTCRN+SS_mband_mel_N8_F20_O75_FL0p8_p092_emo_contentment_sentences_NOIZEUS_NOISE_DATASET_Car Noise_Idle Noise_60mph_SNR0dB_CLN-p092_emo_contentment_sentences.csv
mband_mel_N8_F25_O25_FL0p5,hybrid,Success,mel,8,25,25,0.5,1,0,Car,p092_emo_contentment_sentences,GTCRN+SS_mband_mel_N8_F25_O25_FL0p5_p092_emo_contentment_sentences_NOIZEUS_NOISE_DATASET_Car Noise_Idle Noise_60mph_SNR0dB,1.4369184970855713,0.7342686057090759,7.65411901473999,3.0658628940582275,3.769009492951356,3.818758043622797,3.235672272334155,16000,mband_mel_N8_F25_O25_FL0p5_metrics.csv_ENH-GTCRN+SS_mband_mel_N8_F25_O25_FL0p5_p092_emo_contentment_sentences_NOIZEUS_NOISE_DATASET_Car Noise_Idle Noise_60mph_SNR0dB_CLN-p092_emo_contentment_sentences.csv
mband_mel_N8_F25_O25_FL0p7,hybrid,Success,mel,8,25,25,0.7,1,0,Car,p092_emo_contentment_sentences,GTCRN+SS_mband_mel_N8_F25_O25_FL0p7_p092_emo_contentment_sentences_NOIZEUS_NOISE_DATASET_Car Noise_Idle Noise_60mph_SNR0dB,1.3948335647583008,0.7396500706672668,7.526047229766846,3.2620067596435547,3.8220322252657226,3.961510838946939,3.344197208384566,16000,mband_mel_N8_F25_O25_FL0p7_metrics.csv_ENH-GTCRN+SS_mband_mel_N8_F25_O25_FL0p7_p092_emo_contentment_sentences_NOIZEUS_NOISE_DATASET_Car Noise_Idle Noise_60mph_SNR0dB_CLN-p092_emo_contentment_sentences.csv
mband_mel_N8_F25_O25_FL0p8,hybrid,Success,mel,8,25,25,0.8,1,0,Car,p092_emo_contentment_sentences,GTCRN+SS_mband_mel_N8_F25_O25_FL0p8_p092_emo_contentment_sentences_NOIZEUS_NOISE_DATASET_Car Noise_Idle Noise_60mph_SNR0dB,1.3559807538986206,0.7553861141204834,7.2652177810668945,3.1287729740142822,3.838829434463896,3.958856242684108,3.35390529858899,16000,mband_mel_N8_F25_O25_FL0p8_metrics.csv_ENH-GTCRN+SS_mband_mel_N8_F25_O25_FL0p8_p092_emo_contentment_sentences_NOIZEUS_NOISE_DATASET_Car Noise_Idle Noise_60mph_SNR0dB_CLN-p092_emo_contentment_sentences.csv
mband_mel_N8_F25_O50_FL0p5,hybrid,Success,mel,8,25,50,0.5,1,0,Car,p092_emo_contentment_sentences,GTCRN+SS_mband_mel_N8_F25_O50_FL0p5_p092_emo_contentment_sentences_NOIZEUS_NOISE_DATASET_Car Noise_Idle Noise_60mph_SNR0dB,1.508230686187744,0.7610839009284973,8.640298843383789,3.348773241043091,3.9693198284545055,4.178720682154153,3.491292228821884,16000,mband_mel_N8_F25_O50_FL0p5_metrics.csv_ENH-GTCRN+SS_mband_mel_N8_F25_O50_FL0p5_p092_emo_contentment_sentences_NOIZEUS_NOISE_DATASET_Car Noise_Idle Noise_60mph_SNR0dB_CLN-p092_emo_contentment_sentences.csv
mband_mel_N8_F25_O50_FL0p7,hybrid,Success,mel,8,25,50,0.7,1,0,Car,p092_emo_contentment_sentences,GTCRN+SS_mband_mel_N8_F25_O50_FL0p7_p092_emo_contentment_sentences_NOIZEUS_NOISE_DATASET_Car Noise_Idle Noise_60mph_SNR0dB,1.5282660722732544,0.7318639755249023,8.981592178344727,3.5396416187286377,4.168277029633774,3.696845750975005,3.498468217813117,16000,mband_mel_N8_F25_O50_FL0p7_metrics.csv_ENH-GTCRN+SS_mband_mel_N8_F25_O50_FL0p7_p092_emo_contentment_sentences_NOIZEUS_NOISE_DATASET_Car Noise_Idle Noise_60mph_SNR0dB_CLN-p092_emo_contentment_sentences.csv
mband_mel_N8_F25_O50_FL0p8,hybrid,Success,mel,8,25,50,0.8,1,0,Car,p092_emo_contentment_sentences,GTCRN+SS_mband_mel_N8_F25_O50_FL0p8_p092_emo_contentment_sentences_NOIZEUS_NOISE_DATASET_Car Noise_Idle Noise_60mph_SNR0dB,1.3986600637435913,0.7145435214042664,8.378573417663574,3.232156276702881,3.918243583782832,4.057405455551819,3.446824246318061,16000,mband_mel_N8_F25_O50_FL0p8_metrics.csv_ENH-GTCRN+SS_mband_mel_N8_F25_O50_FL0p8_p092_emo_contentment_sentences_NOIZEUS_NOISE_DATASET_Car Noise_Idle Noise_60mph_SNR0dB_CLN-p092_emo_contentment_sentences.csv
mband_mel_N8_F25_O75_FL0p5,hybrid,Success,mel,8,25,75,0.5,1,0,Car,p092_emo_contentment_sentences,GTCRN+SS_mband_mel_N8_F25_O75_FL0p5_p092_emo_contentment_sentences_NOIZEUS_NOISE_DATASET_Car Noise_Idle Noise_60mph_SNR0dB,1.4488708972930908,0.7682387232780457,9.298001289367676,3.4069314002990723,3.602813577814523,4.08320569071721,3.188271146969985,16000,mband_mel_N8_F25_O75_FL0p5_metrics.csv_ENH-GTCRN+SS_mband_mel_N8_F25_O75_FL0p5_p092_emo_contentment_sentences_NOIZEUS_NOISE_DATASET_Car Noise_Idle Noise_60mph_SNR0dB_CLN-p092_emo_contentment_sentences.csv
mband_mel_N8_F25_O75_FL0p7,hybrid,Success,mel,8,25,75,0.7,1,0,Car,p092_emo_contentment_sentences,GTCRN+SS_mband_mel_N8_F25_O75_FL0p7_p092_emo_contentment_sentences_NOIZEUS_NOISE_DATASET_Car Noise_Idle Noise_60mph_SNR0dB,1.504970669746399,0.7434673309326172,9.190062522888184,3.2567474842071533,3.61209639144485,3.1358772679858244,2.821487782111739,16000,mband_mel_N8_F25_O75_FL0p7_metrics.csv_ENH-GTCRN+SS_mband_mel_N8_F25_O75_FL0p7_p092_emo_contentment_sentences_NOIZEUS_NOISE_DATASET_Car Noise_Idle Noise_60mph_SNR0dB_CLN-p092_emo_contentment_sentences.csv
mband_mel_N8_F25_O75_FL0p8,hybrid,Success,mel,8,25,75,0.8,1,0,Car,p092_emo_contentment_sentences,GTCRN+SS_mband_mel_N8_F25_O75_FL0p8_p092_emo_contentment_sentences_NOIZEUS_NOISE_DATASET_Car Noise_Idle Noise_60mph_SNR0dB,1.473127365112305,0.738721489906311,9.630693435668944,3.406196117401123,3.605970276156625,3.990617715205648,3.143601267864172,16000,mband_mel_N8_F25_O75_FL0p8_metrics.csv_ENH-GTCRN+SS_mband_mel_N8_F25_O75_FL0p8_p092_emo_contentment_sentences_NOIZEUS_NOISE_DATASET_Car Noise_Idle Noise_60mph_SNR0dB_CLN-p092_emo_contentment_sentences.csv
mband_mel_N8_F8_O25_FL0p5,hybrid,Success,mel,8,8,25,0.5,1,0,Car,p092_emo_contentment_sentences,GTCRN+SS_mband_mel_N8_F8_O25_FL0p5_p092_emo_contentment_sentences_NOIZEUS_NOISE_DATASET_Car Noise_Idle Noise_60mph_SNR0dB,1.473490595817566,0.739406943321228,8.265746116638184,3.3377492427825928,3.3918395413564384,3.964700968059993,2.9839907364467617,16000,mband_mel_N8_F8_O25_FL0p5_metrics.csv_ENH-GTCRN+SS_mband_mel_N8_F8_O25_FL0p5_p092_emo_contentment_sentences_NOIZEUS_NOISE_DATASET_Car Noise_Idle Noise_60mph_SNR0dB_CLN-p092_emo_contentment_sentences.csv
mband_mel_N8_F8_O25_FL0p7,hybrid,Success,mel,8,8,25,0.7,1,0,Car,p092_emo_contentment_sentences,GTCRN+SS_mband_mel_N8_F8_O25_FL0p7_p092_emo_contentment_sentences_NOIZEUS_NOISE_DATASET_Car Noise_Idle Noise_60mph_SNR0dB,1.4248170852661133,0.7480398416519165,8.731124877929688,3.264895439147949,3.720808024223752,3.922766660364608,3.2497532472008746,16000,mband_mel_N8_F8_O25_FL0p7_metrics.csv_ENH-GTCRN+SS_mband_mel_N8_F8_O25_FL0p7_p092_emo_contentment_sentences_NOIZEUS_NOISE_DATASET_Car Noise_Idle Noise_60mph_SNR0dB_CLN-p092_emo_contentment_sentences.csv
mband_mel_N8_F8_O25_FL0p8,hybrid,Success,mel,8,8,25,0.8,1,0,Car,p092_emo_contentment_sentences,GTCRN+SS_mband_mel_N8_F8_O25_FL0p8_p092_emo_contentment_sentences_NOIZEUS_NOISE_DATASET_Car Noise_Idle Noise_60mph_SNR0dB,1.3981120586395264,0.7327120900154114,8.508037567138672,3.352388858795166,3.6950953769753134,4.113276531636561,3.2781800284735176,16000,mband_mel_N8_F8_O25_FL0p8_metrics.csv_ENH-GTCRN+SS_mband_mel_N8_F8_O25_FL0p8_p092_emo_contentment_sentences_NOIZEUS_NOISE_DATASET_Car Noise_Idle Noise_60mph_SNR0dB_CLN-p092_emo_contentment_sentences.csv
mband_mel_N8_F8_O50_FL0p5,hybrid,Success,mel,8,8,50,0.5,1,0,Car,p092_emo_contentment_sentences,GTCRN+SS_mband_mel_N8_F8_O50_FL0p5_p092_emo_contentment_sentences_NOIZEUS_NOISE_DATASET_Car Noise_Idle Noise_60mph_SNR0dB,1.454636812210083,0.7320933938026428,9.017775535583496,3.156907081604004,3.10366409563228,3.5099426858772107,2.6427718914808205,16000,mband_mel_N8_F8_O50_FL0p5_metrics.csv_ENH-GTCRN+SS_mband_mel_N8_F8_O50_FL0p5_p092_emo_contentment_sentences_NOIZEUS_NOISE_DATASET_Car Noise_Idle Noise_60mph_SNR0dB_CLN-p092_emo_contentment_sentences.csv
mband_mel_N8_F8_O50_FL0p7,hybrid,Success,mel,8,8,50,0.7,1,0,Car,p092_emo_contentment_sentences,GTCRN+SS_mband_mel_N8_F8_O50_FL0p7_p092_emo_contentment_sentences_NOIZEUS_NOISE_DATASET_Car Noise_Idle Noise_60mph_SNR0dB,1.519269943237305,0.755773663520813,9.282487869262695,3.36510968208313,3.317246617024284,3.7532789833349343,2.8697325809939644,16000,mband_mel_N8_F8_O50_FL0p7_metrics.csv_ENH-GTCRN+SS_mband_mel_N8_F8_O50_FL0p7_p092_emo_contentment_sentences_NOIZEUS_NOISE_DATASET_Car Noise_Idle Noise_60mph_SNR0dB_CLN-p092_emo_contentment_sentences.csv
mband_mel_N8_F8_O50_FL0p8,hybrid,Success,mel,8,8,50,0.8,1,0,Car,p092_emo_contentment_sentences,GTCRN+SS_mband_mel_N8_F8_O50_FL0p8_p092_emo_contentment_sentences_NOIZEUS_NOISE_DATASET_Car Noise_Idle Noise_60mph_SNR0dB,1.3902660608291626,0.7249588370323181,8.92846965789795,3.3186607360839844,3.5288660388428217,3.8552732436364407,3.053890112098616,16000,mband_mel_N8_F8_O50_FL0p8_metrics.csv_ENH-GTCRN+SS_mband_mel_N8_F8_O50_FL0p8_p092_emo_contentment_sentences_NOIZEUS_NOISE_DATASET_Car Noise_Idle Noise_60mph_SNR0dB_CLN-p092_emo_contentment_sentences.csv
mband_mel_N8_F8_O75_FL0p5,hybrid,Success,mel,8,8,75,0.5,1,0,Car,p092_emo_contentment_sentences,GTCRN+SS_mband_mel_N8_F8_O75_FL0p5_p092_emo_contentment_sentences_NOIZEUS_NOISE_DATASET_Car Noise_Idle Noise_60mph_SNR0dB,1.562406301498413,0.750590443611145,9.616235733032228,3.318016767501831,3.1834606433297976,3.3118648792138345,2.5846650811022345,16000,mband_mel_N8_F8_O75_FL0p5_metrics.csv_ENH-GTCRN+SS_mband_mel_N8_F8_O75_FL0p5_p092_emo_contentment_sentences_NOIZEUS_NOISE_DATASET_Car Noise_Idle Noise_60mph_SNR0dB_CLN-p092_emo_contentment_sentences.csv
mband_mel_N8_F8_O75_FL0p7,hybrid,Success,mel,8,8,75,0.7,1,0,Car,p092_emo_contentment_sentences,GTCRN+SS_mband_mel_N8_F8_O75_FL0p7_p092_emo_contentment_sentences_NOIZEUS_NOISE_DATASET_Car Noise_Idle Noise_60mph_SNR0dB,1.416755437850952,0.7451671361923218,9.24437427520752,3.3715624809265137,3.1985537195871894,3.9552488012762455,2.8743343436435884,16000,mband_mel_N8_F8_O75_FL0p7_metrics.csv_ENH-GTCRN+SS_mband_mel_N8_F8_O75_FL0p7_p092_emo_contentment_sentences_NOIZEUS_NOISE_DATASET_Car Noise_Idle Noise_60mph_SNR0dB_CLN-p092_emo_contentment_sentences.csv
mband_mel_N8_F8_O75_FL0p8,hybrid,Success,mel,8,8,75,0.8,1,0,Car,p092_emo_contentment_sentences,GTCRN+SS_mband_mel_N8_F8_O75_FL0p8_p092_emo_contentment_sentences_NOIZEUS_NOISE_DATASET_Car Noise_Idle Noise_60mph_SNR0dB,1.4739760160446167,0.7555754780769348,9.408360481262209,3.374863147735596,3.022210450259048,3.4979742374586165,2.595660933303862,16000,mband_mel_N8_F8_O75_FL0p8_metrics.csv_ENH-GTCRN+SS_mband_mel_N8_F8_O75_FL0p8_p092_emo_contentment_sentences_NOIZEUS_NOISE_DATASET_Car Noise_Idle Noise_60mph_SNR0dB_CLN-p092_emo_contentment_sentences.csv
