clean_file,enhanced_file,sampling_rate,PESQ,SI_SDR,STOI,DNSMOS_p808_mos,DNSMOS_mos_sig,DNSMOS_mos_bak,DNSMOS_mos_ovr
p102_emo_interest_sentences,WF_p102_emo_interest_sentences_fold10_15544-5-0-15_SNR-5dB.wav,16000,1.1157667636871338,-0.9197682738304138,0.6076694130897522,2.623239755630493,2.349312865018231,1.9730925896093046,1.5745723283838935
