clean_file,enhanced_file,sampling_rate,PESQ,SI_SDR,STOI,DNSMOS_p808_mos,DNSMOS_mos_sig,DNSMOS_mos_bak,DNSMOS_mos_ovr
p105_rainbow_08_fast,WF_p105_rainbow_08_fast_fold10_74922-4-0-7_SNR-5dB.wav,16000,1.047325611114502,-3.773660182952881,0.595646858215332,2.2309715066637312,3.8234449766853964,1.8449267492060273,2.3060554461399896
