clean_file,enhanced_file,sampling_rate,PESQ,SI_SDR,STOI,DNSMOS_p808_mos,DNSMOS_mos_sig,DNSMOS_mos_bak,DNSMOS_mos_ovr
p105_rainbow_03_whisper,WF_p105_rainbow_03_whisper_fold10_74364-8-1-14_SNR-5dB.wav,16000,1.10163152217865,-7.763520240783691,0.5297731161117554,2.287283420562744,2.8861940169879645,2.008412089734453,2.0782312421450144
