clean_file,enhanced_file,sampling_rate,PESQ,SI_SDR,STOI,DNSMOS_p808_mos,DNSMOS_mos_sig,DNSMOS_mos_bak,DNSMOS_mos_ovr
p102_sentences_01_loud,WF_p102_sentences_01_loud_fold10_162134-7-5-0_SNR-5dB.wav,16000,1.0457922220230103,-5.0281500816345215,0.589859127998352,2.4112828969955444,3.980463392500861,1.3299988602746777,1.749416261895287
