clean_file,enhanced_file,sampling_rate,PESQ,SI_SDR,STOI,DNSMOS_p808_mos,DNSMOS_mos_sig,DNSMOS_mos_bak,DNSMOS_mos_ovr
p101_rainbow_08_highpitch,WF_p101_rainbow_08_highpitch_fold10_128240-3-0-39_SNR-5dB.wav,16000,1.1075356006622314,-5.172460079193115,0.6623258590698242,2.704077124595642,3.96515923006854,1.650794324566404,2.1064768442328714
