clean_file,enhanced_file,sampling_rate,PESQ,SI_SDR,STOI,DNSMOS_p808_mos,DNSMOS_mos_sig,DNSMOS_mos_bak,DNSMOS_mos_ovr
p102_sentences_05_loud,WF_p102_sentences_05_loud_fold10_162134-7-9-2_SNR-5dB.wav,16000,1.05111563205719,-1.999194622039795,0.5616228580474854,2.213897625605265,2.848754279103492,1.5134322401509375,1.5772677244964841
