clean_file,enhanced_file,sampling_rate,PESQ,SI_SDR,STOI,DNSMOS_p808_mos,DNSMOS_mos_sig,DNSMOS_mos_bak,DNSMOS_mos_ovr
p102_emo_embarassment_sentences,WF_p102_emo_embarassment_sentences_fold10_155311-3-0-0_SNR-5dB.wav,16000,1.143932819366455,-5.197147369384766,0.6323606967926025,3.2624897956848145,3.707279232196624,1.7139178104164543,1.9628411917300683
