clean_file,enhanced_file,sampling_rate,PESQ,SI_SDR,STOI,DNSMOS_p808_mos,DNSMOS_mos_sig,DNSMOS_mos_bak,DNSMOS_mos_ovr
p103_emo_anger_sentences,WF_p103_emo_anger_sentences_fold10_165640-4-0-2_SNR-5dB.wav,16000,1.0833430290222168,-4.07254695892334,0.5628557801246643,2.4973577431270053,3.4929121730248553,1.5935267804255122,1.9197205827316615
