clean_file,enhanced_file,sampling_rate,PESQ,SI_SDR,STOI,DNSMOS_p808_mos,DNSMOS_mos_sig,DNSMOS_mos_bak,DNSMOS_mos_ovr
p103_rainbow_02_slow,WF_p103_rainbow_02_slow_fold10_178261-7-3-2_SNR-5dB.wav,16000,1.079756498336792,-0.47961321473121643,0.47903546690940857,2.229383715561458,3.0500154092363916,1.7492139345876663,1.791632200183712
