clean_file,enhanced_file,sampling_rate,PESQ,SI_SDR,STOI,DNSMOS_p808_mos,DNSMOS_mos_sig,DNSMOS_mos_bak,DNSMOS_mos_ovr
p101_rainbow_04_fast,WF_p101_rainbow_04_fast_fold10_118278-4-0-0_SNR-5dB.wav,16000,1.04374098777771,-5.48964786529541,0.6787166595458984,2.3217062950134277,2.9469309502331997,2.185537379843584,2.082503543208105
