clean_file,enhanced_file,sampling_rate,PESQ,SI_SDR,STOI,DNSMOS_p808_mos,DNSMOS_mos_sig,DNSMOS_mos_bak,DNSMOS_mos_ovr
p103_sentences_18_regular,WF_p103_sentences_18_regular_fold10_188497-2-0-8_SNR-5dB.wav,16000,1.0863248109817505,-2.085223436355591,0.4623267948627472,2.1947314058031355,1.2560033564810897,1.8288759663797676,0.9902164529095139
