clean_file,enhanced_file,sampling_rate,PESQ,SI_SDR,STOI,DNSMOS_p808_mos,DNSMOS_mos_sig,DNSMOS_mos_bak,DNSMOS_mos_ovr
p104_rainbow_06_highpitch,WF_p104_rainbow_06_highpitch_fold10_207213-2-0-52_SNR-5dB.wav,16000,1.1054836511611938,-5.770733833312988,0.7055442333221436,2.570175290107727,2.9982350205159265,1.7189726587060519,1.7633104902447998
