clean_file,enhanced_file,sampling_rate,PESQ,SI_SDR,STOI,DNSMOS_p808_mos,DNSMOS_mos_sig,DNSMOS_mos_bak,DNSMOS_mos_ovr
p105_vegetative_coughing,WF_p105_vegetative_coughing_fold10_83502-0-0-4_SNR-5dB.wav,16000,1.1294710636138916,-1.1117714643478394,0.656712532043457,2.535292148590088,2.73084711754748,1.5817302470263495,1.5555472381542104
