clean_file,enhanced_file,sampling_rate,PESQ,SI_SDR,STOI,DNSMOS_p808_mos,DNSMOS_mos_sig,DNSMOS_mos_bak,DNSMOS_mos_ovr
p106_emo_pain_sentences,WF_p106_emo_pain_sentences_fold10_93567-8-0-7_SNR-5dB.wav,16000,1.0531195402145386,-2.4356188774108887,0.4501383304595947,2.30714613199234,1.8105186013440608,2.107469813443016,1.5948273369494834
