clean_file,enhanced_file,sampling_rate,PESQ,SI_SDR,STOI,DNSMOS_p808_mos,DNSMOS_mos_sig,DNSMOS_mos_bak,DNSMOS_mos_ovr
p102_emo_desire_freeform,WF_p102_emo_desire_freeform_fold10_155262-2-0-63_SNR-5dB.wav,16000,1.0602556467056274,-2.027946949005127,0.513888955116272,2.4265486796696982,1.5518287959051225,1.6590705326537154,1.14631790765796
