clean_file,enhanced_file,sampling_rate,PESQ,SI_SDR,STOI,DNSMOS_p808_mos,DNSMOS_mos_sig,DNSMOS_mos_bak,DNSMOS_mos_ovr
p103_vegetative_eating,WF_p103_vegetative_eating_fold10_188813-7-11-1_SNR-5dB.wav,16000,1.1029062271118164,-5.59169340133667,0.2621085047721863,2.1036247866494313,1.4536932935545408,1.4749581928785358,0.9532084341195449
