clean_file,enhanced_file,sampling_rate,PESQ,SI_SDR,STOI,DNSMOS_p808_mos,DNSMOS_mos_sig,DNSMOS_mos_bak,DNSMOS_mos_ovr
p106_rainbow_01_regular,WF_p106_rainbow_01_regular_fold10_99192-4-0-53_SNR-5dB.wav,16000,1.037545919418335,-6.386763572692871,0.5219842791557312,2.143762469291687,1.5312748775271885,2.061032763201164,1.3479534400539281
