clean_file,enhanced_file,sampling_rate,PESQ,SI_SDR,STOI,DNSMOS_p808_mos,DNSMOS_mos_sig,DNSMOS_mos_bak,DNSMOS_mos_ovr
p101_sentences_02_regular,WF_p101_sentences_02_regular_fold10_136558-9-1-21_SNR-5dB.wav,16000,1.0966490507125854,-4.931312561035156,0.5681784152984619,2.2958784699440002,2.979908794619641,1.4785546424534233,1.5643647238970861
