clean_file,enhanced_file,sampling_rate,PESQ,SI_SDR,STOI,DNSMOS_p808_mos,DNSMOS_mos_sig,DNSMOS_mos_bak,DNSMOS_mos_ovr
p102_rainbow_04_loud,WF_p102_rainbow_04_loud_fold10_162134-7-11-1_SNR-5dB.wav,16000,1.0270673036575317,-4.385495185852051,0.5564061403274536,2.183525244394938,2.87476509326272,1.453842432371253,1.5494522472286185
