clean_file,enhanced_file,sampling_rate,PESQ,SI_SDR,STOI,DNSMOS_p808_mos,DNSMOS_mos_sig,DNSMOS_mos_bak,DNSMOS_mos_ovr
p105_rainbow_03_fast,WF_p105_rainbow_03_fast_fold10_74364-8-1-0_SNR-5dB.wav,16000,1.0533093214035034,-7.143468856811523,0.5558146238327026,2.4103416204452515,1.9624923538256511,1.9263591160505014,1.584271897520532
