clean_file,enhanced_file,sampling_rate,PESQ,SI_SDR,STOI,DNSMOS_p808_mos,DNSMOS_mos_sig,DNSMOS_mos_bak,DNSMOS_mos_ovr
p105_emo_anger_freeform,WF_p105_emo_anger_freeform_fold10_39847-5-0-3_SNR-5dB.wav,16000,1.0573079586029053,-2.6161491870880127,0.49516957998275757,2.1718153953552246,2.9828593423365697,1.54975570433382,1.6991530239869626
