clean_file,enhanced_file,sampling_rate,PESQ,SI_SDR,STOI,DNSMOS_p808_mos,DNSMOS_mos_sig,DNSMOS_mos_bak,DNSMOS_mos_ovr
p105_sentences_14_lowpitch,WF_p105_sentences_14_lowpitch_fold10_83195-9-0-3_SNR-5dB.wav,16000,1.125342845916748,-3.6020359992980957,0.38683173060417175,2.1809516974857877,2.023562380933861,1.7554646645807088,1.3588764833301255
