clean_file,enhanced_file,sampling_rate,PESQ,SI_SDR,STOI,DNSMOS_p808_mos,DNSMOS_mos_sig,DNSMOS_mos_bak,DNSMOS_mos_ovr
p102_rainbow_05_slow,WF_p102_rainbow_05_slow_fold10_162134-7-12-3_SNR-5dB.wav,16000,1.0292974710464478,-3.9798498153686523,0.5115889310836792,2.12891263961792,2.65360598569879,1.3888345912624493,1.4063771757724302
