clean_file,enhanced_file,sampling_rate,PESQ,SI_SDR,STOI,DNSMOS_p808_mos,DNSMOS_mos_sig,DNSMOS_mos_bak,DNSMOS_mos_ovr
p103_rainbow_05_lowpitch,WF_p103_rainbow_05_lowpitch_fold10_180127-4-0-11_SNR-5dB.wav,16000,1.063744306564331,1.6694538593292236,0.5962542295455933,2.7789881229400635,3.0755053336630085,2.177144533402365,2.090777156901326
