clean_file,enhanced_file,sampling_rate,PESQ,SI_SDR,STOI,DNSMOS_p808_mos,DNSMOS_mos_sig,DNSMOS_mos_bak,DNSMOS_mos_ovr
p106_emo_pain_freeform,WF_p106_emo_pain_freeform_fold10_93567-8-0-6_SNR-5dB.wav,16000,1.058605670928955,-1.1256822347640991,0.4959416389465332,2.329939705984933,2.0836618598515058,1.7958396748658665,1.5113262186084557
