clean_file,enhanced_file,sampling_rate,PESQ,SI_SDR,STOI,DNSMOS_p808_mos,DNSMOS_mos_sig,DNSMOS_mos_bak,DNSMOS_mos_ovr
p101_emo_serenity_freeform,WF_p101_emo_serenity_freeform_fold10_102857-5-0-4_SNR-5dB.wav,16000,1.1866365671157837,2.3466105461120605,0.4793223440647125,2.544017950693766,3.3821975506543436,2.7463072148845558,2.491771913400538
