clean_file,enhanced_file,sampling_rate,PESQ,SI_SDR,STOI,DNSMOS_p808_mos,DNSMOS_mos_sig,DNSMOS_mos_bak,DNSMOS_mos_ovr
p101_sentences_05_loud,WF_p101_sentences_05_loud_fold10_138017-9-1-10_SNR-5dB.wav,16000,1.07243812084198,-2.37853741645813,0.5516946315765381,2.4029452800750732,1.3285186116672882,2.154348893734442,1.3379785637351056
