clean_file,enhanced_file,sampling_rate,PESQ,SI_SDR,STOI,DNSMOS_p808_mos,DNSMOS_mos_sig,DNSMOS_mos_bak,DNSMOS_mos_ovr
p105_emo_pride_freeform,WF_p105_emo_pride_freeform_fold10_71312-3-0-4_SNR-5dB.wav,16000,1.0918523073196411,-5.219440460205078,0.5579474568367004,2.853542838777815,3.794383634915127,1.6554044443126108,1.9826558633584963
