clean_file,enhanced_file,sampling_rate,PESQ,SI_SDR,STOI,DNSMOS_p808_mos,DNSMOS_mos_sig,DNSMOS_mos_bak,DNSMOS_mos_ovr
p105_sentences_02_regular,WF_p105_sentences_02_regular_fold10_7965-3-22-0_SNR-5dB.wav,16000,1.2135264873504639,-0.8428621292114258,0.45284467935562134,2.689760140010289,2.054106104223225,2.5395278515102637,1.6968488294127444
