clean_file,enhanced_file,sampling_rate,PESQ,SI_SDR,STOI,DNSMOS_p808_mos,DNSMOS_mos_sig,DNSMOS_mos_bak,DNSMOS_mos_ovr
p104_sentences_08_slow,WF_p104_sentences_08_slow_fold10_28808-1-0-3_SNR-5dB.wav,16000,1.0849632024765015,-3.9002039432525635,0.5336119532585144,2.2803940091814314,2.8288606006165575,1.8259125715314632,1.7865234852979361
