clean_file,enhanced_file,sampling_rate,PESQ,SI_SDR,STOI,DNSMOS_p808_mos,DNSMOS_mos_sig,DNSMOS_mos_bak,DNSMOS_mos_ovr
p104_rainbow_07_fast,WF_p104_rainbow_07_fast_fold10_208652-8-4-0_SNR-5dB.wav,16000,1.0358757972717285,-4.40354061126709,0.6058510541915894,2.3722173145839145,2.3062782351227282,1.8753824369372534,1.577904068030946
