clean_file,enhanced_file,sampling_rate,PESQ,SI_SDR,STOI,DNSMOS_p808_mos,DNSMOS_mos_sig,DNSMOS_mos_bak,DNSMOS_mos_ovr
p103_sentences_05_loud,WF_p103_sentences_05_loud_fold10_187863-4-0-0_SNR-5dB.wav,16000,1.0871295928955078,-4.220249176025391,0.5847983360290527,2.143723896571568,2.729390023336935,1.6074278747709632,1.4721367373722347
