clean_file,enhanced_file,sampling_rate,PESQ,SI_SDR,STOI,DNSMOS_p808_mos,DNSMOS_mos_sig,DNSMOS_mos_bak,DNSMOS_mos_ovr
p101_rainbow_05_highpitch,WF_p101_rainbow_05_highpitch_fold10_118278-4-0-4_SNR-5dB.wav,16000,1.0635610818862915,-2.0935447216033936,0.6245274543762207,2.2391090393066406,2.117061686069685,1.9653555416815476,1.5368605899154193
