clean_file,enhanced_file,sampling_rate,PESQ,SI_SDR,STOI,DNSMOS_p808_mos,DNSMOS_mos_sig,DNSMOS_mos_bak,DNSMOS_mos_ovr
p101_rainbow_07_fast,WF_p101_rainbow_07_fast_fold10_118558-5-2-1_SNR-5dB.wav,16000,1.077512264251709,0.9091723561286926,0.7166999578475952,2.3001625537872314,3.8277399388863884,2.42644308487093,2.5924311400063815
