clean_file,enhanced_file,sampling_rate,PESQ,SI_SDR,STOI,DNSMOS_p808_mos,DNSMOS_mos_sig,DNSMOS_mos_bak,DNSMOS_mos_ovr
p105_rainbow_04_whisper,WF_p105_rainbow_04_whisper_fold10_74364-8-1-20_SNR-5dB.wav,16000,1.0653913021087646,-8.778131484985352,0.533292293548584,2.347576550074986,2.16209904046265,1.8606497518679386,1.707956420349667
