clean_file,enhanced_file,sampling_rate,PESQ,SI_SDR,STOI,DNSMOS_p808_mos,DNSMOS_mos_sig,DNSMOS_mos_bak,DNSMOS_mos_ovr
p103_sentences_22_regular,WF_p103_sentences_22_regular_fold10_188813-7-10-1_SNR-5dB.wav,16000,1.0720698833465576,-2.6080856323242188,0.5124565362930298,2.289940186909267,3.1799899615579803,1.463235612070601,1.683208184175839
