clean_file,enhanced_file,sampling_rate,PESQ,SI_SDR,STOI,DNSMOS_p808_mos,DNSMOS_mos_sig,DNSMOS_mos_bak,DNSMOS_mos_ovr
p103_sentences_01_fast,WF_p103_sentences_01_fast_fold10_181624-4-2-0_SNR-5dB.wav,16000,1.0415738821029663,0.9871730804443359,0.7356181144714355,2.3146536350250244,3.38503140651606,1.6824187384870322,1.860406621712419
