clean_file,enhanced_file,sampling_rate,PESQ,SI_SDR,STOI,DNSMOS_p808_mos,DNSMOS_mos_sig,DNSMOS_mos_bak,DNSMOS_mos_ovr
p102_rainbow_08_fast,WF_p102_rainbow_08_fast_fold10_162134-7-16-1_SNR-5dB.wav,16000,1.02353835105896,-4.252099514007568,0.48027199506759644,2.1928812662760415,2.4179991708292357,1.5054920095473932,1.4243403823506309
