clean_file,enhanced_file,sampling_rate,PESQ,SI_SDR,STOI,DNSMOS_p808_mos,DNSMOS_mos_sig,DNSMOS_mos_bak,DNSMOS_mos_ovr
p103_rainbow_06_slow,WF_p103_rainbow_06_slow_fold10_180127-4-0-19_SNR-5dB.wav,16000,1.0814200639724731,3.0117228031158447,0.5229082107543945,2.4922676616244845,3.0528485499807796,2.1383960980029024,2.0796046644477193
