clean_file,enhanced_file,sampling_rate,PESQ,SI_SDR,STOI,DNSMOS_p808_mos,DNSMOS_mos_sig,DNSMOS_mos_bak,DNSMOS_mos_ovr
p102_rainbow_02_lowpitch,WF_p102_rainbow_02_lowpitch_fold10_159742-8-0-6_SNR-5dB.wav,16000,1.0801148414611816,-5.1532697677612305,0.7399532198905945,3.479759454727173,4.3586796568250605,1.7066156535909347,2.2879242795944186
