clean_file,enhanced_file,sampling_rate,PESQ,SI_SDR,STOI,DNSMOS_p808_mos,DNSMOS_mos_sig,DNSMOS_mos_bak,DNSMOS_mos_ovr
p101_rainbow_07_loud,WF_p101_rainbow_07_loud_fold10_118558-5-2-3_SNR-5dB.wav,16000,1.1157002449035645,1.6043221950531006,0.6762333512306213,2.231038769086202,3.3315300323779646,2.106109589252195,2.1397131389113753
