clean_file,enhanced_file,sampling_rate,PESQ,SI_SDR,STOI,DNSMOS_p808_mos,DNSMOS_mos_sig,DNSMOS_mos_bak,DNSMOS_mos_ovr
p105_sentences_07_slow,WF_p105_sentences_07_slow_fold10_83191-9-0-13_SNR-5dB.wav,16000,1.2224807739257812,-3.067002058029175,0.37386736273765564,2.571336167199271,2.7625935220141256,1.9465167269455506,1.8507348916931428
