clean_file,enhanced_file,sampling_rate,PESQ,SI_SDR,STOI,DNSMOS_p808_mos,DNSMOS_mos_sig,DNSMOS_mos_bak,DNSMOS_mos_ovr
p104_emo_neutral_freeform,WF_p104_emo_neutral_freeform_fold10_189985-0-0-0_SNR-5dB.wav,16000,1.0270267724990845,-2.822261333465576,0.5489317774772644,2.274166226387024,2.8579425289375138,1.7795702846155605,1.7749494365210263
