clean_file,enhanced_file,sampling_rate,PESQ,SI_SDR,STOI,DNSMOS_p808_mos,DNSMOS_mos_sig,DNSMOS_mos_bak,DNSMOS_mos_ovr
p105_emo_amazement_freeform,WF_p105_emo_amazement_freeform_fold10_39847-5-0-10_SNR-5dB.wav,16000,1.111518383026123,-3.529440402984619,0.396979421377182,2.1287295818328857,1.2962743783557178,1.8016984918668166,1.1387672801936288
