clean_file,enhanced_file,sampling_rate,PESQ,SI_SDR,STOI,DNSMOS_p808_mos,DNSMOS_mos_sig,DNSMOS_mos_bak,DNSMOS_mos_ovr
p102_rainbow_04_regular,WF_p102_rainbow_04_regular_fold10_162134-7-11-3_SNR-5dB.wav,16000,1.0325863361358643,-4.464145183563232,0.4940725564956665,2.168130079905192,2.8822043036982428,1.3159576547424505,1.423813910202586
