clean_file,enhanced_file,sampling_rate,PESQ,SI_SDR,STOI,DNSMOS_p808_mos,DNSMOS_mos_sig,DNSMOS_mos_bak,DNSMOS_mos_ovr
p104_rainbow_03_regular,WF_p104_rainbow_03_regular_fold10_202334-9-0-106_SNR-5dB.wav,16000,1.049589991569519,-5.032658576965332,0.5258010625839233,2.4734934398106168,2.834250463608879,1.6369824613105142,1.5258450570758184
