clean_file,enhanced_file,sampling_rate,PESQ,SI_SDR,STOI,DNSMOS_p808_mos,DNSMOS_mos_sig,DNSMOS_mos_bak,DNSMOS_mos_ovr
p101_rainbow_02_whisper,WF_p101_rainbow_02_whisper_fold10_11722-3-0-0_SNR-5dB.wav,16000,1.1164846420288086,-8.395194053649902,0.5277944803237915,3.023057699203491,2.719827726232337,2.0647492891016954,1.7757751074156587
