clean_file,enhanced_file,sampling_rate,PESQ,SI_SDR,STOI,DNSMOS_p808_mos,DNSMOS_mos_sig,DNSMOS_mos_bak,DNSMOS_mos_ovr
p102_emo_distress_sentences,WF_p102_emo_distress_sentences_fold10_155280-2-0-6_SNR-5dB.wav,16000,1.1357964277267456,-3.7784931659698486,0.7048384547233582,2.7822341918945312,2.000224373077045,1.878790073828692,1.3966615430486482
