clean_file,enhanced_file,sampling_rate,PESQ,SI_SDR,STOI,DNSMOS_p808_mos,DNSMOS_mos_sig,DNSMOS_mos_bak,DNSMOS_mos_ovr
p105_rainbow_03_highpitch,WF_p105_rainbow_03_highpitch_fold10_74364-8-1-1_SNR-5dB.wav,16000,1.0508512258529663,-6.3746232986450195,0.6882179379463196,2.8253325734819685,3.0420168110959027,2.0428661477910395,1.9692833997332113
