clean_file,enhanced_file,sampling_rate,PESQ,SI_SDR,STOI,DNSMOS_p808_mos,DNSMOS_mos_sig,DNSMOS_mos_bak,DNSMOS_mos_ovr
p103_rainbow_01_fast,WF_p103_rainbow_01_fast_fold10_174292-6-1-0_SNR-5dB.wav,16000,1.0676379203796387,-6.170766830444336,0.7772202491760254,2.6275765895843506,3.6660039303362737,1.8291658001577402,1.9404202888269477
