clean_file,enhanced_file,sampling_rate,PESQ,SI_SDR,STOI,DNSMOS_p808_mos,DNSMOS_mos_sig,DNSMOS_mos_bak,DNSMOS_mos_ovr
p105_rainbow_07_lowpitch,WF_p105_rainbow_07_lowpitch_fold10_74922-4-0-3_SNR-5dB.wav,16000,1.0443189144134521,0.042781561613082886,0.5925759673118591,2.3242716108049666,3.606160052065865,1.8332564554836552,2.1542358497744187
