clean_file,enhanced_file,sampling_rate,PESQ,SI_SDR,STOI,DNSMOS_p808_mos,DNSMOS_mos_sig,DNSMOS_mos_bak,DNSMOS_mos_ovr
p101_rainbow_06_regular,WF_p101_rainbow_06_regular_fold10_118558-5-1-1_SNR-5dB.wav,16000,1.2005586624145508,1.5337127447128296,0.6232574582099915,2.3799171447753906,3.0431091252198135,2.692920246166418,2.3341040419531387
