clean_file,enhanced_file,sampling_rate,PESQ,SI_SDR,STOI,DNSMOS_p808_mos,DNSMOS_mos_sig,DNSMOS_mos_bak,DNSMOS_mos_ovr
p104_rainbow_05_fast,WF_p104_rainbow_05_fast_fold10_203424-9-0-46_SNR-5dB.wav,16000,1.0359044075012207,-4.847831726074219,0.5617201924324036,2.4366166989008584,3.2716576733312146,1.519954365739985,1.64680284051735
