clean_file,enhanced_file,sampling_rate,PESQ,SI_SDR,STOI,DNSMOS_p808_mos,DNSMOS_mos_sig,DNSMOS_mos_bak,DNSMOS_mos_ovr
p102_rainbow_04_highpitch,WF_p102_rainbow_04_highpitch_fold10_162134-7-11-0_SNR-5dB.wav,16000,1.021398663520813,-3.8907666206359863,0.4880933165550232,2.1886571248372397,3.110289975585156,1.3754867068885819,1.5733750682854002
