clean_file,enhanced_file,sampling_rate,PESQ,SI_SDR,STOI,DNSMOS_p808_mos,DNSMOS_mos_sig,DNSMOS_mos_bak,DNSMOS_mos_ovr
p102_sentences_19_regular,WF_p102_sentences_19_regular_fold10_164377-9-1-15_SNR-5dB.wav,16000,1.0590629577636719,-4.363648414611816,0.5885592699050903,2.9985584020614624,3.1035782923592574,1.63845062934571,1.6869797239996003
