clean_file,enhanced_file,sampling_rate,PESQ,SI_SDR,STOI,DNSMOS_p808_mos,DNSMOS_mos_sig,DNSMOS_mos_bak,DNSMOS_mos_ovr
p104_rainbow_01_highpitch,WF_p104_rainbow_01_highpitch_fold10_199261-3-0-1_SNR-5dB.wav,16000,1.3229166269302368,-5.29329776763916,0.7263219356536865,3.382725954055786,4.0804001786477,2.752010352820287,2.8805693099277607
