clean_file,enhanced_file,sampling_rate,PESQ,SI_SDR,STOI,DNSMOS_p808_mos,DNSMOS_mos_sig,DNSMOS_mos_bak,DNSMOS_mos_ovr
p104_sentences_02_regular,WF_p104_sentences_02_regular_fold10_27070-2-0-5_SNR-5dB.wav,16000,1.080872654914856,-4.225282192230225,0.6722150444984436,2.478599412100656,4.183141246643664,1.6188817606879495,2.0724984656336987
