clean_file,enhanced_file,sampling_rate,PESQ,SI_SDR,STOI,DNSMOS_p808_mos,DNSMOS_mos_sig,DNSMOS_mos_bak,DNSMOS_mos_ovr
p103_rainbow_01_highpitch,WF_p103_rainbow_01_highpitch_fold10_174292-6-2-0_SNR-5dB.wav,16000,1.269503116607666,-5.005251884460449,0.68317711353302,2.356605052947998,3.659488052892602,1.797186715060648,2.0004196874325855
