clean_file,enhanced_file,sampling_rate,PESQ,SI_SDR,STOI,DNSMOS_p808_mos,DNSMOS_mos_sig,DNSMOS_mos_bak,DNSMOS_mos_ovr
p102_sentences_07_slow,WF_p102_sentences_07_slow_fold10_162134-7-9-4_SNR-5dB.wav,16000,1.0382215976715088,-3.0496456623077393,0.5136750936508179,1.9576036135355632,2.5805711265617277,1.5083077563509732,1.4712266970488617
