clean_file,enhanced_file,sampling_rate,PESQ,SI_SDR,STOI,DNSMOS_p808_mos,DNSMOS_mos_sig,DNSMOS_mos_bak,DNSMOS_mos_ovr
p101_vegetative_yawning,WF_p101_vegetative_yawning_fold10_147491-9-2-32_SNR-5dB.wav,16000,1.1809651851654053,-0.6853675246238708,0.22497811913490295,2.3872348070144653,1.5723181650062512,2.058422786493315,1.39908987652763
