clean_file,enhanced_file,sampling_rate,PESQ,SI_SDR,STOI,DNSMOS_p808_mos,DNSMOS_mos_sig,DNSMOS_mos_bak,DNSMOS_mos_ovr
p104_rainbow_05_slow,WF_p104_rainbow_05_slow_fold10_207213-2-0-130_SNR-5dB.wav,16000,1.0720452070236206,-6.129441261291504,0.5695660710334778,2.472895656313215,2.14967770394628,1.8957102087961417,1.6899366277224854
