clean_file,enhanced_file,sampling_rate,PESQ,SI_SDR,STOI,DNSMOS_p808_mos,DNSMOS_mos_sig,DNSMOS_mos_bak,DNSMOS_mos_ovr
p101_emo_contentment_freeform,WF_p101_emo_contentment_freeform_fold10_101382-2-0-12_SNR-5dB.wav,16000,1.1270809173583984,-5.913246154785156,0.5942854881286621,2.66471038545881,4.07006442434372,1.7353012809292139,2.178444348161609
