clean_file,enhanced_file,sampling_rate,PESQ,SI_SDR,STOI,DNSMOS_p808_mos,DNSMOS_mos_sig,DNSMOS_mos_bak,DNSMOS_mos_ovr
p103_emo_serenity_sentences,WF_p103_emo_serenity_sentences_fold10_171478-9-0-57_SNR-5dB.wav,16000,1.1387736797332764,-5.705918312072754,0.4587984085083008,2.723564052581787,2.7271319384935855,2.566096908245961,1.893228022951765
