clean_file,enhanced_file,sampling_rate,PESQ,SI_SDR,STOI,DNSMOS_p808_mos,DNSMOS_mos_sig,DNSMOS_mos_bak,DNSMOS_mos_ovr
p104_rainbow_08_fast,WF_p104_rainbow_08_fast_fold10_22973-3-0-1_SNR-5dB.wav,16000,1.0380449295043945,-3.897641658782959,0.6690032482147217,2.557333094733102,4.007660955666429,1.659388342509359,2.1193003558530163
