clean_file,enhanced_file,sampling_rate,PESQ,SI_SDR,STOI,DNSMOS_p808_mos,DNSMOS_mos_sig,DNSMOS_mos_bak,DNSMOS_mos_ovr
p105_sentences_04_whisper,WF_p105_sentences_04_whisper_fold10_81791-3-1-0_SNR-5dB.wav,16000,1.4113779067993164,-9.743863105773926,0.32599112391471863,2.424734285899571,1.811289442803886,2.663257325647756,1.5158849475599752
