clean_file,enhanced_file,sampling_rate,PESQ,SI_SDR,STOI,DNSMOS_p808_mos,DNSMOS_mos_sig,DNSMOS_mos_bak,DNSMOS_mos_ovr
p104_emo_embarassment_sentences,WF_p104_emo_embarassment_sentences_fold10_189982-0-0-38_SNR-5dB.wav,16000,1.090219259262085,1.227543830871582,0.6774707436561584,2.4381513595581055,1.767424102739352,2.1135327958867403,1.389675605251692
