clean_file,enhanced_file,sampling_rate,PESQ,SI_SDR,STOI,DNSMOS_p808_mos,DNSMOS_mos_sig,DNSMOS_mos_bak,DNSMOS_mos_ovr
p101_sentences_11_highpitch,WF_p101_sentences_11_highpitch_fold10_142641-3-0-0_SNR-5dB.wav,16000,1.056197166442871,-4.759425163269043,0.547478973865509,2.723040819168091,2.6587397040163556,1.4242051354674041,1.3007908686790453
