clean_file,enhanced_file,sampling_rate,PESQ,SI_SDR,STOI,DNSMOS_p808_mos,DNSMOS_mos_sig,DNSMOS_mos_bak,DNSMOS_mos_ovr
p105_sentences_01_lowpitch,WF_p105_sentences_01_lowpitch_fold10_77927-3-0-2_SNR-5dB.wav,16000,1.1892836093902588,-5.46205472946167,0.5900478959083557,2.4754105636051724,3.744829083124091,1.6513774509740533,2.0422830591372416
