clean_file,enhanced_file,sampling_rate,PESQ,SI_SDR,STOI,DNSMOS_p808_mos,DNSMOS_mos_sig,DNSMOS_mos_bak,DNSMOS_mos_ovr
p105_rainbow_01_lowpitch,WF_p105_rainbow_01_lowpitch_fold10_73524-0-0-5_SNR-5dB.wav,16000,1.0391600131988525,-2.3049070835113525,0.5940384268760681,2.6641570329666138,1.7812264666566686,2.016229384549652,1.3637251707722544
