clean_file,enhanced_file,sampling_rate,PESQ,SI_SDR,STOI,DNSMOS_p808_mos,DNSMOS_mos_sig,DNSMOS_mos_bak,DNSMOS_mos_ovr
p105_sentences_03_whisper,WF_p105_sentences_03_whisper_fold10_81791-3-0-1_SNR-5dB.wav,16000,1.1794253587722778,-9.149693489074707,0.3881392478942871,2.554812431335449,1.5347789221024102,2.7345878903321936,1.4901551450638482
