clean_file,enhanced_file,sampling_rate,PESQ,SI_SDR,STOI,DNSMOS_p808_mos,DNSMOS_mos_sig,DNSMOS_mos_bak,DNSMOS_mos_ovr
p102_rainbow_03_slow,WF_p102_rainbow_03_slow_fold10_162134-7-10-1_SNR-5dB.wav,16000,1.0291005373001099,-4.447106838226318,0.5333341956138611,2.1683841943740845,2.768094582754268,1.4459437481430186,1.4428198938142547
