clean_file,enhanced_file,sampling_rate,PESQ,SI_SDR,STOI,DNSMOS_p808_mos,DNSMOS_mos_sig,DNSMOS_mos_bak,DNSMOS_mos_ovr
p104_rainbow_01_whisper,WF_p104_rainbow_01_whisper_fold10_200460-6-2-0_SNR-5dB.wav,16000,1.0536468029022217,-5.685484886169434,0.5766865611076355,2.85142058134079,1.8294816975415475,3.735559881134022,1.7224526534719937
