clean_file,enhanced_file,sampling_rate,PESQ,SI_SDR,STOI,DNSMOS_p808_mos,DNSMOS_mos_sig,DNSMOS_mos_bak,DNSMOS_mos_ovr
p103_emo_realization_freeform,WF_p103_emo_realization_freeform_fold10_17074-1-0-0_SNR-5dB.wav,16000,1.352492094039917,0.013819733634591103,0.4893128275871277,2.5629654271262035,2.1523452289121363,2.5537659050442767,1.7128843782325713
