clean_file,enhanced_file,sampling_rate,PESQ,SI_SDR,STOI,DNSMOS_p808_mos,DNSMOS_mos_sig,DNSMOS_mos_bak,DNSMOS_mos_ovr
p102_rainbow_08_regular,WF_p102_rainbow_08_regular_fold10_162134-7-17-3_SNR-5dB.wav,16000,1.0233314037322998,-3.524984836578369,0.5109677314758301,2.1159038884299144,2.697807854583722,1.464780397094671,1.5617742599415985
