clean_file,enhanced_file,sampling_rate,PESQ,SI_SDR,STOI,DNSMOS_p808_mos,DNSMOS_mos_sig,DNSMOS_mos_bak,DNSMOS_mos_ovr
p104_emo_extasy_sentences,WF_p104_emo_extasy_sentences_fold10_189982-0-0-4_SNR-5dB.wav,16000,1.0631917715072632,0.113439179956913,0.6369140148162842,2.362942934036255,2.298963632626436,2.1903726435190705,1.5654437820222267
