clean_file,enhanced_file,sampling_rate,PESQ,SI_SDR,STOI,DNSMOS_p808_mos,DNSMOS_mos_sig,DNSMOS_mos_bak,DNSMOS_mos_ovr
p102_sentences_01_slow,WF_p102_sentences_01_slow_fold10_162134-7-7-1_SNR-5dB.wav,16000,1.0464595556259155,-5.115113735198975,0.5217373967170715,2.33350932598114,2.8969720131793886,1.4379761212768247,1.5203408015462185
