clean_file,enhanced_file,sampling_rate,PESQ,SI_SDR,STOI,DNSMOS_p808_mos,DNSMOS_mos_sig,DNSMOS_mos_bak,DNSMOS_mos_ovr
p106_interjection_congratulations,WF_p106_interjection_congratulations_fold10_99192-4-0-27_SNR-5dB.wav,16000,1.0459141731262207,-4.7734856605529785,0.45184046030044556,2.353120599474226,3.5096480862490353,1.4813934855264976,1.8768543381302532
