clean_file,enhanced_file,sampling_rate,PESQ,SI_SDR,STOI,DNSMOS_p808_mos,DNSMOS_mos_sig,DNSMOS_mos_bak,DNSMOS_mos_ovr
p101_sentences_20_regular,WF_p101_sentences_20_regular_fold10_14470-2-0-56_SNR-5dB.wav,16000,1.0880334377288818,-4.8811187744140625,0.49154913425445557,2.1114144325256348,2.5154542682653545,1.7954016796346397,1.5867078812455235
