clean_file,enhanced_file,sampling_rate,PESQ,SI_SDR,STOI,DNSMOS_p808_mos,DNSMOS_mos_sig,DNSMOS_mos_bak,DNSMOS_mos_ovr
p101_sentences_19_regular,WF_p101_sentences_19_regular_fold10_14470-2-0-4_SNR-5dB.wav,16000,1.1499117612838745,-5.823840141296387,0.5312552452087402,2.4068592389424643,3.363744364823928,1.6248589166431122,1.9316040401713945
