clean_file,enhanced_file,sampling_rate,PESQ,SI_SDR,STOI,DNSMOS_p808_mos,DNSMOS_mos_sig,DNSMOS_mos_bak,DNSMOS_mos_ovr
p103_emo_adoration_sentences,WF_p103_emo_adoration_sentences_fold10_165166-8-0-5_SNR-5dB.wav,16000,1.188576579093933,-5.201323509216309,0.5479879379272461,2.3711696011679515,4.197342849344365,1.9159255599152947,2.380501749317439
