clean_file,enhanced_file,sampling_rate,PESQ,SI_SDR,STOI,DNSMOS_p808_mos,DNSMOS_mos_sig,DNSMOS_mos_bak,DNSMOS_mos_ovr
p104_rainbow_06_fast,WF_p104_rainbow_06_fast_fold10_207213-2-0-41_SNR-5dB.wav,16000,1.04447340965271,-4.852786540985107,0.5637046098709106,2.1748595237731934,1.5544451285500729,1.910941332887562,1.4045804677127687
