clean_file,enhanced_file,sampling_rate,PESQ,SI_SDR,STOI,DNSMOS_p808_mos,DNSMOS_mos_sig,DNSMOS_mos_bak,DNSMOS_mos_ovr
p102_sentences_02_highpitch,WF_p102_sentences_02_highpitch_fold10_162134-7-8-2_SNR-5dB.wav,16000,1.0284550189971924,-2.4987106323242188,0.47689053416252136,2.075251877307892,2.9178728188411927,1.4573870462150509,1.613917864530845
