clean_file,enhanced_file,sampling_rate,PESQ,SI_SDR,STOI,DNSMOS_p808_mos,DNSMOS_mos_sig,DNSMOS_mos_bak,DNSMOS_mos_ovr
p104_rainbow_07_whisper,WF_p104_rainbow_07_whisper_fold10_22973-3-0-0_SNR-5dB.wav,16000,1.0511285066604614,-5.5847954750061035,0.39330530166625977,2.4358836923326765,1.6434615265800683,2.1439517665197223,1.5091282337099297
