clean_file,enhanced_file,sampling_rate,PESQ,SI_SDR,STOI,DNSMOS_p808_mos,DNSMOS_mos_sig,DNSMOS_mos_bak,DNSMOS_mos_ovr
p102_rainbow_01_loud,WF_p102_rainbow_01_loud_fold10_159742-8-0-11_SNR-5dB.wav,16000,1.0438501834869385,-5.603553771972656,0.6630671620368958,3.1424918174743652,2.712898248635824,1.5453518595985738,1.5220705040455713
