clean_file,enhanced_file,sampling_rate,PESQ,SI_SDR,STOI,DNSMOS_p808_mos,DNSMOS_mos_sig,DNSMOS_mos_bak,DNSMOS_mos_ovr
p105_emo_extasy_freeform,WF_p105_emo_extasy_freeform_fold10_59513-3-0-0_SNR-5dB.wav,16000,1.4410152435302734,-5.026641368865967,0.6595556139945984,3.2537335554758706,3.2462879078331515,2.3993113214186264,2.1999202992642766
