clean_file,enhanced_file,sampling_rate,PESQ,SI_SDR,STOI,DNSMOS_p808_mos,DNSMOS_mos_sig,DNSMOS_mos_bak,DNSMOS_mos_ovr
p103_sentences_01_lowpitch,WF_p103_sentences_01_lowpitch_fold10_181624-4-5-0_SNR-5dB.wav,16000,1.0909037590026855,-5.027115821838379,0.4769177734851837,2.7187723772866383,4.212924927850848,2.049135016588884,2.2445662981848047
