clean_file,enhanced_file,sampling_rate,PESQ,SI_SDR,STOI,DNSMOS_p808_mos,DNSMOS_mos_sig,DNSMOS_mos_bak,DNSMOS_mos_ovr
p105_sentences_02_slow,WF_p105_sentences_02_slow_fold10_7965-3-3-0_SNR-5dB.wav,16000,1.1268954277038574,-3.2511699199676514,0.43980175256729126,2.793482610157558,1.6243403856850276,2.3972772656900503,1.2863865166972597
