clean_file,enhanced_file,sampling_rate,PESQ,SI_SDR,STOI,DNSMOS_p808_mos,DNSMOS_mos_sig,DNSMOS_mos_bak,DNSMOS_mos_ovr
p103_rainbow_04_highpitch,WF_p103_rainbow_04_highpitch_fold10_178826-2-0-17_SNR-5dB.wav,16000,1.0441129207611084,-4.106945037841797,0.4922512173652649,2.2826254027230397,2.6443684113532333,1.7906520942328252,1.67907271453154
