clean_file,enhanced_file,sampling_rate,PESQ,SI_SDR,STOI,DNSMOS_p808_mos,DNSMOS_mos_sig,DNSMOS_mos_bak,DNSMOS_mos_ovr
p102_emo_extasy_sentences,WF_p102_emo_extasy_sentences_fold10_15544-5-0-1_SNR-5dB.wav,16000,1.0833686590194702,1.4133667945861816,0.7012891173362732,2.20513721874782,2.1869118414971913,1.7326901275838105,1.41716837781146
