clean_file,enhanced_file,sampling_rate,PESQ,SI_SDR,STOI,DNSMOS_p808_mos,DNSMOS_mos_sig,DNSMOS_mos_bak,DNSMOS_mos_ovr
p104_emo_pride_sentences,WF_p104_emo_pride_sentences_fold10_189985-0-0-5_SNR-5dB.wav,16000,1.070415735244751,0.7651803493499756,0.591632604598999,2.311024864514669,2.328874209160402,2.250293826113561,1.682569711539248
