clean_file,enhanced_file,sampling_rate,PESQ,SI_SDR,STOI,DNSMOS_p808_mos,DNSMOS_mos_sig,DNSMOS_mos_bak,DNSMOS_mos_ovr
p104_sentences_13_lowpitch,WF_p104_sentences_13_lowpitch_fold10_28808-1-0-8_SNR-5dB.wav,16000,1.1371150016784668,-5.259632587432861,0.6073891520500183,2.6349496841430664,3.664758378499825,1.6246868163575303,1.8660874183358023
