clean_file,enhanced_file,sampling_rate,PESQ,SI_SDR,STOI,DNSMOS_p808_mos,DNSMOS_mos_sig,DNSMOS_mos_bak,DNSMOS_mos_ovr
p106_emo_contentment_freeform,WF_p106_emo_contentment_freeform_fold10_85574-3-0-8_SNR-5dB.wav,16000,1.0687932968139648,-2.8966424465179443,0.6657922267913818,2.868742267290751,2.3501921070537857,2.3671938694610835,1.7218609061375438
