clean_file,enhanced_file,sampling_rate,PESQ,SI_SDR,STOI,DNSMOS_p808_mos,DNSMOS_mos_sig,DNSMOS_mos_bak,DNSMOS_mos_ovr
p104_rainbow_05_whisper,WF_p104_rainbow_05_whisper_fold10_207213-2-0-134_SNR-5dB.wav,16000,1.196760654449463,-6.373897075653076,0.6590189933776855,2.905147075653076,2.7955286882674484,2.3816732885072938,2.0570958744523677
