clean_file,enhanced_file,sampling_rate,PESQ,SI_SDR,STOI,DNSMOS_p808_mos,DNSMOS_mos_sig,DNSMOS_mos_bak,DNSMOS_mos_ovr
p105_rainbow_02_loud,WF_p105_rainbow_02_loud_fold10_73524-0-0-74_SNR-5dB.wav,16000,1.1370909214019775,-0.8492226004600525,0.6220521330833435,2.48600595338004,2.4984293511115516,2.154758901510743,1.7471851831138907
