clean_file,enhanced_file,sampling_rate,PESQ,SI_SDR,STOI,DNSMOS_p808_mos,DNSMOS_mos_sig,DNSMOS_mos_bak,DNSMOS_mos_ovr
p102_emo_adoration_sentences,WF_p102_emo_adoration_sentences_fold10_155241-9-0-50_SNR-5dB.wav,16000,1.053750991821289,-4.455333232879639,0.5904287695884705,2.5286803245544434,2.4974475877597064,2.0355588613868854,1.7147823995688247
