clean_file,enhanced_file,sampling_rate,PESQ,SI_SDR,STOI,DNSMOS_p808_mos,DNSMOS_mos_sig,DNSMOS_mos_bak,DNSMOS_mos_ovr
p105_rainbow_01_whisper,WF_p105_rainbow_01_whisper_fold10_73524-0-0-6_SNR-5dB.wav,16000,1.0358359813690186,-5.552354335784912,0.4651068150997162,2.4010586738586426,1.2945513696365085,2.9234542598413045,1.1518077825904627
