clean_file,enhanced_file,sampling_rate,PESQ,SI_SDR,STOI,DNSMOS_p808_mos,DNSMOS_mos_sig,DNSMOS_mos_bak,DNSMOS_mos_ovr
p102_rainbow_07_regular,WF_p102_rainbow_07_regular_fold10_162134-7-15-3_SNR-5dB.wav,16000,1.0275803804397583,-3.2463743686676025,0.5147438049316406,2.082694149017334,1.822532451979452,1.6310071461000966,1.2148251391336609
