clean_file,enhanced_file,sampling_rate,PESQ,SI_SDR,STOI,DNSMOS_p808_mos,DNSMOS_mos_sig,DNSMOS_mos_bak,DNSMOS_mos_ovr
p101_rainbow_06_fast,WF_p101_rainbow_06_fast_fold10_118558-5-0-0_SNR-5dB.wav,16000,1.069154143333435,-0.5838562250137329,0.6191095113754272,2.238835028239659,2.509320391933628,2.1177176499785264,1.6253344783515113
