clean_file,enhanced_file,sampling_rate,PESQ,SI_SDR,STOI,DNSMOS_p808_mos,DNSMOS_mos_sig,DNSMOS_mos_bak,DNSMOS_mos_ovr
p103_emo_guilt_freeform,WF_p103_emo_guilt_freeform_fold10_167464-0-0-5_SNR-5dB.wav,16000,1.0714962482452393,-2.3432912826538086,0.3788120448589325,2.318747401237488,1.4020154753185547,1.8780380670167474,1.134143842056203
