clean_file,enhanced_file,sampling_rate,PESQ,SI_SDR,STOI,DNSMOS_p808_mos,DNSMOS_mos_sig,DNSMOS_mos_bak,DNSMOS_mos_ovr
p102_rainbow_02_fast,WF_p102_rainbow_02_fast_fold10_159742-8-0-3_SNR-5dB.wav,16000,1.0867283344268799,-5.102654457092285,0.6754375100135803,2.511148009981428,3.0629815240249854,1.8249724066788617,1.9648494129100484
