clean_file,enhanced_file,sampling_rate,PESQ,SI_SDR,STOI,DNSMOS_p808_mos,DNSMOS_mos_sig,DNSMOS_mos_bak,DNSMOS_mos_ovr
p103_sentences_16_regular,WF_p103_sentences_16_regular_fold10_188497-2-0-2_SNR-5dB.wav,16000,1.1196244955062866,-3.6997523307800293,0.4128268361091614,2.456720781326294,1.9266577734614099,1.920919109019095,1.5734253921536527
