clean_file,enhanced_file,sampling_rate,PESQ,SI_SDR,STOI,DNSMOS_p808_mos,DNSMOS_mos_sig,DNSMOS_mos_bak,DNSMOS_mos_ovr
p102_emo_disappointment_freeform,WF_p102_emo_disappointment_freeform_fold10_155280-2-0-11_SNR-5dB.wav,16000,1.1724530458450317,-2.0450446605682373,0.6197689771652222,2.557609830583845,2.4653879832672145,2.0436553730586504,1.754133620481235
