clean_file,enhanced_file,sampling_rate,PESQ,SI_SDR,STOI,DNSMOS_p808_mos,DNSMOS_mos_sig,DNSMOS_mos_bak,DNSMOS_mos_ovr
p101_rainbow_07_whisper,WF_p101_rainbow_07_whisper_fold10_128240-3-0-1_SNR-5dB.wav,16000,1.110732078552246,-6.464608192443848,0.6590586304664612,2.482285295213972,3.7990884188943648,1.930134668778251,2.2613129493848696
