clean_file,enhanced_file,sampling_rate,PESQ,SI_SDR,STOI,DNSMOS_p808_mos,DNSMOS_mos_sig,DNSMOS_mos_bak,DNSMOS_mos_ovr
p103_rainbow_05_whisper,WF_p103_rainbow_05_whisper_fold10_180127-4-0-13_SNR-5dB.wav,16000,1.0456888675689697,0.18534600734710693,0.29696300625801086,2.698176077433995,2.395428337256127,3.053872567914533,1.8149520063075522
