clean_file,enhanced_file,sampling_rate,PESQ,SI_SDR,STOI,DNSMOS_p808_mos,DNSMOS_mos_sig,DNSMOS_mos_bak,DNSMOS_mos_ovr
p101_sentences_02_highpitch,WF_p101_sentences_02_highpitch_fold10_136558-9-0-1_SNR-5dB.wav,16000,1.0841906070709229,-4.358745574951172,0.5526114702224731,2.227304220199585,3.3264171913648513,1.4440982697885856,1.743729032438555
