clean_file,enhanced_file,sampling_rate,PESQ,SI_SDR,STOI,DNSMOS_p808_mos,DNSMOS_mos_sig,DNSMOS_mos_bak,DNSMOS_mos_ovr
p104_sentences_02_fast,WF_p104_sentences_02_fast_fold10_27070-2-0-0_SNR-5dB.wav,16000,1.04680335521698,-4.408977508544922,0.6277846693992615,2.313957384654454,3.359597735787976,1.6829328868943472,1.8570054159858038
