clean_file,enhanced_file,sampling_rate,PESQ,SI_SDR,STOI,DNSMOS_p808_mos,DNSMOS_mos_sig,DNSMOS_mos_bak,DNSMOS_mos_ovr
p105_rainbow_08_regular,WF_p105_rainbow_08_regular_fold10_77901-9-0-3_SNR-5dB.wav,16000,1.0500468015670776,-5.656283378601074,0.4288243055343628,2.140660524368286,1.635319490093898,1.8365723730476229,1.3281681748851757
