clean_file,enhanced_file,sampling_rate,PESQ,SI_SDR,STOI,DNSMOS_p808_mos,DNSMOS_mos_sig,DNSMOS_mos_bak,DNSMOS_mos_ovr
p101_rainbow_06_whisper,WF_p101_rainbow_06_whisper_fold10_118558-5-2-0_SNR-5dB.wav,16000,1.0534597635269165,-1.6243445873260498,0.6922155618667603,2.584859609603882,2.655919816340143,2.942256393247844,2.068276967320211
