clean_file,enhanced_file,sampling_rate,PESQ,SI_SDR,STOI,DNSMOS_p808_mos,DNSMOS_mos_sig,DNSMOS_mos_bak,DNSMOS_mos_ovr
p104_sentences_23_regular,WF_p104_sentences_23_regular_fold10_34050-7-1-0_SNR-5dB.wav,16000,1.07484769821167,-4.03672456741333,0.45211169123649597,2.2167859077453613,2.222213118938685,1.7762945673651245,1.4579855501153354
