clean_file,enhanced_file,sampling_rate,PESQ,SI_SDR,STOI,DNSMOS_p808_mos,DNSMOS_mos_sig,DNSMOS_mos_bak,DNSMOS_mos_ovr
p105_rainbow_05_lowpitch,WF_p105_rainbow_05_lowpitch_fold10_74364-8-1-24_SNR-5dB.wav,16000,1.0644123554229736,-6.812145709991455,0.7406206727027893,2.4846314702715193,2.8614968375234566,2.1247193178229886,2.0503293750963065
