clean_file,enhanced_file,sampling_rate,PESQ,SI_SDR,STOI,DNSMOS_p808_mos,DNSMOS_mos_sig,DNSMOS_mos_bak,DNSMOS_mos_ovr
p101_sentences_15_regular,WF_p101_sentences_15_regular_fold10_14468-3-5-0_SNR-5dB.wav,16000,1.2623435258865356,-4.662783145904541,0.5565336346626282,2.4970249448503767,1.725752486315065,1.7746331451329975,1.200572640806733
