clean_file,enhanced_file,sampling_rate,PESQ,SI_SDR,STOI,DNSMOS_p808_mos,DNSMOS_mos_sig,DNSMOS_mos_bak,DNSMOS_mos_ovr
p101_rainbow_05_lowpitch,WF_p101_rainbow_05_lowpitch_fold10_118278-4-0-6_SNR-5dB.wav,16000,1.0571694374084473,-3.5045995712280273,0.5098495483398438,2.1525559425354004,1.5590738138899993,1.8357875551599623,1.1706655765359495
