clean_file,enhanced_file,sampling_rate,PESQ,SI_SDR,STOI,DNSMOS_p808_mos,DNSMOS_mos_sig,DNSMOS_mos_bak,DNSMOS_mos_ovr
p103_rainbow_07_regular,WF_p103_rainbow_07_regular_fold10_180127-4-0-5_SNR-5dB.wav,16000,1.066056251525879,1.3329185247421265,0.6300296187400818,3.002046755381993,2.604493232100862,2.3373616005559965,1.8729849936479537
