clean_file,enhanced_file,sampling_rate,PESQ,SI_SDR,STOI,DNSMOS_p808_mos,DNSMOS_mos_sig,DNSMOS_mos_bak,DNSMOS_mos_ovr
p105_rainbow_03_lowpitch,WF_p105_rainbow_03_lowpitch_fold10_74364-8-1-11_SNR-5dB.wav,16000,1.0744318962097168,-7.407905578613281,0.6876659393310547,2.506611728668213,3.694200190473309,1.7615516790176293,2.1299043721979825
