clean_file,enhanced_file,sampling_rate,PESQ,SI_SDR,STOI,DNSMOS_p808_mos,DNSMOS_mos_sig,DNSMOS_mos_bak,DNSMOS_mos_ovr
p103_rainbow_05_regular,WF_p103_rainbow_05_regular_fold10_180127-4-0-12_SNR-5dB.wav,16000,1.0803338289260864,1.3138837814331055,0.6269828081130981,2.9933552742004395,2.902043476633023,2.5493163880956438,2.105956773274447
