clean_file,enhanced_file,sampling_rate,PESQ,SI_SDR,STOI,DNSMOS_p808_mos,DNSMOS_mos_sig,DNSMOS_mos_bak,DNSMOS_mos_ovr
p103_interjection_greetings,WF_p103_interjection_greetings_fold10_172519-9-0-53_SNR-5dB.wav,16000,1.098644733428955,-4.598311424255371,0.6092338562011719,2.382966927119664,3.2760637832679294,1.6887334461686028,1.8619032580381771
