clean_file,enhanced_file,sampling_rate,PESQ,SI_SDR,STOI,DNSMOS_p808_mos,DNSMOS_mos_sig,DNSMOS_mos_bak,DNSMOS_mos_ovr
p101_rainbow_07_highpitch,WF_p101_rainbow_07_highpitch_fold10_118558-5-2-2_SNR-5dB.wav,16000,1.0630319118499756,1.7643229961395264,0.6711577773094177,2.1840961575508118,2.314723406524027,1.825695928633127,1.492505418832058
