clean_file,enhanced_file,sampling_rate,PESQ,SI_SDR,STOI,DNSMOS_p808_mos,DNSMOS_mos_sig,DNSMOS_mos_bak,DNSMOS_mos_ovr
p102_sentences_11_highpitch,WF_p102_sentences_11_highpitch_fold10_164194-2-0-11_SNR-5dB.wav,16000,1.1444276571273804,-5.184037208557129,0.6591125726699829,2.78568434715271,3.4376152992570184,1.4347165916128304,1.6466050465961655
