clean_file,enhanced_file,sampling_rate,PESQ,SI_SDR,STOI,DNSMOS_p808_mos,DNSMOS_mos_sig,DNSMOS_mos_bak,DNSMOS_mos_ovr
p106_rainbow_02_fast,WF_p106_rainbow_02_fast_fold10_99192-4-0-7_SNR-5dB.wav,16000,1.0296194553375244,-4.352347373962402,0.5659129619598389,2.316020965576172,2.30420292563902,1.7031564708730813,1.4441483689362316
