clean_file,enhanced_file,sampling_rate,PESQ,SI_SDR,STOI,DNSMOS_p808_mos,DNSMOS_mos_sig,DNSMOS_mos_bak,DNSMOS_mos_ovr
p105_emo_interest_freeform,WF_p105_emo_interest_freeform_fold10_69661-3-0-14_SNR-5dB.wav,16000,1.1140283346176147,-5.689783573150635,0.4810388386249542,3.0519299507141113,3.9032226934743477,1.9312145028716166,2.2439045215492426
