clean_file,enhanced_file,sampling_rate,PESQ,SI_SDR,STOI,DNSMOS_p808_mos,DNSMOS_mos_sig,DNSMOS_mos_bak,DNSMOS_mos_ovr
p102_sentences_02_slow,WF_p102_sentences_02_slow_fold10_162134-7-8-6_SNR-5dB.wav,16000,1.0362728834152222,-3.7748923301696777,0.5212454795837402,2.03896164894104,2.922653587585534,1.4677352614576136,1.6456077016091233
