clean_file,enhanced_file,sampling_rate,PESQ,SI_SDR,STOI,DNSMOS_p808_mos,DNSMOS_mos_sig,DNSMOS_mos_bak,DNSMOS_mos_ovr
p104_interjection_agreement,WF_p104_interjection_agreement_fold10_196127-3-0-0_SNR-5dB.wav,16000,1.3601408004760742,-5.094505310058594,0.625105619430542,2.687591234842936,3.5445744944709667,1.7083654739567464,1.8895349686809342
