clean_file,enhanced_file,sampling_rate,PESQ,SI_SDR,STOI,DNSMOS_p808_mos,DNSMOS_mos_sig,DNSMOS_mos_bak,DNSMOS_mos_ovr
p103_sentences_13_lowpitch,WF_p103_sentences_13_lowpitch_fold10_188497-2-0-11_SNR-5dB.wav,16000,1.062351107597351,-3.029315948486328,0.5389890074729919,2.307280812944685,2.5957653083045034,1.8529110334048156,1.6395177253800957
