clean_file,enhanced_file,sampling_rate,PESQ,SI_SDR,STOI,DNSMOS_p808_mos,DNSMOS_mos_sig,DNSMOS_mos_bak,DNSMOS_mos_ovr
p105_emo_cuteness_freeform,WF_p105_emo_cuteness_freeform_fold10_39847-5-0-9_SNR-5dB.wav,16000,1.0679608583450317,-5.944271087646484,0.3818008303642273,2.0089612347739085,1.1241248187030695,1.8825554358191459,1.1275845429011728
