clean_file,enhanced_file,sampling_rate,PESQ,SI_SDR,STOI,DNSMOS_p808_mos,DNSMOS_mos_sig,DNSMOS_mos_bak,DNSMOS_mos_ovr
p106_nonverbal_screaming,WF_p106_nonverbal_screaming_fold10_99192-4-0-41_SNR-5dB.wav,16000,1.075985312461853,-4.715855598449707,0.23741647601127625,2.38604736328125,3.4195323567269433,1.428120190847106,1.7370455193377334
