clean_file,enhanced_file,sampling_rate,PESQ,SI_SDR,STOI,DNSMOS_p808_mos,DNSMOS_mos_sig,DNSMOS_mos_bak,DNSMOS_mos_ovr
p103_emo_contentment_sentences,WF_p103_emo_contentment_sentences_fold10_167464-0-0-11_SNR-5dB.wav,16000,1.133787989616394,-2.4465599060058594,0.4182340204715729,2.4217716058095298,1.5661679247664733,2.0975744514864894,1.1565522812790936
