clean_file,enhanced_file,sampling_rate,PESQ,SI_SDR,STOI,DNSMOS_p808_mos,DNSMOS_mos_sig,DNSMOS_mos_bak,DNSMOS_mos_ovr
p102_rainbow_04_whisper,WF_p102_rainbow_04_whisper_fold10_162134-7-11-5_SNR-5dB.wav,16000,1.0216600894927979,-3.1427457332611084,0.29863861203193665,2.125640296936035,2.103871385886337,1.508166471511581,1.2704756217752704
