clean_file,enhanced_file,sampling_rate,PESQ,SI_SDR,STOI,DNSMOS_p808_mos,DNSMOS_mos_sig,DNSMOS_mos_bak,DNSMOS_mos_ovr
p103_rainbow_05_highpitch,WF_p103_rainbow_05_highpitch_fold10_180127-4-0-1_SNR-5dB.wav,16000,1.0345040559768677,-3.985955238342285,0.45729896426200867,2.7116062300545827,2.5019550487211757,1.7570157593368603,1.5406123265828884
