clean_file,enhanced_file,sampling_rate,PESQ,SI_SDR,STOI,DNSMOS_p808_mos,DNSMOS_mos_sig,DNSMOS_mos_bak,DNSMOS_mos_ovr
p102_emo_fear_sentences,WF_p102_emo_fear_sentences_fold10_15544-5-0-11_SNR-5dB.wav,16000,1.1196763515472412,0.3780679702758789,0.750752866268158,2.2086737155914307,3.245069495779991,1.6020620319033465,1.8111776147007466
