clean_file,enhanced_file,sampling_rate,PESQ,SI_SDR,STOI,DNSMOS_p808_mos,DNSMOS_mos_sig,DNSMOS_mos_bak,DNSMOS_mos_ovr
p102_emo_amazement_sentences,WF_p102_emo_amazement_sentences_fold10_155241-9-0-69_SNR-5dB.wav,16000,1.057059645652771,-3.2441296577453613,0.5988336205482483,2.4886013984680178,1.922891395518699,1.6934512922408949,1.440706389865984
