clean_file,enhanced_file,sampling_rate,PESQ,SI_SDR,STOI,DNSMOS_p808_mos,DNSMOS_mos_sig,DNSMOS_mos_bak,DNSMOS_mos_ovr
p105_rainbow_05_fast,WF_p105_rainbow_05_fast_fold10_74364-8-1-21_SNR-5dB.wav,16000,1.0421233177185059,-6.765837669372559,0.7351142168045044,2.4165297031402586,3.6823473659307013,1.917558455371163,2.3496799649732707
