clean_file,enhanced_file,sampling_rate,PESQ,SI_SDR,STOI,DNSMOS_p808_mos,DNSMOS_mos_sig,DNSMOS_mos_bak,DNSMOS_mos_ovr
p105_sentences_02_fast,WF_p105_sentences_02_fast_fold10_7913-3-2-0_SNR-5dB.wav,16000,1.423757791519165,-5.304763317108154,0.5805056095123291,3.266308103288923,4.593706405199166,2.753511942465074,3.3478962000933903
