clean_file,enhanced_file,sampling_rate,PESQ,SI_SDR,STOI,DNSMOS_p808_mos,DNSMOS_mos_sig,DNSMOS_mos_bak,DNSMOS_mos_ovr
p104_rainbow_08_highpitch,WF_p104_rainbow_08_highpitch_fold10_22973-3-0-2_SNR-5dB.wav,16000,1.0440301895141602,-4.490523338317871,0.6794403195381165,2.5260273047855923,3.979241837767667,1.5692903458294296,1.8973172408254508
