clean_file,enhanced_file,sampling_rate,PESQ,SI_SDR,STOI,DNSMOS_p808_mos,DNSMOS_mos_sig,DNSMOS_mos_bak,DNSMOS_mos_ovr
p102_melodic_happy_birthday,WF_p102_melodic_happy_birthday_fold10_157207-6-6-0_SNR-5dB.wav,16000,1.0927143096923828,-3.979734420776367,0.6711535453796387,2.743875741958618,3.677178340885246,1.6356605264186612,1.9702323410977787
