clean_file,enhanced_file,sampling_rate,PESQ,SI_SDR,STOI,DNSMOS_p808_mos,DNSMOS_mos_sig,DNSMOS_mos_bak,DNSMOS_mos_ovr
p101_sentences_22_regular,WF_p101_sentences_22_regular_fold10_14470-2-0-70_SNR-5dB.wav,16000,1.1908214092254639,-6.084115505218506,0.4522969126701355,2.285270571708679,1.5560414132406266,2.0472635039996616,1.2974038713961171
