clean_file,enhanced_file,sampling_rate,PESQ,SI_SDR,STOI,DNSMOS_p808_mos,DNSMOS_mos_sig,DNSMOS_mos_bak,DNSMOS_mos_ovr
p102_rainbow_07_loud,WF_p102_rainbow_07_loud_fold10_162134-7-15-1_SNR-5dB.wav,16000,1.0262134075164795,-3.085308074951172,0.5423527956008911,2.0490180253982544,2.846805553178361,1.474493475535279,1.6116034001658233
