clean_file,enhanced_file,sampling_rate,PESQ,SI_SDR,STOI,DNSMOS_p808_mos,DNSMOS_mos_sig,DNSMOS_mos_bak,DNSMOS_mos_ovr
p101_sentences_08_slow,WF_p101_sentences_08_slow_fold10_138017-9-1-6_SNR-5dB.wav,16000,1.1231772899627686,-5.260869026184082,0.42911431193351746,2.460174322128296,1.846496564743717,2.4264014538811263,1.4313202923901887
