clean_file,enhanced_file,sampling_rate,PESQ,SI_SDR,STOI,DNSMOS_p808_mos,DNSMOS_mos_sig,DNSMOS_mos_bak,DNSMOS_mos_ovr
p103_rainbow_07_loud,WF_p103_rainbow_07_loud_fold10_180127-4-0-3_SNR-5dB.wav,16000,1.05475652217865,3.3831682205200195,0.6393726468086243,2.9504029410226003,3.7263857751269307,2.0268831863430576,2.2942061566993672
