clean_file,enhanced_file,sampling_rate,PESQ,SI_SDR,STOI,DNSMOS_p808_mos,DNSMOS_mos_sig,DNSMOS_mos_bak,DNSMOS_mos_ovr
p104_sentences_01_slow,WF_p104_sentences_01_slow_fold10_26344-4-0-0_SNR-5dB.wav,16000,1.1055800914764404,-4.612354278564453,0.5880266427993774,2.5785532338278636,4.217369595753053,1.867262561514202,2.311227309248301
