clean_file,enhanced_file,sampling_rate,PESQ,SI_SDR,STOI,DNSMOS_p808_mos,DNSMOS_mos_sig,DNSMOS_mos_bak,DNSMOS_mos_ovr
p105_sentences_05_loud,WF_p105_sentences_05_loud_fold10_83191-9-0-0_SNR-5dB.wav,16000,1.3141648769378662,-5.066184043884277,0.548345685005188,2.5442037922995433,3.923635529387638,1.7935727144424811,2.245550795095114
