clean_file,enhanced_file,sampling_rate,PESQ,SI_SDR,STOI,DNSMOS_p808_mos,DNSMOS_mos_sig,DNSMOS_mos_bak,DNSMOS_mos_ovr
p101_rainbow_07_lowpitch,WF_p101_rainbow_07_lowpitch_fold10_119067-0-0-0_SNR-5dB.wav,16000,1.0620959997177124,-0.14722546935081482,0.572279155254364,2.2984138329823813,1.5746785351849135,1.8250086370142948,1.1371641424195793
