clean_file,enhanced_file,sampling_rate,PESQ,SI_SDR,STOI,DNSMOS_p808_mos,DNSMOS_mos_sig,DNSMOS_mos_bak,DNSMOS_mos_ovr
p101_sentences_01_loud,WF_p101_sentences_01_loud_fold10_129750-2-0-36_SNR-5dB.wav,16000,1.0954744815826416,-4.489060401916504,0.6080242395401001,2.5205891132354736,3.0650612385676173,1.4132888802654069,1.3316464594695878
