clean_file,enhanced_file,sampling_rate,PESQ,SI_SDR,STOI,DNSMOS_p808_mos,DNSMOS_mos_sig,DNSMOS_mos_bak,DNSMOS_mos_ovr
p102_rainbow_05_whisper,WF_p102_rainbow_05_whisper_fold10_162134-7-12-4_SNR-5dB.wav,16000,1.0233880281448364,-4.830995559692383,0.29100626707077026,2.192963719367981,1.5411759730457855,1.585515239674443,1.1353269291470687
