clean_file,enhanced_file,sampling_rate,PESQ,SI_SDR,STOI,DNSMOS_p808_mos,DNSMOS_mos_sig,DNSMOS_mos_bak,DNSMOS_mos_ovr
p101_nonverbal_laughter_open,WF_p101_nonverbal_laughter_open_fold10_106014-5-0-2_SNR-5dB.wav,16000,1.0967353582382202,4.238280296325684,0.629744827747345,2.2387068271636963,3.3796329551178217,1.978625359154172,2.029648135743205
