clean_file,enhanced_file,sampling_rate,PESQ,SI_SDR,STOI,DNSMOS_p808_mos,DNSMOS_mos_sig,DNSMOS_mos_bak,DNSMOS_mos_ovr
p102_rainbow_01_slow,WF_p102_rainbow_01_slow_fold10_159742-8-0-14_SNR-5dB.wav,16000,1.0369356870651245,-4.04115629196167,0.6220595240592957,2.746900510787964,3.4299889443061247,1.770250878385335,1.9883804609847178
