clean_file,enhanced_file,sampling_rate,PESQ,SI_SDR,STOI,DNSMOS_p808_mos,DNSMOS_mos_sig,DNSMOS_mos_bak,DNSMOS_mos_ovr
p105_sentences_21_regular,WF_p105_sentences_21_regular_fold10_83502-0-0-12_SNR-5dB.wav,16000,1.0768511295318604,-4.708804130554199,0.38222256302833557,2.396024090903146,2.966693535918318,1.784305940998338,1.9059896485297396
