clean_file,enhanced_file,sampling_rate,PESQ,SI_SDR,STOI,DNSMOS_p808_mos,DNSMOS_mos_sig,DNSMOS_mos_bak,DNSMOS_mos_ovr
p106_emo_guilt_freeform,WF_p106_emo_guilt_freeform_fold10_93567-8-0-18_SNR-5dB.wav,16000,1.0511850118637085,-5.701647758483887,0.5717914700508118,2.347200075785319,4.148367360042577,2.2154206925548774,2.634015518192503
