clean_file,enhanced_file,sampling_rate,PESQ,SI_SDR,STOI,DNSMOS_p808_mos,DNSMOS_mos_sig,DNSMOS_mos_bak,DNSMOS_mos_ovr
p104_rainbow_03_lowpitch,WF_p104_rainbow_03_lowpitch_fold10_202334-9-0-105_SNR-5dB.wav,16000,1.033803105354309,-5.513007640838623,0.5116184949874878,2.4607931205204556,1.8611879979712447,1.8605570344555122,1.424697936047221
