clean_file,enhanced_file,sampling_rate,PESQ,SI_SDR,STOI,DNSMOS_p808_mos,DNSMOS_mos_sig,DNSMOS_mos_bak,DNSMOS_mos_ovr
p101_emo_confusion_freeform,WF_p101_emo_confusion_freeform_fold10_100795-3-1-2_SNR-5dB.wav,16000,1.2193284034729004,-5.589139461517334,0.6898135542869568,3.2664783000946045,4.1336038822950405,1.8307345770065389,2.3227170673384125
