clean_file,enhanced_file,sampling_rate,PESQ,SI_SDR,STOI,DNSMOS_p808_mos,DNSMOS_mos_sig,DNSMOS_mos_bak,DNSMOS_mos_ovr
p101_sentences_02_lowpitch,WF_p101_sentences_02_lowpitch_fold10_136558-9-1-10_SNR-5dB.wav,16000,1.09259033203125,-5.8693132400512695,0.5220806002616882,2.312707304954529,3.773676297098742,1.4630084199736817,1.7654832460865622
