clean_file,enhanced_file,sampling_rate,PESQ,SI_SDR,STOI,DNSMOS_p808_mos,DNSMOS_mos_sig,DNSMOS_mos_bak,DNSMOS_mos_ovr
p104_rainbow_01_loud,WF_p104_rainbow_01_loud_fold10_199261-3-0-2_SNR-5dB.wav,16000,1.4108089208602905,-5.207508087158203,0.7384051084518433,3.668153762817383,3.9760997291254436,1.9229728704949416,2.318395527602879
