clean_file,enhanced_file,sampling_rate,PESQ,SI_SDR,STOI,DNSMOS_p808_mos,DNSMOS_mos_sig,DNSMOS_mos_bak,DNSMOS_mos_ovr
p103_rainbow_06_loud,WF_p103_rainbow_06_loud_fold10_180127-4-0-16_SNR-5dB.wav,16000,1.0458890199661255,1.7504667043685913,0.6293478608131409,2.5858833312988283,2.8322131070409484,2.3672180342348432,2.111723804841671
