clean_file,enhanced_file,sampling_rate,PESQ,SI_SDR,STOI,DNSMOS_p808_mos,DNSMOS_mos_sig,DNSMOS_mos_bak,DNSMOS_mos_ovr
p102_sentences_02_loud,WF_p102_sentences_02_loud_fold10_162134-7-8-3_SNR-5dB.wav,16000,1.0329663753509521,-2.3251988887786865,0.5479847192764282,2.1288803219795227,2.724190122835777,1.4496112664812797,1.6177937826028574
