clean_file,enhanced_file,sampling_rate,PESQ,SI_SDR,STOI,DNSMOS_p808_mos,DNSMOS_mos_sig,DNSMOS_mos_bak,DNSMOS_mos_ovr
p102_sentences_15_regular,WF_p102_sentences_15_regular_fold10_164194-2-0-26_SNR-5dB.wav,16000,1.094801425933838,-4.732560634613037,0.4971192181110382,2.337283492088318,2.4065067769272366,1.6408865088901297,1.433166860193151
