clean_file,enhanced_file,sampling_rate,PESQ,SI_SDR,STOI,DNSMOS_p808_mos,DNSMOS_mos_sig,DNSMOS_mos_bak,DNSMOS_mos_ovr
p102_rainbow_01_whisper,WF_p102_rainbow_01_whisper_fold10_159742-8-0-2_SNR-5dB.wav,16000,1.1690748929977417,-5.684077739715576,0.5298696756362915,2.3644670248031616,1.5277953046817943,2.0648455570841238,1.4256218948888122
