clean_file,enhanced_file,sampling_rate,PESQ,SI_SDR,STOI,DNSMOS_p808_mos,DNSMOS_mos_sig,DNSMOS_mos_bak,DNSMOS_mos_ovr
p104_rainbow_02_loud,WF_p104_rainbow_02_loud_fold10_200460-6-5-0_SNR-5dB.wav,16000,1.0748213529586792,-5.196361064910889,0.7941258549690247,3.250549554824829,3.750678780177038,2.052916487006512,2.2703829227891656
