clean_file,enhanced_file,sampling_rate,PESQ,SI_SDR,STOI,DNSMOS_p808_mos,DNSMOS_mos_sig,DNSMOS_mos_bak,DNSMOS_mos_ovr
p101_rainbow_03_lowpitch,WF_p101_rainbow_03_lowpitch_fold10_117889-9-0-30_SNR-5dB.wav,16000,1.0713462829589844,-3.9417548179626465,0.5910994410514832,2.4669418334960938,2.6523664068664807,1.9353948029387391,1.767519087565983
