clean_file,enhanced_file,sampling_rate,PESQ,SI_SDR,STOI,DNSMOS_p808_mos,DNSMOS_mos_sig,DNSMOS_mos_bak,DNSMOS_mos_ovr
p103_rainbow_07_fast,WF_p103_rainbow_07_fast_fold10_180127-4-0-20_SNR-5dB.wav,16000,1.0456326007843018,0.8661950826644897,0.6401292085647583,2.795676040649414,2.585010609747775,2.1735296699750912,1.872143733071934
