clean_file,enhanced_file,sampling_rate,PESQ,SI_SDR,STOI,DNSMOS_p808_mos,DNSMOS_mos_sig,DNSMOS_mos_bak,DNSMOS_mos_ovr
p101_rainbow_02_regular,WF_p101_rainbow_02_regular_fold10_115418-9-0-29_SNR-5dB.wav,16000,1.0680782794952393,-5.2112908363342285,0.5669474601745605,2.344191312789917,2.6268675214882915,2.061869534964921,1.960005580957572
