clean_file,enhanced_file,sampling_rate,PESQ,SI_SDR,STOI,DNSMOS_p808_mos,DNSMOS_mos_sig,DNSMOS_mos_bak,DNSMOS_mos_ovr
p104_rainbow_04_regular,WF_p104_rainbow_04_regular_fold10_203424-9-0-26_SNR-5dB.wav,16000,1.0462538003921509,-5.1590471267700195,0.5380879044532776,2.3889696257455006,3.621095757344132,1.6679043184446378,1.9489048072902715
