clean_file,enhanced_file,sampling_rate,PESQ,SI_SDR,STOI,DNSMOS_p808_mos,DNSMOS_mos_sig,DNSMOS_mos_bak,DNSMOS_mos_ovr
p102_sentences_01_fast,WF_p102_sentences_01_fast_fold10_162134-7-3-0_SNR-5dB.wav,16000,1.0257610082626343,-3.8690547943115234,0.592458963394165,2.335087299346924,3.009992892961908,1.484094462612501,1.5535913586459689
