clean_file,enhanced_file,sampling_rate,PESQ,SI_SDR,STOI,DNSMOS_p808_mos,DNSMOS_mos_sig,DNSMOS_mos_bak,DNSMOS_mos_ovr
p104_sentences_22_regular,WF_p104_sentences_22_regular_fold10_34050-7-0-0_SNR-5dB.wav,16000,1.061405897140503,-2.8399295806884766,0.45841941237449646,2.2416601181030273,2.0399326266032753,1.8642195053420916,1.4529929814124334
