clean_file,enhanced_file,sampling_rate,PESQ,SI_SDR,STOI,DNSMOS_p808_mos,DNSMOS_mos_sig,DNSMOS_mos_bak,DNSMOS_mos_ovr
p101_sentences_01_fast,WF_p101_sentences_01_fast_fold10_129750-2-0-3_SNR-5dB.wav,16000,1.1466484069824219,-5.488836765289307,0.6896607279777527,2.517761775425502,3.407979820814333,1.6442786758687828,1.8636478965728427
