clean_file,enhanced_file,sampling_rate,PESQ,SI_SDR,STOI,DNSMOS_p808_mos,DNSMOS_mos_sig,DNSMOS_mos_bak,DNSMOS_mos_ovr
p102_sentences_02_regular,WF_p102_sentences_02_regular_fold10_162134-7-8-5_SNR-5dB.wav,16000,1.0386816263198853,-3.487438678741455,0.49657151103019714,2.313322114944458,2.5707926564215398,1.5158067240817243,1.5309722161965318
