clean_file,enhanced_file,sampling_rate,PESQ,SI_SDR,STOI,DNSMOS_p808_mos,DNSMOS_mos_sig,DNSMOS_mos_bak,DNSMOS_mos_ovr
p102_rainbow_08_lowpitch,WF_p102_rainbow_08_lowpitch_fold10_162134-7-17-2_SNR-5dB.wav,16000,1.0244536399841309,-3.762662649154663,0.5318191051483154,2.1147018500736783,2.5755841750416626,1.5427086599690567,1.4956564333370568
