clean_file,enhanced_file,sampling_rate,PESQ,SI_SDR,STOI,DNSMOS_p808_mos,DNSMOS_mos_sig,DNSMOS_mos_bak,DNSMOS_mos_ovr
p101_emo_anger_sentences,WF_p101_emo_anger_sentences_fold10_100795-3-1-1_SNR-5dB.wav,16000,1.1693676710128784,-5.139960765838623,0.7448495626449585,3.192704336983817,3.736318333261729,1.8548823191654615,2.2082332310081987
