clean_file,enhanced_file,sampling_rate,PESQ,SI_SDR,STOI,DNSMOS_p808_mos,DNSMOS_mos_sig,DNSMOS_mos_bak,DNSMOS_mos_ovr
p104_sentences_03_whisper,WF_p104_sentences_03_whisper_fold10_28808-1-0-0_SNR-5dB.wav,16000,1.072340488433838,-5.262137413024902,0.40496277809143066,2.2877892766680037,2.799756265467528,1.8467944957862676,1.7121320831227609
