clean_file,enhanced_file,sampling_rate,PESQ,SI_SDR,STOI,DNSMOS_p808_mos,DNSMOS_mos_sig,DNSMOS_mos_bak,DNSMOS_mos_ovr
p104_rainbow_06_lowpitch,WF_p104_rainbow_06_lowpitch_fold10_207213-2-0-81_SNR-5dB.wav,16000,1.0589908361434937,-5.679107189178467,0.527910590171814,2.30966854095459,2.198150478181461,2.432001491418782,1.827097108588984
