clean_file,enhanced_file,sampling_rate,PESQ,SI_SDR,STOI,DNSMOS_p808_mos,DNSMOS_mos_sig,DNSMOS_mos_bak,DNSMOS_mos_ovr
p101_emo_extasy_freeform,WF_p101_emo_extasy_freeform_fold10_102857-5-0-13_SNR-5dB.wav,16000,1.4745572805404663,7.10151481628418,0.6341801881790161,2.154849052429199,3.6660480690995683,1.504304221969803,1.8794995621589154
