clean_file,enhanced_file,sampling_rate,PESQ,SI_SDR,STOI,DNSMOS_p808_mos,DNSMOS_mos_sig,DNSMOS_mos_bak,DNSMOS_mos_ovr
p106_rainbow_01_slow,WF_p106_rainbow_01_slow_fold10_99192-4-0-54_SNR-5dB.wav,16000,1.0432300567626953,-5.5222930908203125,0.5944666266441345,2.1742927006312778,3.1004769367590415,1.9576760980878833,1.718514809272659
