clean_file,enhanced_file,sampling_rate,PESQ,SI_SDR,STOI,DNSMOS_p808_mos,DNSMOS_mos_sig,DNSMOS_mos_bak,DNSMOS_mos_ovr
p105_rainbow_05_whisper,WF_p105_rainbow_05_whisper_fold10_74364-8-1-27_SNR-5dB.wav,16000,1.0777555704116821,-6.979225158691406,0.5748848915100098,2.344595057623727,2.66747084848502,2.289427083771067,2.093116039032874
