clean_file,enhanced_file,sampling_rate,PESQ,SI_SDR,STOI,DNSMOS_p808_mos,DNSMOS_mos_sig,DNSMOS_mos_bak,DNSMOS_mos_ovr
p101_nonverbal_crying,WF_p101_nonverbal_crying_fold10_106014-5-0-0_SNR-5dB.wav,16000,1.0762839317321777,2.191568613052368,0.5395373106002808,2.2543840408325195,3.561577593962377,1.6098417146726467,1.8688486430747204
