clean_file,enhanced_file,sampling_rate,PESQ,SI_SDR,STOI,DNSMOS_p808_mos,DNSMOS_mos_sig,DNSMOS_mos_bak,DNSMOS_mos_ovr
p104_sentences_09_fast,WF_p104_sentences_09_fast_fold10_28808-1-0-4_SNR-5dB.wav,16000,1.101440668106079,-3.924297332763672,0.5568130016326904,2.5432235854012624,2.572952696417102,1.8875069134015587,1.7431375309104635
