clean_file,enhanced_file,sampling_rate,PESQ,SI_SDR,STOI,DNSMOS_p808_mos,DNSMOS_mos_sig,DNSMOS_mos_bak,DNSMOS_mos_ovr
p105_emo_sadness_sentences,WF_p105_emo_sadness_sentences_fold10_72538-3-0-1_SNR-5dB.wav,16000,1.3587948083877563,-5.228949546813965,0.5104926824569702,3.321416139602661,3.809706250264874,2.280255756998554,2.4072247143804106
