clean_file,enhanced_file,sampling_rate,PESQ,SI_SDR,STOI,DNSMOS_p808_mos,DNSMOS_mos_sig,DNSMOS_mos_bak,DNSMOS_mos_ovr
p101_rainbow_03_regular,WF_p101_rainbow_03_regular_fold10_117889-9-0-36_SNR-5dB.wav,16000,1.0624719858169556,-4.34125280380249,0.6361240148544312,2.4179937839508057,1.9146871241280081,1.857166987104635,1.4789553127029236
