clean_file,enhanced_file,sampling_rate,PESQ,SI_SDR,STOI,DNSMOS_p808_mos,DNSMOS_mos_sig,DNSMOS_mos_bak,DNSMOS_mos_ovr
p103_sentences_02_whisper,WF_p103_sentences_02_whisper_fold10_187110-2-0-34_SNR-5dB.wav,16000,1.8857892751693726,-7.267121315002441,0.23671339452266693,2.5326271738324846,1.9455913217707732,2.4616645503837873,1.6828850831629178
