clean_file,enhanced_file,sampling_rate,PESQ,SI_SDR,STOI,DNSMOS_p808_mos,DNSMOS_mos_sig,DNSMOS_mos_bak,DNSMOS_mos_ovr
p106_rainbow_01_whisper,WF_p106_rainbow_01_whisper_fold10_99192-4-0-55_SNR-5dB.wav,16000,1.0266246795654297,-6.573877811431885,0.23453392088413239,2.2213255167007446,2.252321339453914,2.550561970625155,1.5816465379208382
