clean_file,enhanced_file,sampling_rate,PESQ,SI_SDR,STOI,DNSMOS_p808_mos,DNSMOS_mos_sig,DNSMOS_mos_bak,DNSMOS_mos_ovr
p103_sentences_21_regular,WF_p103_sentences_21_regular_fold10_188813-7-10-0_SNR-5dB.wav,16000,1.083381175994873,-2.3570713996887207,0.5068588256835938,2.292802231652396,3.7401906749777605,1.5706105527774348,2.0589296156516554
