clean_file,enhanced_file,sampling_rate,PESQ,SI_SDR,STOI,DNSMOS_p808_mos,DNSMOS_mos_sig,DNSMOS_mos_bak,DNSMOS_mos_ovr
p103_rainbow_05_loud,WF_p103_rainbow_05_loud_fold10_180127-4-0-10_SNR-5dB.wav,16000,1.0690842866897583,3.256349802017212,0.668181300163269,2.924140351159232,3.2646663832815004,2.0646699796501204,2.071147235754161
