clean_file,enhanced_file,sampling_rate,PESQ,SI_SDR,STOI,DNSMOS_p808_mos,DNSMOS_mos_sig,DNSMOS_mos_bak,DNSMOS_mos_ovr
p106_rainbow_01_fast,WF_p106_rainbow_01_fast_fold10_99192-4-0-47_SNR-5dB.wav,16000,1.0309666395187378,-4.645443916320801,0.6635622382164001,2.3753206729888916,4.040908265374772,1.7906268856563494,2.31669420538458
