clean_file,enhanced_file,sampling_rate,PESQ,SI_SDR,STOI,DNSMOS_p808_mos,DNSMOS_mos_sig,DNSMOS_mos_bak,DNSMOS_mos_ovr
p105_rainbow_05_highpitch,WF_p105_rainbow_05_highpitch_fold10_74364-8-1-22_SNR-5dB.wav,16000,1.0299569368362427,-6.3985772132873535,0.6864866614341736,2.598388365336827,2.9959139275194424,1.5952228733146394,1.7618499873877276
