clean_file,enhanced_file,sampling_rate,PESQ,SI_SDR,STOI,DNSMOS_p808_mos,DNSMOS_mos_sig,DNSMOS_mos_bak,DNSMOS_mos_ovr
p103_rainbow_06_highpitch,WF_p103_rainbow_06_highpitch_fold10_180127-4-0-15_SNR-5dB.wav,16000,1.0422669649124146,1.6909693479537964,0.5173240303993225,2.433920383453369,2.204269983418579,2.1577117991604298,1.6377613139881035
