clean_file,enhanced_file,sampling_rate,PESQ,SI_SDR,STOI,DNSMOS_p808_mos,DNSMOS_mos_sig,DNSMOS_mos_bak,DNSMOS_mos_ovr
p105_sentences_02_whisper,WF_p105_sentences_02_whisper_fold10_81791-3-0-0_SNR-5dB.wav,16000,1.1359586715698242,-9.549954414367676,0.44196927547454834,2.6831853730337962,1.8193661355292274,2.918367336960706,1.5902195369139125
