clean_file,enhanced_file,sampling_rate,PESQ,SI_SDR,STOI,DNSMOS_p808_mos,DNSMOS_mos_sig,DNSMOS_mos_bak,DNSMOS_mos_ovr
p105_sentences_24_regular,WF_p105_sentences_24_regular_fold10_83502-0-0-3_SNR-5dB.wav,16000,1.0580881834030151,-3.185396671295166,0.3754924535751343,2.3853707313537598,2.532904075782625,1.7887845618306686,1.6004206367802785
