clean_file,enhanced_file,sampling_rate,PESQ,SI_SDR,STOI,DNSMOS_p808_mos,DNSMOS_mos_sig,DNSMOS_mos_bak,DNSMOS_mos_ovr
p105_rainbow_06_highpitch,WF_p105_rainbow_06_highpitch_fold10_74364-8-1-4_SNR-5dB.wav,16000,1.033767580986023,-6.252988815307617,0.5401105880737305,2.233491837978363,2.2390153429595863,2.1736239968605107,1.793749254481396
