clean_file,enhanced_file,sampling_rate,PESQ,SI_SDR,STOI,DNSMOS_p808_mos,DNSMOS_mos_sig,DNSMOS_mos_bak,DNSMOS_mos_ovr
p102_rainbow_02_loud,WF_p102_rainbow_02_loud_fold10_159742-8-0-5_SNR-5dB.wav,16000,1.0625594854354858,-5.175002098083496,0.6989307999610901,2.6210482120513916,2.948862704887131,1.433044609000918,1.608503728371137
