clean_file,enhanced_file,sampling_rate,PESQ,SI_SDR,STOI,DNSMOS_p808_mos,DNSMOS_mos_sig,DNSMOS_mos_bak,DNSMOS_mos_ovr
p102_rainbow_06_loud,WF_p102_rainbow_06_loud_fold10_162134-7-13-2_SNR-5dB.wav,16000,1.0297045707702637,-2.755661964416504,0.5731505155563354,2.1472253799438477,3.438831996408484,1.2979798724070495,1.4559237176021047
