clean_file,enhanced_file,sampling_rate,PESQ,SI_SDR,STOI,DNSMOS_p808_mos,DNSMOS_mos_sig,DNSMOS_mos_bak,DNSMOS_mos_ovr
p102_sentences_01_lowpitch,WF_p102_sentences_01_lowpitch_fold10_162134-7-6-0_SNR-5dB.wav,16000,1.0514638423919678,-5.201768398284912,0.5610688328742981,2.354379336039225,3.1825746255363776,1.7847456579263907,1.963911874113361
