clean_file,enhanced_file,sampling_rate,PESQ,SI_SDR,STOI,DNSMOS_p808_mos,DNSMOS_mos_sig,DNSMOS_mos_bak,DNSMOS_mos_ovr
p103_sentences_20_regular,WF_p103_sentences_20_regular_fold10_188813-7-1-0_SNR-5dB.wav,16000,1.0559049844741821,-2.536022901535034,0.5370214581489563,2.2408757550375804,3.798305621783252,1.5128549721262385,1.986956481911522
