clean_file,enhanced_file,sampling_rate,PESQ,SI_SDR,STOI,DNSMOS_p808_mos,DNSMOS_mos_sig,DNSMOS_mos_bak,DNSMOS_mos_ovr
p104_sentences_02_lowpitch,WF_p104_sentences_02_lowpitch_fold10_27070-2-0-4_SNR-5dB.wav,16000,1.051468014717102,-3.6105167865753174,0.6335859894752502,2.2465927260262624,3.9912260812246685,1.6624164831737454,2.1457213669452333
