clean_file,enhanced_file,sampling_rate,PESQ,SI_SDR,STOI,DNSMOS_p808_mos,DNSMOS_mos_sig,DNSMOS_mos_bak,DNSMOS_mos_ovr
p103_sentences_01_whisper,WF_p103_sentences_01_whisper_fold10_181624-4-8-0_SNR-5dB.wav,16000,1.1155897378921509,-10.774250984191895,0.13944664597511292,2.3715554986681258,2.3813982750145355,2.938293528112619,1.9640923051977996
