clean_file,enhanced_file,sampling_rate,PESQ,SI_SDR,STOI,DNSMOS_p808_mos,DNSMOS_mos_sig,DNSMOS_mos_bak,DNSMOS_mos_ovr
p104_emo_disappointment_sentences,WF_p104_emo_disappointment_sentences_fold10_189982-0-0-28_SNR-5dB.wav,16000,1.0820627212524414,0.6910358667373657,0.5541264414787292,2.402324676513672,2.124117416644033,2.4710808191229217,1.6762131966477003
