clean_file,enhanced_file,sampling_rate,PESQ,SI_SDR,STOI,DNSMOS_p808_mos,DNSMOS_mos_sig,DNSMOS_mos_bak,DNSMOS_mos_ovr
p101_rainbow_08_lowpitch,WF_p101_rainbow_08_lowpitch_fold10_128470-3-0-0_SNR-5dB.wav,16000,1.348983883857727,-5.259519100189209,0.6762225031852722,2.8854781900133406,4.2783485228537685,1.996433056114329,2.5662139096204024
