clean_file,enhanced_file,sampling_rate,PESQ,SI_SDR,STOI,DNSMOS_p808_mos,DNSMOS_mos_sig,DNSMOS_mos_bak,DNSMOS_mos_ovr
p103_rainbow_03_lowpitch,WF_p103_rainbow_03_lowpitch_fold10_178402-1-0-0_SNR-5dB.wav,16000,1.1130211353302002,-5.069620609283447,0.6210334300994873,3.041973454611642,4.1341560811201665,1.8033739049584874,2.055233986520198
