clean_file,enhanced_file,sampling_rate,PESQ,SI_SDR,STOI,DNSMOS_p808_mos,DNSMOS_mos_sig,DNSMOS_mos_bak,DNSMOS_mos_ovr
p105_sentences_23_regular,WF_p105_sentences_23_regular_fold10_83502-0-0-2_SNR-5dB.wav,16000,1.0624425411224365,-4.32114315032959,0.38718390464782715,2.6292969158717563,3.2938889388959436,1.9225934880311235,2.0903313151344016
