clean_file,enhanced_file,sampling_rate,PESQ,SI_SDR,STOI,DNSMOS_p808_mos,DNSMOS_mos_sig,DNSMOS_mos_bak,DNSMOS_mos_ovr
p101_emo_distress_freeform,WF_p101_emo_distress_freeform_fold10_102857-5-0-1_SNR-5dB.wav,16000,1.198156714439392,3.9648308753967285,0.7125458121299744,2.4803401629130044,4.141899504598467,2.1767797678774623,2.686787255051927
