clean_file,enhanced_file,sampling_rate,PESQ,SI_SDR,STOI,DNSMOS_p808_mos,DNSMOS_mos_sig,DNSMOS_mos_bak,DNSMOS_mos_ovr
p102_sentences_21_regular,WF_p102_sentences_21_regular_fold10_164377-9-1-36_SNR-5dB.wav,16000,1.0709741115570068,-3.7533669471740723,0.5457047820091248,2.636064291000366,3.1784733823841123,1.7817322939998428,1.8517191659919416
