clean_file,enhanced_file,sampling_rate,PESQ,SI_SDR,STOI,DNSMOS_p808_mos,DNSMOS_mos_sig,DNSMOS_mos_bak,DNSMOS_mos_ovr
p102_rainbow_06_whisper,WF_p102_rainbow_06_whisper_fold10_162134-7-14-1_SNR-5dB.wav,16000,1.0280225276947021,-4.050615310668945,0.3111346364021301,2.4111225605010986,1.9568706859341654,1.5133984256323576,1.2791938066958224
