clean_file,enhanced_file,sampling_rate,PESQ,SI_SDR,STOI,DNSMOS_p808_mos,DNSMOS_mos_sig,DNSMOS_mos_bak,DNSMOS_mos_ovr
p104_rainbow_07_regular,WF_p104_rainbow_07_regular_fold10_209672-3-6-0_SNR-5dB.wav,16000,1.2570830583572388,-5.464630126953125,0.7230629920959473,3.5379147870200023,4.42863394568918,3.091119400962795,3.3663541721336223
