clean_file,enhanced_file,sampling_rate,PESQ,SI_SDR,STOI,DNSMOS_p808_mos,DNSMOS_mos_sig,DNSMOS_mos_bak,DNSMOS_mos_ovr
p103_sentences_06_loud,WF_p103_sentences_06_loud_fold10_187863-4-0-1_SNR-5dB.wav,16000,1.0562282800674438,-4.8270087242126465,0.5305020213127136,2.357008729662214,3.071498830800592,1.5722008399004597,1.5998978068253682
