clean_file,enhanced_file,sampling_rate,PESQ,SI_SDR,STOI,DNSMOS_p808_mos,DNSMOS_mos_sig,DNSMOS_mos_bak,DNSMOS_mos_ovr
p103_rainbow_01_lowpitch,WF_p103_rainbow_01_lowpitch_fold10_17486-3-1-0_SNR-5dB.wav,16000,1.0615020990371704,-6.150350093841553,0.497922420501709,2.891483187675476,3.418618251457817,1.583406901203194,1.6546707286821032
