clean_file,enhanced_file,sampling_rate,PESQ,SI_SDR,STOI,DNSMOS_p808_mos,DNSMOS_mos_sig,DNSMOS_mos_bak,DNSMOS_mos_ovr
p104_rainbow_04_lowpitch,WF_p104_rainbow_04_lowpitch_fold10_203424-9-0-18_SNR-5dB.wav,16000,1.0341523885726929,-5.68844747543335,0.4987279772758484,2.498011214392526,3.2053099039930575,1.6404785946447704,1.7434218021143268
