clean_file,enhanced_file,sampling_rate,PESQ,SI_SDR,STOI,DNSMOS_p808_mos,DNSMOS_mos_sig,DNSMOS_mos_bak,DNSMOS_mos_ovr
p103_emo_pain_sentences,WF_p103_emo_pain_sentences_fold10_167750-4-2-0_SNR-5dB.wav,16000,1.0506505966186523,-4.805556297302246,0.3864086866378784,2.568742275238037,3.620386584960971,1.8329704526100175,1.96543027972203
