clean_file,enhanced_file,sampling_rate,PESQ,SI_SDR,STOI,DNSMOS_p808_mos,DNSMOS_mos_sig,DNSMOS_mos_bak,DNSMOS_mos_ovr
p105_rainbow_01_regular,WF_p105_rainbow_01_regular_fold10_73524-0-0-52_SNR-5dB.wav,16000,1.081217885017395,-4.965855598449707,0.5745667815208435,2.287402868270874,2.342099375492541,2.2297304181785025,1.7367725522592021
