clean_file,enhanced_file,sampling_rate,PESQ,SI_SDR,STOI,DNSMOS_p808_mos,DNSMOS_mos_sig,DNSMOS_mos_bak,DNSMOS_mos_ovr
p106_emo_amusement_freeform,WF_p106_emo_amusement_freeform_fold10_84249-9-0-6_SNR-5dB.wav,16000,1.0385181903839111,-2.7133610248565674,0.4416893422603607,2.120943682534354,2.0014823186647104,1.705560118332544,1.5313484100845787
