clean_file,enhanced_file,sampling_rate,PESQ,SI_SDR,STOI,DNSMOS_p808_mos,DNSMOS_mos_sig,DNSMOS_mos_bak,DNSMOS_mos_ovr
p101_rainbow_05_loud,WF_p101_rainbow_05_loud_fold10_118278-4-0-5_SNR-5dB.wav,16000,1.0468300580978394,-2.78305721282959,0.6248974800109863,2.1629987955093384,3.0466282262262063,1.77543494684322,1.7247023869041307
