clean_file,enhanced_file,sampling_rate,PESQ,SI_SDR,STOI,DNSMOS_p808_mos,DNSMOS_mos_sig,DNSMOS_mos_bak,DNSMOS_mos_ovr
p104_sentences_02_whisper,WF_p104_sentences_02_whisper_fold10_27070-2-0-8_SNR-5dB.wav,16000,1.0587621927261353,-4.396975517272949,0.5913928747177124,2.395644562585013,3.9489786646342844,2.088281324536266,2.4535105656863188
