clean_file,enhanced_file,sampling_rate,PESQ,SI_SDR,STOI,DNSMOS_p808_mos,DNSMOS_mos_sig,DNSMOS_mos_bak,DNSMOS_mos_ovr
p103_emo_cuteness_freeform,WF_p103_emo_cuteness_freeform_fold10_167464-0-0-12_SNR-5dB.wav,16000,1.075777292251587,-0.8778378963470459,0.5468379259109497,2.399334728717804,2.001889722892392,1.9331386075224801,1.4064777386165317
