clean_file,enhanced_file,sampling_rate,PESQ,SI_SDR,STOI,DNSMOS_p808_mos,DNSMOS_mos_sig,DNSMOS_mos_bak,DNSMOS_mos_ovr
p103_sentences_24_regular,WF_p103_sentences_24_regular_fold10_188813-7-10-3_SNR-5dB.wav,16000,1.0777273178100586,-3.052790403366089,0.4820115864276886,2.166755437850952,3.476459739563545,1.4265565172689283,1.7490462306497636
