clean_file,enhanced_file,sampling_rate,PESQ,SI_SDR,STOI,DNSMOS_p808_mos,DNSMOS_mos_sig,DNSMOS_mos_bak,DNSMOS_mos_ovr
p103_rainbow_03_fast,WF_p103_rainbow_03_fast_fold10_178261-7-3-4_SNR-5dB.wav,16000,1.0304193496704102,-1.0445165634155273,0.6725250482559204,2.1081217924753823,1.7903326528337153,1.9450618308417773,1.3668965943477172
