clean_file,enhanced_file,sampling_rate,PESQ,SI_SDR,STOI,DNSMOS_p808_mos,DNSMOS_mos_sig,DNSMOS_mos_bak,DNSMOS_mos_ovr
p103_rainbow_02_lowpitch,WF_p103_rainbow_02_lowpitch_fold10_178261-7-3-0_SNR-5dB.wav,16000,1.0343151092529297,-2.0089080333709717,0.5580983757972717,2.1874592985425676,2.743603405308433,1.7444263689921458,1.6697402098885685
