clean_file,enhanced_file,sampling_rate,PESQ,SI_SDR,STOI,DNSMOS_p808_mos,DNSMOS_mos_sig,DNSMOS_mos_bak,DNSMOS_mos_ovr
p104_rainbow_08_slow,WF_p104_rainbow_08_slow_fold10_25037-6-0-0_SNR-5dB.wav,16000,1.0672470331192017,-6.094972610473633,0.5907686948776245,2.570461239133562,1.9354572702809556,1.9950829988259253,1.4327786850586006
