clean_file,enhanced_file,sampling_rate,PESQ,SI_SDR,STOI,DNSMOS_p808_mos,DNSMOS_mos_sig,DNSMOS_mos_bak,DNSMOS_mos_ovr
p104_sentences_24_regular,WF_p104_sentences_24_regular_fold10_34050-7-2-0_SNR-5dB.wav,16000,1.052817463874817,-2.5826871395111084,0.49157944321632385,2.189993006842477,1.7602681683791823,1.845836614610501,1.4067147331555303
