clean_file,enhanced_file,sampling_rate,PESQ,SI_SDR,STOI,DNSMOS_p808_mos,DNSMOS_mos_sig,DNSMOS_mos_bak,DNSMOS_mos_ovr
p104_emo_distress_freeform,WF_p104_emo_distress_freeform_fold10_189982-0-0-33_SNR-5dB.wav,16000,1.0867536067962646,0.3078330159187317,0.6375231146812439,2.419987201690674,1.7276333965814672,2.3535370396909676,1.4353261679368328
