clean_file,enhanced_file,sampling_rate,PESQ,SI_SDR,STOI,DNSMOS_p808_mos,DNSMOS_mos_sig,DNSMOS_mos_bak,DNSMOS_mos_ovr
p102_rainbow_08_slow,WF_p102_rainbow_08_slow_fold10_162134-7-17-4_SNR-5dB.wav,16000,1.0256720781326294,-3.522311210632324,0.5090201497077942,2.1853343759264265,2.700761109157851,1.466782191074328,1.5533179648540616
