clean_file,enhanced_file,sampling_rate,PESQ,SI_SDR,STOI,DNSMOS_p808_mos,DNSMOS_mos_sig,DNSMOS_mos_bak,DNSMOS_mos_ovr
p105_rainbow_04_lowpitch,WF_p105_rainbow_04_lowpitch_fold10_74364-8-1-18_SNR-5dB.wav,16000,1.0518474578857422,-6.745349884033203,0.6143990755081177,2.331923450742449,3.5752912200925855,1.8515746114129161,2.1460261895312285
