clean_file,enhanced_file,sampling_rate,PESQ,SI_SDR,STOI,DNSMOS_p808_mos,DNSMOS_mos_sig,DNSMOS_mos_bak,DNSMOS_mos_ovr
p101_sentences_06_loud,WF_p101_sentences_06_loud_fold10_138017-9-1-16_SNR-5dB.wav,16000,1.0617592334747314,-3.5535645484924316,0.5392240881919861,2.1379458904266357,2.1245478193842717,1.9109444322771874,1.4445869597302972
