clean_file,enhanced_file,sampling_rate,PESQ,SI_SDR,STOI,DNSMOS_p808_mos,DNSMOS_mos_sig,DNSMOS_mos_bak,DNSMOS_mos_ovr
p103_rainbow_06_fast,WF_p103_rainbow_06_fast_fold10_180127-4-0-14_SNR-5dB.wav,16000,1.0434321165084839,-0.5650031566619873,0.6544334292411804,2.8427858352661133,3.0820469576501934,2.189857240565109,2.0319878720693825
