clean_file,enhanced_file,sampling_rate,PESQ,SI_SDR,STOI,DNSMOS_p808_mos,DNSMOS_mos_sig,DNSMOS_mos_bak,DNSMOS_mos_ovr
p104_sentences_16_regular,WF_p104_sentences_16_regular_fold10_28808-1-1-1_SNR-5dB.wav,16000,1.0986924171447754,-1.5914194583892822,0.5453534722328186,2.3450281023979187,1.3889121510217703,2.083447889692489,1.1488751286517656
