clean_file,enhanced_file,sampling_rate,PESQ,SI_SDR,STOI,DNSMOS_p808_mos,DNSMOS_mos_sig,DNSMOS_mos_bak,DNSMOS_mos_ovr
p104_rainbow_02_regular,WF_p104_rainbow_02_regular_fold10_200786-5-1-0_SNR-5dB.wav,16000,1.0319288969039917,-3.3041656017303467,0.5272583365440369,2.3984717641557967,1.7985981571421445,2.0187154539822165,1.3979727236219104
