clean_file,enhanced_file,sampling_rate,PESQ,SI_SDR,STOI,DNSMOS_p808_mos,DNSMOS_mos_sig,DNSMOS_mos_bak,DNSMOS_mos_ovr
p101_rainbow_08_regular,WF_p101_rainbow_08_regular_fold10_128470-3-0-1_SNR-5dB.wav,16000,1.334926724433899,-4.7824530601501465,0.7754400968551636,3.0840232372283936,4.184394017754682,1.86275113815253,2.4260166484160726
