clean_file,enhanced_file,sampling_rate,PESQ,SI_SDR,STOI,DNSMOS_p808_mos,DNSMOS_mos_sig,DNSMOS_mos_bak,DNSMOS_mos_ovr
p103_rainbow_02_whisper,WF_p103_rainbow_02_whisper_fold10_178261-7-3-3_SNR-5dB.wav,16000,1.0334724187850952,-4.0323991775512695,0.2787801921367645,2.118779386792864,0.888301992611872,1.8494518870048293,0.7144718090895745
