clean_file,enhanced_file,sampling_rate,PESQ,SI_SDR,STOI,DNSMOS_p808_mos,DNSMOS_mos_sig,DNSMOS_mos_bak,DNSMOS_mos_ovr
p106_emo_anger_freeform,WF_p106_emo_anger_freeform_fold10_84249-9-0-8_SNR-5dB.wav,16000,1.056296944618225,-3.069861888885498,0.43496620655059814,2.2007408618927,2.7188256231142125,1.5970911056177637,1.657157676929779
