clean_file,enhanced_file,sampling_rate,PESQ,SI_SDR,STOI,DNSMOS_p808_mos,DNSMOS_mos_sig,DNSMOS_mos_bak,DNSMOS_mos_ovr
p102_rainbow_07_highpitch,WF_p102_rainbow_07_highpitch_fold10_162134-7-15-0_SNR-5dB.wav,16000,1.0231186151504517,-2.8969500064849854,0.5193390250205994,2.187291463216146,2.8813831431841286,1.4661972946440291,1.613742412008585
