clean_file,enhanced_file,sampling_rate,PESQ,SI_SDR,STOI,DNSMOS_p808_mos,DNSMOS_mos_sig,DNSMOS_mos_bak,DNSMOS_mos_ovr
p105_rainbow_02_slow,WF_p105_rainbow_02_slow_fold10_73524-0-0-98_SNR-5dB.wav,16000,1.0752993822097778,-3.6865222454071045,0.5063403844833374,2.5505086353846957,1.3856208144203863,2.209580871380042,1.035056403214689
