clean_file,enhanced_file,sampling_rate,PESQ,SI_SDR,STOI,DNSMOS_p808_mos,DNSMOS_mos_sig,DNSMOS_mos_bak,DNSMOS_mos_ovr
p103_rainbow_04_loud,WF_p103_rainbow_04_loud_fold10_178826-2-0-20_SNR-5dB.wav,16000,1.049009084701538,-1.707458734512329,0.5647091865539551,2.4388138566698347,2.3435024485484557,1.8110164369739554,1.5713862772737153
