clean_file,enhanced_file,sampling_rate,PESQ,SI_SDR,STOI,DNSMOS_p808_mos,DNSMOS_mos_sig,DNSMOS_mos_bak,DNSMOS_mos_ovr
p105_rainbow_02_regular,WF_p105_rainbow_02_regular_fold10_73524-0-0-92_SNR-5dB.wav,16000,1.115090012550354,-2.204720973968506,0.5729755163192749,2.3172824382781982,1.6260908624516126,2.350494435188027,1.2786962070284176
