clean_file,enhanced_file,sampling_rate,PESQ,SI_SDR,STOI,DNSMOS_p808_mos,DNSMOS_mos_sig,DNSMOS_mos_bak,DNSMOS_mos_ovr
p103_rainbow_06_whisper,WF_p103_rainbow_06_whisper_fold10_180127-4-0-2_SNR-5dB.wav,16000,1.0338084697723389,-7.4488396644592285,0.265088826417923,2.7663716316223144,2.221369793318956,3.2959104942612973,1.8284917965572405
