clean_file,enhanced_file,sampling_rate,PESQ,SI_SDR,STOI,DNSMOS_p808_mos,DNSMOS_mos_sig,DNSMOS_mos_bak,DNSMOS_mos_ovr
p102_rainbow_06_lowpitch,WF_p102_rainbow_06_lowpitch_fold10_162134-7-13-3_SNR-5dB.wav,16000,1.0302834510803223,-3.1014111042022705,0.5633509755134583,2.2730088233947754,1.9781194671550864,1.462982437269365,1.1620233348622309
