clean_file,enhanced_file,sampling_rate,PESQ,SI_SDR,STOI,DNSMOS_p808_mos,DNSMOS_mos_sig,DNSMOS_mos_bak,DNSMOS_mos_ovr
p105_rainbow_03_loud,WF_p105_rainbow_03_loud_fold10_74364-8-1-10_SNR-5dB.wav,16000,1.073976755142212,-6.053417205810547,0.6013759970664978,2.5989678587232317,3.053911829964676,1.8382682454006978,1.9881838399433696
