clean_file,enhanced_file,sampling_rate,PESQ,SI_SDR,STOI,DNSMOS_p808_mos,DNSMOS_mos_sig,DNSMOS_mos_bak,DNSMOS_mos_ovr
p103_sentences_19_regular,WF_p103_sentences_19_regular_fold10_188813-7-0-0_SNR-5dB.wav,16000,1.0548481941223145,-1.7593541145324707,0.5453336834907532,2.4105705193110873,3.863143309351981,1.5037913953540596,1.9625850906659446
