clean_file,enhanced_file,sampling_rate,PESQ,SI_SDR,STOI,DNSMOS_p808_mos,DNSMOS_mos_sig,DNSMOS_mos_bak,DNSMOS_mos_ovr
p104_rainbow_06_slow,WF_p104_rainbow_06_slow_fold10_208652-8-0-0_SNR-5dB.wav,16000,1.0380027294158936,-2.9781970977783203,0.6495458483695984,2.1780067920684814,2.5746911938506356,2.042546621976926,1.8023597042973591
