clean_file,enhanced_file,sampling_rate,PESQ,SI_SDR,STOI,DNSMOS_p808_mos,DNSMOS_mos_sig,DNSMOS_mos_bak,DNSMOS_mos_ovr
p101_rainbow_01_lowpitch,WF_p101_rainbow_01_lowpitch_fold10_115241-9-0-20_SNR-5dB.wav,16000,1.0752551555633545,-6.185737609863281,0.48047104477882385,2.382845231464931,1.9164681118423168,1.8186924761724452,1.626541475753409
