clean_file,enhanced_file,sampling_rate,PESQ,SI_SDR,STOI,DNSMOS_p808_mos,DNSMOS_mos_sig,DNSMOS_mos_bak,DNSMOS_mos_ovr
p102_sentences_03_whisper,WF_p102_sentences_03_whisper_fold10_162134-7-9-0_SNR-5dB.wav,16000,1.0405341386795044,-4.401784420013428,0.34497570991516113,2.0705888668696084,1.2404549509571254,1.5827685837410643,0.9376404091930736
