clean_file,enhanced_file,sampling_rate,PESQ,SI_SDR,STOI,DNSMOS_p808_mos,DNSMOS_mos_sig,DNSMOS_mos_bak,DNSMOS_mos_ovr
p103_nonverbal_yelling,WF_p103_nonverbal_yelling_fold10_174292-6-0-0_SNR-5dB.wav,16000,1.1614577770233154,-5.01673698425293,0.7125957608222961,2.0464040551866804,3.866864192837433,2.8843354254804754,2.840130964655716
