clean_file,enhanced_file,sampling_rate,PESQ,SI_SDR,STOI,DNSMOS_p808_mos,DNSMOS_mos_sig,DNSMOS_mos_bak,DNSMOS_mos_ovr
p104_rainbow_03_whisper,WF_p104_rainbow_03_whisper_fold10_202334-9-0-202_SNR-5dB.wav,16000,1.0627280473709106,-6.5860137939453125,0.4076668322086334,2.41289826801845,2.83452566662433,2.658915989092537,2.2956146444381824
