clean_file,enhanced_file,sampling_rate,PESQ,SI_SDR,STOI,DNSMOS_p808_mos,DNSMOS_mos_sig,DNSMOS_mos_bak,DNSMOS_mos_ovr
p105_emo_disgust_freeform,WF_p105_emo_disgust_freeform_fold10_51024-3-0-2_SNR-5dB.wav,16000,1.1167337894439697,-6.027533531188965,0.516710638999939,2.5013291154588972,3.1085762350359594,1.7333540249815527,1.8783689740709482
