clean_file,enhanced_file,sampling_rate,PESQ,SI_SDR,STOI,DNSMOS_p808_mos,DNSMOS_mos_sig,DNSMOS_mos_bak,DNSMOS_mos_ovr
p103_rainbow_03_highpitch,WF_p103_rainbow_03_highpitch_fold10_178261-7-3-5_SNR-5dB.wav,16000,1.0330495834350586,0.453750342130661,0.49884968996047974,2.185489773750305,2.495585461694481,1.676335078667363,1.5310887008370433
