clean_file,enhanced_file,sampling_rate,PESQ,SI_SDR,STOI,DNSMOS_p808_mos,DNSMOS_mos_sig,DNSMOS_mos_bak,DNSMOS_mos_ovr
p102_rainbow_03_highpitch,WF_p102_rainbow_03_highpitch_fold10_162134-7-0-1_SNR-5dB.wav,16000,1.0254812240600586,-3.2419440746307373,0.5282287001609802,2.0835938453674316,2.776640649475685,1.4822451033168236,1.6149844648859397
