clean_file,enhanced_file,sampling_rate,PESQ,SI_SDR,STOI,DNSMOS_p808_mos,DNSMOS_mos_sig,DNSMOS_mos_bak,DNSMOS_mos_ovr
p104_sentences_04_whisper,WF_p104_sentences_04_whisper_fold10_28808-1-0-1_SNR-5dB.wav,16000,1.0956270694732666,-4.694048881530762,0.4737761914730072,2.4042587280273438,2.762640040893079,1.974446114045024,1.8260116131363584
