clean_file,enhanced_file,sampling_rate,PESQ,SI_SDR,STOI,DNSMOS_p808_mos,DNSMOS_mos_sig,DNSMOS_mos_bak,DNSMOS_mos_ovr
p104_rainbow_06_loud,WF_p104_rainbow_06_loud_fold10_207213-2-0-73_SNR-5dB.wav,16000,1.0923757553100586,-5.432284355163574,0.5900174379348755,2.2642382780710855,2.1955179887598866,2.0082567001723874,1.5799047904022345
