clean_file,enhanced_file,sampling_rate,PESQ,SI_SDR,STOI,DNSMOS_p808_mos,DNSMOS_mos_sig,DNSMOS_mos_bak,DNSMOS_mos_ovr
p103_sentences_01_highpitch,WF_p103_sentences_01_highpitch_fold10_181624-4-3-0_SNR-5dB.wav,16000,1.0487192869186401,-4.8493218421936035,0.4289311468601227,2.332377314567566,3.571180663866562,1.4528852359836963,1.6079569123847486
