clean_file,enhanced_file,sampling_rate,PESQ,SI_SDR,STOI,DNSMOS_p808_mos,DNSMOS_mos_sig,DNSMOS_mos_bak,DNSMOS_mos_ovr
p104_sentences_01_fast,WF_p104_sentences_01_fast_fold10_26173-8-0-0_SNR-5dB.wav,16000,1.1273245811462402,-3.805607318878174,0.6989909410476685,2.8234568436940513,3.789172477080163,2.032022327380792,2.4016954944359905
