clean_file,enhanced_file,sampling_rate,PESQ,SI_SDR,STOI,DNSMOS_p808_mos,DNSMOS_mos_sig,DNSMOS_mos_bak,DNSMOS_mos_ovr
p102_rainbow_01_fast,WF_p102_rainbow_01_fast_fold10_159742-8-0-1_SNR-5dB.wav,16000,1.0813885927200317,-5.555474758148193,0.661613404750824,2.579346942901611,2.900850358535485,1.7821695881739879,1.8343604233508635
