clean_file,enhanced_file,sampling_rate,PESQ,SI_SDR,STOI,DNSMOS_p808_mos,DNSMOS_mos_sig,DNSMOS_mos_bak,DNSMOS_mos_ovr
p102_sentences_23_regular,WF_p102_sentences_23_regular_fold10_164377-9-1-50_SNR-5dB.wav,16000,1.065591812133789,-1.8073798418045044,0.5623608827590942,2.5048582553863525,1.4793165939693251,1.837211891013402,1.219536812496888
