clean_file,enhanced_file,sampling_rate,PESQ,SI_SDR,STOI,DNSMOS_p808_mos,DNSMOS_mos_sig,DNSMOS_mos_bak,DNSMOS_mos_ovr
p105_interjection_agreement,WF_p105_interjection_agreement_fold10_73524-0-0-0_SNR-5dB.wav,16000,1.2043930292129517,2.081295967102051,0.6823173761367798,2.276118755340576,3.798569921919502,1.614197447750632,1.875311224369908
