clean_file,enhanced_file,sampling_rate,PESQ,SI_SDR,STOI,DNSMOS_p808_mos,DNSMOS_mos_sig,DNSMOS_mos_bak,DNSMOS_mos_ovr
p101_rainbow_06_lowpitch,WF_p101_rainbow_06_lowpitch_fold10_118558-5-1-0_SNR-5dB.wav,16000,1.0723737478256226,0.5010814070701599,0.6360639333724976,2.5242507457733154,2.5813105680134596,2.4206379424973576,1.9605561560400622
