clean_file,enhanced_file,sampling_rate,PESQ,SI_SDR,STOI,DNSMOS_p808_mos,DNSMOS_mos_sig,DNSMOS_mos_bak,DNSMOS_mos_ovr
p103_emo_interest_freeform,WF_p103_emo_interest_freeform_fold10_167464-0-0-7_SNR-5dB.wav,16000,1.0573221445083618,-0.7403156757354736,0.5254226326942444,2.548542579015096,2.483793040966484,1.8821668047484044,1.7100865460241081
