clean_file,enhanced_file,sampling_rate,PESQ,SI_SDR,STOI,DNSMOS_p808_mos,DNSMOS_mos_sig,DNSMOS_mos_bak,DNSMOS_mos_ovr
p103_sentences_02_loud,WF_p103_sentences_02_loud_fold10_187110-2-0-10_SNR-5dB.wav,16000,1.0966274738311768,-5.198400497436523,0.595304012298584,2.468299525124686,3.702337801262877,1.460091638803339,1.6789518781362283
