clean_file,enhanced_file,sampling_rate,PESQ,SI_SDR,STOI,DNSMOS_p808_mos,DNSMOS_mos_sig,DNSMOS_mos_bak,DNSMOS_mos_ovr
p105_sentences_13_lowpitch,WF_p105_sentences_13_lowpitch_fold10_83195-9-0-2_SNR-5dB.wav,16000,1.1104130744934082,-4.092080116271973,0.4253789782524109,2.289461783000401,2.144554014407301,1.7002822410147762,1.4170546473381578
