clean_file,enhanced_file,sampling_rate,PESQ,SI_SDR,STOI,DNSMOS_p808_mos,DNSMOS_mos_sig,DNSMOS_mos_bak,DNSMOS_mos_ovr
p102_rainbow_05_loud,WF_p102_rainbow_05_loud_fold10_162134-7-12-0_SNR-5dB.wav,16000,1.02402925491333,-3.631277561187744,0.5282119512557983,2.2111978054046633,2.7100320026295943,1.4202066585980326,1.5316811324229387
