clean_file,enhanced_file,sampling_rate,PESQ,SI_SDR,STOI,DNSMOS_p808_mos,DNSMOS_mos_sig,DNSMOS_mos_bak,DNSMOS_mos_ovr
p103_rainbow_02_highpitch,WF_p103_rainbow_02_highpitch_fold10_178261-7-1-0_SNR-5dB.wav,16000,1.0342079401016235,-0.4610644280910492,0.4874913990497589,2.1514130592346192,2.497415263175623,1.7067866638253837,1.3919630395995846
