clean_file,enhanced_file,sampling_rate,PESQ,SI_SDR,STOI,DNSMOS_p808_mos,DNSMOS_mos_sig,DNSMOS_mos_bak,DNSMOS_mos_ovr
p105_sentences_01_slow,WF_p105_sentences_01_slow_fold10_7913-3-0-0_SNR-5dB.wav,16000,1.1836004257202148,-6.341277122497559,0.509445071220398,3.033114126750401,3.5635421291764353,2.560503268049015,2.45784427664024
