clean_file,enhanced_file,sampling_rate,PESQ,SI_SDR,STOI,DNSMOS_p808_mos,DNSMOS_mos_sig,DNSMOS_mos_bak,DNSMOS_mos_ovr
p104_rainbow_04_fast,WF_p104_rainbow_04_fast_fold10_202334-9-0-63_SNR-5dB.wav,16000,1.0270169973373413,-5.864319801330566,0.5255995392799377,2.2677895426750183,2.153695910284469,1.9024362207977108,1.628518052504234
