clean_file,enhanced_file,sampling_rate,PESQ,SI_SDR,STOI,DNSMOS_p808_mos,DNSMOS_mos_sig,DNSMOS_mos_bak,DNSMOS_mos_ovr
p105_sentences_10_fast,WF_p105_sentences_10_fast_fold10_83191-9-0-6_SNR-5dB.wav,16000,1.0831358432769775,-3.3739376068115234,0.49782297015190125,2.392600893974304,2.82097360571468,1.5863461013454843,1.5595957807315561
