clean_file,enhanced_file,sampling_rate,PESQ,SI_SDR,STOI,DNSMOS_p808_mos,DNSMOS_mos_sig,DNSMOS_mos_bak,DNSMOS_mos_ovr
p101_rainbow_03_fast,WF_p101_rainbow_03_fast_fold10_11722-3-1-0_SNR-5dB.wav,16000,1.3792049884796143,-5.226837158203125,0.7503090500831604,3.4908344745635986,3.481725705931876,1.6170105041476097,1.7532741172692368
