clean_file,enhanced_file,sampling_rate,PESQ,SI_SDR,STOI,DNSMOS_p808_mos,DNSMOS_mos_sig,DNSMOS_mos_bak,DNSMOS_mos_ovr
p104_rainbow_05_highpitch,WF_p104_rainbow_05_highpitch_fold10_205013-6-0-0_SNR-5dB.wav,16000,1.098872423171997,-4.930834770202637,0.7086548209190369,2.8147828181584678,3.4423445448632624,1.9217725287603653,2.1114592523924713
