clean_file,enhanced_file,sampling_rate,PESQ,SI_SDR,STOI,DNSMOS_p808_mos,DNSMOS_mos_sig,DNSMOS_mos_bak,DNSMOS_mos_ovr
p104_emo_confusion_freeform,WF_p104_emo_confusion_freeform_fold10_189982-0-0-13_SNR-5dB.wav,16000,1.067825436592102,-0.5672275424003601,0.6070895791053772,2.49811327457428,1.5610284852460454,2.1544949219788037,1.2185771704579424
