clean_file,enhanced_file,sampling_rate,PESQ,SI_SDR,STOI,DNSMOS_p808_mos,DNSMOS_mos_sig,DNSMOS_mos_bak,DNSMOS_mos_ovr
p102_rainbow_08_loud,WF_p102_rainbow_08_loud_fold10_162134-7-17-1_SNR-5dB.wav,16000,1.0241186618804932,-2.8936753273010254,0.5560727715492249,2.154364960534232,2.6364517999177433,1.4692208266209923,1.5177074556744927
