clean_file,enhanced_file,sampling_rate,PESQ,SI_SDR,STOI,DNSMOS_p808_mos,DNSMOS_mos_sig,DNSMOS_mos_bak,DNSMOS_mos_ovr
p105_interjection_greetings,WF_p105_interjection_greetings_fold10_73524-0-0-114_SNR-5dB.wav,16000,1.28218674659729,1.8142222166061401,0.5354486703872681,2.3202120304107665,2.9985331812410747,1.8463168666123646,1.8778651482217739
