clean_file,enhanced_file,sampling_rate,PESQ,SI_SDR,STOI,DNSMOS_p808_mos,DNSMOS_mos_sig,DNSMOS_mos_bak,DNSMOS_mos_ovr
p102_rainbow_04_slow,WF_p102_rainbow_04_slow_fold10_162134-7-11-4_SNR-5dB.wav,16000,1.0289307832717896,-4.681468486785889,0.5215317010879517,2.2245264530181883,2.6461347313664754,1.375553470262918,1.3882785380910891
