clean_file,enhanced_file,sampling_rate,PESQ,SI_SDR,STOI,DNSMOS_p808_mos,DNSMOS_mos_sig,DNSMOS_mos_bak,DNSMOS_mos_ovr
p102_nonverbal_cheering,WF_p102_nonverbal_cheering_fold10_157207-6-7-0_SNR-5dB.wav,16000,1.0456371307373047,-4.5404486656188965,0.5291251540184021,2.344167947769165,3.5402067006961335,1.4633177067488743,1.7935889411361825
