clean_file,enhanced_file,sampling_rate,PESQ,SI_SDR,STOI,DNSMOS_p808_mos,DNSMOS_mos_sig,DNSMOS_mos_bak,DNSMOS_mos_ovr
p105_rainbow_05_slow,WF_p105_rainbow_05_slow_fold10_74364-8-1-26_SNR-5dB.wav,16000,1.0408633947372437,-7.636682987213135,0.6289461851119995,2.4988212244851247,3.1647679832241207,1.9594793609719274,2.134423297371327
