clean_file,enhanced_file,sampling_rate,PESQ,SI_SDR,STOI,DNSMOS_p808_mos,DNSMOS_mos_sig,DNSMOS_mos_bak,DNSMOS_mos_ovr
p101_rainbow_02_slow,WF_p101_rainbow_02_slow_fold10_115418-9-0-6_SNR-5dB.wav,16000,1.0788758993148804,-6.237206935882568,0.4648146629333496,2.2564003467559814,2.024504801338804,2.4089907899064724,1.9555836388279129
