clean_file,enhanced_file,sampling_rate,PESQ,SI_SDR,STOI,DNSMOS_p808_mos,DNSMOS_mos_sig,DNSMOS_mos_bak,DNSMOS_mos_ovr
p103_rainbow_04_lowpitch,WF_p103_rainbow_04_lowpitch_fold10_178826-2-0-28_SNR-5dB.wav,16000,1.0502619743347168,-4.822649002075195,0.5417158603668213,2.257925203868321,3.1821157616137703,1.6759523235441256,1.777360656463811
