clean_file,enhanced_file,sampling_rate,PESQ,SI_SDR,STOI,DNSMOS_p808_mos,DNSMOS_mos_sig,DNSMOS_mos_bak,DNSMOS_mos_ovr
p105_rainbow_02_fast,WF_p105_rainbow_02_fast_fold10_73524-0-0-63_SNR-5dB.wav,16000,1.0670864582061768,-2.8874709606170654,0.5796071887016296,2.337334990501404,2.3588772224005585,2.271291467564322,1.7470406254537576
