clean_file,enhanced_file,sampling_rate,PESQ,SI_SDR,STOI,DNSMOS_p808_mos,DNSMOS_mos_sig,DNSMOS_mos_bak,DNSMOS_mos_ovr
p101_rainbow_03_slow,WF_p101_rainbow_03_slow_fold10_117889-9-0-39_SNR-5dB.wav,16000,1.0326060056686401,-5.966458797454834,0.49275022745132446,2.2962828874588013,1.267526946854076,2.504192127785456,1.147822949176038
