clean_file,enhanced_file,sampling_rate,PESQ,SI_SDR,STOI,DNSMOS_p808_mos,DNSMOS_mos_sig,DNSMOS_mos_bak,DNSMOS_mos_ovr
p105_rainbow_02_highpitch,WF_p105_rainbow_02_highpitch_fold10_73524-0-0-73_SNR-5dB.wav,16000,1.0584564208984375,-1.6331977844238281,0.6062696576118469,2.4913607120513914,1.4713865654401026,1.9583165210633648,1.153375625235976
