clean_file,enhanced_file,sampling_rate,PESQ,SI_SDR,STOI,DNSMOS_p808_mos,DNSMOS_mos_sig,DNSMOS_mos_bak,DNSMOS_mos_ovr
p101_emo_guilt_sentences,WF_p101_emo_guilt_sentences_fold10_102857-5-0-18_SNR-5dB.wav,16000,1.3964598178863525,5.906285762786865,0.6286653280258179,2.4315807819366455,3.5727738930432986,2.312685641560961,2.365797407195645
