clean_file,enhanced_file,sampling_rate,PESQ,SI_SDR,STOI,DNSMOS_p808_mos,DNSMOS_mos_sig,DNSMOS_mos_bak,DNSMOS_mos_ovr
p105_rainbow_07_slow,WF_p105_rainbow_07_slow_fold10_74922-4-0-5_SNR-5dB.wav,16000,1.0697460174560547,-7.145967960357666,0.567884087562561,2.3110319886888777,2.5208856753978637,2.4664618860070795,2.044973683876535
