clean_file,enhanced_file,sampling_rate,PESQ,SI_SDR,STOI,DNSMOS_p808_mos,DNSMOS_mos_sig,DNSMOS_mos_bak,DNSMOS_mos_ovr
p105_rainbow_06_loud,WF_p105_rainbow_06_loud_fold10_74364-8-1-5_SNR-5dB.wav,16000,1.0606781244277954,-5.632213592529297,0.6606320142745972,2.2797051429748536,3.8338220793532436,1.9737452742675756,2.42262034128514
