clean_file,enhanced_file,sampling_rate,PESQ,SI_SDR,STOI,DNSMOS_p808_mos,DNSMOS_mos_sig,DNSMOS_mos_bak,DNSMOS_mos_ovr
p104_sentences_02_highpitch,WF_p104_sentences_02_highpitch_fold10_27070-2-0-2_SNR-5dB.wav,16000,1.0519767999649048,-5.2084808349609375,0.6378594040870667,2.269447644551595,2.38986189036962,1.752691546023808,1.5371401024280995
