clean_file,enhanced_file,sampling_rate,PESQ,SI_SDR,STOI,DNSMOS_p808_mos,DNSMOS_mos_sig,DNSMOS_mos_bak,DNSMOS_mos_ovr
p104_rainbow_04_slow,WF_p104_rainbow_04_slow_fold10_203424-9-0-34_SNR-5dB.wav,16000,1.0321804285049438,-6.087516784667969,0.5306976437568665,2.4105188505990163,3.2495306008065987,1.7500794959007153,1.7831033388290023
