clean_file,enhanced_file,sampling_rate,PESQ,SI_SDR,STOI,DNSMOS_p808_mos,DNSMOS_mos_sig,DNSMOS_mos_bak,DNSMOS_mos_ovr
p103_nonverbal_cheering,WF_p103_nonverbal_cheering_fold10_172519-9-0-8_SNR-5dB.wav,16000,1.072445273399353,-2.3027634620666504,0.5250020027160645,2.1767940180642262,3.4220134477837507,1.642073725168574,1.822538159206476
