clean_file,enhanced_file,sampling_rate,PESQ,SI_SDR,STOI,DNSMOS_p808_mos,DNSMOS_mos_sig,DNSMOS_mos_bak,DNSMOS_mos_ovr
p104_sentences_05_loud,WF_p104_sentences_05_loud_fold10_28808-1-0-10_SNR-5dB.wav,16000,1.1011090278625488,-4.522032737731934,0.6375160813331604,2.573467493057251,3.491943046206446,1.6748175175880784,1.8541862332407404
