clean_file,enhanced_file,sampling_rate,PESQ,SI_SDR,STOI,DNSMOS_p808_mos,DNSMOS_mos_sig,DNSMOS_mos_bak,DNSMOS_mos_ovr
p102_sentences_18_regular,WF_p102_sentences_18_regular_fold10_164377-9-0-16_SNR-5dB.wav,16000,1.0960147380828857,-2.7044856548309326,0.5629792213439941,2.5363361835479736,2.6105531494069076,2.012451527272467,1.8050057498220173
