clean_file,enhanced_file,sampling_rate,PESQ,SI_SDR,STOI,DNSMOS_p808_mos,DNSMOS_mos_sig,DNSMOS_mos_bak,DNSMOS_mos_ovr
p103_rainbow_08_lowpitch,WF_p103_rainbow_08_lowpitch_fold10_181624-4-0-0_SNR-5dB.wav,16000,1.025525450706482,-4.826627731323242,0.7075220942497253,2.3594894409179688,3.984042317407258,1.446996470960335,1.643290494018004
