clean_file,enhanced_file,sampling_rate,PESQ,SI_SDR,STOI,DNSMOS_p808_mos,DNSMOS_mos_sig,DNSMOS_mos_bak,DNSMOS_mos_ovr
p105_rainbow_04_fast,WF_p105_rainbow_04_fast_fold10_74364-8-1-15_SNR-5dB.wav,16000,1.0261671543121338,-5.661134243011475,0.6795715689659119,2.504147434234619,3.6565902367555423,1.7582170788749512,2.0859592968226552
