clean_file,enhanced_file,sampling_rate,PESQ,SI_SDR,STOI,DNSMOS_p808_mos,DNSMOS_mos_sig,DNSMOS_mos_bak,DNSMOS_mos_ovr
p101_emo_disgust_freeform,WF_p101_emo_disgust_freeform_fold10_102103-3-1-0_SNR-5dB.wav,16000,1.0910918712615967,-5.714139938354492,0.3434686064720154,2.267411947250366,2.1767529774039778,1.7276582861201601,1.454421839055271
