clean_file,enhanced_file,sampling_rate,PESQ,SI_SDR,STOI,DNSMOS_p808_mos,DNSMOS_mos_sig,DNSMOS_mos_bak,DNSMOS_mos_ovr
p101_rainbow_02_highpitch,WF_p101_rainbow_02_highpitch_fold10_115418-9-0-12_SNR-5dB.wav,16000,1.0594884157180786,-4.355437278747559,0.6492531895637512,2.2495694160461426,3.528214879480517,1.572807439991055,1.966098912293623
