clean_file,enhanced_file,sampling_rate,PESQ,SI_SDR,STOI,DNSMOS_p808_mos,DNSMOS_mos_sig,DNSMOS_mos_bak,DNSMOS_mos_ovr
p104_rainbow_04_loud,WF_p104_rainbow_04_loud_fold10_203424-9-0-15_SNR-5dB.wav,16000,1.0601452589035034,-5.334951877593994,0.5288029909133911,2.21653083392552,2.759074118785751,1.5492087256061235,1.438530499605444
