clean_file,enhanced_file,sampling_rate,PESQ,SI_SDR,STOI,DNSMOS_p808_mos,DNSMOS_mos_sig,DNSMOS_mos_bak,DNSMOS_mos_ovr
p104_emo_adoration_freeform,WF_p104_emo_adoration_freeform_fold10_188813-7-3-0_SNR-5dB.wav,16000,1.0252176523208618,-4.535876274108887,0.5990439653396606,2.363448006766183,3.4483701496907093,1.3949689371842413,1.6361015283430507
