clean_file,enhanced_file,sampling_rate,PESQ,SI_SDR,STOI,DNSMOS_p808_mos,DNSMOS_mos_sig,DNSMOS_mos_bak,DNSMOS_mos_ovr
p103_emo_amazement_sentences,WF_p103_emo_amazement_sentences_fold10_165166-8-0-7_SNR-5dB.wav,16000,1.1822870969772339,-5.158148288726807,0.5248599648475647,2.435514529546102,3.889617091433602,1.9461999913338388,2.3144850899850162
