clean_file,enhanced_file,sampling_rate,PESQ,SI_SDR,STOI,DNSMOS_p808_mos,DNSMOS_mos_sig,DNSMOS_mos_bak,DNSMOS_mos_ovr
p101_sentences_23_regular,WF_p101_sentences_23_regular_fold10_14470-2-0-72_SNR-5dB.wav,16000,1.2290072441101074,-5.772843837738037,0.6665242910385132,2.932013154029846,3.623092591991231,1.906346262124854,2.259203148493695
