clean_file,enhanced_file,sampling_rate,PESQ,SI_SDR,STOI,DNSMOS_p808_mos,DNSMOS_mos_sig,DNSMOS_mos_bak,DNSMOS_mos_ovr
p106_emo_disgust_sentences,WF_p106_emo_disgust_sentences_fold10_93567-8-0-1_SNR-5dB.wav,16000,1.083830714225769,-0.6905783414840698,0.5455577373504639,2.322975492477417,2.757411030269128,1.7809030229033784,1.6995749770519049
