clean_file,enhanced_file,sampling_rate,PESQ,SI_SDR,STOI,DNSMOS_p808_mos,DNSMOS_mos_sig,DNSMOS_mos_bak,DNSMOS_mos_ovr
p102_sentences_13_lowpitch,WF_p102_sentences_13_lowpitch_fold10_164194-2-0-18_SNR-5dB.wav,16000,1.0964857339859009,-5.483722686767578,0.5486212372779846,2.331045389175415,2.3503946303941587,1.6628676050707554,1.40838814837359
