clean_file,enhanced_file,sampling_rate,PESQ,SI_SDR,STOI,DNSMOS_p808_mos,DNSMOS_mos_sig,DNSMOS_mos_bak,DNSMOS_mos_ovr
p104_rainbow_04_highpitch,WF_p104_rainbow_04_highpitch_fold10_202334-9-0-88_SNR-5dB.wav,16000,1.0246137380599976,-5.530793190002441,0.512418270111084,2.4186089038848877,2.3407155832344686,1.6995639913024878,1.383725558932687
