clean_file,enhanced_file,sampling_rate,PESQ,SI_SDR,STOI,DNSMOS_p808_mos,DNSMOS_mos_sig,DNSMOS_mos_bak,DNSMOS_mos_ovr
p101_sentences_16_regular,WF_p101_sentences_16_regular_fold10_14470-2-0-10_SNR-5dB.wav,16000,1.0718132257461548,-6.594145774841309,0.5126683115959167,2.3644422463008334,3.192545480319778,1.464932509812081,1.6134725687729958
