clean_file,enhanced_file,sampling_rate,PESQ,SI_SDR,STOI,DNSMOS_p808_mos,DNSMOS_mos_sig,DNSMOS_mos_bak,DNSMOS_mos_ovr
p103_sentences_07_slow,WF_p103_sentences_07_slow_fold10_187863-4-0-2_SNR-5dB.wav,16000,1.0983284711837769,-5.052918910980225,0.561622679233551,2.331266975402832,3.1115455255527733,1.397078749288625,1.5026535110140522
