clean_file,enhanced_file,sampling_rate,PESQ,SI_SDR,STOI,DNSMOS_p808_mos,DNSMOS_mos_sig,DNSMOS_mos_bak,DNSMOS_mos_ovr
p103_rainbow_07_lowpitch,WF_p103_rainbow_07_lowpitch_fold10_180127-4-0-4_SNR-5dB.wav,16000,1.051024079322815,1.4633383750915527,0.5921539664268494,2.459787164415632,3.061167386585836,2.0719773795398795,2.0226018963906007
