clean_file,enhanced_file,sampling_rate,PESQ,SI_SDR,STOI,DNSMOS_p808_mos,DNSMOS_mos_sig,DNSMOS_mos_bak,DNSMOS_mos_ovr
p103_sentences_11_highpitch,WF_p103_sentences_11_highpitch_fold10_188497-2-0-0_SNR-5dB.wav,16000,1.0639241933822632,-1.5021480321884155,0.3929097354412079,2.3186213970184326,2.003437515733409,2.002714426091974,1.5849260267697083
