clean_file,enhanced_file,sampling_rate,PESQ,SI_SDR,STOI,DNSMOS_p808_mos,DNSMOS_mos_sig,DNSMOS_mos_bak,DNSMOS_mos_ovr
p105_emo_disappointment_freeform,WF_p105_emo_disappointment_freeform_fold10_41306-3-0-4_SNR-5dB.wav,16000,1.068756341934204,-2.8384530544281006,0.4701923727989197,2.5090607404708862,3.202600475568121,2.8499530489339433,2.3814716036811263
