clean_file,enhanced_file,sampling_rate,PESQ,SI_SDR,STOI,DNSMOS_p808_mos,DNSMOS_mos_sig,DNSMOS_mos_bak,DNSMOS_mos_ovr
p101_rainbow_07_regular,WF_p101_rainbow_07_regular_fold10_119067-0-0-1_SNR-5dB.wav,16000,1.0597246885299683,-0.3317342698574066,0.5944374799728394,2.3324365615844727,2.235080119309226,1.9446893122783007,1.5253708660103107
