clean_file,enhanced_file,sampling_rate,PESQ,SI_SDR,STOI,DNSMOS_p808_mos,DNSMOS_mos_sig,DNSMOS_mos_bak,DNSMOS_mos_ovr
p103_sentences_02_fast,WF_p103_sentences_02_fast_fold10_181624-4-9-0_SNR-5dB.wav,16000,1.0437992811203003,-3.318936347961426,0.7619181871414185,2.336988925933838,3.9268719674233687,1.5842407860539147,1.910880352882078
