clean_file,enhanced_file,sampling_rate,PESQ,SI_SDR,STOI,DNSMOS_p808_mos,DNSMOS_mos_sig,DNSMOS_mos_bak,DNSMOS_mos_ovr
p101_emo_serenity_sentences,WF_p101_emo_serenity_sentences_fold10_102857-5-0-5_SNR-5dB.wav,16000,1.191393256187439,1.1811445951461792,0.6747673153877258,2.386568069458008,3.1835041017129058,2.6700134583834703,2.2782050205657045
