clean_file,enhanced_file,sampling_rate,PESQ,SI_SDR,STOI,DNSMOS_p808_mos,DNSMOS_mos_sig,DNSMOS_mos_bak,DNSMOS_mos_ovr
p104_sentences_01_whisper,WF_p104_sentences_01_whisper_fold10_26344-4-1-0_SNR-5dB.wav,16000,1.085676670074463,-5.239694595336914,0.5454336404800415,2.684330872126988,3.3310820900270692,1.9117193323661126,1.8580027633082976
