clean_file,enhanced_file,sampling_rate,PESQ,SI_SDR,STOI,DNSMOS_p808_mos,DNSMOS_mos_sig,DNSMOS_mos_bak,DNSMOS_mos_ovr
p102_rainbow_03_fast,WF_p102_rainbow_03_fast_fold10_162134-7-0-0_SNR-5dB.wav,16000,1.026623249053955,-5.231301784515381,0.5122755765914917,2.085698366165161,2.6638577965954555,1.457016923833099,1.547807154058641
