clean_file,enhanced_file,sampling_rate,PESQ,SI_SDR,STOI,DNSMOS_p808_mos,DNSMOS_mos_sig,DNSMOS_mos_bak,DNSMOS_mos_ovr
p103_emo_sadness_freeform,WF_p103_emo_sadness_freeform_fold10_171478-9-0-38_SNR-5dB.wav,16000,1.0469485521316528,-3.404301166534424,0.5610036849975586,2.5768227577209473,2.0481837272141385,2.059935371986859,1.569675703419772
