clean_file,enhanced_file,sampling_rate,PESQ,SI_SDR,STOI,DNSMOS_p808_mos,DNSMOS_mos_sig,DNSMOS_mos_bak,DNSMOS_mos_ovr
p105_rainbow_03_regular,WF_p105_rainbow_03_regular_fold10_74364-8-1-12_SNR-5dB.wav,16000,1.0937273502349854,-6.238574981689453,0.6262381076812744,2.669315440314157,2.8728994494952014,1.8656392839523137,1.881952450694787
