clean_file,enhanced_file,sampling_rate,PESQ,SI_SDR,STOI,DNSMOS_p808_mos,DNSMOS_mos_sig,DNSMOS_mos_bak,DNSMOS_mos_ovr
p104_emo_desire_freeform,WF_p104_emo_desire_freeform_fold10_189982-0-0-20_SNR-5dB.wav,16000,1.0679852962493896,-0.41893258690834045,0.6019420623779297,2.397547721862793,1.8371692174263308,1.97930516473122,1.372026390483823
