clean_file,enhanced_file,sampling_rate,PESQ,SI_SDR,STOI,DNSMOS_p808_mos,DNSMOS_mos_sig,DNSMOS_mos_bak,DNSMOS_mos_ovr
p101_sentences_02_fast,WF_p101_sentences_02_fast_fold10_129750-2-0-48_SNR-5dB.wav,16000,1.080236792564392,-6.177403926849365,0.6447094678878784,2.4293301105499268,2.972895919698845,1.7267479395122984,1.7177919823219368
