clean_file,enhanced_file,sampling_rate,PESQ,SI_SDR,STOI,DNSMOS_p808_mos,DNSMOS_mos_sig,DNSMOS_mos_bak,DNSMOS_mos_ovr
p104_emo_cuteness_sentences,WF_p104_emo_cuteness_sentences_fold10_189982-0-0-2_SNR-5dB.wav,16000,1.0955674648284912,1.23068106174469,0.5618590116500854,2.359663963317871,2.573259030276381,2.1386580812021823,1.8593750163178258
