clean_file,enhanced_file,sampling_rate,PESQ,SI_SDR,STOI,DNSMOS_p808_mos,DNSMOS_mos_sig,DNSMOS_mos_bak,DNSMOS_mos_ovr
p101_rainbow_06_loud,WF_p101_rainbow_06_loud_fold10_118558-5-0-2_SNR-5dB.wav,16000,1.0746772289276123,1.1682478189468384,0.6309601068496704,2.255192995071411,3.772883530881063,1.9205716521389875,2.2592756305205737
