clean_file,enhanced_file,sampling_rate,PESQ,SI_SDR,STOI,DNSMOS_p808_mos,DNSMOS_mos_sig,DNSMOS_mos_bak,DNSMOS_mos_ovr
p105_rainbow_02_lowpitch,WF_p105_rainbow_02_lowpitch_fold10_73524-0-0-8_SNR-5dB.wav,16000,1.0997979640960693,-2.22278094291687,0.5636729598045349,2.398509216308594,1.3225496030830026,1.8116325195722887,1.0314960917040117
