clean_file,enhanced_file,sampling_rate,PESQ,SI_SDR,STOI,DNSMOS_p808_mos,DNSMOS_mos_sig,DNSMOS_mos_bak,DNSMOS_mos_ovr
p104_sentences_20_regular,WF_p104_sentences_20_regular_fold10_30344-3-0-3_SNR-5dB.wav,16000,1.2991338968276978,-5.150790214538574,0.6679880619049072,3.4119575704847063,3.995755427789777,2.1178778346393328,2.437560071771833
