clean_file,enhanced_file,sampling_rate,PESQ,SI_SDR,STOI,DNSMOS_p808_mos,DNSMOS_mos_sig,DNSMOS_mos_bak,DNSMOS_mos_ovr
p105_emo_relief_sentences,WF_p105_emo_relief_sentences_fold10_72220-3-2-4_SNR-5dB.wav,16000,1.155896544456482,-5.463674545288086,0.4003317952156067,2.3735233147939048,2.853339229145495,1.7661139324440869,1.7795080409651416
