clean_file,enhanced_file,sampling_rate,PESQ,SI_SDR,STOI,DNSMOS_p808_mos,DNSMOS_mos_sig,DNSMOS_mos_bak,DNSMOS_mos_ovr
p105_sentences_15_regular,WF_p105_sentences_15_regular_fold10_83195-9-0-6_SNR-5dB.wav,16000,1.1096677780151367,-5.356126308441162,0.3728533387184143,2.2844349145889282,2.911034928095466,1.7978732290891577,1.7609370083992193
