clean_file,enhanced_file,sampling_rate,PESQ,SI_SDR,STOI,DNSMOS_p808_mos,DNSMOS_mos_sig,DNSMOS_mos_bak,DNSMOS_mos_ovr
p106_emo_fear_freeform,WF_p106_emo_fear_freeform_fold10_93567-8-0-16_SNR-5dB.wav,16000,1.1153398752212524,-2.725689649581909,0.49445202946662903,2.8110875129699706,3.6543543623526142,2.016829440383284,2.3439813872368482
