clean_file,enhanced_file,sampling_rate,PESQ,SI_SDR,STOI,DNSMOS_p808_mos,DNSMOS_mos_sig,DNSMOS_mos_bak,DNSMOS_mos_ovr
p105_rainbow_08_loud,WF_p105_rainbow_08_loud_fold10_77901-9-0-1_SNR-5dB.wav,16000,1.066023588180542,-5.419515609741211,0.46071815490722656,2.2130612986428395,2.1266289404925556,1.8272251918023699,1.4965624428442783
