clean_file,enhanced_file,sampling_rate,PESQ,SI_SDR,STOI,DNSMOS_p808_mos,DNSMOS_mos_sig,DNSMOS_mos_bak,DNSMOS_mos_ovr
p102_emo_disgust_sentences,WF_p102_emo_disgust_sentences_fold10_155280-2-0-3_SNR-5dB.wav,16000,1.312256097793579,0.5373402833938599,0.7899783849716187,3.0796210765838623,3.1698408108885636,2.2477233083111012,2.26198090258443
