clean_file,enhanced_file,sampling_rate,PESQ,SI_SDR,STOI,DNSMOS_p808_mos,DNSMOS_mos_sig,DNSMOS_mos_bak,DNSMOS_mos_ovr
p103_rainbow_08_whisper,WF_p103_rainbow_08_whisper_fold10_181624-4-10-0_SNR-5dB.wav,16000,1.1044621467590332,-7.168686389923096,0.3541596829891205,2.591579335076468,2.8131744039336914,2.7359802139699663,2.3036649274022314
