clean_file,enhanced_file,sampling_rate,PESQ,SI_SDR,STOI,DNSMOS_p808_mos,DNSMOS_mos_sig,DNSMOS_mos_bak,DNSMOS_mos_ovr
p105_rainbow_04_highpitch,WF_p105_rainbow_04_highpitch_fold10_74364-8-1-16_SNR-5dB.wav,16000,1.0317916870117188,-8.349395751953125,0.49037012457847595,2.2349696840558733,1.8782736563434246,1.7645145340901713,1.3684331847463136
