clean_file,enhanced_file,sampling_rate,PESQ,SI_SDR,STOI,DNSMOS_p808_mos,DNSMOS_mos_sig,DNSMOS_mos_bak,DNSMOS_mos_ovr
p106_emo_amazement_freeform,WF_p106_emo_amazement_freeform_fold10_84249-9-0-11_SNR-5dB.wav,16000,1.062313437461853,-4.706733703613281,0.46770837903022766,2.2999042102268765,2.478411186294227,1.6976736386284377,1.6942970464267209
