clean_file,enhanced_file,sampling_rate,PESQ,SI_SDR,STOI,DNSMOS_p808_mos,DNSMOS_mos_sig,DNSMOS_mos_bak,DNSMOS_mos_ovr
p103_rainbow_07_highpitch,WF_p103_rainbow_07_highpitch_fold10_180127-4-0-21_SNR-5dB.wav,16000,1.035400629043579,1.9527149200439453,0.5052266716957092,2.582594394683838,2.501718382087818,2.2721096498501354,1.8984135529681818
