clean_file,enhanced_file,sampling_rate,PESQ,SI_SDR,STOI,DNSMOS_p808_mos,DNSMOS_mos_sig,DNSMOS_mos_bak,DNSMOS_mos_ovr
p102_sentences_17_regular,WF_p102_sentences_17_regular_fold10_164194-2-0-7_SNR-5dB.wav,16000,1.1094437837600708,-3.3583712577819824,0.5116766691207886,2.396897236506144,2.052498725192263,1.8761574999430553,1.5031925715464132
