clean_file,enhanced_file,sampling_rate,PESQ,SI_SDR,STOI,DNSMOS_p808_mos,DNSMOS_mos_sig,DNSMOS_mos_bak,DNSMOS_mos_ovr
p101_rainbow_08_slow,WF_p101_rainbow_08_slow_fold10_128470-3-0-5_SNR-5dB.wav,16000,1.2362335920333862,-6.262864589691162,0.6973177194595337,2.991783176149641,4.048820572696342,1.848814664411982,2.3707317118963216
