clean_file,enhanced_file,sampling_rate,PESQ,SI_SDR,STOI,DNSMOS_p808_mos,DNSMOS_mos_sig,DNSMOS_mos_bak,DNSMOS_mos_ovr
p103_emo_amusement_sentences,WF_p103_emo_amusement_sentences_fold10_165640-4-0-0_SNR-5dB.wav,16000,1.1102720499038696,-4.959362030029297,0.5196351408958435,2.5581177473068237,3.5650042918065066,1.6478554016293094,1.9750268389573795
