clean_file,enhanced_file,sampling_rate,PESQ,SI_SDR,STOI,DNSMOS_p808_mos,DNSMOS_mos_sig,DNSMOS_mos_bak,DNSMOS_mos_ovr
p102_rainbow_02_highpitch,WF_p102_rainbow_02_highpitch_fold10_159742-8-0-4_SNR-5dB.wav,16000,1.0471113920211792,-4.50439977645874,0.614832878112793,2.4646230936050415,3.1811143425003126,1.308424581484768,1.4913043540759199
