clean_file,enhanced_file,sampling_rate,PESQ,SI_SDR,STOI,DNSMOS_p808_mos,DNSMOS_mos_sig,DNSMOS_mos_bak,DNSMOS_mos_ovr
p103_rainbow_01_whisper,WF_p103_rainbow_01_whisper_fold10_175850-1-0-0_SNR-5dB.wav,16000,1.2220619916915894,-10.221901893615723,0.32540440559387207,2.5728867848714194,2.8837760409976503,3.125951508632813,2.5722076879680884
