clean_file,enhanced_file,sampling_rate,PESQ,SI_SDR,STOI,DNSMOS_p808_mos,DNSMOS_mos_sig,DNSMOS_mos_bak,DNSMOS_mos_ovr
p103_rainbow_02_regular,WF_p103_rainbow_02_regular_fold10_178261-7-3-1_SNR-5dB.wav,16000,1.0333811044692993,-2.141585111618042,0.6198378801345825,2.1951520102364674,3.157300729508288,2.0384471279418093,2.0867735569630432
