clean_file,enhanced_file,sampling_rate,PESQ,SI_SDR,STOI,DNSMOS_p808_mos,DNSMOS_mos_sig,DNSMOS_mos_bak,DNSMOS_mos_ovr
p101_rainbow_08_whisper,WF_p101_rainbow_08_whisper_fold10_128470-3-0-8_SNR-5dB.wav,16000,1.1328279972076416,-7.067619323730469,0.5557887554168701,2.60260694367545,3.953215389917672,1.780661707107185,2.1354520671101023
