clean_file,enhanced_file,sampling_rate,PESQ,SI_SDR,STOI,DNSMOS_p808_mos,DNSMOS_mos_sig,DNSMOS_mos_bak,DNSMOS_mos_ovr
p103_rainbow_02_loud,WF_p103_rainbow_02_loud_fold10_178261-7-2-0_SNR-5dB.wav,16000,1.044319748878479,-2.482815980911255,0.6442214250564575,2.330106054033552,3.5491777403396774,1.6801723149746444,1.9853743890835458
