clean_file,enhanced_file,sampling_rate,PESQ,SI_SDR,STOI,DNSMOS_p808_mos,DNSMOS_mos_sig,DNSMOS_mos_bak,DNSMOS_mos_ovr
p101_rainbow_03_whisper,WF_p101_rainbow_03_whisper_fold10_117889-9-0-40_SNR-5dB.wav,16000,1.0287139415740967,-7.102198600769043,0.4986555576324463,2.484629809856415,1.3611281728450824,2.5258843697028195,1.3420833615679895
