clean_file,enhanced_file,sampling_rate,PESQ,SI_SDR,STOI,DNSMOS_p808_mos,DNSMOS_mos_sig,DNSMOS_mos_bak,DNSMOS_mos_ovr
p101_rainbow_05_regular,WF_p101_rainbow_05_regular_fold10_118278-4-0-7_SNR-5dB.wav,16000,1.0508195161819458,-3.0090255737304688,0.49560028314590454,2.1868830919265747,2.898819841190027,1.8550696885536933,1.8224609966353513
