clean_file,enhanced_file,sampling_rate,PESQ,SI_SDR,STOI,DNSMOS_p808_mos,DNSMOS_mos_sig,DNSMOS_mos_bak,DNSMOS_mos_ovr
p104_emo_neutral_sentences,WF_p104_emo_neutral_sentences_fold10_189985-0-0-1_SNR-5dB.wav,16000,1.159186601638794,0.5805719494819641,0.5090299844741821,2.476213812828064,2.213140487643261,2.6571272053777846,1.7881439264881058
