clean_file,enhanced_file,sampling_rate,PESQ,SI_SDR,STOI,DNSMOS_p808_mos,DNSMOS_mos_sig,DNSMOS_mos_bak,DNSMOS_mos_ovr
p103_rainbow_08_loud,WF_p103_rainbow_08_loud_fold10_180127-4-0-9_SNR-5dB.wav,16000,1.0520589351654053,2.965707778930664,0.6478515267372131,2.890685660498483,3.125070235337483,1.9979011054167286,2.00931789651779
