clean_file,enhanced_file,sampling_rate,PESQ,SI_SDR,STOI,DNSMOS_p808_mos,DNSMOS_mos_sig,DNSMOS_mos_bak,DNSMOS_mos_ovr
p101_interjection_anger,WF_p101_interjection_anger_fold10_102857-5-0-7_SNR-5dB.wav,16000,1.4225351810455322,6.4511895179748535,0.8149868249893188,2.2689081827799478,3.98991057816167,1.820697622956257,2.2634718806048153
