clean_file,enhanced_file,sampling_rate,PESQ,SI_SDR,STOI,DNSMOS_p808_mos,DNSMOS_mos_sig,DNSMOS_mos_bak,DNSMOS_mos_ovr
p104_rainbow_01_fast,WF_p104_rainbow_01_fast_fold10_199261-3-0-0_SNR-5dB.wav,16000,1.226300597190857,-5.394511699676514,0.7118107080459595,3.3430864810943604,3.769124832364577,1.8102125246174696,2.0936191731909664
