clean_file,enhanced_file,sampling_rate,PESQ,SI_SDR,STOI,DNSMOS_p808_mos,DNSMOS_mos_sig,DNSMOS_mos_bak,DNSMOS_mos_ovr
p102_sentences_12_highpitch,WF_p102_sentences_12_highpitch_fold10_164194-2-0-14_SNR-5dB.wav,16000,1.0465089082717896,-4.725461959838867,0.5291075706481934,2.384377956390381,3.8116782975803445,1.5167746520362089,1.8458192821273538
