clean_file,enhanced_file,sampling_rate,PESQ,SI_SDR,STOI,DNSMOS_p808_mos,DNSMOS_mos_sig,DNSMOS_mos_bak,DNSMOS_mos_ovr
p103_sentences_01_loud,WF_p103_sentences_01_loud_fold10_181624-4-4-0_SNR-5dB.wav,16000,1.042280912399292,-4.779514789581299,0.6763579845428467,2.3495616231645857,3.8680817346046203,1.362432964718177,1.6261637748635944
