clean_file,enhanced_file,sampling_rate,PESQ,SI_SDR,STOI,DNSMOS_p808_mos,DNSMOS_mos_sig,DNSMOS_mos_bak,DNSMOS_mos_ovr
p102_rainbow_05_lowpitch,WF_p102_rainbow_05_lowpitch_fold10_162134-7-12-1_SNR-5dB.wav,16000,1.0288726091384888,-4.062985897064209,0.4892772436141968,2.070043921470642,2.7850314218847996,1.5340365518209946,1.6027718645776403
