clean_file,enhanced_file,sampling_rate,PESQ,SI_SDR,STOI,DNSMOS_p808_mos,DNSMOS_mos_sig,DNSMOS_mos_bak,DNSMOS_mos_ovr
p101_rainbow_04_lowpitch,WF_p101_rainbow_04_lowpitch_fold10_118278-4-0-11_SNR-5dB.wav,16000,1.030537724494934,-2.385923385620117,0.48435381054878235,2.0684242248535156,1.523959943849591,1.8900649750724936,1.1721474810796368
