clean_file,enhanced_file,sampling_rate,PESQ,SI_SDR,STOI,DNSMOS_p808_mos,DNSMOS_mos_sig,DNSMOS_mos_bak,DNSMOS_mos_ovr
p102_rainbow_03_regular,WF_p102_rainbow_03_regular_fold10_162134-7-10-0_SNR-5dB.wav,16000,1.034676194190979,-4.812828063964844,0.4780232310295105,2.2328537106513977,2.882834396980413,1.4113603759449433,1.6026383241024722
