clean_file,enhanced_file,sampling_rate,PESQ,SI_SDR,STOI,DNSMOS_p808_mos,DNSMOS_mos_sig,DNSMOS_mos_bak,DNSMOS_mos_ovr
p103_rainbow_04_whisper,WF_p103_rainbow_04_whisper_fold10_179868-1-0-0_SNR-5dB.wav,16000,1.0887116193771362,-7.394929885864258,0.3112817108631134,2.7616213049207414,3.622541006900181,2.646827293173517,2.6479998757490355
