clean_file,enhanced_file,sampling_rate,PESQ,SI_SDR,STOI,DNSMOS_p808_mos,DNSMOS_mos_sig,DNSMOS_mos_bak,DNSMOS_mos_ovr
p102_rainbow_01_regular,WF_p102_rainbow_01_regular_fold10_159742-8-0-13_SNR-5dB.wav,16000,1.0419776439666748,-2.0265743732452393,0.5141635537147522,3.053210496902466,3.0571438866157115,2.0814782234720486,2.1240054818242764
