clean_file,enhanced_file,sampling_rate,PESQ,SI_SDR,STOI,DNSMOS_p808_mos,DNSMOS_mos_sig,DNSMOS_mos_bak,DNSMOS_mos_ovr
p103_sentences_02_regular,WF_p103_sentences_02_regular_fold10_187110-2-0-27_SNR-5dB.wav,16000,1.0863797664642334,-2.3967370986938477,0.5441266298294067,2.5009024143218994,1.7165806643521686,1.9585282346417163,1.411141360081748
