clean_file,enhanced_file,sampling_rate,PESQ,SI_SDR,STOI,DNSMOS_p808_mos,DNSMOS_mos_sig,DNSMOS_mos_bak,DNSMOS_mos_ovr
p105_sentences_17_regular,WF_p105_sentences_17_regular_fold10_83502-0-0-0_SNR-5dB.wav,16000,1.0864951610565186,-3.802229404449463,0.4240668714046478,2.2800545692443848,2.1583373888521367,1.7847598463360956,1.4153188104864871
