clean_file,enhanced_file,sampling_rate,PESQ,SI_SDR,STOI,DNSMOS_p808_mos,DNSMOS_mos_sig,DNSMOS_mos_bak,DNSMOS_mos_ovr
p102_sentences_02_whisper,WF_p102_sentences_02_whisper_fold10_162134-7-8-7_SNR-5dB.wav,16000,1.0275074243545532,-3.8915090560913086,0.27331745624542236,2.203477621078491,2.0255618050329063,1.4433226749096733,1.2631430690759933
