clean_file,enhanced_file,sampling_rate,PESQ,SI_SDR,STOI,DNSMOS_p808_mos,DNSMOS_mos_sig,DNSMOS_mos_bak,DNSMOS_mos_ovr
p101_rainbow_01_slow,WF_p101_rainbow_01_slow_fold10_115241-9-0-8_SNR-5dB.wav,16000,1.1158450841903687,-7.9694414138793945,0.49683526158332825,2.3830387592315674,3.0703181587498336,1.8547124418983272,2.0439099097392552
