clean_file,enhanced_file,sampling_rate,PESQ,SI_SDR,STOI,DNSMOS_p808_mos,DNSMOS_mos_sig,DNSMOS_mos_bak,DNSMOS_mos_ovr
p102_sentences_02_fast,WF_p102_sentences_02_fast_fold10_162134-7-8-1_SNR-5dB.wav,16000,1.037621259689331,-3.4898557662963867,0.552894651889801,2.239194631576538,3.148300847936454,1.508307941094349,1.713403251799451
