clean_file,enhanced_file,sampling_rate,PESQ,SI_SDR,STOI,DNSMOS_p808_mos,DNSMOS_mos_sig,DNSMOS_mos_bak,DNSMOS_mos_ovr
p105_sentences_22_regular,WF_p105_sentences_22_regular_fold10_83502-0-0-13_SNR-5dB.wav,16000,1.0634193420410156,-4.6640472412109375,0.40817099809646606,2.4568047182900563,3.3295239913462575,1.831140337728982,2.0991042447785655
