clean_file,enhanced_file,sampling_rate,PESQ,SI_SDR,STOI,DNSMOS_p808_mos,DNSMOS_mos_sig,DNSMOS_mos_bak,DNSMOS_mos_ovr
p101_sentences_18_regular,WF_p101_sentences_18_regular_fold10_14470-2-0-21_SNR-5dB.wav,16000,1.1988219022750854,-5.616730690002441,0.5912962555885315,2.584655284881592,3.580344672317655,1.9330464943393335,2.2227475823143683
