clean_file,enhanced_file,sampling_rate,PESQ,SI_SDR,STOI,DNSMOS_p808_mos,DNSMOS_mos_sig,DNSMOS_mos_bak,DNSMOS_mos_ovr
p102_sentences_02_lowpitch,WF_p102_sentences_02_lowpitch_fold10_162134-7-8-4_SNR-5dB.wav,16000,1.035757303237915,-3.1705262660980225,0.4989151656627655,2.2892588138580323,2.653943252177148,1.4561033581134195,1.5733501312301978
