clean_file,enhanced_file,sampling_rate,PESQ,SI_SDR,STOI,DNSMOS_p808_mos,DNSMOS_mos_sig,DNSMOS_mos_bak,DNSMOS_mos_ovr
p104_emo_guilt_sentences,WF_p104_emo_guilt_sentences_fold10_189982-0-0-45_SNR-5dB.wav,16000,1.081871747970581,-0.1823333203792572,0.578016996383667,2.4141266345977783,1.9880879434986907,2.1979105042727856,1.351611164155635
