clean_file,enhanced_file,sampling_rate,PESQ,SI_SDR,STOI,DNSMOS_p808_mos,DNSMOS_mos_sig,DNSMOS_mos_bak,DNSMOS_mos_ovr
p101_sentences_14_lowpitch,WF_p101_sentences_14_lowpitch_fold10_14468-3-1-0_SNR-5dB.wav,16000,1.376678705215454,-5.7539167404174805,0.775329053401947,2.9543896516164145,3.235934843840848,2.0395467782405206,2.07300011007318
