clean_file,enhanced_file,sampling_rate,PESQ,SI_SDR,STOI,DNSMOS_p808_mos,DNSMOS_mos_sig,DNSMOS_mos_bak,DNSMOS_mos_ovr
p103_rainbow_06_lowpitch,WF_p103_rainbow_06_lowpitch_fold10_180127-4-0-17_SNR-5dB.wav,16000,1.0578333139419556,2.31675124168396,0.5936897993087769,2.6449148654937744,3.50752547490774,2.262350860276233,2.3605793512931905
