clean_file,enhanced_file,sampling_rate,PESQ,SI_SDR,STOI,DNSMOS_p808_mos,DNSMOS_mos_sig,DNSMOS_mos_bak,DNSMOS_mos_ovr
p104_sentences_15_regular,WF_p104_sentences_15_regular_fold10_28808-1-1-0_SNR-5dB.wav,16000,1.0675270557403564,-2.1487016677856445,0.5618000030517578,2.3073214530944823,1.97226429211264,1.8170064818674265,1.3297065069035745
