clean_file,enhanced_file,sampling_rate,PESQ,SI_SDR,STOI,DNSMOS_p808_mos,DNSMOS_mos_sig,DNSMOS_mos_bak,DNSMOS_mos_ovr
p101_emo_confusion_sentences,WF_p101_emo_confusion_sentences_fold10_101382-2-0-10_SNR-5dB.wav,16000,1.1340887546539307,-4.545438766479492,0.39231958985328674,2.4969203812735423,3.801884895862525,1.6017331015333263,2.008419750220912
