clean_file,enhanced_file,sampling_rate,PESQ,SI_SDR,STOI,DNSMOS_p808_mos,DNSMOS_mos_sig,DNSMOS_mos_bak,DNSMOS_mos_ovr
p105_rainbow_01_slow,WF_p105_rainbow_01_slow_fold10_73524-0-0-54_SNR-5dB.wav,16000,1.0744009017944336,-3.7557780742645264,0.5451119542121887,2.2952662309010825,2.1750305108901413,2.2018116152372467,1.7298367686291114
