clean_file,enhanced_file,sampling_rate,PESQ,SI_SDR,STOI,DNSMOS_p808_mos,DNSMOS_mos_sig,DNSMOS_mos_bak,DNSMOS_mos_ovr
p101_sentences_02_loud,WF_p101_sentences_02_loud_fold10_136558-9-0-2_SNR-5dB.wav,16000,1.2048163414001465,-5.257033348083496,0.7455703616142273,2.533982038497925,3.670560918383476,1.3176121896496558,1.5877902507540345
