clean_file,enhanced_file,sampling_rate,PESQ,SI_SDR,STOI,DNSMOS_p808_mos,DNSMOS_mos_sig,DNSMOS_mos_bak,DNSMOS_mos_ovr
p102_sentences_01_highpitch,WF_p102_sentences_01_highpitch_fold10_162134-7-4-0_SNR-5dB.wav,16000,1.036949634552002,-4.216483116149902,0.515677809715271,2.3512179851531982,2.9001351125821295,1.3716857224658987,1.5673435614500022
