clean_file,enhanced_file,sampling_rate,PESQ,SI_SDR,STOI,DNSMOS_p808_mos,DNSMOS_mos_sig,DNSMOS_mos_bak,DNSMOS_mos_ovr
p106_rainbow_01_highpitch,WF_p106_rainbow_01_highpitch_fold10_99192-4-0-48_SNR-5dB.wav,16000,1.0276154279708862,-0.7981086373329163,0.46480366587638855,2.3797378540039062,2.4013025368922154,1.83965988595203,1.5062207410724262
