clean_file,enhanced_file,sampling_rate,PESQ,SI_SDR,STOI,DNSMOS_p808_mos,DNSMOS_mos_sig,DNSMOS_mos_bak,DNSMOS_mos_ovr
p101_rainbow_02_fast,WF_p101_rainbow_02_fast_fold10_115418-9-0-11_SNR-5dB.wav,16000,1.092315435409546,-5.418972492218018,0.583175539970398,2.4577882289886475,3.4122364088470634,1.65805347096415,1.8713893755141386
