clean_file,enhanced_file,sampling_rate,PESQ,SI_SDR,STOI,DNSMOS_p808_mos,DNSMOS_mos_sig,DNSMOS_mos_bak,DNSMOS_mos_ovr
p102_rainbow_08_highpitch,WF_p102_rainbow_08_highpitch_fold10_162134-7-17-0_SNR-5dB.wav,16000,1.021350383758545,-3.0396173000335693,0.5400882363319397,2.1048501219068254,3.1105894473788678,1.4658085378531016,1.65794119826235
