clean_file,enhanced_file,sampling_rate,PESQ,SI_SDR,STOI,DNSMOS_p808_mos,DNSMOS_mos_sig,DNSMOS_mos_bak,DNSMOS_mos_ovr
p102_rainbow_05_regular,WF_p102_rainbow_05_regular_fold10_162134-7-12-2_SNR-5dB.wav,16000,1.0292071104049683,-4.344560623168945,0.48307713866233826,2.1063235282897947,3.018900069843268,1.5320284185441102,1.4903395903382115
