clean_file,enhanced_file,sampling_rate,PESQ,SI_SDR,STOI,DNSMOS_p808_mos,DNSMOS_mos_sig,DNSMOS_mos_bak,DNSMOS_mos_ovr
p105_sentences_01_loud,WF_p105_sentences_01_loud_fold10_77927-3-0-1_SNR-5dB.wav,16000,1.190499186515808,-6.012508869171143,0.6934189200401306,2.540769338607788,3.8152771113981507,1.584395616104494,1.9603009467451877
