clean_file,enhanced_file,sampling_rate,PESQ,SI_SDR,STOI,DNSMOS_p808_mos,DNSMOS_mos_sig,DNSMOS_mos_bak,DNSMOS_mos_ovr
p101_nonverbal_yelling,WF_p101_nonverbal_yelling_fold10_106014-5-0-4_SNR-5dB.wav,16000,1.0556259155273438,2.5078084468841553,0.49711674451828003,2.239000082015991,2.8671823570032164,1.4606659703652725,1.5850003168596616
