clean_file,enhanced_file,sampling_rate,PESQ,SI_SDR,STOI,DNSMOS_p808_mos,DNSMOS_mos_sig,DNSMOS_mos_bak,DNSMOS_mos_ovr
p104_rainbow_01_slow,WF_p104_rainbow_01_slow_fold10_200460-6-1-0_SNR-5dB.wav,16000,1.151934266090393,-5.282681465148926,0.8197402954101562,3.4385926382882253,3.759081717599479,2.6658330716695886,2.5686351446800235
