clean_file,enhanced_file,sampling_rate,PESQ,SI_SDR,STOI,DNSMOS_p808_mos,DNSMOS_mos_sig,DNSMOS_mos_bak,DNSMOS_mos_ovr
p104_emo_desire_sentences,WF_p104_emo_desire_sentences_fold10_189982-0-0-23_SNR-5dB.wav,16000,1.0853451490402222,0.5424851179122925,0.598884642124176,2.198606014251709,1.6098969943260193,1.9124456861734804,1.3144134459858265
