clean_file,enhanced_file,sampling_rate,PESQ,SI_SDR,STOI,DNSMOS_p808_mos,DNSMOS_mos_sig,DNSMOS_mos_bak,DNSMOS_mos_ovr
p102_sentences_01_regular,WF_p102_sentences_01_regular_fold10_162134-7-7-0_SNR-5dB.wav,16000,1.0669399499893188,-4.927317142486572,0.48555681109428406,2.2548588514328003,3.507566206575804,1.5104911925748747,1.7625575159586215
