clean_file,enhanced_file,sampling_rate,PESQ,SI_SDR,STOI,DNSMOS_p808_mos,DNSMOS_mos_sig,DNSMOS_mos_bak,DNSMOS_mos_ovr
p105_rainbow_08_highpitch,WF_p105_rainbow_08_highpitch_fold10_77901-9-0-0_SNR-5dB.wav,16000,1.0430444478988647,-6.206397533416748,0.44258469343185425,2.2289229120526994,2.5723791925441515,1.6090573201831293,1.5009596981989464
