clean_file,enhanced_file,sampling_rate,PESQ,SI_SDR,STOI,DNSMOS_p808_mos,DNSMOS_mos_sig,DNSMOS_mos_bak,DNSMOS_mos_ovr
p105_sentences_06_loud,WF_p105_sentences_06_loud_fold10_83191-9-0-11_SNR-5dB.wav,16000,1.173763394355774,-3.108996868133545,0.6156672835350037,2.573249578475952,3.8827742492146267,1.7634364543869132,2.3134810664171908
