clean_file,enhanced_file,sampling_rate,PESQ,SI_SDR,STOI,DNSMOS_p808_mos,DNSMOS_mos_sig,DNSMOS_mos_bak,DNSMOS_mos_ovr
p104_nonverbal_crying,WF_p104_nonverbal_crying_fold10_197554-2-0-3_SNR-5dB.wav,16000,1.2040791511535645,3.1107916831970215,0.6523851752281189,2.3278627395629883,2.3492589356958105,2.2302291395336495,1.7382292088617692
