clean_file,enhanced_file,sampling_rate,PESQ,SI_SDR,STOI,DNSMOS_p808_mos,DNSMOS_mos_sig,DNSMOS_mos_bak,DNSMOS_mos_ovr
p101_rainbow_04_highpitch,WF_p101_rainbow_04_highpitch_fold10_118278-4-0-1_SNR-5dB.wav,16000,1.06437349319458,-3.863940477371216,0.5485419034957886,2.1899240016937256,2.820431552959589,1.5642577178638342,1.4654360630541412
