clean_file,enhanced_file,sampling_rate,PESQ,SI_SDR,STOI,DNSMOS_p808_mos,DNSMOS_mos_sig,DNSMOS_mos_bak,DNSMOS_mos_ovr
p104_rainbow_01_lowpitch,WF_p104_rainbow_01_lowpitch_fold10_199261-3-0-4_SNR-5dB.wav,16000,1.5097403526306152,-5.355677604675293,0.8031641840934753,3.6233617067337036,4.2133827256354515,2.874550052935737,3.07575712004503
