clean_file,enhanced_file,sampling_rate,PESQ,SI_SDR,STOI,DNSMOS_p808_mos,DNSMOS_mos_sig,DNSMOS_mos_bak,DNSMOS_mos_ovr
p102_rainbow_01_lowpitch,WF_p102_rainbow_01_lowpitch_fold10_159742-8-0-12_SNR-5dB.wav,16000,1.0484743118286133,-3.292426586151123,0.6481121182441711,2.9936201572418213,3.0815948087646845,2.015252447759697,2.028373967035869
