clean_file,enhanced_file,sampling_rate,PESQ,SI_SDR,STOI,DNSMOS_p808_mos,DNSMOS_mos_sig,DNSMOS_mos_bak,DNSMOS_mos_ovr
p105_rainbow_07_fast,WF_p105_rainbow_07_fast_fold10_74922-4-0-0_SNR-5dB.wav,16000,1.0636000633239746,-4.7239203453063965,0.595653235912323,2.158167634691511,3.8222101682025498,1.9932397174181768,2.4052520790485223
