clean_file,enhanced_file,sampling_rate,PESQ,SI_SDR,STOI,DNSMOS_p808_mos,DNSMOS_mos_sig,DNSMOS_mos_bak,DNSMOS_mos_ovr
p106_emo_sadness_sentences,WF_p106_emo_sadness_sentences_fold10_99192-4-0-17_SNR-5dB.wav,16000,1.066946029663086,-4.805675506591797,0.5292835831642151,2.212116320927938,3.0297264256247005,1.6902129523244185,1.6650791362828958
