clean_file,enhanced_file,sampling_rate,PESQ,SI_SDR,STOI,DNSMOS_p808_mos,DNSMOS_mos_sig,DNSMOS_mos_bak,DNSMOS_mos_ovr
p105_rainbow_07_whisper,WF_p105_rainbow_07_whisper_fold10_74922-4-0-6_SNR-5dB.wav,16000,1.0867277383804321,-5.065084457397461,0.4873533248901367,2.153261968067714,2.6963379056772845,1.8693820883551457,1.7718326156262205
