clean_file,enhanced_file,sampling_rate,PESQ,SI_SDR,STOI,DNSMOS_p808_mos,DNSMOS_mos_sig,DNSMOS_mos_bak,DNSMOS_mos_ovr
p102_emo_disappointment_sentences,WF_p102_emo_disappointment_sentences_fold10_155280-2-0-13_SNR-5dB.wav,16000,1.1652885675430298,-4.0670342445373535,0.519875705242157,2.9261858463287354,1.8085834152332427,2.211555040613035,1.3946399424509606
