clean_file,enhanced_file,sampling_rate,PESQ,SI_SDR,STOI,DNSMOS_p808_mos,DNSMOS_mos_sig,DNSMOS_mos_bak,DNSMOS_mos_ovr
p102_sentences_04_whisper,WF_p102_sentences_04_whisper_fold10_162134-7-9-1_SNR-5dB.wav,16000,1.02623450756073,-3.731294631958008,0.37705668807029724,2.1683438777923585,0.9297209121346238,1.6491460672808933,0.8220476984254133
