clean_file,enhanced_file,sampling_rate,PESQ,SI_SDR,STOI,DNSMOS_p808_mos,DNSMOS_mos_sig,DNSMOS_mos_bak,DNSMOS_mos_ovr
p102_emo_sadness_freeform,WF_p102_emo_sadness_freeform_fold10_15544-5-0-8_SNR-5dB.wav,16000,1.0965527296066284,0.6234949827194214,0.6951237320899963,2.273281063352312,3.3850757347571196,1.920932023371828,2.125391491091433
