clean_file,enhanced_file,sampling_rate,PESQ,SI_SDR,STOI,DNSMOS_p808_mos,DNSMOS_mos_sig,DNSMOS_mos_bak,DNSMOS_mos_ovr
p101_rainbow_04_slow,WF_p101_rainbow_04_slow_fold10_118278-4-0-13_SNR-5dB.wav,16000,1.0197868347167969,-4.695771217346191,0.49618542194366455,2.1741108496983848,1.7818396686687503,2.051798336026576,1.311757547149587
