clean_file,enhanced_file,sampling_rate,PESQ,SI_SDR,STOI,DNSMOS_p808_mos,DNSMOS_mos_sig,DNSMOS_mos_bak,DNSMOS_mos_ovr
p103_emo_embarassment_freeform,WF_p103_emo_embarassment_freeform_fold10_167464-0-0-21_SNR-5dB.wav,16000,1.079951286315918,-0.3205653727054596,0.582349419593811,2.401149272918701,1.9100302597972985,2.062004776251135,1.468514369431642
