clean_file,enhanced_file,sampling_rate,PESQ,SI_SDR,STOI,DNSMOS_p808_mos,DNSMOS_mos_sig,DNSMOS_mos_bak,DNSMOS_mos_ovr
p106_rainbow_01_lowpitch,WF_p106_rainbow_01_lowpitch_fold10_99192-4-0-52_SNR-5dB.wav,16000,1.030160665512085,-4.857941627502441,0.578677237033844,2.4591424465179443,4.273957589363711,1.8237592736363972,2.3194253913782994
