clean_file,enhanced_file,sampling_rate,PESQ,SI_SDR,STOI,DNSMOS_p808_mos,DNSMOS_mos_sig,DNSMOS_mos_bak,DNSMOS_mos_ovr
p101_sentences_02_whisper,WF_p101_sentences_02_whisper_fold10_136558-9-1-39_SNR-5dB.wav,16000,1.070604681968689,-6.803727626800537,0.3316730558872223,2.3168922901153564,1.3861238104122582,1.9433109841276592,1.2260523637532663
