clean_file,enhanced_file,sampling_rate,PESQ,SI_SDR,STOI,DNSMOS_p808_mos,DNSMOS_mos_sig,DNSMOS_mos_bak,DNSMOS_mos_ovr
p103_sentences_02_slow,WF_p103_sentences_02_slow_fold10_187110-2-0-30_SNR-5dB.wav,16000,1.15009605884552,-3.904900550842285,0.5054558515548706,2.501030783904226,2.570735365137923,2.1472394568346442,1.951160871236168
