clean_file,enhanced_file,sampling_rate,PESQ,SI_SDR,STOI,DNSMOS_p808_mos,DNSMOS_mos_sig,DNSMOS_mos_bak,DNSMOS_mos_ovr
p105_sentences_16_regular,WF_p105_sentences_16_regular_fold10_83195-9-0-7_SNR-5dB.wav,16000,1.134065866470337,-5.7561726570129395,0.35542333126068115,2.3074093546186174,2.191946259328477,1.7749028260023416,1.5310046498352443
