clean_file,enhanced_file,sampling_rate,PESQ,SI_SDR,STOI,DNSMOS_p808_mos,DNSMOS_mos_sig,DNSMOS_mos_bak,DNSMOS_mos_ovr
p104_emo_amusement_freeform,WF_p104_emo_amusement_freeform_fold10_188813-7-7-0_SNR-5dB.wav,16000,1.0316749811172485,-2.7714645862579346,0.6037507653236389,2.257075548171997,3.4393907347938173,1.4214220228892886,1.626641542239104
