clean_file,enhanced_file,sampling_rate,PESQ,SI_SDR,STOI,DNSMOS_p808_mos,DNSMOS_mos_sig,DNSMOS_mos_bak,DNSMOS_mos_ovr
p105_rainbow_08_whisper,WF_p105_rainbow_08_whisper_fold10_77901-9-0-6_SNR-5dB.wav,16000,1.0318914651870728,-8.673772811889648,0.3971153795719147,2.100684438432966,1.525620273731646,2.062798174645013,1.4628107543007929
