clean_file,enhanced_file,sampling_rate,PESQ,SI_SDR,STOI,DNSMOS_p808_mos,DNSMOS_mos_sig,DNSMOS_mos_bak,DNSMOS_mos_ovr
p103_sentences_10_fast,WF_p103_sentences_10_fast_fold10_187863-4-0-5_SNR-5dB.wav,16000,1.0271958112716675,-5.785834789276123,0.6662459969520569,2.35880708694458,3.4467020485764372,1.4290496692959715,1.5848425978902703
