clean_file,enhanced_file,sampling_rate,PESQ,SI_SDR,STOI,DNSMOS_p808_mos,DNSMOS_mos_sig,DNSMOS_mos_bak,DNSMOS_mos_ovr
p105_rainbow_01_highpitch,WF_p105_rainbow_01_highpitch_fold10_73524-0-0-31_SNR-5dB.wav,16000,1.0406831502914429,-1.6226930618286133,0.6090368628501892,2.4419257640838623,1.1113495632089945,2.136864871334533,1.0180279553580984
