clean_file,enhanced_file,sampling_rate,PESQ,SI_SDR,STOI,DNSMOS_p808_mos,DNSMOS_mos_sig,DNSMOS_mos_bak,DNSMOS_mos_ovr
p104_sentences_02_loud,WF_p104_sentences_02_loud_fold10_27070-2-0-3_SNR-5dB.wav,16000,1.0647567510604858,-3.1671998500823975,0.6134691834449768,2.244906084878104,3.607361746633076,1.5746098357334923,1.9398790602314213
