clean_file,enhanced_file,sampling_rate,PESQ,SI_SDR,STOI,DNSMOS_p808_mos,DNSMOS_mos_sig,DNSMOS_mos_bak,DNSMOS_mos_ovr
p105_sentences_01_whisper,WF_p105_sentences_01_whisper_fold10_7913-3-1-0_SNR-5dB.wav,16000,1.294998049736023,-6.961118698120117,0.5203396677970886,3.2481163910457065,2.996311968714321,3.998261717932995,2.6746453514883046
