clean_file,enhanced_file,sampling_rate,PESQ,SI_SDR,STOI,DNSMOS_p808_mos,DNSMOS_mos_sig,DNSMOS_mos_bak,DNSMOS_mos_ovr
p102_sentences_22_regular,WF_p102_sentences_22_regular_fold10_164377-9-1-43_SNR-5dB.wav,16000,1.05668306350708,-3.5176591873168945,0.5275796055793762,2.6991453965504966,2.2428261620148042,1.927243357409339,1.5102909120943349
