clean_file,enhanced_file,sampling_rate,PESQ,SI_SDR,STOI,DNSMOS_p808_mos,DNSMOS_mos_sig,DNSMOS_mos_bak,DNSMOS_mos_ovr
p105_rainbow_02_whisper,WF_p105_rainbow_02_whisper_fold10_73524-0-0-99_SNR-5dB.wav,16000,1.021351933479309,-4.153918266296387,0.49097660183906555,2.3175930976867676,1.2399805717996488,2.7279442862267222,1.131164260083758
