clean_file,enhanced_file,sampling_rate,PESQ,SI_SDR,STOI,DNSMOS_p808_mos,DNSMOS_mos_sig,DNSMOS_mos_bak,DNSMOS_mos_ovr
p102_rainbow_07_lowpitch,WF_p102_rainbow_07_lowpitch_fold10_162134-7-15-2_SNR-5dB.wav,16000,1.0269461870193481,-3.3635711669921875,0.5062482953071594,2.1609631538391114,2.678766706871732,1.4881503430999383,1.563329742393552
