clean_file,enhanced_file,sampling_rate,PESQ,SI_SDR,STOI,DNSMOS_p808_mos,DNSMOS_mos_sig,DNSMOS_mos_bak,DNSMOS_mos_ovr
p105_rainbow_08_slow,WF_p105_rainbow_08_slow_fold10_77901-9-0-4_SNR-5dB.wav,16000,1.0418781042099,-7.579780578613281,0.35715723037719727,2.2209536007472446,1.9003956685862298,1.9051377345360936,1.4462149929202046
