clean_file,enhanced_file,sampling_rate,PESQ,SI_SDR,STOI,DNSMOS_p808_mos,DNSMOS_mos_sig,DNSMOS_mos_bak,DNSMOS_mos_ovr
p103_sentences_23_regular,WF_p103_sentences_23_regular_fold10_188813-7-10-2_SNR-5dB.wav,16000,1.055983543395996,-2.9436471462249756,0.543380856513977,2.248535599027361,3.5322877863235216,1.5503949553570255,1.8473182357651885
