clean_file,enhanced_file,sampling_rate,PESQ,SI_SDR,STOI,DNSMOS_p808_mos,DNSMOS_mos_sig,DNSMOS_mos_bak,DNSMOS_mos_ovr
p101_sentences_07_slow,WF_p101_sentences_07_slow_fold10_138017-9-1-4_SNR-5dB.wav,16000,1.0942054986953735,-5.904896259307861,0.3237554132938385,2.248009409223284,1.3891548613570748,2.1043659022591314,1.1905810041046814
