clean_file,enhanced_file,sampling_rate,PESQ,SI_SDR,STOI,DNSMOS_p808_mos,DNSMOS_mos_sig,DNSMOS_mos_bak,DNSMOS_mos_ovr
p106_emo_confusion_sentences,WF_p106_emo_confusion_sentences_fold10_85574-3-0-2_SNR-5dB.wav,16000,1.1671741008758545,0.42294517159461975,0.6396043300628662,2.7460205214364186,2.547421613991826,2.0612404121504833,1.8758104217859017
