clean_file,enhanced_file,sampling_rate,PESQ,SI_SDR,STOI,DNSMOS_p808_mos,DNSMOS_mos_sig,DNSMOS_mos_bak,DNSMOS_mos_ovr
p105_melodic_happy_birthday,WF_p105_melodic_happy_birthday_fold10_73524-0-0-126_SNR-5dB.wav,16000,1.0630842447280884,-1.9596682786941528,0.4969962537288666,2.157651662826538,1.700406211138365,1.786301354761004,1.1325964521297873
