clean_file,enhanced_file,sampling_rate,PESQ,SI_SDR,STOI,DNSMOS_p808_mos,DNSMOS_mos_sig,DNSMOS_mos_bak,DNSMOS_mos_ovr
p101_rainbow_05_fast,WF_p101_rainbow_05_fast_fold10_118278-4-0-3_SNR-5dB.wav,16000,1.0637918710708618,-2.9803857803344727,0.6877199411392212,2.2315242290496826,2.623147212832834,1.796321077454607,1.6186058212552537
