clean_file,enhanced_file,sampling_rate,PESQ,SI_SDR,STOI,DNSMOS_p808_mos,DNSMOS_mos_sig,DNSMOS_mos_bak,DNSMOS_mos_ovr
p101_sentences_09_fast,WF_p101_sentences_09_fast_fold10_141240-5-0-0_SNR-5dB.wav,16000,1.1027497053146362,-1.4322075843811035,0.7173327207565308,2.3361148834228516,2.7736420233827572,2.154589829526989,1.9093294385296713
