clean_file,enhanced_file,sampling_rate,PESQ,SI_SDR,STOI,DNSMOS_p808_mos,DNSMOS_mos_sig,DNSMOS_mos_bak,DNSMOS_mos_ovr
p102_sentences_10_fast,WF_p102_sentences_10_fast_fold10_164194-2-0-10_SNR-5dB.wav,16000,1.1176960468292236,-5.565886497497559,0.6726255416870117,2.671931505203247,2.7987918147826543,1.5040298118362134,1.4641347775015459
