clean_file,enhanced_file,sampling_rate,PESQ,SI_SDR,STOI,DNSMOS_p808_mos,DNSMOS_mos_sig,DNSMOS_mos_bak,DNSMOS_mos_ovr
p105_emo_pride_sentences,WF_p105_emo_pride_sentences_fold10_71312-3-0-5_SNR-5dB.wav,16000,1.1690384149551392,-5.325925827026367,0.6460678577423096,2.8860690934317454,3.4443471877752976,1.7763419927068094,1.9756847158488078
