clean_file,enhanced_file,sampling_rate,PESQ,SI_SDR,STOI,DNSMOS_p808_mos,DNSMOS_mos_sig,DNSMOS_mos_bak,DNSMOS_mos_ovr
p102_emo_serenity_freeform,WF_p102_emo_serenity_freeform_fold10_157207-6-0-0_SNR-5dB.wav,16000,1.3199260234832764,-6.076785087585449,0.7935541868209839,3.213330030441284,3.6664035769406027,2.5702244014963544,2.526757383121136
