clean_file,enhanced_file,sampling_rate,PESQ,SI_SDR,STOI,DNSMOS_p808_mos,DNSMOS_mos_sig,DNSMOS_mos_bak,DNSMOS_mos_ovr
p104_rainbow_05_loud,WF_p104_rainbow_05_loud_fold10_20571-3-0-0_SNR-5dB.wav,16000,1.097799301147461,2.046509265899658,0.7430791258811951,2.427555663245065,4.001043908619595,2.0888042134313918,2.495285300440678
