clean_file,enhanced_file,sampling_rate,PESQ,SI_SDR,STOI,DNSMOS_p808_mos,DNSMOS_mos_sig,DNSMOS_mos_bak,DNSMOS_mos_ovr
p104_rainbow_08_loud,WF_p104_rainbow_08_loud_fold10_23218-5-0-0_SNR-5dB.wav,16000,1.0346529483795166,-2.545238494873047,0.6340491771697998,2.2604120799473355,1.9467695294308707,1.9849980070600513,1.547839538426505
