clean_file,enhanced_file,sampling_rate,PESQ,SI_SDR,STOI,DNSMOS_p808_mos,DNSMOS_mos_sig,DNSMOS_mos_bak,DNSMOS_mos_ovr
p101_rainbow_01_loud,WF_p101_rainbow_01_loud_fold10_115241-9-0-2_SNR-5dB.wav,16000,1.0594865083694458,-5.067502975463867,0.5515678524971008,2.655250242778233,3.0459755067579937,1.7464432285247022,2.050108421976599
