clean_file,enhanced_file,sampling_rate,PESQ,SI_SDR,STOI,DNSMOS_p808_mos,DNSMOS_mos_sig,DNSMOS_mos_bak,DNSMOS_mos_ovr
p103_rainbow_08_fast,WF_p103_rainbow_08_fast_fold10_180127-4-0-7_SNR-5dB.wav,16000,1.0575101375579834,0.2655370533466339,0.6530393362045288,2.776978015899658,2.2923333649583393,1.9539126642618594,1.538103475395307
