clean_file,enhanced_file,sampling_rate,PESQ,SI_SDR,STOI,DNSMOS_p808_mos,DNSMOS_mos_sig,DNSMOS_mos_bak,DNSMOS_mos_ovr
p101_sentences_01_highpitch,WF_p101_sentences_01_highpitch_fold10_129750-2-0-34_SNR-5dB.wav,16000,1.0652084350585938,-5.028257369995117,0.5585059523582458,2.253866195678711,2.941975383976553,1.742964742303443,1.8428445342718711
