clean_file,enhanced_file,sampling_rate,PESQ,SI_SDR,STOI,DNSMOS_p808_mos,DNSMOS_mos_sig,DNSMOS_mos_bak,DNSMOS_mos_ovr
p106_emo_pride_freeform,WF_p106_emo_pride_freeform_fold10_93567-8-0-8_SNR-5dB.wav,16000,1.0501086711883545,-2.923719644546509,0.49101418256759644,2.3204077993120467,1.537596450178281,1.8426943952639436,1.4029871840308137
