clean_file,enhanced_file,sampling_rate,PESQ,SI_SDR,STOI,DNSMOS_p808_mos,DNSMOS_mos_sig,DNSMOS_mos_bak,DNSMOS_mos_ovr
p104_sentences_17_regular,WF_p104_sentences_17_regular_fold10_2937-1-0-0_SNR-5dB.wav,16000,1.1129206418991089,1.1648917198181152,0.6590631008148193,2.5982889447893416,2.8583243825115123,1.5547187795923907,1.4467033987008076
