clean_file,enhanced_file,sampling_rate,PESQ,SI_SDR,STOI,DNSMOS_p808_mos,DNSMOS_mos_sig,DNSMOS_mos_bak,DNSMOS_mos_ovr
p102_emo_relief_sentences,WF_p102_emo_relief_sentences_fold10_15544-5-0-7_SNR-5dB.wav,16000,1.1020269393920898,0.08438016474246979,0.5773235559463501,2.296567678451538,2.994026769296378,1.8015649181036175,1.8480849917815627
