clean_file,enhanced_file,sampling_rate,PESQ,SI_SDR,STOI,DNSMOS_p808_mos,DNSMOS_mos_sig,DNSMOS_mos_bak,DNSMOS_mos_ovr
p102_rainbow_05_highpitch,WF_p102_rainbow_05_highpitch_fold10_162134-7-11-7_SNR-5dB.wav,16000,1.0261479616165161,-3.687422513961792,0.565813422203064,2.2652740478515625,2.881164665479397,1.4182120425782132,1.4351805479563664
