clean_file,enhanced_file,sampling_rate,PESQ,SI_SDR,STOI,DNSMOS_p808_mos,DNSMOS_mos_sig,DNSMOS_mos_bak,DNSMOS_mos_ovr
p106_emo_realization_freeform,WF_p106_emo_realization_freeform_fold10_97756-3-0-0_SNR-5dB.wav,16000,1.10751211643219,-5.139718532562256,0.5004357099533081,2.7515361309051514,4.009934639642971,1.769591989042297,2.1944818541737074
