clean_file,enhanced_file,sampling_rate,PESQ,SI_SDR,STOI,DNSMOS_p808_mos,DNSMOS_mos_sig,DNSMOS_mos_bak,DNSMOS_mos_ovr
p101_sentences_01_lowpitch,WF_p101_sentences_01_lowpitch_fold10_129750-2-0-37_SNR-5dB.wav,16000,1.1069549322128296,-5.1112260818481445,0.6203242540359497,2.197770833969116,3.525650628337683,1.466238653488648,1.6446994990302892
