clean_file,enhanced_file,sampling_rate,PESQ,SI_SDR,STOI,DNSMOS_p808_mos,DNSMOS_mos_sig,DNSMOS_mos_bak,DNSMOS_mos_ovr
p101_sentences_12_highpitch,WF_p101_sentences_12_highpitch_fold10_14468-3-0-2_SNR-5dB.wav,16000,1.111330509185791,-4.725393295288086,0.5585591793060303,2.2415552139282227,2.5948059048235064,1.8793229971901173,1.5799087595574226
