clean_file,enhanced_file,sampling_rate,PESQ,SI_SDR,STOI,DNSMOS_p808_mos,DNSMOS_mos_sig,DNSMOS_mos_bak,DNSMOS_mos_ovr
p104_emo_pain_freeform,WF_p104_emo_pain_freeform_fold10_189985-0-0-2_SNR-5dB.wav,16000,1.0764254331588745,2.1783459186553955,0.6040256023406982,2.316732168197632,2.848540625254714,2.0432527372426064,1.9681127233614673
