clean_file,enhanced_file,sampling_rate,PESQ,SI_SDR,STOI,DNSMOS_p808_mos,DNSMOS_mos_sig,DNSMOS_mos_bak,DNSMOS_mos_ovr
p104_sentences_12_highpitch,WF_p104_sentences_12_highpitch_fold10_28808-1-0-7_SNR-5dB.wav,16000,1.139817714691162,-4.887265205383301,0.5834989547729492,2.565227849142892,3.3273485747236395,1.398148045408955,1.532283049097802
