clean_file,enhanced_file,sampling_rate,PESQ,SI_SDR,STOI,DNSMOS_p808_mos,DNSMOS_mos_sig,DNSMOS_mos_bak,DNSMOS_mos_ovr
p102_nonverbal_laughter_closed,WF_p102_nonverbal_laughter_closed_fold10_157207-6-9-0_SNR-5dB.wav,16000,1.0988285541534424,-4.7518486976623535,0.7374697923660278,2.5612378120422363,2.149812049799538,2.6941711473458656,1.797483832061334
