clean_file,enhanced_file,sampling_rate,PESQ,SI_SDR,STOI,DNSMOS_p808_mos,DNSMOS_mos_sig,DNSMOS_mos_bak,DNSMOS_mos_ovr
p104_rainbow_03_fast,WF_p104_rainbow_03_fast_fold10_200786-5-1-3_SNR-5dB.wav,16000,1.027478814125061,-3.9623069763183594,0.5892688632011414,2.382559657096863,1.3985116826017499,1.9935489606926313,1.2126441537687314
