clean_file,enhanced_file,sampling_rate,PESQ,SI_SDR,STOI,DNSMOS_p808_mos,DNSMOS_mos_sig,DNSMOS_mos_bak,DNSMOS_mos_ovr
p105_nonverbal_laughter_open,WF_p105_nonverbal_laughter_open_fold10_73524-0-0-137_SNR-5dB.wav,16000,1.1514108180999756,2.1427807807922363,0.756502628326416,2.3616115706307546,2.8382251356081363,1.9629175202176359,1.7048765357906226
