clean_file,enhanced_file,sampling_rate,PESQ,SI_SDR,STOI,DNSMOS_p808_mos,DNSMOS_mos_sig,DNSMOS_mos_bak,DNSMOS_mos_ovr
p103_rainbow_08_regular,WF_p103_rainbow_08_regular_fold10_181624-4-1-0_SNR-5dB.wav,16000,1.0420688390731812,-0.6481009721755981,0.7315707802772522,2.2395899977002824,4.192876902578972,1.6716156089541652,2.2956140523669957
