clean_file,enhanced_file,sampling_rate,PESQ,SI_SDR,STOI,DNSMOS_p808_mos,DNSMOS_mos_sig,DNSMOS_mos_bak,DNSMOS_mos_ovr
p102_emo_fear_freeform,WF_p102_emo_fear_freeform_fold10_15544-5-0-10_SNR-5dB.wav,16000,1.0804417133331299,0.5511950254440308,0.6774889230728149,2.2655601978302,2.464546960348035,1.8575155408767625,1.5194299258257757
