clean_file,enhanced_file,sampling_rate,PESQ,SI_SDR,STOI,DNSMOS_p808_mos,DNSMOS_mos_sig,DNSMOS_mos_bak,DNSMOS_mos_ovr
p103_rainbow_05_fast,WF_p103_rainbow_05_fast_fold10_180127-4-0-0_SNR-5dB.wav,16000,1.070002794265747,-4.2389116287231445,0.6226264238357544,2.645681460698446,1.9949446777918407,2.082314725084764,1.4652463045660744
