clean_file,enhanced_file,sampling_rate,PESQ,SI_SDR,STOI,DNSMOS_p808_mos,DNSMOS_mos_sig,DNSMOS_mos_bak,DNSMOS_mos_ovr
p104_sentences_11_highpitch,WF_p104_sentences_11_highpitch_fold10_28808-1-0-6_SNR-5dB.wav,16000,1.1057207584381104,-5.152563571929932,0.6317468881607056,2.499839973449707,3.8116529970053152,1.5326734392813905,1.793679590784869
