clean_file,enhanced_file,sampling_rate,PESQ,SI_SDR,STOI,DNSMOS_p808_mos,DNSMOS_mos_sig,DNSMOS_mos_bak,DNSMOS_mos_ovr
p105_rainbow_06_regular,WF_p105_rainbow_06_regular_fold10_74364-8-1-7_SNR-5dB.wav,16000,1.0602809190750122,-4.578690052032471,0.5743845105171204,2.3933145999908447,1.9717908248458096,2.155073395497689,1.5888641902822853
