clean_file,enhanced_file,sampling_rate,PESQ,SI_SDR,STOI,DNSMOS_p808_mos,DNSMOS_mos_sig,DNSMOS_mos_bak,DNSMOS_mos_ovr
p104_rainbow_07_loud,WF_p104_rainbow_07_loud_fold10_209672-3-0-0_SNR-5dB.wav,16000,1.1805294752120972,-5.1892805099487305,0.7393801808357239,3.251640660422189,4.215362953605237,1.9701062399483926,2.464943762147223
