clean_file,enhanced_file,sampling_rate,PESQ,SI_SDR,STOI,DNSMOS_p808_mos,DNSMOS_mos_sig,DNSMOS_mos_bak,DNSMOS_mos_ovr
p102_vegetative_sneezing,WF_p102_vegetative_sneezing_fold10_165166-8-0-1_SNR-5dB.wav,16000,1.4125629663467407,-4.884374141693115,0.715489387512207,2.903081258138021,3.639940253692599,1.7059353692858419,1.9924753359537482
