clean_file,enhanced_file,sampling_rate,PESQ,SI_SDR,STOI,DNSMOS_p808_mos,DNSMOS_mos_sig,DNSMOS_mos_bak,DNSMOS_mos_ovr
p102_rainbow_07_fast,WF_p102_rainbow_07_fast_fold10_162134-7-14-2_SNR-5dB.wav,16000,1.023727297782898,-4.741697788238525,0.5071094632148743,2.015300989151001,2.688854278784606,1.536118860284844,1.5420831059188296
