clean_file,enhanced_file,sampling_rate,PESQ,SI_SDR,STOI,DNSMOS_p808_mos,DNSMOS_mos_sig,DNSMOS_mos_bak,DNSMOS_mos_ovr
p101_rainbow_01_highpitch,WF_p101_rainbow_01_highpitch_fold10_115241-9-0-14_SNR-5dB.wav,16000,1.0446683168411255,-4.064767837524414,0.5985251665115356,2.33431609471639,2.3426040792956297,1.6715824504230519,1.4534567599304016
