clean_file,enhanced_file,sampling_rate,PESQ,SI_SDR,STOI,DNSMOS_p808_mos,DNSMOS_mos_sig,DNSMOS_mos_bak,DNSMOS_mos_ovr
p102_rainbow_01_highpitch,WF_p102_rainbow_01_highpitch_fold10_159742-8-0-10_SNR-5dB.wav,16000,1.1632415056228638,-4.464496612548828,0.7680991291999817,3.1331231594085693,3.2196817376390907,1.559714366160549,1.528561046337935
