clean_file,enhanced_file,sampling_rate,PESQ,SI_SDR,STOI,DNSMOS_p808_mos,DNSMOS_mos_sig,DNSMOS_mos_bak,DNSMOS_mos_ovr
p104_rainbow_02_whisper,WF_p104_rainbow_02_whisper_fold10_200786-5-1-2_SNR-5dB.wav,16000,1.0338973999023438,-3.8677403926849365,0.4156459867954254,2.4986698627471924,1.0334342715913503,2.646968471941519,1.0963007837446013
