clean_file,enhanced_file,sampling_rate,PESQ,SI_SDR,STOI,DNSMOS_p808_mos,DNSMOS_mos_sig,DNSMOS_mos_bak,DNSMOS_mos_ovr
p105_rainbow_04_regular,WF_p105_rainbow_04_regular_fold10_74364-8-1-19_SNR-5dB.wav,16000,1.0463029146194458,-6.401004314422607,0.6516335606575012,2.1960786410740445,3.713525069651689,1.8674921316464062,2.3304864939189853
