clean_file,enhanced_file,sampling_rate,PESQ,SI_SDR,STOI,DNSMOS_p808_mos,DNSMOS_mos_sig,DNSMOS_mos_bak,DNSMOS_mos_ovr
p103_rainbow_08_highpitch,WF_p103_rainbow_08_highpitch_fold10_180127-4-0-8_SNR-5dB.wav,16000,1.0394842624664307,2.643204927444458,0.48915261030197144,2.612476280757359,2.8490424426962284,2.5687885453847246,2.3273370978651013
