clean_file,enhanced_file,sampling_rate,PESQ,SI_SDR,STOI,DNSMOS_p808_mos,DNSMOS_mos_sig,DNSMOS_mos_bak,DNSMOS_mos_ovr
p105_rainbow_06_slow,WF_p105_rainbow_06_slow_fold10_74364-8-1-8_SNR-5dB.wav,16000,1.0719541311264038,-8.39645767211914,0.583289384841919,2.620551688330514,1.8298147715850295,2.0890392983259742,1.4452127204830594
