clean_file,enhanced_file,sampling_rate,PESQ,SI_SDR,STOI,DNSMOS_p808_mos,DNSMOS_mos_sig,DNSMOS_mos_bak,DNSMOS_mos_ovr
p105_sentences_20_regular,WF_p105_sentences_20_regular_fold10_83502-0-0-11_SNR-5dB.wav,16000,1.0786981582641602,-3.93122935295105,0.43111366033554077,2.4003307478768483,2.8165014501855583,1.8458239511372583,1.8393432205351006
