clean_file,enhanced_file,sampling_rate,PESQ,SI_SDR,STOI,DNSMOS_p808_mos,DNSMOS_mos_sig,DNSMOS_mos_bak,DNSMOS_mos_ovr
p102_interjection_filler,WF_p102_interjection_filler_fold10_157207-6-4-0_SNR-5dB.wav,16000,1.1513121128082275,-4.713456153869629,0.4764026701450348,2.758548378944397,3.739368131445725,1.9165233169626623,2.2304644429264355
