clean_file,enhanced_file,sampling_rate,PESQ,SI_SDR,STOI,DNSMOS_p808_mos,DNSMOS_mos_sig,DNSMOS_mos_bak,DNSMOS_mos_ovr
p102_emo_contentment_sentences,WF_p102_emo_contentment_sentences_fold10_155262-2-0-21_SNR-5dB.wav,16000,1.100992202758789,-4.245125770568848,0.49073275923728943,2.4653419971466066,1.0201575133012022,1.7807680198216578,1.0293294756099525
