clean_file,enhanced_file,sampling_rate,PESQ,SI_SDR,STOI,DNSMOS_p808_mos,DNSMOS_mos_sig,DNSMOS_mos_bak,DNSMOS_mos_ovr
p104_rainbow_08_whisper,WF_p104_rainbow_08_whisper_fold10_25037-6-1-0_SNR-5dB.wav,16000,1.056903600692749,-7.388391494750977,0.43320271372795105,2.8314754281725203,1.4416344478439231,2.1967015630145172,1.2150393305422134
