clean_file,enhanced_file,sampling_rate,PESQ,SI_SDR,STOI,DNSMOS_p808_mos,DNSMOS_mos_sig,DNSMOS_mos_bak,DNSMOS_mos_ovr
p102_rainbow_03_loud,WF_p102_rainbow_03_loud_fold10_162134-7-0-2_SNR-5dB.wav,16000,1.0272387266159058,-2.1800711154937744,0.6008235216140747,2.151113748550415,2.6916524785756266,1.4410580433197346,1.5177008196365016
