clean_file,enhanced_file,sampling_rate,PESQ,SI_SDR,STOI,DNSMOS_p808_mos,DNSMOS_mos_sig,DNSMOS_mos_bak,DNSMOS_mos_ovr
p102_rainbow_03_whisper,WF_p102_rainbow_03_whisper_fold10_162134-7-10-2_SNR-5dB.wav,16000,1.02616286277771,-5.296018123626709,0.3378051221370697,2.2558874130249023,1.6522455322837222,1.6394262946906661,1.1453359164807098
