clean_file,enhanced_file,sampling_rate,PESQ,SI_SDR,STOI,DNSMOS_p808_mos,DNSMOS_mos_sig,DNSMOS_mos_bak,DNSMOS_mos_ovr
p104_sentences_01_regular,WF_p104_sentences_01_regular_fold10_26255-3-8-0_SNR-5dB.wav,16000,1.083560824394226,1.1400617361068726,0.54351806640625,2.445121560777937,3.8551494221092093,1.8276567971800957,2.336269288013707
