clean_file,enhanced_file,sampling_rate,PESQ,SI_SDR,STOI,DNSMOS_p808_mos,DNSMOS_mos_sig,DNSMOS_mos_bak,DNSMOS_mos_ovr
p103_rainbow_01_slow,WF_p103_rainbow_01_slow_fold10_175842-1-0-0_SNR-5dB.wav,16000,1.052635669708252,-3.188194990158081,0.49083125591278076,2.213339885075887,3.212464370441072,1.524169143716696,1.7525223048520422
