clean_file,enhanced_file,sampling_rate,PESQ,SI_SDR,STOI,DNSMOS_p808_mos,DNSMOS_mos_sig,DNSMOS_mos_bak,DNSMOS_mos_ovr
p101_rainbow_08_loud,WF_p101_rainbow_08_loud_fold10_128240-3-0-42_SNR-5dB.wav,16000,1.1679444313049316,-5.211224555969238,0.6811747550964355,3.0960253874460855,4.145555942105513,1.4702493475460587,1.9136729476356045
