clean_file,enhanced_file,sampling_rate,PESQ,SI_SDR,STOI,DNSMOS_p808_mos,DNSMOS_mos_sig,DNSMOS_mos_bak,DNSMOS_mos_ovr
p105_rainbow_07_highpitch,WF_p105_rainbow_07_highpitch_fold10_74922-4-0-1_SNR-5dB.wav,16000,1.0311553478240967,-1.027998685836792,0.507300615310669,2.310417447771345,3.0267542655956734,2.106997080799754,2.028692759286778
