clean_file,enhanced_file,sampling_rate,PESQ,SI_SDR,STOI,DNSMOS_p808_mos,DNSMOS_mos_sig,DNSMOS_mos_bak,DNSMOS_mos_ovr
p105_rainbow_07_regular,WF_p105_rainbow_07_regular_fold10_74922-4-0-4_SNR-5dB.wav,16000,1.0502960681915283,1.4329171180725098,0.5978123545646667,2.347276040485927,3.4251501057985814,1.9737810805584488,2.1632236520932957
