clean_file,enhanced_file,sampling_rate,PESQ,SI_SDR,STOI,DNSMOS_p808_mos,DNSMOS_mos_sig,DNSMOS_mos_bak,DNSMOS_mos_ovr
p104_sentences_18_regular,WF_p104_sentences_18_regular_fold10_30344-3-0-0_SNR-5dB.wav,16000,1.3567535877227783,-5.019069194793701,0.6659062504768372,3.165710312979562,3.9956138160272583,1.8174324453041042,2.140612622768577
