clean_file,enhanced_file,sampling_rate,PESQ,SI_SDR,STOI,DNSMOS_p808_mos,DNSMOS_mos_sig,DNSMOS_mos_bak,DNSMOS_mos_ovr
p105_sentences_01_fast,WF_p105_sentences_01_fast_fold10_77901-9-0-7_SNR-5dB.wav,16000,1.036698818206787,-4.598894119262695,0.5175982117652893,2.127415895462036,2.0994927750297347,1.7055176402914527,1.3475045029200885
