clean_file,enhanced_file,sampling_rate,PESQ,SI_SDR,STOI,DNSMOS_p808_mos,DNSMOS_mos_sig,DNSMOS_mos_bak,DNSMOS_mos_ovr
p105_rainbow_04_slow,WF_p105_rainbow_04_slow_fold10_74364-8-1-2_SNR-5dB.wav,16000,1.0438905954360962,-8.391216278076172,0.6270130276679993,2.783088309424264,2.5585637399415875,2.319063081585361,1.8964039943317472
