clean_file,enhanced_file,sampling_rate,PESQ,SI_SDR,STOI,DNSMOS_p808_mos,DNSMOS_mos_sig,DNSMOS_mos_bak,DNSMOS_mos_ovr
p104_rainbow_05_lowpitch,WF_p104_rainbow_05_lowpitch_fold10_20571-3-1-0_SNR-5dB.wav,16000,1.0657871961593628,0.14969097077846527,0.770466148853302,2.640054021562849,4.178452087282331,2.0508069218810054,2.600039287491859
