clean_file,enhanced_file,sampling_rate,PESQ,SI_SDR,STOI,DNSMOS_p808_mos,DNSMOS_mos_sig,DNSMOS_mos_bak,DNSMOS_mos_ovr
p105_sentences_01_regular,WF_p105_sentences_01_regular_fold10_77927-3-1-1_SNR-5dB.wav,16000,1.1615631580352783,-6.237831115722656,0.4699978530406952,2.3826625823974608,3.1654014278663136,1.5599163445896689,1.7238689247104808
