clean_file,enhanced_file,sampling_rate,PESQ,SI_SDR,STOI,DNSMOS_p808_mos,DNSMOS_mos_sig,DNSMOS_mos_bak,DNSMOS_mos_ovr
p103_rainbow_03_regular,WF_p103_rainbow_03_regular_fold10_178826-2-0-10_SNR-5dB.wav,16000,1.090723991394043,-4.651865005493164,0.519436776638031,2.3863326822008406,3.284867416303585,1.775410231895792,1.9277721507360663
