clean_file,enhanced_file,sampling_rate,PESQ,SI_SDR,STOI,DNSMOS_p808_mos,DNSMOS_mos_sig,DNSMOS_mos_bak,DNSMOS_mos_ovr
p101_rainbow_03_loud,WF_p101_rainbow_03_loud_fold10_117889-9-0-20_SNR-5dB.wav,16000,1.068430781364441,-4.403570652008057,0.6850026249885559,2.472910165786743,2.716943033230508,1.5309974479414081,1.456736270372909
