clean_file,enhanced_file,sampling_rate,PESQ,SI_SDR,STOI,DNSMOS_p808_mos,DNSMOS_mos_sig,DNSMOS_mos_bak,DNSMOS_mos_ovr
p105_rainbow_06_fast,WF_p105_rainbow_06_fast_fold10_74364-8-1-3_SNR-5dB.wav,16000,1.0469931364059448,-6.795386791229248,0.6609518527984619,2.6277658939361572,3.5393885456365735,2.175144091019737,2.388210757696854
