clean_file,enhanced_file,sampling_rate,PESQ,SI_SDR,STOI,DNSMOS_p808_mos,DNSMOS_mos_sig,DNSMOS_mos_bak,DNSMOS_mos_ovr
p103_sentences_15_regular,WF_p103_sentences_15_regular_fold10_188497-2-0-19_SNR-5dB.wav,16000,1.097409725189209,-2.183518648147583,0.443084716796875,2.3074849605560304,1.1728741054571612,1.7829389381563445,1.0036894115379393
