clean_file,enhanced_file,sampling_rate,PESQ,SI_SDR,STOI,DNSMOS_p808_mos,DNSMOS_mos_sig,DNSMOS_mos_bak,DNSMOS_mos_ovr
p105_rainbow_05_regular,WF_p105_rainbow_05_regular_fold10_74364-8-1-25_SNR-5dB.wav,16000,1.086785078048706,-6.150066375732422,0.6413393020629883,2.388151373182024,3.474603635478805,1.56908766205251,1.7833715360842421
