clean_file,enhanced_file,sampling_rate,PESQ,SI_SDR,STOI,DNSMOS_p808_mos,DNSMOS_mos_sig,DNSMOS_mos_bak,DNSMOS_mos_ovr
p101_sentences_24_regular,WF_p101_sentences_24_regular_fold10_146244-4-0-0_SNR-5dB.wav,16000,1.0454485416412354,-6.239940643310547,0.5628678202629089,2.457272529602051,4.279441051884715,2.007605304903022,2.555670664443209
