clean_file,enhanced_file,sampling_rate,PESQ,SI_SDR,STOI,DNSMOS_p808_mos,DNSMOS_mos_sig,DNSMOS_mos_bak,DNSMOS_mos_ovr
p103_vegetative_throat,WF_p103_vegetative_throat_fold10_188813-7-13-0_SNR-5dB.wav,16000,1.131349802017212,-3.685795783996582,0.4009411931037903,2.2974019050598145,2.421186514126183,1.4119700993387567,1.4342071717632283
