clean_file,enhanced_file,sampling_rate,PESQ,SI_SDR,STOI,DNSMOS_p808_mos,DNSMOS_mos_sig,DNSMOS_mos_bak,DNSMOS_mos_ovr
p103_rainbow_06_regular,WF_p103_rainbow_06_regular_fold10_180127-4-0-18_SNR-5dB.wav,16000,1.0664985179901123,1.7780897617340088,0.658179759979248,2.637868547439575,2.3627433216797784,2.0211566312465647,1.5405887690356617
