clean_file,enhanced_file,sampling_rate,PESQ,SI_SDR,STOI,DNSMOS_p808_mos,DNSMOS_mos_sig,DNSMOS_mos_bak,DNSMOS_mos_ovr
p104_rainbow_06_whisper,WF_p104_rainbow_06_whisper_fold10_208652-8-2-0_SNR-5dB.wav,16000,1.0267502069473267,-5.56285285949707,0.43527743220329285,2.4915916442871096,1.5351059343591775,2.337987400409334,1.3178412042027088
