clean_file,enhanced_file,sampling_rate,PESQ,SI_SDR,STOI,DNSMOS_p808_mos,DNSMOS_mos_sig,DNSMOS_mos_bak,DNSMOS_mos_ovr
p103_rainbow_03_whisper,WF_p103_rainbow_03_whisper_fold10_178826-2-0-14_SNR-5dB.wav,16000,1.080355167388916,-8.54310417175293,0.24907511472702026,2.196028028215681,1.690001609098378,2.3886768575944197,1.680064289721556
