clean_file,enhanced_file,sampling_rate,PESQ,SI_SDR,STOI,DNSMOS_p808_mos,DNSMOS_mos_sig,DNSMOS_mos_bak,DNSMOS_mos_ovr
p106_rainbow_01_loud,WF_p106_rainbow_01_loud_fold10_99192-4-0-49_SNR-5dB.wav,16000,1.0338342189788818,-1.3892550468444824,0.5839163064956665,2.272012710571289,2.491865812064739,1.7740255440003707,1.4910009054955016
