clean_file,enhanced_file,sampling_rate,PESQ,SI_SDR,STOI,DNSMOS_p808_mos,DNSMOS_mos_sig,DNSMOS_mos_bak,DNSMOS_mos_ovr
p105_rainbow_01_loud,WF_p105_rainbow_01_loud_fold10_73524-0-0-32_SNR-5dB.wav,16000,1.1183916330337524,-0.6061132550239563,0.6599766612052917,2.535814046859741,2.1472944704993013,1.9715019590731193,1.5160507278481967
