clean_file,enhanced_file,sampling_rate,PESQ,SI_SDR,STOI,DNSMOS_p808_mos,DNSMOS_mos_sig,DNSMOS_mos_bak,DNSMOS_mos_ovr
p101_rainbow_04_regular,WF_p101_rainbow_04_regular_fold10_118278-4-0-12_SNR-5dB.wav,16000,1.0357894897460938,-2.5880179405212402,0.5174080729484558,2.154700597127279,2.313261908908737,1.9260055506330183,1.5854013457537235
