clean_file,enhanced_file,sampling_rate,PESQ,SI_SDR,STOI,DNSMOS_p808_mos,DNSMOS_mos_sig,DNSMOS_mos_bak,DNSMOS_mos_ovr
p105_emo_desire_sentences,WF_p105_emo_desire_sentences_fold10_41306-3-0-13_SNR-5dB.wav,16000,1.1490752696990967,-3.484511613845825,0.5016703009605408,2.798010766506195,3.1262120526192514,2.580636184513268,2.314632652860071
