clean_file,enhanced_file,sampling_rate,PESQ,SI_SDR,STOI,DNSMOS_p808_mos,DNSMOS_mos_sig,DNSMOS_mos_bak,DNSMOS_mos_ovr
p103_emo_amusement_freeform,WF_p103_emo_amusement_freeform_fold10_165166-8-0-8_SNR-5dB.wav,16000,1.1115447282791138,-5.076472759246826,0.6784546971321106,2.407260298728943,3.96209750791612,1.634624989003066,2.0306544617536617
