clean_file,enhanced_file,sampling_rate,PESQ,SI_SDR,STOI,DNSMOS_p808_mos,DNSMOS_mos_sig,DNSMOS_mos_bak,DNSMOS_mos_ovr
p102_sentences_24_regular,WF_p102_sentences_24_regular_fold10_164377-9-1-92_SNR-5dB.wav,16000,1.1006489992141724,-4.20380973815918,0.5371960997581482,2.4735984802246094,2.5391955722323667,2.111145058739714,1.7973174404784693
