clean_file,enhanced_file,sampling_rate,PESQ,SI_SDR,STOI,DNSMOS_p808_mos,DNSMOS_mos_sig,DNSMOS_mos_bak,DNSMOS_mos_ovr
p102_sentences_16_regular,WF_p102_sentences_16_regular_fold10_164194-2-0-29_SNR-5dB.wav,16000,1.151807427406311,-5.2242045402526855,0.5526025295257568,2.5839602947235107,3.35075261067362,1.8000013358145357,2.0968195813787984
