clean_file,enhanced_file,sampling_rate,PESQ,SI_SDR,STOI,DNSMOS_p808_mos,DNSMOS_mos_sig,DNSMOS_mos_bak,DNSMOS_mos_ovr
p103_rainbow_02_fast,WF_p103_rainbow_02_fast_fold10_178261-7-0-0_SNR-5dB.wav,16000,1.0256001949310303,-4.704598426818848,0.6270354986190796,2.263876438140869,4.118474336568285,2.023931865084716,2.494010433021076
