clean_file,enhanced_file,sampling_rate,PESQ,SI_SDR,STOI,DNSMOS_p808_mos,DNSMOS_mos_sig,DNSMOS_mos_bak,DNSMOS_mos_ovr
p101_rainbow_02_loud,WF_p101_rainbow_02_loud_fold10_115418-9-0-15_SNR-5dB.wav,16000,1.050280213356018,-4.163971424102783,0.5694620609283447,2.3949735164642334,3.266552077353224,1.6436385178824948,1.952962793661106
