clean_file,enhanced_file,sampling_rate,PESQ,SI_SDR,STOI,DNSMOS_p808_mos,DNSMOS_mos_sig,DNSMOS_mos_bak,DNSMOS_mos_ovr
p103_sentences_01_regular,WF_p103_sentences_01_regular_fold10_181624-4-6-0_SNR-5dB.wav,16000,1.0597693920135498,-5.178465843200684,0.5478962659835815,2.4859920910426547,4.25129073477049,1.8693230309322595,2.1540190984682885
