clean_file,enhanced_file,sampling_rate,PESQ,SI_SDR,STOI,DNSMOS_p808_mos,DNSMOS_mos_sig,DNSMOS_mos_bak,DNSMOS_mos_ovr
p104_emo_fear_sentences,WF_p104_emo_fear_sentences_fold10_189982-0-0-43_SNR-5dB.wav,16000,1.1307437419891357,1.7899585962295532,0.5422430634498596,2.2868511279424033,1.7645450261498998,2.0013429789545025,1.4467873164042127
