clean_file,enhanced_file,sampling_rate,PESQ,SI_SDR,STOI,DNSMOS_p808_mos,DNSMOS_mos_sig,DNSMOS_mos_bak,DNSMOS_mos_ovr
p103_emo_interest_sentences,WF_p103_emo_interest_sentences_fold10_167464-0-0-8_SNR-5dB.wav,16000,1.102587103843689,-0.6218398213386536,0.3864952325820923,2.4144699573516846,2.0313161867378136,1.911142480682096,1.465292989455075
