clean_file,enhanced_file,sampling_rate,PESQ,SI_SDR,STOI,DNSMOS_p808_mos,DNSMOS_mos_sig,DNSMOS_mos_bak,DNSMOS_mos_ovr
p102_sentences_08_slow,WF_p102_sentences_08_slow_fold10_162148-3-0-0_SNR-5dB.wav,16000,1.175367832183838,-5.30971622467041,0.6980856657028198,3.49284405708313,4.038605176781845,1.7978051422339227,2.2488764615022743
