clean_file,enhanced_file,sampling_rate,PESQ,SI_SDR,STOI,DNSMOS_p808_mos,DNSMOS_mos_sig,DNSMOS_mos_bak,DNSMOS_mos_ovr
p103_sentences_17_regular,WF_p103_sentences_17_regular_fold10_188497-2-0-23_SNR-5dB.wav,16000,1.0683327913284302,-1.9621045589447021,0.42601272463798523,2.3428538186209544,1.6429777489598558,1.7791181657222144,1.22271144314413
