clean_file,enhanced_file,sampling_rate,PESQ,SI_SDR,STOI,DNSMOS_p808_mos,DNSMOS_mos_sig,DNSMOS_mos_bak,DNSMOS_mos_ovr
p105_emo_relief_freeform,WF_p105_emo_relief_freeform_fold10_72220-3-2-3_SNR-5dB.wav,16000,1.166917324066162,-5.624709129333496,0.4016001522541046,2.4558478593826294,2.966660646387527,1.9737830473215416,2.0404894580832824
