clean_file,enhanced_file,sampling_rate,PESQ,SI_SDR,STOI,DNSMOS_p808_mos,DNSMOS_mos_sig,DNSMOS_mos_bak,DNSMOS_mos_ovr
p104_rainbow_08_lowpitch,WF_p104_rainbow_08_lowpitch_fold10_24076-1-0-0_SNR-5dB.wav,16000,1.0524611473083496,-5.866675853729248,0.5893900990486145,2.446323905672346,3.558349079774956,1.7183754421019215,1.924801705250444
