clean_file,enhanced_file,sampling_rate,PESQ,SI_SDR,STOI,DNSMOS_p808_mos,DNSMOS_mos_sig,DNSMOS_mos_bak,DNSMOS_mos_ovr
p101_rainbow_01_whisper,WF_p101_rainbow_01_whisper_fold10_115241-9-0-9_SNR-5dB.wav,16000,1.0301192998886108,-8.871936798095703,0.5162765979766846,2.253596305847168,2.238228309237931,2.009972874693783,1.863886177652927
