clean_file,enhanced_file,sampling_rate,PESQ,SI_SDR,STOI,DNSMOS_p808_mos,DNSMOS_mos_sig,DNSMOS_mos_bak,DNSMOS_mos_ovr
p102_rainbow_03_lowpitch,WF_p102_rainbow_03_lowpitch_fold10_162134-7-1-0_SNR-5dB.wav,16000,1.044224500656128,-5.293221473693848,0.5369372367858887,2.4774460792541504,2.905645944763618,1.831880256466479,1.7216659782235308
