clean_file,enhanced_file,sampling_rate,PESQ,SI_SDR,STOI,DNSMOS_p808_mos,DNSMOS_mos_sig,DNSMOS_mos_bak,DNSMOS_mos_ovr
p104_rainbow_08_regular,WF_p104_rainbow_08_regular_fold10_24076-1-1-0_SNR-5dB.wav,16000,1.0860579013824463,-5.300961017608643,0.6360802054405212,2.4483647687094554,3.5411936295696727,1.6831199742915275,1.9023611805910345
