clean_file,enhanced_file,sampling_rate,PESQ,SI_SDR,STOI,DNSMOS_p808_mos,DNSMOS_mos_sig,DNSMOS_mos_bak,DNSMOS_mos_ovr
p101_sentences_13_lowpitch,WF_p101_sentences_13_lowpitch_fold10_14468-3-0-3_SNR-5dB.wav,16000,1.1585032939910889,-4.829720497131348,0.6360559463500977,2.4338231881459556,2.587606987346705,1.7389652351949039,1.5805281990261946
