clean_file,enhanced_file,sampling_rate,PESQ,SI_SDR,STOI,DNSMOS_p808_mos,DNSMOS_mos_sig,DNSMOS_mos_bak,DNSMOS_mos_ovr
p102_rainbow_05_fast,WF_p102_rainbow_05_fast_fold10_162134-7-11-6_SNR-5dB.wav,16000,1.0283981561660767,-3.5168204307556152,0.49569663405418396,2.0739328861236572,3.266428474042245,1.4915768495612989,1.5593150899454096
