clean_file,enhanced_file,sampling_rate,PESQ,SI_SDR,STOI,DNSMOS_p808_mos,DNSMOS_mos_sig,DNSMOS_mos_bak,DNSMOS_mos_ovr
p102_rainbow_02_slow,WF_p102_rainbow_02_slow_fold10_159742-8-0-8_SNR-5dB.wav,16000,1.092042326927185,-5.3612141609191895,0.7582748532295227,3.4880897998809814,4.1265579342773355,1.8389614317395662,2.3257065978990332
