clean_file,enhanced_file,sampling_rate,PESQ,SI_SDR,STOI,DNSMOS_p808_mos,DNSMOS_mos_sig,DNSMOS_mos_bak,DNSMOS_mos_ovr
p103_rainbow_04_fast,WF_p103_rainbow_04_fast_fold10_178826-2-0-16_SNR-5dB.wav,16000,1.0698779821395874,-4.95416259765625,0.6324724555015564,2.3261138995488486,3.7378019559020337,1.6466940746295327,1.9425481867752408
