clean_file,enhanced_file,sampling_rate,PESQ,SI_SDR,STOI,DNSMOS_p808_mos,DNSMOS_mos_sig,DNSMOS_mos_bak,DNSMOS_mos_ovr
p101_sentences_01_regular,WF_p101_sentences_01_regular_fold10_129750-2-0-4_SNR-5dB.wav,16000,1.2680100202560425,-6.322549819946289,0.6069614291191101,2.676145553588867,3.2306190643069073,1.751708127796243,1.9625836010074278
