clean_file,enhanced_file,sampling_rate,PESQ,SI_SDR,STOI,DNSMOS_p808_mos,DNSMOS_mos_sig,DNSMOS_mos_bak,DNSMOS_mos_ovr
p102_emo_realization_sentences,WF_p102_emo_realization_sentences_fold10_15544-5-0-5_SNR-5dB.wav,16000,1.0889732837677002,0.09507659822702408,0.6577288508415222,2.2896050214767456,2.0760422295557817,1.8430811526340276,1.3799038518286542
