clean_file,enhanced_file,sampling_rate,PESQ,SI_SDR,STOI,DNSMOS_p808_mos,DNSMOS_mos_sig,DNSMOS_mos_bak,DNSMOS_mos_ovr
p104_rainbow_07_slow,WF_p104_rainbow_07_slow_fold10_209672-3-8-0_SNR-5dB.wav,16000,1.2209861278533936,-5.3629350662231445,0.7629427909851074,3.471337250300816,4.327219624483482,2.572735333012539,2.873924575271734
