clean_file,enhanced_file,sampling_rate,PESQ,SI_SDR,STOI,DNSMOS_p808_mos,DNSMOS_mos_sig,DNSMOS_mos_bak,DNSMOS_mos_ovr
p105_emo_embarassment_freeform,WF_p105_emo_embarassment_freeform_fold10_54086-1-1-0_SNR-5dB.wav,16000,1.3425267934799194,-6.030750274658203,0.7037304639816284,2.7029905319213867,3.1374313343215987,1.7798989434290993,1.809284792304016
