clean_file,enhanced_file,sampling_rate,PESQ,SI_SDR,STOI,DNSMOS_p808_mos,DNSMOS_mos_sig,DNSMOS_mos_bak,DNSMOS_mos_ovr
p104_rainbow_05_regular,WF_p104_rainbow_05_regular_fold10_207213-2-0-109_SNR-5dB.wav,16000,1.0880340337753296,-5.415659427642822,0.551075279712677,2.311938796724592,2.1576153273860954,2.156420533596918,1.7817535704027054
