clean_file,enhanced_file,sampling_rate,PESQ,SI_SDR,STOI,DNSMOS_p808_mos,DNSMOS_mos_sig,DNSMOS_mos_bak,DNSMOS_mos_ovr
p103_rainbow_03_loud,WF_p103_rainbow_03_loud_fold10_178261-7-3-6_SNR-5dB.wav,16000,1.0345007181167603,0.3332808017730713,0.6422083973884583,2.0757273605891635,3.0117008068113544,1.6713609204151163,1.6066114848452642
