clean_file,enhanced_file,sampling_rate,PESQ,SI_SDR,STOI,DNSMOS_p808_mos,DNSMOS_mos_sig,DNSMOS_mos_bak,DNSMOS_mos_ovr
p103_sentences_02_highpitch,WF_p103_sentences_02_highpitch_fold10_187110-2-0-1_SNR-5dB.wav,16000,1.0680336952209473,-4.156552314758301,0.4141263961791992,2.3202672799428306,2.6056286114167606,1.6383474751891824,1.483791775644893
