clean_file,enhanced_file,sampling_rate,PESQ,SI_SDR,STOI,DNSMOS_p808_mos,DNSMOS_mos_sig,DNSMOS_mos_bak,DNSMOS_mos_ovr
p105_rainbow_03_slow,WF_p105_rainbow_03_slow_fold10_74364-8-1-13_SNR-5dB.wav,16000,1.0268268585205078,-9.246793746948242,0.4915570616722107,2.4701620510646274,2.023109295153857,2.0858511596755718,1.6410165482290473
