clean_file,enhanced_file,sampling_rate,PESQ,SI_SDR,STOI,DNSMOS_p808_mos,DNSMOS_mos_sig,DNSMOS_mos_bak,DNSMOS_mos_ovr
p102_rainbow_08_whisper,WF_p102_rainbow_08_whisper_fold10_162134-7-2-0_SNR-5dB.wav,16000,1.0840208530426025,-3.8410110473632812,0.24222908914089203,2.365969623838152,1.4498590509188338,1.6545860993915045,1.092371849653346
