clean_file,enhanced_file,sampling_rate,PESQ,SI_SDR,STOI,DNSMOS_p808_mos,DNSMOS_mos_sig,DNSMOS_mos_bak,DNSMOS_mos_ovr
p101_emo_distress_sentences,WF_p101_emo_distress_sentences_fold10_102857-5-0-10_SNR-5dB.wav,16000,1.1732912063598633,5.545151710510254,0.770668625831604,2.1840363502502442,3.5651120091279025,1.7930838359326224,2.0965959435412365
