clean_file,enhanced_file,sampling_rate,PESQ,SI_SDR,STOI,DNSMOS_p808_mos,DNSMOS_mos_sig,DNSMOS_mos_bak,DNSMOS_mos_ovr
p103_rainbow_04_regular,WF_p103_rainbow_04_regular_fold10_178826-2-0-39_SNR-5dB.wav,16000,1.0519850254058838,-4.347486972808838,0.6009920239448547,2.2314328125544955,3.3107096218582606,1.5808235174617917,1.7663784519921504
