clean_file,enhanced_file,sampling_rate,PESQ,SI_SDR,STOI,DNSMOS_p808_mos,DNSMOS_mos_sig,DNSMOS_mos_bak,DNSMOS_mos_ovr
p102_sentences_14_lowpitch,WF_p102_sentences_14_lowpitch_fold10_164194-2-0-24_SNR-5dB.wav,16000,1.076959252357483,-3.448852300643921,0.5135473608970642,2.260655462741852,2.8522207492394083,1.7525795388081304,1.7205535681643362
