clean_file,enhanced_file,sampling_rate,PESQ,SI_SDR,STOI,DNSMOS_p808_mos,DNSMOS_mos_sig,DNSMOS_mos_bak,DNSMOS_mos_ovr
p102_rainbow_02_whisper,WF_p102_rainbow_02_whisper_fold10_159742-8-0-9_SNR-5dB.wav,16000,1.8091001510620117,-6.046408653259277,0.5413968563079834,3.00870144367218,1.9829769987976071,2.106592705314025,1.6717856258319435
