clean_file,enhanced_file,sampling_rate,PESQ,SI_SDR,STOI,DNSMOS_p808_mos,DNSMOS_mos_sig,DNSMOS_mos_bak,DNSMOS_mos_ovr
p101_sentences_21_regular,WF_p101_sentences_21_regular_fold10_14470-2-0-65_SNR-5dB.wav,16000,1.1449906826019287,-4.997952938079834,0.4982810914516449,2.2955806255340576,1.9629865470893209,1.7144684706567017,1.4467396732335394
