clean_file,enhanced_file,sampling_rate,PESQ,SI_SDR,STOI,DNSMOS_p808_mos,DNSMOS_mos_sig,DNSMOS_mos_bak,DNSMOS_mos_ovr
p104_rainbow_02_fast,WF_p104_rainbow_02_fast_fold10_200460-6-3-0_SNR-5dB.wav,16000,1.077756643295288,-4.895236015319824,0.7760856747627258,3.3175042867660522,4.10208398446451,1.8618859456559718,2.2470188529551933
