clean_file,enhanced_file,sampling_rate,PESQ,SI_SDR,STOI,DNSMOS_p808_mos,DNSMOS_mos_sig,DNSMOS_mos_bak,DNSMOS_mos_ovr
p105_rainbow_07_loud,WF_p105_rainbow_07_loud_fold10_74922-4-0-2_SNR-5dB.wav,16000,1.0413511991500854,0.2993929088115692,0.6143291592597961,2.33744968686785,3.662671530657913,1.833929053402944,2.093214987000116
