clean_file,enhanced_file,sampling_rate,PESQ,SI_SDR,STOI,DNSMOS_p808_mos,DNSMOS_mos_sig,DNSMOS_mos_bak,DNSMOS_mos_ovr
p102_rainbow_06_slow,WF_p102_rainbow_06_slow_fold10_162134-7-14-0_SNR-5dB.wav,16000,1.033551812171936,-4.81171989440918,0.5606382489204407,2.2464139461517334,2.9256478114920665,1.4252480878092741,1.6202888942974873
