clean_file,enhanced_file,sampling_rate,PESQ,SI_SDR,STOI,DNSMOS_p808_mos,DNSMOS_mos_sig,DNSMOS_mos_bak,DNSMOS_mos_ovr
p105_sentences_18_regular,WF_p105_sentences_18_regular_fold10_83502-0-0-1_SNR-5dB.wav,16000,1.0641299486160278,-4.932021141052246,0.41293349862098694,2.470911979675293,2.832558238130332,1.9049991992849873,1.8593256579318542
