clean_file,enhanced_file,sampling_rate,PESQ,SI_SDR,STOI,DNSMOS_p808_mos,DNSMOS_mos_sig,DNSMOS_mos_bak,DNSMOS_mos_ovr
p104_sentences_01_highpitch,WF_p104_sentences_01_highpitch_fold10_26255-3-0-0_SNR-5dB.wav,16000,1.0323742628097534,-3.4152798652648926,0.5648304224014282,2.325388034184774,3.4802202455312945,1.923119872698706,2.1579123210874496
