clean_file,enhanced_file,sampling_rate,PESQ,SI_SDR,STOI,DNSMOS_p808_mos,DNSMOS_mos_sig,DNSMOS_mos_bak,DNSMOS_mos_ovr
p101_rainbow_05_slow,WF_p101_rainbow_05_slow_fold10_118278-4-0-8_SNR-5dB.wav,16000,1.0305273532867432,-3.551950216293335,0.45955759286880493,2.1535140446254184,0.9487207114000279,1.7922031969097074,0.84562793071165
