clean_file,enhanced_file,sampling_rate,PESQ,SI_SDR,STOI,DNSMOS_p808_mos,DNSMOS_mos_sig,DNSMOS_mos_bak,DNSMOS_mos_ovr
p104_rainbow_07_lowpitch,WF_p104_rainbow_07_lowpitch_fold10_209672-3-3-0_SNR-5dB.wav,16000,1.2828559875488281,-5.271597862243652,0.7341981530189514,3.579880918775286,4.484888814590376,3.781941636922545,3.8056894779230177
