clean_file,enhanced_file,sampling_rate,PESQ,SI_SDR,STOI,DNSMOS_p808_mos,DNSMOS_mos_sig,DNSMOS_mos_bak,DNSMOS_mos_ovr
p101_sentences_04_whisper,WF_p101_sentences_04_whisper_fold10_138017-9-0-9_SNR-5dB.wav,16000,1.038257360458374,-7.59816837310791,0.28036564588546753,2.323574940363566,1.0245745477518504,2.6812578763720842,1.111436513867537
