clean_file,enhanced_file,sampling_rate,PESQ,SI_SDR,STOI,DNSMOS_p808_mos,DNSMOS_mos_sig,DNSMOS_mos_bak,DNSMOS_mos_ovr
p101_sentences_02_slow,WF_p101_sentences_02_slow_fold10_136558-9-1-26_SNR-5dB.wav,16000,1.131659984588623,-8.347909927368164,0.3797498345375061,2.1879918575286865,1.65464582284606,2.4752743046454895,1.5642445607900404
