clean_file,enhanced_file,sampling_rate,PESQ,SI_SDR,STOI,DNSMOS_p808_mos,DNSMOS_mos_sig,DNSMOS_mos_bak,DNSMOS_mos_ovr
p102_rainbow_06_highpitch,WF_p102_rainbow_06_highpitch_fold10_162134-7-13-1_SNR-5dB.wav,16000,1.033489465713501,-2.2230849266052246,0.532277524471283,2.138631820678711,2.7327355594800675,1.3647977344809963,1.5452550244457082
