clean_file,enhanced_file,sampling_rate,PESQ,SI_SDR,STOI,DNSMOS_p808_mos,DNSMOS_mos_sig,DNSMOS_mos_bak,DNSMOS_mos_ovr
p101_rainbow_04_whisper,WF_p101_rainbow_04_whisper_fold10_118278-4-0-2_SNR-5dB.wav,16000,1.0284456014633179,-4.480992317199707,0.5187082886695862,2.160460650920868,2.4682078263134017,2.3779548193956415,1.9034709251467339
