clean_file,enhanced_file,sampling_rate,PESQ,SI_SDR,STOI,DNSMOS_p808_mos,DNSMOS_mos_sig,DNSMOS_mos_bak,DNSMOS_mos_ovr
p102_nonverbal_screaming,WF_p102_nonverbal_screaming_fold10_159709-6-0-0_SNR-5dB.wav,16000,1.1253342628479004,-5.319972515106201,0.6148377060890198,2.1221606731414795,3.4081516541306534,1.7524280468233342,1.8292208581781746
