clean_file,enhanced_file,sampling_rate,PESQ,SI_SDR,STOI,DNSMOS_p808_mos,DNSMOS_mos_sig,DNSMOS_mos_bak,DNSMOS_mos_ovr
p103_rainbow_01_regular,WF_p103_rainbow_01_regular_fold10_17486-3-2-0_SNR-5dB.wav,16000,1.0486047267913818,-6.06069803237915,0.606712818145752,2.7612133820851645,3.6798496211348497,1.9093309883787544,2.1288718175359302
