clean_file,enhanced_file,sampling_rate,PESQ,SI_SDR,STOI,DNSMOS_p808_mos,DNSMOS_mos_sig,DNSMOS_mos_bak,DNSMOS_mos_ovr
p103_sentences_08_slow,WF_p103_sentences_08_slow_fold10_187863-4-0-3_SNR-5dB.wav,16000,1.0838268995285034,-5.02778434753418,0.5370123982429504,2.2181284427642822,3.659245670156504,1.5989398197326357,1.874616283076136
