clean_file,enhanced_file,sampling_rate,PESQ,SI_SDR,STOI,DNSMOS_p808_mos,DNSMOS_mos_sig,DNSMOS_mos_bak,DNSMOS_mos_ovr
p104_rainbow_02_slow,WF_p104_rainbow_02_slow_fold10_200786-5-1-1_SNR-5dB.wav,16000,1.0360084772109985,-3.1253960132598877,0.5392839312553406,2.38592859676906,2.287899946631709,1.8913916352726439,1.5111005804674176
