clean_file,enhanced_file,sampling_rate,PESQ,SI_SDR,STOI,DNSMOS_p808_mos,DNSMOS_mos_sig,DNSMOS_mos_bak,DNSMOS_mos_ovr
p104_interjection_filler,WF_p104_interjection_filler_fold10_196127-3-0-4_SNR-5dB.wav,16000,1.3948383331298828,-5.3038411140441895,0.6284659504890442,2.5923672318458557,3.644430636099139,1.8657485768234605,2.0714733369441385
