clean_file,enhanced_file,sampling_rate,PESQ,SI_SDR,STOI,DNSMOS_p808_mos,DNSMOS_mos_sig,DNSMOS_mos_bak,DNSMOS_mos_ovr
p101_emo_confusion_sentences,WF_p101_emo_confusion_sentences_fold10_162134-7-0-0_SNR0dB.wav,16000,1.2520201206207275,1.5085124969482422,0.3769811689853668,2.0974321365356445,3.2826369188873232,1.8168247179155812,2.0423367602247415
