clean_file,enhanced_file,sampling_rate,PESQ,SI_SDR,STOI,DNSMOS_p808_mos,DNSMOS_mos_sig,DNSMOS_mos_bak,DNSMOS_mos_ovr
p101_emo_anger_sentences,WF_p101_emo_anger_sentences_fold10_157207-6-0-0_SNR0dB.wav,16000,2.11527156829834,0.06214907765388489,0.9421573877334595,3.3765035697392056,4.24606785858243,2.694647939943841,3.1055656551542756
