clean_file,enhanced_file,sampling_rate,PESQ,SI_SDR,STOI,DNSMOS_p808_mos,DNSMOS_mos_sig,DNSMOS_mos_bak,DNSMOS_mos_ovr
p101_emo_confusion_freeform,WF_p101_emo_confusion_freeform_fold10_159742-8-0-0_SNR0dB.wav,16000,1.1281154155731201,-0.2432677000761032,0.651836097240448,2.306215524673462,3.327488930079266,2.252024296156918,2.3438266515490085
