clean_file,enhanced_file,sampling_rate,PESQ,SI_SDR,STOI,DNSMOS_p808_mos,DNSMOS_mos_sig,DNSMOS_mos_bak,DNSMOS_mos_ovr
p101_emo_adoration_sentences,WF_p101_emo_adoration_sentences_fold10_100795-3-0-0_SNR0dB.wav,16000,1.2798418998718262,-0.22698602080345154,0.814124584197998,3.5528717041015625,4.14251679572397,2.1201751794362327,2.5896822358702236
