clean_file,enhanced_file,sampling_rate,PESQ,SI_SDR,STOI,DNSMOS_p808_mos,DNSMOS_mos_sig,DNSMOS_mos_bak,DNSMOS_mos_ovr
p101_emo_amazement_sentences,WF_p101_emo_amazement_sentences_fold10_102857-5-0-0_SNR0dB.wav,16000,1.6446354389190674,7.552926540374756,0.7731515765190125,2.7839291095733643,4.014953796683942,2.6274021187734062,2.910513401413745
