clean_file,enhanced_file,sampling_rate,PESQ,SI_SDR,STOI,DNSMOS_p808_mos,DNSMOS_mos_sig,DNSMOS_mos_bak,DNSMOS_mos_ovr
p101_emo_amusement_sentences,WF_p101_emo_amusement_sentences_fold10_118278-4-0-0_SNR0dB.wav,16000,1.1578218936920166,1.1918995380401611,0.7866655588150024,2.6593851702553883,4.067907538778757,2.4560207648411625,2.8609277905223167
