clean_file,enhanced_file,sampling_rate,PESQ,SI_SDR,STOI,DNSMOS_p808_mos,DNSMOS_mos_sig,DNSMOS_mos_bak,DNSMOS_mos_ovr
p101_emo_confusion_freeform,WF_p101_emo_confusion_freeform_fold10_159742-8-0-0_SNR0dB.wav,16000,1.1122440099716187,-0.945187509059906,0.6429334282875061,2.383398691813151,3.0055696840398896,2.3355966758297817,2.2470097906561803
