clean_file,enhanced_file,sampling_rate,PESQ,SI_SDR,STOI,DNSMOS_p808_mos,DNSMOS_mos_sig,DNSMOS_mos_bak,DNSMOS_mos_ovr
p101_emo_confusion_sentences,WF_p101_emo_confusion_sentences_fold10_162134-7-0-0_SNR0dB.wav,16000,1.2728185653686523,1.751642107963562,0.37959080934524536,2.0980985845838274,3.142113532806635,1.7853410727585322,1.9551442507701218
