clean_file,enhanced_file,sampling_rate,PESQ,SI_SDR,STOI,DNSMOS_p808_mos,DNSMOS_mos_sig,DNSMOS_mos_bak,DNSMOS_mos_ovr
p101_emo_anger_sentences,WF_p101_emo_anger_sentences_fold10_157207-6-0-0_SNR0dB.wav,16000,2.3818259239196777,0.22976167500019073,0.9559537768363953,3.4663403715406145,4.412420144472649,2.762714388394896,3.2187069169470837
