clean_file,enhanced_file,sampling_rate,PESQ,SI_SDR,STOI,DNSMOS_p808_mos,DNSMOS_mos_sig,DNSMOS_mos_bak,DNSMOS_mos_ovr
p101_emo_adoration_freeform,WF_p101_emo_adoration_freeform_fold10_100648-1-0-0_SNR0dB.wav,16000,1.1808092594146729,0.14707724750041962,0.5300800800323486,2.5494124548775807,2.465515627063844,1.959235108472921,1.6747427765254623
