clean_file,enhanced_file,sampling_rate,PESQ,SI_SDR,STOI,DNSMOS_p808_mos,DNSMOS_mos_sig,DNSMOS_mos_bak,DNSMOS_mos_ovr
p101_emo_amazement_freeform,WF_p101_emo_amazement_freeform_fold10_101382-2-0-10_SNR0dB.wav,16000,1.193814992904663,-0.4862203598022461,0.5515114665031433,2.6500235557556153,3.98186193181661,1.8166233704493089,2.2647011923896048
