clean_file,enhanced_file,sampling_rate,PESQ,SI_SDR,STOI,DNSMOS_p808_mos,DNSMOS_mos_sig,DNSMOS_mos_bak,DNSMOS_mos_ovr
p101_emo_adoration_freeform,WF_p101_emo_adoration_freeform_fold10_100648-1-0-0_SNR0dB.wav,16000,1.183405876159668,0.07011721283197403,0.5347434282302856,2.5333279200962613,2.3967890315968785,1.928763031824247,1.6539906141466436
