clean_file,enhanced_file,sampling_rate,PESQ,SI_SDR,STOI,DNSMOS_p808_mos,DNSMOS_mos_sig,DNSMOS_mos_bak,DNSMOS_mos_ovr
p101_emo_adoration_sentences,WF_p101_emo_adoration_sentences_fold10_100795-3-0-0_SNR0dB.wav,16000,1.483921766281128,-0.2332102358341217,0.8195270895957947,3.465991497039795,4.174102673272257,1.9497757168295666,2.5331705861186693
