clean_file,enhanced_file,sampling_rate,PESQ,SI_SDR,STOI,DNSMOS_p808_mos,DNSMOS_mos_sig,DNSMOS_mos_bak,DNSMOS_mos_ovr
p101_emo_adoration_sentences,WF_p101_emo_adoration_sentences_fold10_100795-3-0-0_SNR0dB.wav,16000,1.5283516645431519,-0.1934460997581482,0.8229827880859375,3.5271451473236084,4.212062680478851,1.843135912633859,2.4378088430773586
