clean_file,enhanced_file,sampling_rate,PESQ,SI_SDR,STOI,DNSMOS_p808_mos,DNSMOS_mos_sig,DNSMOS_mos_bak,DNSMOS_mos_ovr
p101_emo_adoration_sentences,WF_p101_emo_adoration_sentences_fold10_100795-3-0-0_SNR0dB.wav,16000,1.3348901271820068,-0.4253906011581421,0.8083328604698181,3.5392537117004395,4.0066647934654425,2.069562551105668,2.4933923210587015
