clean_file,enhanced_file,sampling_rate,PESQ,SI_SDR,STOI,DNSMOS_p808_mos,DNSMOS_mos_sig,DNSMOS_mos_bak,DNSMOS_mos_ovr
p101_emo_amusement_freeform,WF_p101_emo_amusement_freeform_fold10_115241-9-0-1_SNR0dB.wav,16000,1.0645711421966553,-0.29448238015174866,0.6014724373817444,2.4757983684539795,3.2543767407945796,2.0169360726532317,2.1812287497468668
