clean_file,enhanced_file,sampling_rate,PESQ,SI_SDR,STOI,DNSMOS_p808_mos,DNSMOS_mos_sig,DNSMOS_mos_bak,DNSMOS_mos_ovr
p101_emo_anger_sentences,WF_p101_emo_anger_sentences_fold10_157207-6-0-0_SNR0dB.wav,16000,1.6995093822479248,-0.3380674421787262,0.9077420234680176,3.290447882243565,4.02396750350705,3.0047030117072575,3.1216183531185555
