clean_file,enhanced_file,sampling_rate,PESQ,SI_SDR,STOI,DNSMOS_p808_mos,DNSMOS_mos_sig,DNSMOS_mos_bak,DNSMOS_mos_ovr
p101_emo_confusion_freeform,WF_p101_emo_confusion_freeform_fold10_159742-8-0-0_SNR0dB.wav,16000,1.122051477432251,-0.4294571578502655,0.6498063802719116,2.3160525957743325,3.1924473566996543,2.3019334833767107,2.30629821445881
