clean_file,enhanced_file,sampling_rate,PESQ,SI_SDR,STOI,DNSMOS_p808_mos,DNSMOS_mos_sig,DNSMOS_mos_bak,DNSMOS_mos_ovr
p101_emo_amusement_sentences,WF_p101_emo_amusement_sentences_fold10_118278-4-0-0_SNR0dB.wav,16000,1.2265266180038452,3.2908029556274414,0.7671294808387756,2.6312671388898576,3.2137467207826695,2.425693599259684,2.4217150536075245
