clean_file,enhanced_file,sampling_rate,PESQ,SI_SDR,STOI,DNSMOS_p808_mos,DNSMOS_mos_sig,DNSMOS_mos_bak,DNSMOS_mos_ovr
p101_emo_amazement_sentences,WF_p101_emo_amazement_sentences_fold10_102857-5-0-0_SNR0dB.wav,16000,1.7731798887252808,7.901711463928223,0.7714090347290039,2.885912275314331,3.9456696457072327,2.7315457110704022,2.960210575418492
