clean_file,enhanced_file,sampling_rate,PESQ,SI_SDR,STOI,DNSMOS_p808_mos,DNSMOS_mos_sig,DNSMOS_mos_bak,DNSMOS_mos_ovr
p101_emo_anger_sentences,WF_p101_emo_anger_sentences_fold10_157207-6-0-0_SNR0dB.wav,16000,1.922353982925415,-0.1562195122241974,0.9240180253982544,3.3516152245657787,4.19640853962208,2.7224607889006194,3.0516919479648146
