clean_file,enhanced_file,sampling_rate,PESQ,SI_SDR,STOI,DNSMOS_p808_mos,DNSMOS_mos_sig,DNSMOS_mos_bak,DNSMOS_mos_ovr
p101_emo_amazement_freeform,WF_p101_emo_amazement_freeform_fold10_101382-2-0-10_SNR0dB.wav,16000,1.1625653505325317,-0.29758697748184204,0.5482574105262756,2.7125729084014893,4.05258726452317,1.796356777724434,2.274903384421642
