clean_file,enhanced_file,sampling_rate,PESQ,SI_SDR,STOI,DNSMOS_p808_mos,DNSMOS_mos_sig,DNSMOS_mos_bak,DNSMOS_mos_ovr
p101_emo_adoration_freeform,WF_p101_emo_adoration_freeform_fold10_100648-1-0-0_SNR0dB.wav,16000,1.1788911819458008,0.46050912141799927,0.5332536101341248,2.5774424416678294,2.5096482384560974,1.9931349968310028,1.7256070409322024
