clean_file,enhanced_file,sampling_rate,PESQ,SI_SDR,STOI,DNSMOS_p808_mos,DNSMOS_mos_sig,DNSMOS_mos_bak,DNSMOS_mos_ovr
p101_emo_confusion_sentences,WF_p101_emo_confusion_sentences_fold10_162134-7-0-0_SNR0dB.wav,16000,1.2593870162963867,2.1432394981384277,0.3779659569263458,2.1708705765860423,3.1351103618643523,1.8693306130893885,2.01219639031784
