clean_file,enhanced_file,sampling_rate,PESQ,SI_SDR,STOI,DNSMOS_p808_mos,DNSMOS_mos_sig,DNSMOS_mos_bak,DNSMOS_mos_ovr
p101_emo_anger_freeform,WF_p101_emo_anger_freeform_fold10_119067-0-0-0_SNR0dB.wav,16000,1.159294843673706,6.692556381225586,0.7035557627677917,2.3178305285317555,2.5673266418229743,1.7222544924722836,1.4443830168796996
