clean_file,enhanced_file,sampling_rate,PESQ,SI_SDR,STOI,DNSMOS_p808_mos,DNSMOS_mos_sig,DNSMOS_mos_bak,DNSMOS_mos_ovr
p101_emo_amazement_sentences,WF_p101_emo_amazement_sentences_fold10_102857-5-0-0_SNR0dB.wav,16000,1.59052574634552,6.658937931060791,0.775731086730957,2.779914712905884,4.080112456974566,2.618458411253319,2.939461764370584
