clean_file,enhanced_file,sampling_rate,PESQ,SI_SDR,STOI,DNSMOS_p808_mos,DNSMOS_mos_sig,DNSMOS_mos_bak,DNSMOS_mos_ovr
p101_emo_anger_sentences,WF_p101_emo_anger_sentences_fold10_157207-6-0-0_SNR0dB.wav,16000,2.0629844665527344,0.10913626849651337,0.9400390982627869,3.3533889906747,4.241067042620872,2.7628378575504007,3.130693031264524
