clean_file,enhanced_file,sampling_rate,PESQ,SI_SDR,STOI,DNSMOS_p808_mos,DNSMOS_mos_sig,DNSMOS_mos_bak,DNSMOS_mos_ovr
p101_emo_amusement_sentences,WF_p101_emo_amusement_sentences_fold10_118278-4-0-0_SNR0dB.wav,16000,1.160799503326416,1.2204046249389648,0.786440908908844,2.654355423791068,4.0549982221673755,2.4641212809741186,2.8594754032769933
