clean_file,enhanced_file,sampling_rate,PESQ,SI_SDR,STOI,DNSMOS_p808_mos,DNSMOS_mos_sig,DNSMOS_mos_bak,DNSMOS_mos_ovr
p101_emo_anger_freeform,WF_p101_emo_anger_freeform_fold10_119067-0-0-0_SNR0dB.wav,16000,1.1107590198516846,5.367918968200684,0.7129073739051819,2.4512175491877963,3.467419845805812,1.5675888707617018,1.6761214491621925
