clean_file,enhanced_file,sampling_rate,PESQ,SI_SDR,STOI,DNSMOS_p808_mos,DNSMOS_mos_sig,DNSMOS_mos_bak,DNSMOS_mos_ovr
p101_emo_amazement_sentences,WF_p101_emo_amazement_sentences_fold10_102857-5-0-0_SNR0dB.wav,16000,1.5892075300216675,7.217987060546875,0.766830563545227,2.700196695327759,4.058115383332825,2.584617665336619,2.910959951736179
