clean_file,enhanced_file,sampling_rate,PESQ,SI_SDR,STOI,DNSMOS_p808_mos,DNSMOS_mos_sig,DNSMOS_mos_bak,DNSMOS_mos_ovr
p101_emo_amazement_freeform,WF_p101_emo_amazement_freeform_fold10_101382-2-0-10_SNR0dB.wav,16000,1.2116299867630005,-0.5003341436386108,0.5535715222358704,2.656011772155762,3.964608793237595,1.8246159242686126,2.2684566644743165
