clean_file,enhanced_file,sampling_rate,PESQ,SI_SDR,STOI,DNSMOS_p808_mos,DNSMOS_mos_sig,DNSMOS_mos_bak,DNSMOS_mos_ovr
p101_emo_amazement_sentences,WF_p101_emo_amazement_sentences_fold10_102857-5-0-0_SNR0dB.wav,16000,1.5872269868850708,7.160691261291504,0.7661852240562439,2.6938677787780763,4.073949655231905,2.5652851450580783,2.903693488427959
