clean_file,enhanced_file,sampling_rate,PESQ,SI_SDR,STOI,DNSMOS_p808_mos,DNSMOS_mos_sig,DNSMOS_mos_bak,DNSMOS_mos_ovr
p101_emo_amusement_freeform,WF_p101_emo_amusement_freeform_fold10_115241-9-0-1_SNR0dB.wav,16000,1.0629019737243652,-0.40587419271469116,0.5971879363059998,2.493154219218663,3.2199675129023246,1.9988624635690517,2.1640970320918087
