clean_file,enhanced_file,sampling_rate,PESQ,SI_SDR,STOI,DNSMOS_p808_mos,DNSMOS_mos_sig,DNSMOS_mos_bak,DNSMOS_mos_ovr
p101_emo_confusion_sentences,WF_p101_emo_confusion_sentences_fold10_162134-7-0-0_SNR0dB.wav,16000,1.2722091674804688,1.872422218322754,0.3787740468978882,2.140134334564209,3.076145614744953,1.7689184708629255,1.902045357207512
