clean_file,enhanced_file,sampling_rate,PESQ,SI_SDR,STOI,DNSMOS_p808_mos,DNSMOS_mos_sig,DNSMOS_mos_bak,DNSMOS_mos_ovr
p101_emo_anger_freeform,WF_p101_emo_anger_freeform_fold10_119067-0-0-0_SNR0dB.wav,16000,1.1168737411499023,5.633038520812988,0.713158369064331,2.435238838195801,3.336153735490456,1.6216603906104576,1.6610962654579768
