clean_file,enhanced_file,sampling_rate,PESQ,SI_SDR,STOI,DNSMOS_p808_mos,DNSMOS_mos_sig,DNSMOS_mos_bak,DNSMOS_mos_ovr
p101_emo_amusement_freeform,WF_p101_emo_amusement_freeform_fold10_115241-9-0-1_SNR0dB.wav,16000,1.0622245073318481,-0.4403582215309143,0.5950671434402466,2.5028984546661377,3.2630569563610323,2.0234528087765526,2.208249009660238
