clean_file,enhanced_file,sampling_rate,PESQ,SI_SDR,STOI,DNSMOS_p808_mos,DNSMOS_mos_sig,DNSMOS_mos_bak,DNSMOS_mos_ovr
p101_emo_confusion_freeform,WF_p101_emo_confusion_freeform_fold10_159742-8-0-0_SNR0dB.wav,16000,1.1216046810150146,-0.5447525978088379,0.6468319892883301,2.308577060699463,3.1332386516719413,2.289809544563086,2.2692906675893503
