clean_file,enhanced_file,sampling_rate,PESQ,SI_SDR,STOI,DNSMOS_p808_mos,DNSMOS_mos_sig,DNSMOS_mos_bak,DNSMOS_mos_ovr
p101_emo_amazement_freeform,WF_p101_emo_amazement_freeform_fold10_101382-2-0-10_SNR0dB.wav,16000,1.2206093072891235,-0.4698271155357361,0.5552728176116943,2.6538564682006838,3.967772644824785,1.7676596409556353,2.235696707196111
