clean_file,enhanced_file,sampling_rate,PESQ,SI_SDR,STOI,DNSMOS_p808_mos,DNSMOS_mos_sig,DNSMOS_mos_bak,DNSMOS_mos_ovr
p101_emo_adoration_freeform,WF_p101_emo_adoration_freeform_fold10_100648-1-0-0_SNR0dB.wav,16000,1.191762924194336,0.9686059951782227,0.5428286194801331,2.500603743961879,2.404765584967243,1.9900627008362848,1.666124954463537
