clean_file,enhanced_file,sampling_rate,PESQ,SI_SDR,STOI,DNSMOS_p808_mos,DNSMOS_mos_sig,DNSMOS_mos_bak,DNSMOS_mos_ovr
p101_emo_amusement_freeform,WF_p101_emo_amusement_freeform_fold10_115241-9-0-1_SNR0dB.wav,16000,1.0637027025222778,-0.3796623945236206,0.5946485996246338,2.361901419503348,3.2569389582606467,1.9332850978948017,2.057114108567446
