clean_file,enhanced_file,sampling_rate,PESQ,SI_SDR,STOI,DNSMOS_p808_mos,DNSMOS_mos_sig,DNSMOS_mos_bak,DNSMOS_mos_ovr
p101_emo_amusement_freeform,WF_p101_emo_amusement_freeform_fold10_115241-9-0-1_SNR0dB.wav,16000,1.057873249053955,-0.7616196870803833,0.582726776599884,2.4860191685812816,3.2519125550350862,1.9973731208131995,2.1784205252258704
