clean_file,enhanced_file,sampling_rate,PESQ,SI_SDR,STOI,DNSMOS_p808_mos,DNSMOS_mos_sig,DNSMOS_mos_bak,DNSMOS_mos_ovr
p101_emo_amusement_sentences,WF_p101_emo_amusement_sentences_fold10_118278-4-0-0_SNR0dB.wav,16000,1.1662577390670776,1.4149515628814697,0.7850750684738159,2.621274709701538,3.8625790685870434,2.5313642956175144,2.8064274630172514
