clean_file,enhanced_file,sampling_rate,PESQ,SI_SDR,STOI,DNSMOS_p808_mos,DNSMOS_mos_sig,DNSMOS_mos_bak,DNSMOS_mos_ovr
p101_emo_amusement_sentences,WF_p101_emo_amusement_sentences_fold10_118278-4-0-0_SNR0dB.wav,16000,1.2006585597991943,2.3391125202178955,0.76883864402771,2.6201955590929304,3.214135858461091,2.6073355806697136,2.524228550872519
