clean_file,enhanced_file,sampling_rate,PESQ,SI_SDR,STOI,DNSMOS_p808_mos,DNSMOS_mos_sig,DNSMOS_mos_bak,DNSMOS_mos_ovr
p101_emo_anger_freeform,WF_p101_emo_anger_freeform_fold10_119067-0-0-0_SNR0dB.wav,16000,1.1427075862884521,6.439727783203125,0.7108427882194519,2.3702504294259206,2.8924430738493934,1.66310181115488,1.500677081776802
