clean_file,enhanced_file,sampling_rate,PESQ,SI_SDR,STOI,DNSMOS_p808_mos,DNSMOS_mos_sig,DNSMOS_mos_bak,DNSMOS_mos_ovr
p101_emo_amazement_freeform,WF_p101_emo_amazement_freeform_fold10_101382-2-0-10_SNR0dB.wav,16000,1.159653902053833,-0.39233043789863586,0.5449962019920349,2.7244972705841066,4.041114025632874,1.7754036477620871,2.251077498892531
