clean_file,enhanced_file,sampling_rate,PESQ,SI_SDR,STOI,DNSMOS_p808_mos,DNSMOS_mos_sig,DNSMOS_mos_bak,DNSMOS_mos_ovr
p101_emo_anger_sentences,WF_p101_emo_anger_sentences_fold10_157207-6-0-0_SNR0dB.wav,16000,2.241269111633301,0.2512807250022888,0.9460493326187134,3.4544422967093333,4.288949782342804,2.7460361567590295,3.179914208875079
