clean_file,enhanced_file,sampling_rate,PESQ,SI_SDR,STOI,DNSMOS_p808_mos,DNSMOS_mos_sig,DNSMOS_mos_bak,DNSMOS_mos_ovr
p101_emo_confusion_freeform,WF_p101_emo_confusion_freeform_fold10_159742-8-0-0_SNR0dB.wav,16000,1.1157207489013672,-0.7720062732696533,0.6259227991104126,2.345062573750814,2.495290585151359,2.326610032566959,1.9127369004901595
