clean_file,enhanced_file,sampling_rate,PESQ,SI_SDR,STOI,DNSMOS_p808_mos,DNSMOS_mos_sig,DNSMOS_mos_bak,DNSMOS_mos_ovr
p101_emo_confusion_sentences,WF_p101_emo_confusion_sentences_fold10_162134-7-0-0_SNR0dB.wav,16000,1.2524992227554321,1.6025159358978271,0.3769512474536896,2.1161882877349854,3.2327513159302765,1.8197245324040832,2.02741297822443
