clean_file,enhanced_file,sampling_rate,PESQ,SI_SDR,STOI,DNSMOS_p808_mos,DNSMOS_mos_sig,DNSMOS_mos_bak,DNSMOS_mos_ovr
p101_emo_anger_freeform,WF_p101_emo_anger_freeform_fold10_119067-0-0-0_SNR0dB.wav,16000,1.1413847208023071,6.380550861358643,0.7102921009063721,2.3776812894003734,2.8780696023561867,1.6704064649040788,1.5007724918633714
