clean_file,enhanced_file,sampling_rate,PESQ,SI_SDR,STOI,DNSMOS_p808_mos,DNSMOS_mos_sig,DNSMOS_mos_bak,DNSMOS_mos_ovr
p101_emo_adoration_freeform,WF_p101_emo_adoration_freeform_fold10_100648-1-0-0_SNR0dB.wav,16000,1.194170594215393,1.0811784267425537,0.5464414358139038,2.4920624664851596,2.502363595381887,2.011604227660805,1.733733998117089
