clean_file,enhanced_file,sampling_rate,PESQ,SI_SDR,STOI,DNSMOS_p808_mos,DNSMOS_mos_sig,DNSMOS_mos_bak,DNSMOS_mos_ovr
p101_emo_adoration_sentences,WF_p101_emo_adoration_sentences_fold10_100795-3-0-0_SNR0dB.wav,16000,1.2767002582550049,-0.28585484623908997,0.812355637550354,3.532262086868286,4.103366922155183,2.103346362703701,2.5991744799917766
