clean_file,enhanced_file,sampling_rate,PESQ,SI_SDR,STOI,DNSMOS_p808_mos,DNSMOS_mos_sig,DNSMOS_mos_bak,DNSMOS_mos_ovr
p104_rainbow_08_whisper,WF_p104_rainbow_08_whisper_fold10_25037-6-1-0_SNR10dB.wav,16000,1.2514276504516602,5.415247917175293,0.7284021973609924,3.3995938982282365,1.7970502296967215,3.2903442734385098,1.5517371853114041
