clean_file,enhanced_file,sampling_rate,PESQ,SI_SDR,STOI,DNSMOS_p808_mos,DNSMOS_mos_sig,DNSMOS_mos_bak,DNSMOS_mos_ovr
p102_sentences_05_loud,WF_p102_sentences_05_loud_fold10_162134-7-9-2_SNR10dB.wav,16000,1.275962233543396,12.70140552520752,0.8041362762451172,2.600610057512919,3.8450109700066437,2.1030888211097323,2.520765800531491
