clean_file,enhanced_file,sampling_rate,PESQ,SI_SDR,STOI,DNSMOS_p808_mos,DNSMOS_mos_sig,DNSMOS_mos_bak,DNSMOS_mos_ovr
p101_rainbow_07_regular,WF_p101_rainbow_07_regular_fold10_119067-0-0-1_SNR10dB.wav,16000,1.536250114440918,11.111902236938477,0.8774924278259277,3.1102126598358155,3.6095226289402063,2.696107452174485,2.7712931214174206
