clean_file,enhanced_file,sampling_rate,PESQ,SI_SDR,STOI,DNSMOS_p808_mos,DNSMOS_mos_sig,DNSMOS_mos_bak,DNSMOS_mos_ovr
p102_sentences_24_regular,WF_p102_sentences_24_regular_fold10_164377-9-1-92_SNR10dB.wav,16000,1.9401942491531372,11.737079620361328,0.7196577191352844,3.5302815437316895,3.7825021077912204,2.521140856559491,2.7015517896320147
