clean_file,enhanced_file,sampling_rate,PESQ,SI_SDR,STOI,DNSMOS_p808_mos,DNSMOS_mos_sig,DNSMOS_mos_bak,DNSMOS_mos_ovr
p104_rainbow_07_whisper,WF_p104_rainbow_07_whisper_fold10_22973-3-0-0_SNR10dB.wav,16000,1.1241823434829712,4.7837629318237305,0.7178472876548767,2.4334914684295654,2.002250044872837,2.3538761072510064,1.5602074840727718
