clean_file,enhanced_file,sampling_rate,PESQ,SI_SDR,STOI,DNSMOS_p808_mos,DNSMOS_mos_sig,DNSMOS_mos_bak,DNSMOS_mos_ovr
p102_sentences_01_loud,WF_p102_sentences_01_loud_fold10_162134-7-5-0_SNR10dB.wav,16000,1.2281023263931274,10.675712585449219,0.8642852902412415,3.305949091911316,4.487736975604765,1.9398212181091188,2.72308897099194
