clean_file,enhanced_file,sampling_rate,PESQ,SI_SDR,STOI,DNSMOS_p808_mos,DNSMOS_mos_sig,DNSMOS_mos_bak,DNSMOS_mos_ovr
p103_nonverbal_yelling,WF_p103_nonverbal_yelling_fold10_174292-6-0-0_SNR10dB.wav,16000,1.9496194124221802,9.997795104980469,0.8236765265464783,2.619450943810599,4.004071713835489,2.4399199153703,2.6869444584279947
