clean_file,enhanced_file,sampling_rate,PESQ,SI_SDR,STOI,DNSMOS_p808_mos,DNSMOS_mos_sig,DNSMOS_mos_bak,DNSMOS_mos_ovr
p102_rainbow_05_highpitch,WF_p102_rainbow_05_highpitch_fold10_162134-7-11-7_SNR10dB.wav,16000,1.1412800550460815,12.349899291992188,0.8153147101402283,2.6928555369377136,3.707365091199769,1.750620737977827,2.077956143369751
