clean_file,enhanced_file,sampling_rate,PESQ,SI_SDR,STOI,DNSMOS_p808_mos,DNSMOS_mos_sig,DNSMOS_mos_bak,DNSMOS_mos_ovr
p105_emo_desire_freeform,WF_p105_emo_desire_freeform_fold10_41306-3-0-10_SNR10dB.wav,16000,1.9017714262008667,8.795658111572266,0.7542399764060974,3.1956863403320312,2.4798417787081695,4.040660139677444,2.2449448842414155
