clean_file,enhanced_file,sampling_rate,PESQ,SI_SDR,STOI,DNSMOS_p808_mos,DNSMOS_mos_sig,DNSMOS_mos_bak,DNSMOS_mos_ovr
p102_rainbow_08_fast,WF_p102_rainbow_08_fast_fold10_162134-7-16-1_SNR10dB.wav,16000,1.111454725265503,9.71213150024414,0.8246672749519348,2.8711952368418374,3.9779433644552746,1.8323393406247253,2.3260146178949888
