clean_file,enhanced_file,sampling_rate,PESQ,SI_SDR,STOI,DNSMOS_p808_mos,DNSMOS_mos_sig,DNSMOS_mos_bak,DNSMOS_mos_ovr
p103_sentences_07_slow,WF_p103_sentences_07_slow_fold10_187863-4-0-2_SNR10dB.wav,16000,1.301581621170044,10.033631324768066,0.7531082034111023,2.822319841384888,4.053250736334524,2.1088557597086437,2.533980789641228
