clean_file,enhanced_file,sampling_rate,PESQ,SI_SDR,STOI,DNSMOS_p808_mos,DNSMOS_mos_sig,DNSMOS_mos_bak,DNSMOS_mos_ovr
p101_rainbow_02_fast,WF_p101_rainbow_02_fast_fold10_115418-9-0-11_SNR10dB.wav,16000,1.6099376678466797,10.498967170715332,0.8264907598495483,2.7304368019104004,4.072062733019428,2.1434785323974803,2.657853138755052
