clean_file,enhanced_file,sampling_rate,PESQ,SI_SDR,STOI,DNSMOS_p808_mos,DNSMOS_mos_sig,DNSMOS_mos_bak,DNSMOS_mos_ovr
p104_emo_disappointment_sentences,WF_p104_emo_disappointment_sentences_fold10_189982-0-0-28_SNR10dB.wav,16000,1.5827001333236694,12.801557540893555,0.7555294036865234,3.276451508204142,3.7094385257240687,2.5961695294443414,2.6509750392706457
