clean_file,enhanced_file,sampling_rate,PESQ,SI_SDR,STOI,DNSMOS_p808_mos,DNSMOS_mos_sig,DNSMOS_mos_bak,DNSMOS_mos_ovr
p105_rainbow_05_highpitch,WF_p105_rainbow_05_highpitch_fold10_74364-8-1-22_SNR10dB.wav,16000,1.1166183948516846,8.167720794677734,0.8424190878868103,3.1670051642826627,3.8868754750874133,2.382020515709143,2.525894953402807
