clean_file,enhanced_file,sampling_rate,PESQ,SI_SDR,STOI,DNSMOS_p808_mos,DNSMOS_mos_sig,DNSMOS_mos_bak,DNSMOS_mos_ovr
p105_nonverbal_laughter_open,WF_p105_nonverbal_laughter_open_fold10_73524-0-0-137_SNR10dB.wav,16000,1.8527237176895142,14.870960235595703,0.905810534954071,2.740905591419765,2.68107189734989,2.1280022599416744,1.9229936853536531
