clean_file,enhanced_file,sampling_rate,PESQ,SI_SDR,STOI,DNSMOS_p808_mos,DNSMOS_mos_sig,DNSMOS_mos_bak,DNSMOS_mos_ovr
p103_rainbow_01_regular,WF_p103_rainbow_01_regular_fold10_17486-3-2-0_SNR10dB.wav,16000,1.299520492553711,9.735610008239746,0.8514177799224854,3.2243031660715737,4.139668988136726,2.595752320029549,2.894476150230053
