clean_file,enhanced_file,sampling_rate,PESQ,SI_SDR,STOI,DNSMOS_p808_mos,DNSMOS_mos_sig,DNSMOS_mos_bak,DNSMOS_mos_ovr
p103_emo_amazement_sentences,WF_p103_emo_amazement_sentences_fold10_165166-8-0-7_SNR10dB.wav,16000,1.9879388809204102,10.103069305419922,0.6446235775947571,3.1288204193115234,4.242821099770294,2.173126598680606,2.6857760405898525
