clean_file,enhanced_file,sampling_rate,PESQ,SI_SDR,STOI,DNSMOS_p808_mos,DNSMOS_mos_sig,DNSMOS_mos_bak,DNSMOS_mos_ovr
p105_interjection_anger,WF_p105_interjection_anger_fold10_73524-0-0-101_SNR10dB.wav,16000,2.719592571258545,15.13404655456543,0.7421644926071167,3.1772592748914446,3.4804929915696254,2.645278188054287,2.551926717286118
