clean_file,enhanced_file,sampling_rate,PESQ,SI_SDR,STOI,DNSMOS_p808_mos,DNSMOS_mos_sig,DNSMOS_mos_bak,DNSMOS_mos_ovr
p102_nonverbal_cheering,WF_p102_nonverbal_cheering_fold10_157207-6-7-0_SNR10dB.wav,16000,1.345546841621399,10.887489318847656,0.7864122986793518,2.846705436706543,3.666551678402401,1.608639137995155,2.0707193037129814
