clean_file,enhanced_file,sampling_rate,PESQ,SI_SDR,STOI,DNSMOS_p808_mos,DNSMOS_mos_sig,DNSMOS_mos_bak,DNSMOS_mos_ovr
p103_rainbow_07_regular,WF_p103_rainbow_07_regular_fold10_180127-4-0-5_SNR10dB.wav,16000,1.586728572845459,11.596153259277344,0.8391140103340149,3.413594893046788,3.447860798498265,2.612970544126892,2.3950666820186384
