clean_file,enhanced_file,sampling_rate,PESQ,SI_SDR,STOI,DNSMOS_p808_mos,DNSMOS_mos_sig,DNSMOS_mos_bak,DNSMOS_mos_ovr
p105_emo_amusement_freeform,WF_p105_emo_amusement_freeform_fold10_39847-5-0-12_SNR10dB.wav,16000,1.3335096836090088,10.093788146972656,0.6703031063079834,2.7366721630096436,3.5950678713667266,2.7336628358861814,2.636725822700618
