clean_file,enhanced_file,sampling_rate,PESQ,SI_SDR,STOI,DNSMOS_p808_mos,DNSMOS_mos_sig,DNSMOS_mos_bak,DNSMOS_mos_ovr
p105_rainbow_03_whisper,WF_p105_rainbow_03_whisper_fold10_74364-8-1-14_SNR10dB.wav,16000,1.2293128967285156,6.292490482330322,0.714511513710022,3.0238923685891286,3.907787742345056,3.2208134447406436,3.092955336144852
