clean_file,enhanced_file,sampling_rate,PESQ,SI_SDR,STOI,DNSMOS_p808_mos,DNSMOS_mos_sig,DNSMOS_mos_bak,DNSMOS_mos_ovr
p103_rainbow_08_loud,WF_p103_rainbow_08_loud_fold10_180127-4-0-9_SNR10dB.wav,16000,1.5080139636993408,12.797508239746094,0.8424698114395142,3.210231372288295,3.493361608120085,3.0001583102462988,2.766759491508246
