clean_file,enhanced_file,sampling_rate,PESQ,SI_SDR,STOI,DNSMOS_p808_mos,DNSMOS_mos_sig,DNSMOS_mos_bak,DNSMOS_mos_ovr
p104_rainbow_06_lowpitch,WF_p104_rainbow_06_lowpitch_fold10_207213-2-0-81_SNR10dB.wav,16000,1.3231356143951416,10.396761894226074,0.8322344422340393,3.0989789962768555,4.100105670336741,2.5930309356149377,2.8804424111207148
