clean_file,enhanced_file,sampling_rate,PESQ,SI_SDR,STOI,DNSMOS_p808_mos,DNSMOS_mos_sig,DNSMOS_mos_bak,DNSMOS_mos_ovr
p105_rainbow_07_loud,WF_p105_rainbow_07_loud_fold10_74922-4-0-2_SNR10dB.wav,16000,1.3241065740585327,11.805710792541504,0.8372802734375,3.1190804753984724,4.481388029938768,2.8020574398619758,3.295681682947649
