clean_file,enhanced_file,sampling_rate,PESQ,SI_SDR,STOI,DNSMOS_p808_mos,DNSMOS_mos_sig,DNSMOS_mos_bak,DNSMOS_mos_ovr
p104_rainbow_01_loud,WF_p104_rainbow_01_loud_fold10_199261-3-0-2_SNR10dB.wav,16000,1.7938041687011719,9.591758728027344,0.8925543427467346,3.8865419228871665,4.028492936485029,3.1671394835279436,3.091429977471307
