clean_file,enhanced_file,sampling_rate,PESQ,SI_SDR,STOI,DNSMOS_p808_mos,DNSMOS_mos_sig,DNSMOS_mos_bak,DNSMOS_mos_ovr
p101_vegetative_throat,WF_p101_vegetative_throat_fold10_147491-9-2-25_SNR10dB.wav,16000,1.5470046997070312,13.301225662231445,0.8756858706474304,2.5006210803985596,2.501117495880605,1.887211371975269,1.6366354166873571
