clean_file,enhanced_file,sampling_rate,PESQ,SI_SDR,STOI,DNSMOS_p808_mos,DNSMOS_mos_sig,DNSMOS_mos_bak,DNSMOS_mos_ovr
p105_rainbow_08_whisper,WF_p105_rainbow_08_whisper_fold10_77901-9-0-6_SNR10dB.wav,16000,1.034030795097351,7.762423038482666,0.7111824750900269,2.66868325642177,3.2576126778336527,3.2113308731523174,2.5585116721098315
