clean_file,enhanced_file,sampling_rate,PESQ,SI_SDR,STOI,DNSMOS_p808_mos,DNSMOS_mos_sig,DNSMOS_mos_bak,DNSMOS_mos_ovr
p103_sentences_20_regular,WF_p103_sentences_20_regular_fold10_188813-7-1-0_SNR10dB.wav,16000,1.3098485469818115,11.710681915283203,0.713413655757904,2.7699028083256314,4.310519177100182,2.4035478018358423,2.887601731614233
