clean_file,enhanced_file,sampling_rate,PESQ,SI_SDR,STOI,DNSMOS_p808_mos,DNSMOS_mos_sig,DNSMOS_mos_bak,DNSMOS_mos_ovr
p102_emo_disappointment_sentences,WF_p102_emo_disappointment_sentences_fold10_155280-2-0-13_SNR10dB.wav,16000,2.16605281829834,11.360456466674805,0.7330672144889832,3.690701723098755,3.955801611702544,2.797147938478612,3.0165249527431044
