clean_file,enhanced_file,sampling_rate,PESQ,SI_SDR,STOI,DNSMOS_p808_mos,DNSMOS_mos_sig,DNSMOS_mos_bak,DNSMOS_mos_ovr
p106_emo_contentment_freeform,WF_p106_emo_contentment_freeform_fold10_85574-3-0-8_SNR10dB.wav,16000,1.4487605094909668,11.495919227600098,0.9143680930137634,3.488661289215088,4.12914743874762,3.4533077007210573,3.220406087841448
