clean_file,enhanced_file,sampling_rate,PESQ,SI_SDR,STOI,DNSMOS_p808_mos,DNSMOS_mos_sig,DNSMOS_mos_bak,DNSMOS_mos_ovr
p105_rainbow_03_slow,WF_p105_rainbow_03_slow_fold10_74364-8-1-13_SNR10dB.wav,16000,1.276910424232483,7.286899566650391,0.7405993342399597,2.9923181193215505,3.426984646178732,3.0625804821997304,2.643892024680832
