clean_file,enhanced_file,sampling_rate,PESQ,SI_SDR,STOI,DNSMOS_p808_mos,DNSMOS_mos_sig,DNSMOS_mos_bak,DNSMOS_mos_ovr
p105_sentences_11_highpitch,WF_p105_sentences_11_highpitch_fold10_83195-9-0-11_SNR10dB.wav,16000,1.4611963033676147,10.913952827453613,0.5932442545890808,2.544807195663452,3.159122179597651,2.2387522284201475,2.003857155977557
