clean_file,enhanced_file,sampling_rate,PESQ,SI_SDR,STOI,DNSMOS_p808_mos,DNSMOS_mos_sig,DNSMOS_mos_bak,DNSMOS_mos_ovr
p106_emo_pain_sentences,WF_p106_emo_pain_sentences_fold10_93567-8-0-7_SNR10dB.wav,16000,1.489919900894165,12.019529342651367,0.7487739324569702,2.782445013523102,3.8426534994534234,2.540925016997324,2.6931620418579243
