clean_file,enhanced_file,sampling_rate,PESQ,SI_SDR,STOI,DNSMOS_p808_mos,DNSMOS_mos_sig,DNSMOS_mos_bak,DNSMOS_mos_ovr
p104_interjection_anger,WF_p104_interjection_anger_fold10_196127-3-0-1_SNR10dB.wav,16000,2.044131278991699,9.959881782531738,0.8444711565971375,2.999990292957851,3.7929379307102553,2.467961190444949,2.600192661484861
