clean_file,enhanced_file,sampling_rate,PESQ,SI_SDR,STOI,DNSMOS_p808_mos,DNSMOS_mos_sig,DNSMOS_mos_bak,DNSMOS_mos_ovr
p103_emo_pain_sentences,WF_p103_emo_pain_sentences_fold10_167750-4-2-0_SNR10dB.wav,16000,1.2043601274490356,10.116792678833008,0.6362877488136292,2.82281357049942,4.1557049744167776,1.9056627432035338,2.2005716432640763
