clean_file,enhanced_file,sampling_rate,PESQ,SI_SDR,STOI,DNSMOS_p808_mos,DNSMOS_mos_sig,DNSMOS_mos_bak,DNSMOS_mos_ovr
p104_emo_disgust_sentences,WF_p104_emo_disgust_sentences_fold10_189982-0-0-30_SNR10dB.wav,16000,1.7272497415542603,13.833564758300781,0.7087313532829285,3.4414190451304116,4.149058686136459,2.95796446196341,3.1647522871565936
