clean_file,enhanced_file,sampling_rate,PESQ,SI_SDR,STOI,DNSMOS_p808_mos,DNSMOS_mos_sig,DNSMOS_mos_bak,DNSMOS_mos_ovr
p101_emo_neutral_sentences,WF_p101_emo_neutral_sentences_fold10_102857-5-0-21_SNR10dB.wav,16000,2.1981780529022217,12.905923843383789,0.9015493988990784,3.162688732147217,3.9170929915610078,3.475624273307296,3.2424227389440268
