clean_file,enhanced_file,sampling_rate,PESQ,SI_SDR,STOI,DNSMOS_p808_mos,DNSMOS_mos_sig,DNSMOS_mos_bak,DNSMOS_mos_ovr
p102_rainbow_07_whisper,WF_p102_rainbow_07_whisper_fold10_162134-7-16-0_SNR10dB.wav,16000,1.0856173038482666,8.971860885620117,0.6859918832778931,2.8041402101516724,1.5346941170997328,1.982165030421178,1.072634567240611
