clean_file,enhanced_file,sampling_rate,PESQ,SI_SDR,STOI,DNSMOS_p808_mos,DNSMOS_mos_sig,DNSMOS_mos_bak,DNSMOS_mos_ovr
p102_rainbow_01_loud,WF_p102_rainbow_01_loud_fold10_159742-8-0-11_SNR10dB.wav,16000,1.4374003410339355,10.369826316833496,0.9010502099990845,3.5238678455352783,3.2201625983289546,1.9056481444549078,2.05395513315187
