clean_file,enhanced_file,sampling_rate,PESQ,SI_SDR,STOI,DNSMOS_p808_mos,DNSMOS_mos_sig,DNSMOS_mos_bak,DNSMOS_mos_ovr
p104_emo_sadness_freeform,WF_p104_emo_sadness_freeform_fold10_196084-2-0-0_SNR10dB.wav,16000,1.433335542678833,9.75070571899414,0.8378002643585205,3.665764331817627,3.7855616880532215,2.414446886172364,2.5696574036153472
