clean_file,enhanced_file,sampling_rate,PESQ,SI_SDR,STOI,DNSMOS_p808_mos,DNSMOS_mos_sig,DNSMOS_mos_bak,DNSMOS_mos_ovr
p105_sentences_17_regular,WF_p105_sentences_17_regular_fold10_83502-0-0-0_SNR10dB.wav,16000,1.437062382698059,10.082700729370117,0.6466862559318542,2.9086410658700124,3.816971470766681,2.7438023602865806,2.7316662371523677
