clean_file,enhanced_file,sampling_rate,PESQ,SI_SDR,STOI,DNSMOS_p808_mos,DNSMOS_mos_sig,DNSMOS_mos_bak,DNSMOS_mos_ovr
p104_vegetative_sneezing,WF_p104_vegetative_sneezing_fold10_34050-7-5-0_SNR10dB.wav,16000,1.3839486837387085,12.206343650817871,0.5103346109390259,2.477619687716166,2.3995382659505706,2.171702272269765,1.8016522466371543
