clean_file,enhanced_file,sampling_rate,PESQ,SI_SDR,STOI,DNSMOS_p808_mos,DNSMOS_mos_sig,DNSMOS_mos_bak,DNSMOS_mos_ovr
p101_sentences_10_fast,WF_p101_sentences_10_fast_fold10_141240-5-1-0_SNR10dB.wav,16000,1.8624030351638794,11.926639556884766,0.9023382067680359,3.193864175251552,3.3622152546905495,2.820764332997363,2.5886241045425757
