clean_file,enhanced_file,sampling_rate,PESQ,SI_SDR,STOI,DNSMOS_p808_mos,DNSMOS_mos_sig,DNSMOS_mos_bak,DNSMOS_mos_ovr
p101_rainbow_03_slow,WF_p101_rainbow_03_slow_fold10_117889-9-0-39_SNR10dB.wav,16000,1.6675691604614258,8.714493751525879,0.7809740900993347,3.0337738593419394,3.3041367450142403,2.987573911121689,2.4796465831478898
