clean_file,enhanced_file,sampling_rate,PESQ,SI_SDR,STOI,DNSMOS_p808_mos,DNSMOS_mos_sig,DNSMOS_mos_bak,DNSMOS_mos_ovr
p105_sentences_02_highpitch,WF_p105_sentences_02_highpitch_fold10_7913-3-3-0_SNR10dB.wav,16000,1.460680603981018,9.612160682678223,0.721412718296051,3.435283286230905,4.239193416829795,2.6423462514207303,2.8821947091963134
