clean_file,enhanced_file,sampling_rate,PESQ,SI_SDR,STOI,DNSMOS_p808_mos,DNSMOS_mos_sig,DNSMOS_mos_bak,DNSMOS_mos_ovr
p102_rainbow_02_fast,WF_p102_rainbow_02_fast_fold10_159742-8-0-3_SNR10dB.wav,16000,1.4869896173477173,9.999249458312988,0.9019078016281128,3.1493757452283586,4.256406061070819,2.1224845298808006,2.781322301898858
