clean_file,enhanced_file,sampling_rate,PESQ,SI_SDR,STOI,DNSMOS_p808_mos,DNSMOS_mos_sig,DNSMOS_mos_bak,DNSMOS_mos_ovr
p105_sentences_13_lowpitch,WF_p105_sentences_13_lowpitch_fold10_83195-9-0-2_SNR10dB.wav,16000,1.5779597759246826,11.34161376953125,0.6610895991325378,2.778193882533482,3.339394269317562,2.4099742885968305,2.430556513870432
