clean_file,enhanced_file,sampling_rate,PESQ,SI_SDR,STOI,DNSMOS_p808_mos,DNSMOS_mos_sig,DNSMOS_mos_bak,DNSMOS_mos_ovr
p106_interjection_congratulations,WF_p106_interjection_congratulations_fold10_99192-4-0-27_SNR10dB.wav,16000,1.198714256286621,10.102161407470703,0.6723390817642212,2.6271514892578125,4.008672978625585,1.9979007781125038,2.4725879107027113
