clean_file,enhanced_file,sampling_rate,PESQ,SI_SDR,STOI,DNSMOS_p808_mos,DNSMOS_mos_sig,DNSMOS_mos_bak,DNSMOS_mos_ovr
p103_emo_amazement_freeform,WF_p103_emo_amazement_freeform_fold10_165166-8-0-6_SNR10dB.wav,16000,1.6929596662521362,9.856081008911133,0.726365327835083,2.9240043640136717,4.197082266482095,2.102632308392522,2.593257057462801
