clean_file,enhanced_file,sampling_rate,PESQ,SI_SDR,STOI,DNSMOS_p808_mos,DNSMOS_mos_sig,DNSMOS_mos_bak,DNSMOS_mos_ovr
p105_rainbow_07_fast,WF_p105_rainbow_07_fast_fold10_74922-4-0-0_SNR10dB.wav,16000,1.1795554161071777,10.438350677490234,0.8082368969917297,2.778407778058733,4.431496361328784,2.8298883683445664,3.299545244896194
