clean_file,enhanced_file,sampling_rate,PESQ,SI_SDR,STOI,DNSMOS_p808_mos,DNSMOS_mos_sig,DNSMOS_mos_bak,DNSMOS_mos_ovr
p106_emo_relief_sentences,WF_p106_emo_relief_sentences_fold10_99192-4-0-12_SNR10dB.wav,16000,1.2838879823684692,11.42898178100586,0.8275043368339539,2.9671483039855957,3.97663681645009,2.824631200993408,2.821320903482319
