clean_file,enhanced_file,sampling_rate,PESQ,SI_SDR,STOI,DNSMOS_p808_mos,DNSMOS_mos_sig,DNSMOS_mos_bak,DNSMOS_mos_ovr
p102_sentences_19_regular,WF_p102_sentences_19_regular_fold10_164377-9-1-15_SNR10dB.wav,16000,1.615276575088501,10.71850299835205,0.7966877222061157,3.6319135427474976,3.9595103342565827,2.44001969616244,2.7359276954586225
