clean_file,enhanced_file,sampling_rate,PESQ,SI_SDR,STOI,DNSMOS_p808_mos,DNSMOS_mos_sig,DNSMOS_mos_bak,DNSMOS_mos_ovr
p102_rainbow_06_whisper,WF_p102_rainbow_06_whisper_fold10_162134-7-14-1_SNR10dB.wav,16000,1.1404967308044434,8.780426025390625,0.7558118104934692,2.656389594078064,1.5317642649937042,2.4781973212052777,1.2272424125553485
