clean_file,enhanced_file,sampling_rate,PESQ,SI_SDR,STOI,DNSMOS_p808_mos,DNSMOS_mos_sig,DNSMOS_mos_bak,DNSMOS_mos_ovr
p104_emo_anger_sentences,WF_p104_emo_anger_sentences_fold10_189982-0-0-11_SNR10dB.wav,16000,1.7882187366485596,14.948518753051758,0.7949649095535278,2.9214978218078613,3.256356657511958,2.8061233319975902,2.5140821090027474
