clean_file,enhanced_file,sampling_rate,PESQ,SI_SDR,STOI,DNSMOS_p808_mos,DNSMOS_mos_sig,DNSMOS_mos_bak,DNSMOS_mos_ovr
p103_sentences_01_highpitch,WF_p103_sentences_01_highpitch_fold10_181624-4-3-0_SNR10dB.wav,16000,1.2146192789077759,9.713244438171387,0.640785276889801,2.865019381046295,4.26990585103038,2.632051546546996,2.9510838870876626
