clean_file,enhanced_file,sampling_rate,PESQ,SI_SDR,STOI,DNSMOS_p808_mos,DNSMOS_mos_sig,DNSMOS_mos_bak,DNSMOS_mos_ovr
p101_rainbow_07_lowpitch,WF_p101_rainbow_07_lowpitch_fold10_119067-0-0-0_SNR10dB.wav,16000,1.4196076393127441,10.88144302368164,0.8476936221122742,2.8187151749928794,3.7407993918168287,2.753216668153014,2.8431203240135474
