clean_file,enhanced_file,sampling_rate,PESQ,SI_SDR,STOI,DNSMOS_p808_mos,DNSMOS_mos_sig,DNSMOS_mos_bak,DNSMOS_mos_ovr
p105_emo_realization_sentences,WF_p105_emo_realization_sentences_fold10_72220-3-2-2_SNR10dB.wav,16000,1.391263484954834,9.672477722167969,0.729825496673584,2.801918234143938,4.180126156036683,2.3556080687796657,2.821939388556831
