clean_file,enhanced_file,sampling_rate,PESQ,SI_SDR,STOI,DNSMOS_p808_mos,DNSMOS_mos_sig,DNSMOS_mos_bak,DNSMOS_mos_ovr
p105_interjection_filler,WF_p105_interjection_filler_fold10_73524-0-0-113_SNR10dB.wav,16000,3.0185508728027344,12.608478546142578,0.4887312352657318,2.5939512650171914,3.0777983280209753,3.7196112120257254,2.5938434468928118
