clean_file,enhanced_file,sampling_rate,PESQ,SI_SDR,STOI,DNSMOS_p808_mos,DNSMOS_mos_sig,DNSMOS_mos_bak,DNSMOS_mos_ovr
p104_sentences_01_lowpitch,WF_p104_sentences_01_lowpitch_fold10_26255-3-6-0_SNR10dB.wav,16000,1.3105109930038452,12.511453628540039,0.8152580261230469,3.1458171367645265,4.325776632772373,3.1330164854343012,3.4509627216766168
