clean_file,enhanced_file,sampling_rate,PESQ,SI_SDR,STOI,DNSMOS_p808_mos,DNSMOS_mos_sig,DNSMOS_mos_bak,DNSMOS_mos_ovr
p103_sentences_23_regular,WF_p103_sentences_23_regular_fold10_188813-7-10-2_SNR10dB.wav,16000,1.3535053730010986,11.516668319702148,0.7193351984024048,2.637430191040039,4.252481730751499,2.281029967890757,2.7958617680017896
