clean_file,enhanced_file,sampling_rate,PESQ,SI_SDR,STOI,DNSMOS_p808_mos,DNSMOS_mos_sig,DNSMOS_mos_bak,DNSMOS_mos_ovr
p101_rainbow_01_fast,WF_p101_rainbow_01_fast_fold10_115241-9-0-1_SNR10dB.wav,16000,1.4063894748687744,9.624639511108398,0.7960422039031982,2.638277156012399,3.7607060213181946,2.112131461663687,2.414469660540077
