clean_file,enhanced_file,sampling_rate,PESQ,SI_SDR,STOI,DNSMOS_p808_mos,DNSMOS_mos_sig,DNSMOS_mos_bak,DNSMOS_mos_ovr
p101_rainbow_06_whisper,WF_p101_rainbow_06_whisper_fold10_118558-5-2-0_SNR10dB.wav,16000,1.9213063716888428,10.267414093017578,0.8908545970916748,3.4082462787628174,4.014837248222959,4.0302709426351235,3.562983711266838
