clean_file,enhanced_file,sampling_rate,PESQ,SI_SDR,STOI,DNSMOS_p808_mos,DNSMOS_mos_sig,DNSMOS_mos_bak,DNSMOS_mos_ovr
p102_rainbow_02_loud,WF_p102_rainbow_02_loud_fold10_159742-8-0-5_SNR10dB.wav,16000,1.4012192487716675,10.334100723266602,0.936517059803009,3.3306379318237305,4.334939083547348,1.9363874141373363,2.6278882770994847
