clean_file,enhanced_file,sampling_rate,PESQ,SI_SDR,STOI,DNSMOS_p808_mos,DNSMOS_mos_sig,DNSMOS_mos_bak,DNSMOS_mos_ovr
p105_sentences_22_regular,WF_p105_sentences_22_regular_fold10_83502-0-0-13_SNR10dB.wav,16000,1.2989909648895264,9.635213851928711,0.6186376214027405,2.9187604018620084,3.9620769095463024,2.4258413788237094,2.6329587928177114
