clean_file,enhanced_file,sampling_rate,PESQ,SI_SDR,STOI,DNSMOS_p808_mos,DNSMOS_mos_sig,DNSMOS_mos_bak,DNSMOS_mos_ovr
p103_sentences_09_fast,WF_p103_sentences_09_fast_fold10_187863-4-0-4_SNR10dB.wav,16000,1.2555500268936157,10.335112571716309,0.8058161735534668,2.8936043262481688,4.34629905713215,2.5749962903884027,3.006294949412149
