clean_file,enhanced_file,sampling_rate,PESQ,SI_SDR,STOI,DNSMOS_p808_mos,DNSMOS_mos_sig,DNSMOS_mos_bak,DNSMOS_mos_ovr
p102_emo_embarassment_freeform,WF_p102_emo_embarassment_freeform_fold10_155280-2-0-7_SNR10dB.wav,16000,1.6435956954956055,11.946578979492188,0.9051849842071533,3.311077765056065,3.9351839921856313,2.166341816063168,2.5524649699157096
