clean_file,enhanced_file,sampling_rate,PESQ,SI_SDR,STOI,DNSMOS_p808_mos,DNSMOS_mos_sig,DNSMOS_mos_bak,DNSMOS_mos_ovr
p103_sentences_24_regular,WF_p103_sentences_24_regular_fold10_188813-7-10-3_SNR10dB.wav,16000,1.3826805353164673,12.181282043457031,0.6464378833770752,2.6083932604108537,4.316757651483049,2.3886398098754427,2.881115512504962
