clean_file,enhanced_file,sampling_rate,PESQ,SI_SDR,STOI,DNSMOS_p808_mos,DNSMOS_mos_sig,DNSMOS_mos_bak,DNSMOS_mos_ovr
p102_sentences_12_highpitch,WF_p102_sentences_12_highpitch_fold10_164194-2-0-14_SNR10dB.wav,16000,1.241783618927002,10.461564064025879,0.789002537727356,2.7602266470591226,3.759078360900666,1.8366412880993372,2.242975160232783
