clean_file,enhanced_file,sampling_rate,PESQ,SI_SDR,STOI,DNSMOS_p808_mos,DNSMOS_mos_sig,DNSMOS_mos_bak,DNSMOS_mos_ovr
p104_emo_confusion_sentences,WF_p104_emo_confusion_sentences_fold10_189982-0-0-16_SNR10dB.wav,16000,1.878441572189331,11.783750534057617,0.5914375185966492,3.142052412033081,2.964990103293374,3.0108195850712973,2.2723605702796807
