clean_file,enhanced_file,sampling_rate,PESQ,SI_SDR,STOI,DNSMOS_p808_mos,DNSMOS_mos_sig,DNSMOS_mos_bak,DNSMOS_mos_ovr
p104_emo_serenity_sentences,WF_p104_emo_serenity_sentences_fold10_196086-2-0-0_SNR10dB.wav,16000,1.585362195968628,9.483214378356934,0.7944505214691162,3.7979416847229004,4.052379315319664,2.7119677367718493,2.8366711664110342
