clean_file,enhanced_file,sampling_rate,PESQ,SI_SDR,STOI,DNSMOS_p808_mos,DNSMOS_mos_sig,DNSMOS_mos_bak,DNSMOS_mos_ovr
p104_emo_confusion_freeform,WF_p104_emo_confusion_freeform_fold10_189982-0-0-13_SNR10dB.wav,16000,1.622495412826538,12.373016357421875,0.831591010093689,3.2897437810897827,3.8944877483468052,2.9292576471848157,2.9293941658681057
