clean_file,enhanced_file,sampling_rate,PESQ,SI_SDR,STOI,DNSMOS_p808_mos,DNSMOS_mos_sig,DNSMOS_mos_bak,DNSMOS_mos_ovr
p106_emo_amazement_freeform,WF_p106_emo_amazement_freeform_fold10_84249-9-0-11_SNR10dB.wav,16000,1.371264934539795,11.588991165161133,0.7873444557189941,2.67569831439427,4.135243755711493,2.1493913174834764,2.633065962421863
