clean_file,enhanced_file,sampling_rate,PESQ,SI_SDR,STOI,DNSMOS_p808_mos,DNSMOS_mos_sig,DNSMOS_mos_bak,DNSMOS_mos_ovr
p102_sentences_09_fast,WF_p102_sentences_09_fast_fold10_163459-3-0-0_SNR10dB.wav,16000,1.4453320503234863,10.450422286987305,0.8694237470626831,3.6611417531967163,4.41315344267106,2.5279491256675723,3.1025215613527735
