clean_file,enhanced_file,sampling_rate,PESQ,SI_SDR,STOI,DNSMOS_p808_mos,DNSMOS_mos_sig,DNSMOS_mos_bak,DNSMOS_mos_ovr
p102_emo_anger_sentences,WF_p102_emo_anger_sentences_fold10_155262-2-0-101_SNR10dB.wav,16000,1.4530082941055298,11.328109741210938,0.8888829350471497,2.7846717834472656,2.67298719340505,1.6414999601808278,1.5864287636629717
