clean_file,enhanced_file,sampling_rate,PESQ,SI_SDR,STOI,DNSMOS_p808_mos,DNSMOS_mos_sig,DNSMOS_mos_bak,DNSMOS_mos_ovr
p101_sentences_01_whisper,WF_p101_sentences_01_whisper_fold10_129750-2-0-46_SNR10dB.wav,16000,1.541069507598877,3.050137519836426,0.6460515856742859,2.781931241353353,1.7769744596495973,2.8034061882763877,1.6100167985598424
