clean_file,enhanced_file,sampling_rate,PESQ,SI_SDR,STOI,DNSMOS_p808_mos,DNSMOS_mos_sig,DNSMOS_mos_bak,DNSMOS_mos_ovr
p103_rainbow_04_regular,WF_p103_rainbow_04_regular_fold10_178826-2-0-39_SNR10dB.wav,16000,1.3533666133880615,11.491226196289062,0.8682911396026611,3.0636586461748396,4.333651408893588,2.3857872774302082,2.8966479957804805
