clean_file,enhanced_file,sampling_rate,PESQ,SI_SDR,STOI,DNSMOS_p808_mos,DNSMOS_mos_sig,DNSMOS_mos_bak,DNSMOS_mos_ovr
p101_rainbow_07_fast,WF_p101_rainbow_07_fast_fold10_118558-5-2-1_SNR10dB.wav,16000,1.9991624355316162,12.37759017944336,0.9461163282394409,3.2962169647216797,4.1344071027923235,3.064549660864163,3.2646057577906453
