clean_file,enhanced_file,sampling_rate,PESQ,SI_SDR,STOI,DNSMOS_p808_mos,DNSMOS_mos_sig,DNSMOS_mos_bak,DNSMOS_mos_ovr
p102_rainbow_01_highpitch,WF_p102_rainbow_01_highpitch_fold10_159742-8-0-10_SNR10dB.wav,16000,1.7804322242736816,10.836743354797363,0.8620592355728149,3.792915105819702,3.4526989023866985,1.6713323872536354,1.9553878601501644
