clean_file,enhanced_file,sampling_rate,PESQ,SI_SDR,STOI,DNSMOS_p808_mos,DNSMOS_mos_sig,DNSMOS_mos_bak,DNSMOS_mos_ovr
p105_interjection_congratulations,WF_p105_interjection_congratulations_fold10_73524-0-0-105_SNR10dB.wav,16000,2.5964362621307373,14.56458568572998,0.6785756349563599,2.7029995918273926,3.136212471232743,2.6710320574013666,2.4049301493317503
