clean_file,enhanced_file,sampling_rate,PESQ,SI_SDR,STOI,DNSMOS_p808_mos,DNSMOS_mos_sig,DNSMOS_mos_bak,DNSMOS_mos_ovr
p102_rainbow_03_regular,WF_p102_rainbow_03_regular_fold10_162134-7-10-0_SNR10dB.wav,16000,1.1370389461517334,10.859780311584473,0.799607515335083,2.8954306840896606,4.376580722715052,2.1530825307995327,2.7472435166407556
