clean_file,enhanced_file,sampling_rate,PESQ,SI_SDR,STOI,DNSMOS_p808_mos,DNSMOS_mos_sig,DNSMOS_mos_bak,DNSMOS_mos_ovr
p106_nonverbal_laughter_open,WF_p106_nonverbal_laughter_open_fold10_99192-4-0-40_SNR10dB.wav,16000,1.2024362087249756,9.184392929077148,0.6240871548652649,2.610759973526001,2.4259587638791498,1.99724048679464,1.7591162600145718
