clean_file,enhanced_file,sampling_rate,PESQ,SI_SDR,STOI,DNSMOS_p808_mos,DNSMOS_mos_sig,DNSMOS_mos_bak,DNSMOS_mos_ovr
p105_rainbow_08_highpitch,WF_p105_rainbow_08_highpitch_fold10_77901-9-0-0_SNR10dB.wav,16000,1.1402678489685059,10.187955856323242,0.7336969375610352,2.58660558291844,3.6652099118770383,2.204810935636196,2.3193422588314982
