clean_file,enhanced_file,sampling_rate,PESQ,SI_SDR,STOI,DNSMOS_p808_mos,DNSMOS_mos_sig,DNSMOS_mos_bak,DNSMOS_mos_ovr
p103_rainbow_06_loud,WF_p103_rainbow_06_loud_fold10_180127-4-0-16_SNR10dB.wav,16000,1.4610053300857544,13.084334373474121,0.8521513938903809,3.0098104000091555,3.3944640687679906,2.7088094605759117,2.529806626438566
