clean_file,enhanced_file,sampling_rate,PESQ,SI_SDR,STOI,DNSMOS_p808_mos,DNSMOS_mos_sig,DNSMOS_mos_bak,DNSMOS_mos_ovr
p106_emo_contentment_sentences,WF_p106_emo_contentment_sentences_fold10_85665-3-0-0_SNR10dB.wav,16000,1.484088659286499,9.19888687133789,0.8406082391738892,3.7545443773269653,4.2056717971075575,3.458493092248358,3.379775626448127
