clean_file,enhanced_file,sampling_rate,PESQ,SI_SDR,STOI,DNSMOS_p808_mos,DNSMOS_mos_sig,DNSMOS_mos_bak,DNSMOS_mos_ovr
p105_rainbow_02_loud,WF_p105_rainbow_02_loud_fold10_73524-0-0-74_SNR10dB.wav,16000,2.135382890701294,11.119451522827148,0.8498467206954956,3.476771116256714,3.947997624928719,3.7204835577119404,3.3569406086336713
