clean_file,enhanced_file,sampling_rate,PESQ,SI_SDR,STOI,DNSMOS_p808_mos,DNSMOS_mos_sig,DNSMOS_mos_bak,DNSMOS_mos_ovr
p101_sentences_09_fast,WF_p101_sentences_09_fast_fold10_141240-5-0-0_SNR10dB.wav,16000,2.1146185398101807,12.035016059875488,0.8996528387069702,3.137636661529541,3.6661261791766133,3.3547801029260746,3.0098358985419753
