clean_file,enhanced_file,sampling_rate,PESQ,SI_SDR,STOI,DNSMOS_p808_mos,DNSMOS_mos_sig,DNSMOS_mos_bak,DNSMOS_mos_ovr
p103_sentences_16_regular,WF_p103_sentences_16_regular_fold10_188497-2-0-2_SNR10dB.wav,16000,1.7731842994689941,10.539300918579102,0.6437704563140869,3.0778387546539308,4.301214816662762,2.6615468149715005,3.0688955880182953
