clean_file,enhanced_file,sampling_rate,PESQ,SI_SDR,STOI,DNSMOS_p808_mos,DNSMOS_mos_sig,DNSMOS_mos_bak,DNSMOS_mos_ovr
p101_emo_pride_sentences,WF_p101_emo_pride_sentences_fold10_102857-5-0-25_SNR10dB.wav,16000,2.2712061405181885,14.936772346496582,0.9372202157974243,3.400026321411133,4.0629100472629895,3.0294288405021583,3.1720530367931583
