clean_file,enhanced_file,sampling_rate,PESQ,SI_SDR,STOI,DNSMOS_p808_mos,DNSMOS_mos_sig,DNSMOS_mos_bak,DNSMOS_mos_ovr
p103_sentences_05_loud,WF_p103_sentences_05_loud_fold10_187863-4-0-0_SNR10dB.wav,16000,1.3754562139511108,10.575374603271484,0.779100239276886,2.9190784181867326,4.053212416643191,2.0698802259386193,2.5712051960574085
