clean_file,enhanced_file,sampling_rate,PESQ,SI_SDR,STOI,DNSMOS_p808_mos,DNSMOS_mos_sig,DNSMOS_mos_bak,DNSMOS_mos_ovr
p101_rainbow_02_regular,WF_p101_rainbow_02_regular_fold10_115418-9-0-29_SNR10dB.wav,16000,1.5366551876068115,10.265743255615234,0.8126280307769775,2.6081126928329468,4.106292528004729,2.6029689439264585,3.005845234815729
