clean_file,enhanced_file,sampling_rate,PESQ,SI_SDR,STOI,DNSMOS_p808_mos,DNSMOS_mos_sig,DNSMOS_mos_bak,DNSMOS_mos_ovr
p105_rainbow_05_regular,WF_p105_rainbow_05_regular_fold10_74364-8-1-25_SNR10dB.wav,16000,1.4872143268585205,8.74240779876709,0.8006570339202881,3.2387498787471225,4.29717586150797,2.6653465615988634,3.0701479028695675
