clean_file,enhanced_file,sampling_rate,PESQ,SI_SDR,STOI,DNSMOS_p808_mos,DNSMOS_mos_sig,DNSMOS_mos_bak,DNSMOS_mos_ovr
p103_sentences_01_fast,WF_p103_sentences_01_fast_fold10_181624-4-2-0_SNR10dB.wav,16000,1.3448302745819092,14.614907264709473,0.9290799498558044,2.9946346282958984,3.931886347723755,2.1773657420491697,2.4934788365023417
