clean_file,enhanced_file,sampling_rate,PESQ,SI_SDR,STOI,DNSMOS_p808_mos,DNSMOS_mos_sig,DNSMOS_mos_bak,DNSMOS_mos_ovr
p103_rainbow_07_loud,WF_p103_rainbow_07_loud_fold10_180127-4-0-3_SNR10dB.wav,16000,1.5510588884353638,13.732682228088379,0.8308077454566956,3.277905668531145,2.818344339065706,2.4230681218605548,2.095188829591806
