clean_file,enhanced_file,sampling_rate,PESQ,SI_SDR,STOI,DNSMOS_p808_mos,DNSMOS_mos_sig,DNSMOS_mos_bak,DNSMOS_mos_ovr
p106_emo_amazement_sentences,WF_p106_emo_amazement_sentences_fold10_84249-9-0-3_SNR10dB.wav,16000,1.4901037216186523,11.80611515045166,0.7801990509033203,2.6583988666534424,3.01200633972605,1.9554499323220638,1.9388942987029254
