clean_file,enhanced_file,sampling_rate,PESQ,SI_SDR,STOI,DNSMOS_p808_mos,DNSMOS_mos_sig,DNSMOS_mos_bak,DNSMOS_mos_ovr
p106_emo_sadness_freeform,WF_p106_emo_sadness_freeform_fold10_99192-4-0-15_SNR10dB.wav,16000,1.161473274230957,8.652637481689453,0.776620626449585,2.693898598353068,3.8855193888985102,2.705814355911355,2.5714090285954114
