clean_file,enhanced_file,sampling_rate,PESQ,SI_SDR,STOI,DNSMOS_p808_mos,DNSMOS_mos_sig,DNSMOS_mos_bak,DNSMOS_mos_ovr
p104_sentences_03_whisper,WF_p104_sentences_03_whisper_fold10_28808-1-0-0_SNR10dB.wav,16000,1.2721564769744873,8.877337455749512,0.5826665163040161,2.6301545756203786,3.1681294709345806,2.5902594689574343,2.1447303367465924
