clean_file,enhanced_file,sampling_rate,PESQ,SI_SDR,STOI,DNSMOS_p808_mos,DNSMOS_mos_sig,DNSMOS_mos_bak,DNSMOS_mos_ovr
p105_emo_pride_sentences,WF_p105_emo_pride_sentences_fold10_71312-3-0-5_SNR10dB.wav,16000,1.7742372751235962,9.912043571472168,0.8066278696060181,3.202706371034895,4.041240269305346,2.2741427789255306,2.7008978994992217
