clean_file,enhanced_file,sampling_rate,PESQ,SI_SDR,STOI,DNSMOS_p808_mos,DNSMOS_mos_sig,DNSMOS_mos_bak,DNSMOS_mos_ovr
p106_emo_adoration_freeform,WF_p106_emo_adoration_freeform_fold10_83502-0-0-9_SNR10dB.wav,16000,1.1070516109466553,9.521076202392578,0.7667157053947449,2.8111816133771623,3.9374961595790716,2.579258071720387,2.5899368123840474
