clean_file,enhanced_file,sampling_rate,PESQ,SI_SDR,STOI,DNSMOS_p808_mos,DNSMOS_mos_sig,DNSMOS_mos_bak,DNSMOS_mos_ovr
p101_sentences_19_regular,WF_p101_sentences_19_regular_fold10_14470-2-0-4_SNR10dB.wav,16000,1.4508568048477173,9.696523666381836,0.7446783781051636,2.771549940109253,3.879973531126021,2.4538038355102,2.809045710230127
