clean_file,enhanced_file,sampling_rate,PESQ,SI_SDR,STOI,DNSMOS_p808_mos,DNSMOS_mos_sig,DNSMOS_mos_bak,DNSMOS_mos_ovr
p105_sentences_09_fast,WF_p105_sentences_09_fast_fold10_83191-9-0-4_SNR10dB.wav,16000,1.8574912548065186,13.066856384277344,0.7408639788627625,2.906465973172869,3.8041496208857053,2.5429088686494437,2.793486984361897
