clean_file,enhanced_file,sampling_rate,PESQ,SI_SDR,STOI,DNSMOS_p808_mos,DNSMOS_mos_sig,DNSMOS_mos_bak,DNSMOS_mos_ovr
p106_rainbow_01_highpitch,WF_p106_rainbow_01_highpitch_fold10_99192-4-0-48_SNR10dB.wav,16000,1.2390607595443726,13.916640281677246,0.676002025604248,2.3824892044067383,3.3345038776756466,1.806860923486913,1.9668563071711052
