clean_file,enhanced_file,sampling_rate,PESQ,SI_SDR,STOI,DNSMOS_p808_mos,DNSMOS_mos_sig,DNSMOS_mos_bak,DNSMOS_mos_ovr
p102_emo_interest_freeform,WF_p102_emo_interest_freeform_fold10_15544-5-0-14_SNR10dB.wav,16000,2.087019920349121,11.802111625671387,0.8420807719230652,3.478095088686262,4.180200071799399,2.438100268279182,2.8612981004494054
