clean_file,enhanced_file,sampling_rate,PESQ,SI_SDR,STOI,DNSMOS_p808_mos,DNSMOS_mos_sig,DNSMOS_mos_bak,DNSMOS_mos_ovr
p106_emo_sadness_sentences,WF_p106_emo_sadness_sentences_fold10_99192-4-0-17_SNR10dB.wav,16000,1.4540542364120483,10.35637378692627,0.7760381102561951,2.685903231302897,4.35832976820901,2.673236430493685,2.9695827610285086
