clean_file,enhanced_file,sampling_rate,PESQ,SI_SDR,STOI,DNSMOS_p808_mos,DNSMOS_mos_sig,DNSMOS_mos_bak,DNSMOS_mos_ovr
p105_rainbow_04_loud,WF_p105_rainbow_04_loud_fold10_74364-8-1-17_SNR10dB.wav,16000,1.3058401346206665,10.026322364807129,0.8491765856742859,3.149115903036935,4.181477717930883,2.5604822049470193,2.9561330536904054
