clean_file,enhanced_file,sampling_rate,PESQ,SI_SDR,STOI,DNSMOS_p808_mos,DNSMOS_mos_sig,DNSMOS_mos_bak,DNSMOS_mos_ovr
p105_interjection_agreement,WF_p105_interjection_agreement_fold10_73524-0-0-0_SNR10dB.wav,16000,2.4355032444000244,15.199479103088379,0.8604359030723572,2.759871780872345,3.4261207332445243,2.7933592885152616,2.666667310732535
