clean_file,enhanced_file,sampling_rate,PESQ,SI_SDR,STOI,DNSMOS_p808_mos,DNSMOS_mos_sig,DNSMOS_mos_bak,DNSMOS_mos_ovr
p101_emo_desire_freeform,WF_p101_emo_desire_freeform_fold10_101382-2-0-33_SNR10dB.wav,16000,1.4526636600494385,9.156473159790039,0.7516775131225586,2.877033829689026,4.267699766591652,2.245010604167447,2.788867355134938
