clean_file,enhanced_file,sampling_rate,PESQ,SI_SDR,STOI,DNSMOS_p808_mos,DNSMOS_mos_sig,DNSMOS_mos_bak,DNSMOS_mos_ovr
p102_sentences_22_regular,WF_p102_sentences_22_regular_fold10_164377-9-1-43_SNR10dB.wav,16000,1.6164577007293701,11.16361141204834,0.7759906053543091,3.383349339167277,3.758048975739424,2.4312133027330955,2.5732295620246926
