clean_file,enhanced_file,sampling_rate,PESQ,SI_SDR,STOI,DNSMOS_p808_mos,DNSMOS_mos_sig,DNSMOS_mos_bak,DNSMOS_mos_ovr
p105_rainbow_01_slow,WF_p105_rainbow_01_slow_fold10_73524-0-0-54_SNR10dB.wav,16000,1.3968391418457031,7.86907958984375,0.8066457509994507,2.9194403489430747,2.926035123739892,4.075687661823456,2.588401690763204
