clean_file,enhanced_file,sampling_rate,PESQ,SI_SDR,STOI,DNSMOS_p808_mos,DNSMOS_mos_sig,DNSMOS_mos_bak,DNSMOS_mos_ovr
p105_emo_neutral_sentences,WF_p105_emo_neutral_sentences_fold10_7062-6-0-0_SNR10dB.wav,16000,1.290000557899475,9.903501510620117,0.6049416661262512,2.868747055530548,3.9417606544666826,3.399081586415484,3.2126756836786097
