clean_file,enhanced_file,sampling_rate,PESQ,SI_SDR,STOI,DNSMOS_p808_mos,DNSMOS_mos_sig,DNSMOS_mos_bak,DNSMOS_mos_ovr
p102_sentences_02_fast,WF_p102_sentences_02_fast_fold10_162134-7-8-1_SNR10dB.wav,16000,1.1896717548370361,11.542949676513672,0.8835692405700684,2.8043806552886963,4.05141640289586,1.9593252409260709,2.5013202303583615
