clean_file,enhanced_file,sampling_rate,PESQ,SI_SDR,STOI,DNSMOS_p808_mos,DNSMOS_mos_sig,DNSMOS_mos_bak,DNSMOS_mos_ovr
p103_emo_disgust_sentences,WF_p103_emo_disgust_sentences_fold10_167464-0-0-19_SNR10dB.wav,16000,1.831310749053955,13.711082458496094,0.6965428590774536,3.101309129170009,4.041517595612918,3.3744101464501512,3.2948380946090903
