clean_file,enhanced_file,sampling_rate,PESQ,SI_SDR,STOI,DNSMOS_p808_mos,DNSMOS_mos_sig,DNSMOS_mos_bak,DNSMOS_mos_ovr
p103_rainbow_02_regular,WF_p103_rainbow_02_regular_fold10_178261-7-3-1_SNR10dB.wav,16000,1.2721445560455322,11.363225936889648,0.862480878829956,2.740002019064767,4.178135154962201,2.7542888206811784,3.0015575975165807
