clean_file,enhanced_file,sampling_rate,PESQ,SI_SDR,STOI,DNSMOS_p808_mos,DNSMOS_mos_sig,DNSMOS_mos_bak,DNSMOS_mos_ovr
p104_rainbow_07_fast,WF_p104_rainbow_07_fast_fold10_208652-8-4-0_SNR10dB.wav,16000,1.3254811763763428,11.004380226135254,0.8767707347869873,3.1698171070643832,4.022267282561126,2.298371234059459,2.6195281848479435
