clean_file,enhanced_file,sampling_rate,PESQ,SI_SDR,STOI,DNSMOS_p808_mos,DNSMOS_mos_sig,DNSMOS_mos_bak,DNSMOS_mos_ovr
p104_interjection_agreement,WF_p104_interjection_agreement_fold10_196127-3-0-0_SNR10dB.wav,16000,1.9760534763336182,10.00680160522461,0.7476258277893066,2.901112755139669,3.6509711316159517,2.1245695933237965,2.3565283084052773
