clean_file,enhanced_file,sampling_rate,PESQ,SI_SDR,STOI,DNSMOS_p808_mos,DNSMOS_mos_sig,DNSMOS_mos_bak,DNSMOS_mos_ovr
p104_emo_pain_sentences,WF_p104_emo_pain_sentences_fold10_189985-0-0-3_SNR10dB.wav,16000,1.8490421772003174,12.939872741699219,0.8040992617607117,2.9307976961135864,3.7577276261570436,3.0533129517589934,2.9256306835028822
