clean_file,enhanced_file,sampling_rate,PESQ,SI_SDR,STOI,DNSMOS_p808_mos,DNSMOS_mos_sig,DNSMOS_mos_bak,DNSMOS_mos_ovr
p104_melodic_happy_birthday,WF_p104_melodic_happy_birthday_fold10_197554-2-0-26_SNR10dB.wav,16000,1.5576814413070679,15.527793884277344,0.7978901267051697,2.5087895733969554,4.027938349028202,2.3779090297905947,2.646183027138705
