clean_file,enhanced_file,sampling_rate,PESQ,SI_SDR,STOI,DNSMOS_p808_mos,DNSMOS_mos_sig,DNSMOS_mos_bak,DNSMOS_mos_ovr
p102_sentences_06_loud,WF_p102_sentences_06_loud_fold10_162134-7-9-3_SNR10dB.wav,16000,1.2231826782226562,12.111763954162598,0.8140880465507507,2.871546813419887,4.238999520347181,1.8114087013899882,2.4229931455466938
