clean_file,enhanced_file,sampling_rate,PESQ,SI_SDR,STOI,DNSMOS_p808_mos,DNSMOS_mos_sig,DNSMOS_mos_bak,DNSMOS_mos_ovr
p103_sentences_01_lowpitch,WF_p103_sentences_01_lowpitch_fold10_181624-4-5-0_SNR10dB.wav,16000,1.2610769271850586,9.855658531188965,0.6368961930274963,3.030278137751988,4.426904559637947,4.006089075795062,3.8377659752918443
