clean_file,enhanced_file,sampling_rate,PESQ,SI_SDR,STOI,DNSMOS_p808_mos,DNSMOS_mos_sig,DNSMOS_mos_bak,DNSMOS_mos_ovr
p102_sentences_15_regular,WF_p102_sentences_15_regular_fold10_164194-2-0-26_SNR10dB.wav,16000,1.4711382389068604,10.417380332946777,0.6967512965202332,3.072256326675415,3.6639602636957003,2.2037853855495624,2.474947494405076
