clean_file,enhanced_file,sampling_rate,PESQ,SI_SDR,STOI,DNSMOS_p808_mos,DNSMOS_mos_sig,DNSMOS_mos_bak,DNSMOS_mos_ovr
p103_vegetative_sneezing,WF_p103_vegetative_sneezing_fold10_188813-7-12-0_SNR10dB.wav,16000,2.26080584526062,10.6412935256958,0.6935991048812866,2.309216260910034,3.7736828344728126,1.5777403937237522,1.9909462100945032
