clean_file,enhanced_file,sampling_rate,PESQ,SI_SDR,STOI,DNSMOS_p808_mos,DNSMOS_mos_sig,DNSMOS_mos_bak,DNSMOS_mos_ovr
p103_emo_embarassment_freeform,WF_p103_emo_embarassment_freeform_fold10_167464-0-0-21_SNR10dB.wav,16000,1.6240887641906738,12.20409870147705,0.8182793855667114,2.779194736480713,3.7302811727785787,2.4119856087006464,2.5223527017563283
