clean_file,enhanced_file,sampling_rate,PESQ,SI_SDR,STOI,DNSMOS_p808_mos,DNSMOS_mos_sig,DNSMOS_mos_bak,DNSMOS_mos_ovr
p102_rainbow_04_lowpitch,WF_p102_rainbow_04_lowpitch_fold10_162134-7-11-2_SNR10dB.wav,16000,1.1330904960632324,10.740394592285156,0.8356373310089111,2.4476962089538574,4.268375700150389,1.9886721634126807,2.6288053040709563
