clean_file,enhanced_file,sampling_rate,PESQ,SI_SDR,STOI,DNSMOS_p808_mos,DNSMOS_mos_sig,DNSMOS_mos_bak,DNSMOS_mos_ovr
p106_emo_interest_freeform,WF_p106_emo_interest_freeform_fold10_93567-8-0-2_SNR10dB.wav,16000,1.5394432544708252,11.964725494384766,0.7738577723503113,3.165538821901594,3.802820793130022,1.984556468009405,2.2952603964968605
