clean_file,enhanced_file,sampling_rate,PESQ,SI_SDR,STOI,DNSMOS_p808_mos,DNSMOS_mos_sig,DNSMOS_mos_bak,DNSMOS_mos_ovr
p102_emo_desire_sentences,WF_p102_emo_desire_sentences_fold10_155280-2-0-10_SNR10dB.wav,16000,2.477001667022705,10.861720085144043,0.9397527575492859,3.6507065296173096,4.053992509005499,2.4330932530675806,2.749300374041453
