clean_file,enhanced_file,sampling_rate,PESQ,SI_SDR,STOI,DNSMOS_p808_mos,DNSMOS_mos_sig,DNSMOS_mos_bak,DNSMOS_mos_ovr
p102_emo_confusion_freeform,WF_p102_emo_confusion_freeform_fold10_155262-2-0-11_SNR10dB.wav,16000,1.5242016315460205,11.657033920288086,0.8719161152839661,3.234722137451172,3.460844430808978,2.3039406501755844,2.3517712220368994
