clean_file,enhanced_file,sampling_rate,PESQ,SI_SDR,STOI,DNSMOS_p808_mos,DNSMOS_mos_sig,DNSMOS_mos_bak,DNSMOS_mos_ovr
p104_sentences_17_regular,WF_p104_sentences_17_regular_fold10_2937-1-0-0_SNR10dB.wav,16000,1.6592170000076294,14.585813522338867,0.8258675336837769,2.789170435496739,3.2647112990170633,2.036631915052162,2.001121171726868
