clean_file,enhanced_file,sampling_rate,PESQ,SI_SDR,STOI,DNSMOS_p808_mos,DNSMOS_mos_sig,DNSMOS_mos_bak,DNSMOS_mos_ovr
p102_rainbow_08_highpitch,WF_p102_rainbow_08_highpitch_fold10_162134-7-17-0_SNR10dB.wav,16000,1.0909202098846436,12.297844886779785,0.7888931035995483,2.6086470058986118,3.949553316418599,1.9678773839911525,2.4285333256209847
