clean_file,enhanced_file,sampling_rate,PESQ,SI_SDR,STOI,DNSMOS_p808_mos,DNSMOS_mos_sig,DNSMOS_mos_bak,DNSMOS_mos_ovr
p103_rainbow_03_highpitch,WF_p103_rainbow_03_highpitch_fold10_178261-7-3-5_SNR10dB.wav,16000,1.4283819198608398,14.386200904846191,0.6978672742843628,2.53764279683431,3.4284439702115748,2.589589517556146,2.4992389395268555
