clean_file,enhanced_file,sampling_rate,PESQ,SI_SDR,STOI,DNSMOS_p808_mos,DNSMOS_mos_sig,DNSMOS_mos_bak,DNSMOS_mos_ovr
p101_rainbow_04_regular,WF_p101_rainbow_04_regular_fold10_118278-4-0-12_SNR10dB.wav,16000,1.46868896484375,10.59183120727539,0.8138254284858704,2.7390170892079673,4.04013084904187,2.7483036847782305,3.0363199173847284
