clean_file,enhanced_file,sampling_rate,PESQ,SI_SDR,STOI,DNSMOS_p808_mos,DNSMOS_mos_sig,DNSMOS_mos_bak,DNSMOS_mos_ovr
p105_emo_cuteness_sentences,WF_p105_emo_cuteness_sentences_fold10_39847-5-1-0_SNR10dB.wav,16000,1.4124053716659546,11.579458236694336,0.5978367328643799,2.662355422973633,2.9991104691882327,2.726553963674064,2.299238105744031
