clean_file,enhanced_file,sampling_rate,PESQ,SI_SDR,STOI,DNSMOS_p808_mos,DNSMOS_mos_sig,DNSMOS_mos_bak,DNSMOS_mos_ovr
p106_emo_disappointment_freeform,WF_p106_emo_disappointment_freeform_fold10_88121-8-1-0_SNR10dB.wav,16000,1.4189348220825195,10.254436492919922,0.8500822186470032,3.3268392426627025,3.640533494786223,2.874822185760879,2.6436409499122524
