clean_file,enhanced_file,sampling_rate,PESQ,SI_SDR,STOI,DNSMOS_p808_mos,DNSMOS_mos_sig,DNSMOS_mos_bak,DNSMOS_mos_ovr
p102_interjection_anger,WF_p102_interjection_anger_fold10_157207-6-2-0_SNR10dB.wav,16000,1.722560167312622,10.871297836303711,0.8336330652236938,3.462011178334554,3.9340774525950994,1.9952125782116312,2.480201611318256
