clean_file,enhanced_file,sampling_rate,PESQ,SI_SDR,STOI,DNSMOS_p808_mos,DNSMOS_mos_sig,DNSMOS_mos_bak,DNSMOS_mos_ovr
p102_emo_amusement_freeform,WF_p102_emo_amusement_freeform_fold10_155241-9-0-79_SNR10dB.wav,16000,1.3819233179092407,11.472644805908203,0.8907601237297058,2.9350345611572264,3.757523589905392,2.0807525985871904,2.379112786807908
