clean_file,enhanced_file,sampling_rate,PESQ,SI_SDR,STOI,DNSMOS_p808_mos,DNSMOS_mos_sig,DNSMOS_mos_bak,DNSMOS_mos_ovr
p101_sentences_02_lowpitch,WF_p101_sentences_02_lowpitch_fold10_136558-9-1-10_SNR10dB.wav,16000,1.2633631229400635,10.005074501037598,0.7476454973220825,2.7667903900146484,4.254079616498904,2.1431246414081437,2.734035193458522
