clean_file,enhanced_file,sampling_rate,PESQ,SI_SDR,STOI,DNSMOS_p808_mos,DNSMOS_mos_sig,DNSMOS_mos_bak,DNSMOS_mos_ovr
p101_sentences_22_regular,WF_p101_sentences_22_regular_fold10_14470-2-0-70_SNR10dB.wav,16000,1.637581706047058,9.050405502319336,0.7072623372077942,3.3295780420303345,3.6328847071132415,2.5041560605519835,2.554893312112976
