clean_file,enhanced_file,sampling_rate,PESQ,SI_SDR,STOI,DNSMOS_p808_mos,DNSMOS_mos_sig,DNSMOS_mos_bak,DNSMOS_mos_ovr
p104_rainbow_03_whisper,WF_p104_rainbow_03_whisper_fold10_202334-9-0-202_SNR10dB.wav,16000,1.2518266439437866,5.124899864196777,0.7229361534118652,2.5558198520115445,2.293154689215793,2.948826967830541,1.797080751105942
