clean_file,enhanced_file,sampling_rate,PESQ,SI_SDR,STOI,DNSMOS_p808_mos,DNSMOS_mos_sig,DNSMOS_mos_bak,DNSMOS_mos_ovr
p101_sentences_08_slow,WF_p101_sentences_08_slow_fold10_138017-9-1-6_SNR10dB.wav,16000,1.6920603513717651,8.47486400604248,0.6201311349868774,2.8037543978009904,2.8552525552766785,3.586808909515802,2.359207893066397
