clean_file,enhanced_file,sampling_rate,PESQ,SI_SDR,STOI,DNSMOS_p808_mos,DNSMOS_mos_sig,DNSMOS_mos_bak,DNSMOS_mos_ovr
p103_sentences_17_regular,WF_p103_sentences_17_regular_fold10_188497-2-0-23_SNR10dB.wav,16000,1.667914628982544,11.270159721374512,0.6740504503250122,2.936025381088257,3.7060472296525298,2.5102815882347422,2.5686584874222835
