clean_file,enhanced_file,sampling_rate,PESQ,SI_SDR,STOI,DNSMOS_p808_mos,DNSMOS_mos_sig,DNSMOS_mos_bak,DNSMOS_mos_ovr
p104_sentences_01_slow,WF_p104_sentences_01_slow_fold10_26344-4-0-0_SNR10dB.wav,16000,1.29610276222229,10.085874557495117,0.6920490264892578,2.8866212368011475,4.248043481064436,2.624328934318084,3.0308699231481566
