clean_file,enhanced_file,sampling_rate,PESQ,SI_SDR,STOI,DNSMOS_p808_mos,DNSMOS_mos_sig,DNSMOS_mos_bak,DNSMOS_mos_ovr
p102_sentences_18_regular,WF_p102_sentences_18_regular_fold10_164377-9-0-16_SNR10dB.wav,16000,1.8249492645263672,10.707125663757324,0.7885833978652954,3.3638713359832764,3.5767744015399456,2.7755093869506995,2.766877599000103
