clean_file,enhanced_file,sampling_rate,PESQ,SI_SDR,STOI,DNSMOS_p808_mos,DNSMOS_mos_sig,DNSMOS_mos_bak,DNSMOS_mos_ovr
p106_nonverbal_crying,WF_p106_nonverbal_crying_fold10_99192-4-0-33_SNR10dB.wav,16000,1.238210678100586,10.853632926940918,0.5693637728691101,2.208160638809204,3.120677363841218,2.3723690619875915,2.3391682822366433
