clean_file,enhanced_file,sampling_rate,PESQ,SI_SDR,STOI,DNSMOS_p808_mos,DNSMOS_mos_sig,DNSMOS_mos_bak,DNSMOS_mos_ovr
p101_emo_amusement_freeform,WF_p101_emo_amusement_freeform_fold10_100648-1-4-0_SNR10dB.wav,16000,1.6490018367767334,9.494898796081543,0.8753158450126648,3.249876226697649,3.7797231737147454,2.1260859192533506,2.4669318876559125
