clean_file,enhanced_file,sampling_rate,PESQ,SI_SDR,STOI,DNSMOS_p808_mos,DNSMOS_mos_sig,DNSMOS_mos_bak,DNSMOS_mos_ovr
p101_sentences_15_regular,WF_p101_sentences_15_regular_fold10_14468-3-5-0_SNR10dB.wav,16000,2.147336483001709,10.565616607666016,0.822940468788147,3.3788018907819475,3.270530695154232,2.6687400476124608,2.418427090652376
