clean_file,enhanced_file,sampling_rate,PESQ,SI_SDR,STOI,DNSMOS_p808_mos,DNSMOS_mos_sig,DNSMOS_mos_bak,DNSMOS_mos_ovr
p103_sentences_02_regular,WF_p103_sentences_02_regular_fold10_187110-2-0-27_SNR10dB.wav,16000,1.5322076082229614,11.78620433807373,0.7682331800460815,3.1297709260668074,3.775883785441425,2.6915383570084574,2.720284682413658
