clean_file,enhanced_file,sampling_rate,PESQ,SI_SDR,STOI,DNSMOS_p808_mos,DNSMOS_mos_sig,DNSMOS_mos_bak,DNSMOS_mos_ovr
p105_sentences_02_lowpitch,WF_p105_sentences_02_lowpitch_fold10_7965-3-16-0_SNR10dB.wav,16000,2.0171313285827637,11.980545043945312,0.8165017366409302,3.417286055428641,3.9729977125866993,2.85948177789869,2.9708806145542233
