clean_file,enhanced_file,sampling_rate,PESQ,SI_SDR,STOI,DNSMOS_p808_mos,DNSMOS_mos_sig,DNSMOS_mos_bak,DNSMOS_mos_ovr
p104_rainbow_07_slow,WF_p104_rainbow_07_slow_fold10_209672-3-8-0_SNR10dB.wav,16000,1.6961579322814941,8.904792785644531,0.9097607731819153,3.861320734024048,4.4336690704846236,3.506236745350195,3.60296737308641
