clean_file,enhanced_file,sampling_rate,PESQ,SI_SDR,STOI,DNSMOS_p808_mos,DNSMOS_mos_sig,DNSMOS_mos_bak,DNSMOS_mos_ovr
p103_emo_sadness_freeform,WF_p103_emo_sadness_freeform_fold10_171478-9-0-38_SNR10dB.wav,16000,1.52543044090271,10.832193374633789,0.774289608001709,3.241791605949402,4.193276704362853,3.7575331016340545,3.517813551223509
