clean_file,enhanced_file,sampling_rate,PESQ,SI_SDR,STOI,DNSMOS_p808_mos,DNSMOS_mos_sig,DNSMOS_mos_bak,DNSMOS_mos_ovr
p102_emo_serenity_sentences,WF_p102_emo_serenity_sentences_fold10_157207-6-1-0_SNR10dB.wav,16000,2.3019144535064697,10.001314163208008,0.7599291205406189,3.6673558235168455,4.151004584727398,2.651178246292468,2.9497072322795623
