clean_file,enhanced_file,sampling_rate,PESQ,SI_SDR,STOI,DNSMOS_p808_mos,DNSMOS_mos_sig,DNSMOS_mos_bak,DNSMOS_mos_ovr
p105_emo_relief_freeform,WF_p105_emo_relief_freeform_fold10_72220-3-2-3_SNR10dB.wav,16000,1.3673080205917358,9.909006118774414,0.6149860620498657,3.102167069911957,2.8234888635301036,2.6991379678218506,2.1478630705494117
