clean_file,enhanced_file,sampling_rate,PESQ,SI_SDR,STOI,DNSMOS_p808_mos,DNSMOS_mos_sig,DNSMOS_mos_bak,DNSMOS_mos_ovr
p101_emo_serenity_sentences,WF_p101_emo_serenity_sentences_fold10_102857-5-0-5_SNR10dB.wav,16000,1.963202714920044,10.401744842529297,0.8579431772232056,3.377267837524414,3.8371637723853853,3.852768161127283,3.3311510496098355
