clean_file,enhanced_file,sampling_rate,PESQ,SI_SDR,STOI,DNSMOS_p808_mos,DNSMOS_mos_sig,DNSMOS_mos_bak,DNSMOS_mos_ovr
p101_rainbow_05_lowpitch,WF_p101_rainbow_05_lowpitch_fold10_118278-4-0-6_SNR10dB.wav,16000,1.4311468601226807,9.49593448638916,0.8224623203277588,2.8708579540252686,3.865322926052702,2.6432998681277224,2.8263241572173143
