clean_file,enhanced_file,sampling_rate,PESQ,SI_SDR,STOI,DNSMOS_p808_mos,DNSMOS_mos_sig,DNSMOS_mos_bak,DNSMOS_mos_ovr
p104_rainbow_01_highpitch,WF_p104_rainbow_01_highpitch_fold10_199261-3-0-1_SNR10dB.wav,16000,1.586989402770996,9.399643898010254,0.8757354617118835,3.87990140914917,4.26396343694409,3.606971501240608,3.4733798284702937
