clean_file,enhanced_file,sampling_rate,PESQ,SI_SDR,STOI,DNSMOS_p808_mos,DNSMOS_mos_sig,DNSMOS_mos_bak,DNSMOS_mos_ovr
p102_rainbow_08_regular,WF_p102_rainbow_08_regular_fold10_162134-7-17-3_SNR10dB.wav,16000,1.1376386880874634,9.836869239807129,0.8524178862571716,2.597305025373186,3.94491007630544,1.9748722808407795,2.396569076919639
