clean_file,enhanced_file,sampling_rate,PESQ,SI_SDR,STOI,DNSMOS_p808_mos,DNSMOS_mos_sig,DNSMOS_mos_bak,DNSMOS_mos_ovr
p105_rainbow_04_highpitch,WF_p105_rainbow_04_highpitch_fold10_74364-8-1-16_SNR10dB.wav,16000,1.148966908454895,9.429037094116211,0.8048156499862671,2.892031499317714,3.98312653797039,2.3941141584225427,2.6438253596906796
