clean_file,enhanced_file,sampling_rate,PESQ,SI_SDR,STOI,DNSMOS_p808_mos,DNSMOS_mos_sig,DNSMOS_mos_bak,DNSMOS_mos_ovr
p104_sentences_01_highpitch,WF_p104_sentences_01_highpitch_fold10_26255-3-0-0_SNR10dB.wav,16000,1.2518277168273926,11.664117813110352,0.7925965189933777,2.7616074085235596,4.178082190280743,2.422741675943659,2.963761802648808
