clean_file,enhanced_file,sampling_rate,PESQ,SI_SDR,STOI,DNSMOS_p808_mos,DNSMOS_mos_sig,DNSMOS_mos_bak,DNSMOS_mos_ovr
p102_sentences_07_slow,WF_p102_sentences_07_slow_fold10_162134-7-9-4_SNR10dB.wav,16000,1.1804035902023315,11.839517593383789,0.7949039936065674,2.6454675594965615,4.287165592095333,2.0313824176862254,2.6720553523419492
