clean_file,enhanced_file,sampling_rate,PESQ,SI_SDR,STOI,DNSMOS_p808_mos,DNSMOS_mos_sig,DNSMOS_mos_bak,DNSMOS_mos_ovr
p101_interjection_greetings,WF_p101_interjection_greetings_fold10_103438-5-0-0_SNR10dB.wav,16000,1.2463150024414062,14.629539489746094,0.91793292760849,2.3993276755015054,3.9494687506082404,2.2668589773819217,2.6583386640246665
