clean_file,enhanced_file,sampling_rate,PESQ,SI_SDR,STOI,DNSMOS_p808_mos,DNSMOS_mos_sig,DNSMOS_mos_bak,DNSMOS_mos_ovr
p101_rainbow_08_fast,WF_p101_rainbow_08_fast_fold10_128240-3-0-20_SNR10dB.wav,16000,1.666644811630249,9.734928131103516,0.9094593524932861,3.4235849380493164,3.953712335455912,1.999096169947665,2.377466445650735
