clean_file,enhanced_file,sampling_rate,PESQ,SI_SDR,STOI,DNSMOS_p808_mos,DNSMOS_mos_sig,DNSMOS_mos_bak,DNSMOS_mos_ovr
p101_rainbow_07_loud,WF_p101_rainbow_07_loud_fold10_118558-5-2-3_SNR10dB.wav,16000,1.9415547847747803,12.669429779052734,0.8877255320549011,3.012585997581482,3.5605662623536047,3.0184921378084257,2.804611722644706
