clean_file,enhanced_file,sampling_rate,PESQ,SI_SDR,STOI,DNSMOS_p808_mos,DNSMOS_mos_sig,DNSMOS_mos_bak,DNSMOS_mos_ovr
p105_emo_adoration_freeform,WF_p105_emo_adoration_freeform_fold10_39847-5-0-0_SNR10dB.wav,16000,1.3408987522125244,8.77548599243164,0.5534090995788574,2.4031450748443604,2.5623359947928077,2.4094443106590084,1.729916479491452
