clean_file,enhanced_file,sampling_rate,PESQ,SI_SDR,STOI,DNSMOS_p808_mos,DNSMOS_mos_sig,DNSMOS_mos_bak,DNSMOS_mos_ovr
p103_emo_desire_sentences,WF_p103_emo_desire_sentences_fold10_167464-0-0-15_SNR10dB.wav,16000,1.5977863073349,13.04380989074707,0.6702350974082947,3.41526917048863,3.962121286914173,3.8322311850379447,3.3841649207323914
