clean_file,enhanced_file,sampling_rate,PESQ,SI_SDR,STOI,DNSMOS_p808_mos,DNSMOS_mos_sig,DNSMOS_mos_bak,DNSMOS_mos_ovr
p101_rainbow_05_whisper,WF_p101_rainbow_05_whisper_fold10_118278-4-0-9_SNR10dB.wav,16000,1.3671209812164307,7.830777645111084,0.7957497835159302,2.7517795085906984,3.692554459339443,2.677885368435712,2.6404803465209374
