clean_file,enhanced_file,sampling_rate,PESQ,SI_SDR,STOI,DNSMOS_p808_mos,DNSMOS_mos_sig,DNSMOS_mos_bak,DNSMOS_mos_ovr
p103_nonverbal_screaming,WF_p103_nonverbal_screaming_fold10_174289-6-3-0_SNR10dB.wav,16000,2.0803680419921875,10.30516529083252,0.6659014821052551,2.311753511428833,3.7860242811744724,1.8182303426107596,2.1148298367620932
