clean_file,enhanced_file,sampling_rate,PESQ,SI_SDR,STOI,DNSMOS_p808_mos,DNSMOS_mos_sig,DNSMOS_mos_bak,DNSMOS_mos_ovr
p101_vegetative_coughing,WF_p101_vegetative_coughing_fold10_147491-9-0-0_SNR10dB.wav,16000,2.150998830795288,11.014103889465332,0.6869384050369263,2.1940083503723145,2.156077733030009,1.9557951573198067,1.4441985535560922
