clean_file,enhanced_file,sampling_rate,PESQ,SI_SDR,STOI,DNSMOS_p808_mos,DNSMOS_mos_sig,DNSMOS_mos_bak,DNSMOS_mos_ovr
p105_sentences_24_regular,WF_p105_sentences_24_regular_fold10_83502-0-0-3_SNR10dB.wav,16000,1.4271670579910278,10.435176849365234,0.5635736584663391,2.8894416945321217,3.9333184331802,2.838038515451122,2.8724121143656305
