clean_file,enhanced_file,sampling_rate,PESQ,SI_SDR,STOI,DNSMOS_p808_mos,DNSMOS_mos_sig,DNSMOS_mos_bak,DNSMOS_mos_ovr
p102_rainbow_04_regular,WF_p102_rainbow_04_regular_fold10_162134-7-11-3_SNR10dB.wav,16000,1.1323516368865967,10.922204971313477,0.813132643699646,2.778495947519938,4.04997719074309,2.0682613609022282,2.568845684364738
