clean_file,enhanced_file,sampling_rate,PESQ,SI_SDR,STOI,DNSMOS_p808_mos,DNSMOS_mos_sig,DNSMOS_mos_bak,DNSMOS_mos_ovr
p104_emo_adoration_sentences,WF_p104_emo_adoration_sentences_fold10_188813-7-4-0_SNR10dB.wav,16000,1.1442595720291138,10.121734619140625,0.7872691750526428,3.0359189987182615,4.27825716635231,2.223906620377657,2.71047443722471
