clean_file,enhanced_file,sampling_rate,PESQ,SI_SDR,STOI,DNSMOS_p808_mos,DNSMOS_mos_sig,DNSMOS_mos_bak,DNSMOS_mos_ovr
p105_rainbow_05_loud,WF_p105_rainbow_05_loud_fold10_74364-8-1-23_SNR10dB.wav,16000,1.4723284244537354,11.284662246704102,0.8914356231689453,3.2330375058310374,4.358915696501037,2.9164709417856076,3.3346038678649026
