clean_file,enhanced_file,sampling_rate,PESQ,SI_SDR,STOI,DNSMOS_p808_mos,DNSMOS_mos_sig,DNSMOS_mos_bak,DNSMOS_mos_ovr
p104_sentences_10_fast,WF_p104_sentences_10_fast_fold10_28808-1-0-5_SNR10dB.wav,16000,1.40195631980896,10.45341682434082,0.8080868721008301,2.914295332772391,4.082933453439717,2.263067434596497,2.7179919951124476
