clean_file,enhanced_file,sampling_rate,PESQ,SI_SDR,STOI,DNSMOS_p808_mos,DNSMOS_mos_sig,DNSMOS_mos_bak,DNSMOS_mos_ovr
p104_rainbow_01_regular,WF_p104_rainbow_01_regular_fold10_200460-6-0-0_SNR10dB.wav,16000,1.6663484573364258,9.353558540344238,0.8645204305648804,3.939486861228943,3.947236284242105,3.7796426548642366,3.381906415928296
