clean_file,enhanced_file,sampling_rate,PESQ,SI_SDR,STOI,DNSMOS_p808_mos,DNSMOS_mos_sig,DNSMOS_mos_bak,DNSMOS_mos_ovr
p104_rainbow_06_highpitch,WF_p104_rainbow_06_highpitch_fold10_207213-2-0-52_SNR10dB.wav,16000,1.5069864988327026,10.031929969787598,0.8898488879203796,3.1783324480056763,4.315687132709375,2.00683313541529,2.5649956395513835
