clean_file,enhanced_file,sampling_rate,PESQ,SI_SDR,STOI,DNSMOS_p808_mos,DNSMOS_mos_sig,DNSMOS_mos_bak,DNSMOS_mos_ovr
p101_rainbow_05_fast,WF_p101_rainbow_05_fast_fold10_118278-4-0-3_SNR10dB.wav,16000,1.9431394338607788,11.312060356140137,0.9377344250679016,3.250619411468506,4.1653718838501295,2.7016590615484573,3.036278726394055
