clean_file,enhanced_file,sampling_rate,PESQ,SI_SDR,STOI,DNSMOS_p808_mos,DNSMOS_mos_sig,DNSMOS_mos_bak,DNSMOS_mos_ovr
p102_rainbow_05_loud,WF_p102_rainbow_05_loud_fold10_162134-7-12-0_SNR10dB.wav,16000,1.1543326377868652,11.585675239562988,0.8859447836875916,2.5930984020233154,4.170633301293217,2.0684366491558777,2.633083842372284
