clean_file,enhanced_file,sampling_rate,PESQ,SI_SDR,STOI,DNSMOS_p808_mos,DNSMOS_mos_sig,DNSMOS_mos_bak,DNSMOS_mos_ovr
p102_sentences_02_lowpitch,WF_p102_sentences_02_lowpitch_fold10_162134-7-8-4_SNR10dB.wav,16000,1.1635961532592773,11.260890007019043,0.8131917119026184,3.0053966522216795,4.197777805234864,2.3037982077136254,2.838342096183567
