clean_file,enhanced_file,sampling_rate,PESQ,SI_SDR,STOI,DNSMOS_p808_mos,DNSMOS_mos_sig,DNSMOS_mos_bak,DNSMOS_mos_ovr
p101_emo_amusement_sentences,WF_p101_emo_amusement_sentences_fold10_100795-3-0-0_SNR10dB.wav,16000,1.7630919218063354,9.985649108886719,0.9263823628425598,3.415770564760481,4.3921831283563515,2.6454132673272754,3.135669574342536
