clean_file,enhanced_file,sampling_rate,PESQ,SI_SDR,STOI,DNSMOS_p808_mos,DNSMOS_mos_sig,DNSMOS_mos_bak,DNSMOS_mos_ovr
p102_rainbow_01_regular,WF_p102_rainbow_01_regular_fold10_159742-8-0-13_SNR10dB.wav,16000,1.3638625144958496,11.26226806640625,0.8269117474555969,3.4658429622650146,3.9909059444170705,2.6102758406348237,2.8565950856313806
