clean_file,enhanced_file,sampling_rate,PESQ,SI_SDR,STOI,DNSMOS_p808_mos,DNSMOS_mos_sig,DNSMOS_mos_bak,DNSMOS_mos_ovr
p101_rainbow_06_regular,WF_p101_rainbow_06_regular_fold10_118558-5-1-1_SNR10dB.wav,16000,2.2346839904785156,12.751623153686523,0.8219783306121826,3.271764099597931,3.5982886471229625,3.4955206668896146,3.0022428204363174
