clean_file,enhanced_file,sampling_rate,PESQ,SI_SDR,STOI,DNSMOS_p808_mos,DNSMOS_mos_sig,DNSMOS_mos_bak,DNSMOS_mos_ovr
p103_emo_adoration_freeform,WF_p103_emo_adoration_freeform_fold10_165166-8-0-4_SNR10dB.wav,16000,1.5074982643127441,9.626255989074707,0.780612051486969,3.065546887261527,4.427512096857268,2.5077343948066586,3.0155462967005136
