clean_file,enhanced_file,sampling_rate,PESQ,SI_SDR,STOI,DNSMOS_p808_mos,DNSMOS_mos_sig,DNSMOS_mos_bak,DNSMOS_mos_ovr
p106_emo_anger_sentences,WF_p106_emo_anger_sentences_fold10_85574-3-0-0_SNR10dB.wav,16000,1.586911678314209,10.816821098327637,0.8784812688827515,3.3177180886268616,3.8033196373230473,2.1636280826457988,2.5584841670712066
