clean_file,enhanced_file,sampling_rate,PESQ,SI_SDR,STOI,DNSMOS_p808_mos,DNSMOS_mos_sig,DNSMOS_mos_bak,DNSMOS_mos_ovr
p102_sentences_02_regular,WF_p102_sentences_02_regular_fold10_162134-7-8-5_SNR10dB.wav,16000,1.1553899049758911,10.72567081451416,0.7968494892120361,2.917205047607422,3.9363991050109335,2.0495521873657587,2.5103753433335765
