clean_file,enhanced_file,sampling_rate,PESQ,SI_SDR,STOI,DNSMOS_p808_mos,DNSMOS_mos_sig,DNSMOS_mos_bak,DNSMOS_mos_ovr
p106_emo_pride_sentences,WF_p106_emo_pride_sentences_fold10_93567-8-0-9_SNR10dB.wav,16000,1.452016830444336,11.487394332885742,0.8153806328773499,2.970188570022583,3.899276555054797,2.168258412820689,2.5235728378225764
