clean_file,enhanced_file,sampling_rate,PESQ,SI_SDR,STOI,DNSMOS_p808_mos,DNSMOS_mos_sig,DNSMOS_mos_bak,DNSMOS_mos_ovr
p103_emo_neutral_freeform,WF_p103_emo_neutral_freeform_fold10_167464-0-0-9_SNR10dB.wav,16000,1.605539321899414,10.697693824768066,0.7232376337051392,3.2406813303629556,3.9048369273101327,3.2601740999448654,3.0115208389285697
