clean_file,enhanced_file,sampling_rate,PESQ,SI_SDR,STOI,DNSMOS_p808_mos,DNSMOS_mos_sig,DNSMOS_mos_bak,DNSMOS_mos_ovr
p103_rainbow_03_regular,WF_p103_rainbow_03_regular_fold10_178826-2-0-10_SNR10dB.wav,16000,1.3770859241485596,10.959802627563477,0.7291670441627502,3.0214977264404297,4.239954311188153,2.5312322622636345,2.9672176319033663
