clean_file,enhanced_file,sampling_rate,PESQ,SI_SDR,STOI,DNSMOS_p808_mos,DNSMOS_mos_sig,DNSMOS_mos_bak,DNSMOS_mos_ovr
p104_interjection_congratulations,WF_p104_interjection_congratulations_fold10_196127-3-0-3_SNR10dB.wav,16000,1.9304673671722412,10.005446434020996,0.8317528963088989,2.981138161250523,4.0778162272124545,2.540990629404132,2.8583957119008865
