clean_file,enhanced_file,sampling_rate,PESQ,SI_SDR,STOI,DNSMOS_p808_mos,DNSMOS_mos_sig,DNSMOS_mos_bak,DNSMOS_mos_ovr
p105_rainbow_08_regular,WF_p105_rainbow_08_regular_fold10_77901-9-0-3_SNR10dB.wav,16000,1.2023391723632812,9.80392074584961,0.7330070734024048,2.601930924824306,4.058864276867436,2.5674501928121343,2.8908708730551687
