clean_file,enhanced_file,sampling_rate,PESQ,SI_SDR,STOI,DNSMOS_p808_mos,DNSMOS_mos_sig,DNSMOS_mos_bak,DNSMOS_mos_ovr
p103_rainbow_08_fast,WF_p103_rainbow_08_fast_fold10_180127-4-0-7_SNR10dB.wav,16000,1.5456647872924805,10.38459300994873,0.8809462189674377,3.2955683980669295,3.3656630434436416,2.412816324757085,2.3054553727400426
