clean_file,enhanced_file,sampling_rate,PESQ,SI_SDR,STOI,DNSMOS_p808_mos,DNSMOS_mos_sig,DNSMOS_mos_bak,DNSMOS_mos_ovr
p103_emo_contentment_sentences,WF_p103_emo_contentment_sentences_fold10_167464-0-0-11_SNR10dB.wav,16000,1.9456195831298828,10.821975708007812,0.5544044971466064,3.345829168955485,4.018739988762022,3.649458466947143,3.304288189577328
