clean_file,enhanced_file,sampling_rate,PESQ,SI_SDR,STOI,DNSMOS_p808_mos,DNSMOS_mos_sig,DNSMOS_mos_bak,DNSMOS_mos_ovr
p106_emo_realization_sentences,WF_p106_emo_realization_sentences_fold10_99192-4-0-0_SNR10dB.wav,16000,1.1152174472808838,9.783702850341797,0.8213168978691101,2.7941675980885825,3.877643439217954,1.944724272341298,2.2735029017039774
