clean_file,enhanced_file,sampling_rate,PESQ,SI_SDR,STOI,DNSMOS_p808_mos,DNSMOS_mos_sig,DNSMOS_mos_bak,DNSMOS_mos_ovr
p102_vegetative_sneezing,WF_p102_vegetative_sneezing_fold10_165166-8-0-1_SNR10dB.wav,16000,2.490581750869751,10.217543601989746,0.8520367741584778,2.9240947564442954,2.968604986324115,2.0173937152986663,1.9738672259482488
