clean_file,enhanced_file,sampling_rate,PESQ,SI_SDR,STOI,DNSMOS_p808_mos,DNSMOS_mos_sig,DNSMOS_mos_bak,DNSMOS_mos_ovr
p105_sentences_06_loud,WF_p105_sentences_06_loud_fold10_83191-9-0-11_SNR10dB.wav,16000,1.6739249229431152,12.184186935424805,0.797927737236023,3.1374073369162425,4.2787785274232695,2.399512498685199,2.9726015269112156
