clean_file,enhanced_file,sampling_rate,PESQ,SI_SDR,STOI,DNSMOS_p808_mos,DNSMOS_mos_sig,DNSMOS_mos_bak,DNSMOS_mos_ovr
p103_sentences_03_whisper,WF_p103_sentences_03_whisper_fold10_187110-2-0-6_SNR10dB.wav,16000,1.4196161031723022,6.74220609664917,0.47748783230781555,2.9098100321633473,1.9887953272675436,2.5956735321864848,1.6980338309069734
