clean_file,enhanced_file,sampling_rate,PESQ,SI_SDR,STOI,DNSMOS_p808_mos,DNSMOS_mos_sig,DNSMOS_mos_bak,DNSMOS_mos_ovr
p102_nonverbal_laughter_closed,WF_p102_nonverbal_laughter_closed_fold10_157207-6-9-0_SNR10dB.wav,16000,1.571537971496582,9.93580436706543,0.8599234223365784,2.6289514700571694,2.5642721856241297,2.9879714436119422,2.044328567778408
