clean_file,enhanced_file,sampling_rate,PESQ,SI_SDR,STOI,DNSMOS_p808_mos,DNSMOS_mos_sig,DNSMOS_mos_bak,DNSMOS_mos_ovr
p104_sentences_01_loud,WF_p104_sentences_01_loud_fold10_26255-3-13-1_SNR10dB.wav,16000,1.3683863878250122,11.632977485656738,0.8386116623878479,3.1349151929219565,2.6661878130907666,2.4369570892875014,2.046934265067771
