clean_file,enhanced_file,sampling_rate,PESQ,SI_SDR,STOI,DNSMOS_p808_mos,DNSMOS_mos_sig,DNSMOS_mos_bak,DNSMOS_mos_ovr
p101_rainbow_04_whisper,WF_p101_rainbow_04_whisper_fold10_118278-4-0-2_SNR10dB.wav,16000,1.6115235090255737,9.289676666259766,0.7777532339096069,2.820916771888733,3.750344271988533,3.0124510804976374,2.902973516356162
