clean_file,enhanced_file,sampling_rate,PESQ,SI_SDR,STOI,DNSMOS_p808_mos,DNSMOS_mos_sig,DNSMOS_mos_bak,DNSMOS_mos_ovr
p104_sentences_18_regular,WF_p104_sentences_18_regular_fold10_30344-3-0-0_SNR10dB.wav,16000,2.000062942504883,9.874259948730469,0.8032260537147522,3.285580941608974,3.910920145306078,2.317522645819433,2.550274514831656
