clean_file,enhanced_file,sampling_rate,PESQ,SI_SDR,STOI,DNSMOS_p808_mos,DNSMOS_mos_sig,DNSMOS_mos_bak,DNSMOS_mos_ovr
p104_emo_interest_sentences,WF_p104_emo_interest_sentences_fold10_189982-0-0-7_SNR10dB.wav,16000,1.4057568311691284,13.766045570373535,0.70692378282547,2.864402174949646,3.211748771446085,2.401650690568908,2.170220671721562
