clean_file,enhanced_file,sampling_rate,PESQ,SI_SDR,STOI,DNSMOS_p808_mos,DNSMOS_mos_sig,DNSMOS_mos_bak,DNSMOS_mos_ovr
p104_sentences_16_regular,WF_p104_sentences_16_regular_fold10_28808-1-1-1_SNR10dB.wav,16000,1.527618646621704,13.094053268432617,0.711721658706665,2.9438249468803406,3.8797290328142253,2.910514901481053,3.0030812124582202
