clean_file,enhanced_file,sampling_rate,PESQ,SI_SDR,STOI,DNSMOS_p808_mos,DNSMOS_mos_sig,DNSMOS_mos_bak,DNSMOS_mos_ovr
p103_rainbow_08_regular,WF_p103_rainbow_08_regular_fold10_181624-4-1-0_SNR10dB.wav,16000,1.2294939756393433,12.398962020874023,0.8775158524513245,2.633286101477487,4.267385845265245,2.951378363657242,3.2352599071635297
