clean_file,enhanced_file,sampling_rate,PESQ,SI_SDR,STOI,DNSMOS_p808_mos,DNSMOS_mos_sig,DNSMOS_mos_bak,DNSMOS_mos_ovr
p106_emo_distress_sentences,WF_p106_emo_distress_sentences_fold10_93567-8-0-11_SNR10dB.wav,16000,1.5247018337249756,11.70524787902832,0.8336472511291504,3.52909255027771,4.218494525656601,2.4728436295817064,2.900962364364551
