clean_file,enhanced_file,sampling_rate,PESQ,SI_SDR,STOI,DNSMOS_p808_mos,DNSMOS_mos_sig,DNSMOS_mos_bak,DNSMOS_mos_ovr
p102_rainbow_04_fast,WF_p102_rainbow_04_fast_fold10_162134-7-10-3_SNR10dB.wav,16000,1.1200679540634155,9.38061809539795,0.8594571352005005,2.7728002071380615,4.108987693873519,1.8375426804130996,2.3232987603875346
