clean_file,enhanced_file,sampling_rate,PESQ,SI_SDR,STOI,DNSMOS_p808_mos,DNSMOS_mos_sig,DNSMOS_mos_bak,DNSMOS_mos_ovr
p104_rainbow_05_regular,WF_p104_rainbow_05_regular_fold10_207213-2-0-109_SNR10dB.wav,16000,1.4532822370529175,10.431177139282227,0.8117221593856812,2.808138132095337,4.197891549178892,2.376946244119469,2.829131238874932
