clean_file,enhanced_file,sampling_rate,PESQ,SI_SDR,STOI,DNSMOS_p808_mos,DNSMOS_mos_sig,DNSMOS_mos_bak,DNSMOS_mos_ovr
p101_sentences_13_lowpitch,WF_p101_sentences_13_lowpitch_fold10_14468-3-0-3_SNR10dB.wav,16000,1.4504783153533936,10.95207405090332,0.8918490409851074,2.9854193528493247,3.2146579286501464,2.34476339011144,2.3344960201594747
