clean_file,enhanced_file,sampling_rate,PESQ,SI_SDR,STOI,DNSMOS_p808_mos,DNSMOS_mos_sig,DNSMOS_mos_bak,DNSMOS_mos_ovr
p101_rainbow_08_lowpitch,WF_p101_rainbow_08_lowpitch_fold10_128470-3-0-0_SNR10dB.wav,16000,1.7800111770629883,9.837173461914062,0.8410068154335022,3.411063943590437,4.439712393158641,2.001271169477604,2.6909656570269544
