clean_file,enhanced_file,sampling_rate,PESQ,SI_SDR,STOI,DNSMOS_p808_mos,DNSMOS_mos_sig,DNSMOS_mos_bak,DNSMOS_mos_ovr
p102_emo_extasy_freeform,WF_p102_emo_extasy_freeform_fold10_15544-5-0-0_SNR10dB.wav,16000,1.8590576648712158,15.406256675720215,0.8969685435295105,3.07828688621521,3.133899008619104,2.1055840115162683,2.112141841999009
