clean_file,enhanced_file,sampling_rate,PESQ,SI_SDR,STOI,DNSMOS_p808_mos,DNSMOS_mos_sig,DNSMOS_mos_bak,DNSMOS_mos_ovr
p101_emo_contentment_freeform,WF_p101_emo_contentment_freeform_fold10_101382-2-0-12_SNR10dB.wav,16000,1.4358066320419312,8.586930274963379,0.758122444152832,2.9824327741350447,4.198133807732381,2.3444152496295168,2.8114266627630653
