clean_file,enhanced_file,sampling_rate,PESQ,SI_SDR,STOI,DNSMOS_p808_mos,DNSMOS_mos_sig,DNSMOS_mos_bak,DNSMOS_mos_ovr
p105_sentences_02_loud,WF_p105_sentences_02_loud_fold10_7965-3-11-0_SNR10dB.wav,16000,1.927358627319336,9.383321762084961,0.7698342800140381,3.8203817095075334,4.494954932484106,3.2543839796605267,3.601137853539092
