clean_file,enhanced_file,sampling_rate,PESQ,SI_SDR,STOI,DNSMOS_p808_mos,DNSMOS_mos_sig,DNSMOS_mos_bak,DNSMOS_mos_ovr
p103_rainbow_08_lowpitch,WF_p103_rainbow_08_lowpitch_fold10_181624-4-0-0_SNR10dB.wav,16000,1.1180402040481567,10.029960632324219,0.8737083673477173,2.9558210032326833,4.531868720852307,2.4851213082978445,2.9823451230575917
