clean_file,enhanced_file,sampling_rate,PESQ,SI_SDR,STOI,DNSMOS_p808_mos,DNSMOS_mos_sig,DNSMOS_mos_bak,DNSMOS_mos_ovr
p105_emo_guilt_freeform,WF_p105_emo_guilt_freeform_fold10_66115-1-0-0_SNR10dB.wav,16000,2.180368661880493,11.11355972290039,0.7155448198318481,3.1862281560897827,4.142775967456932,3.9954522872230926,3.6186025951548606
