clean_file,enhanced_file,sampling_rate,PESQ,SI_SDR,STOI,DNSMOS_p808_mos,DNSMOS_mos_sig,DNSMOS_mos_bak,DNSMOS_mos_ovr
p102_sentences_23_regular,WF_p102_sentences_23_regular_fold10_164377-9-1-50_SNR10dB.wav,16000,1.6410008668899536,11.765987396240234,0.780095636844635,3.224446654319763,3.671150858710681,2.5844788158560013,2.6135552791729064
