clean_file,enhanced_file,sampling_rate,PESQ,SI_SDR,STOI,DNSMOS_p808_mos,DNSMOS_mos_sig,DNSMOS_mos_bak,DNSMOS_mos_ovr
p105_emo_neutral_freeform,WF_p105_emo_neutral_freeform_fold10_69661-3-0-29_SNR10dB.wav,16000,1.2625480890274048,5.429380416870117,0.517188310623169,3.105990767478943,4.006586932797072,3.521768285872395,3.2919142572444353
