clean_file,enhanced_file,sampling_rate,PESQ,SI_SDR,STOI,DNSMOS_p808_mos,DNSMOS_mos_sig,DNSMOS_mos_bak,DNSMOS_mos_ovr
p101_sentences_14_lowpitch,WF_p101_sentences_14_lowpitch_fold10_14468-3-1-0_SNR10dB.wav,16000,2.219456911087036,10.015909194946289,0.9290825724601746,3.550588289896647,4.294154910269342,2.911611679439293,3.277831403232922
