clean_file,enhanced_file,sampling_rate,PESQ,SI_SDR,STOI,DNSMOS_p808_mos,DNSMOS_mos_sig,DNSMOS_mos_bak,DNSMOS_mos_ovr
p105_sentences_21_regular,WF_p105_sentences_21_regular_fold10_83502-0-0-12_SNR10dB.wav,16000,1.5051956176757812,10.043902397155762,0.5826850533485413,3.0074831758226668,3.7543222291711245,2.4629296696145877,2.5555235533331
