clean_file,enhanced_file,sampling_rate,PESQ,SI_SDR,STOI,DNSMOS_p808_mos,DNSMOS_mos_sig,DNSMOS_mos_bak,DNSMOS_mos_ovr
p101_rainbow_02_highpitch,WF_p101_rainbow_02_highpitch_fold10_115418-9-0-12_SNR10dB.wav,16000,1.6406359672546387,10.676923751831055,0.9035334587097168,2.8451762199401855,3.891552061003992,2.024485681659923,2.420332183115102
