clean_file,enhanced_file,sampling_rate,PESQ,SI_SDR,STOI,DNSMOS_p808_mos,DNSMOS_mos_sig,DNSMOS_mos_bak,DNSMOS_mos_ovr
p106_emo_amusement_sentences,WF_p106_emo_amusement_sentences_fold10_84249-9-0-7_SNR10dB.wav,16000,1.4921051263809204,12.952383995056152,0.7925980091094971,2.5197295347849527,3.675193098051374,1.7340393513205654,1.980662794047186
