clean_file,enhanced_file,sampling_rate,PESQ,SI_SDR,STOI,DNSMOS_p808_mos,DNSMOS_mos_sig,DNSMOS_mos_bak,DNSMOS_mos_ovr
p105_rainbow_01_whisper,WF_p105_rainbow_01_whisper_fold10_73524-0-0-6_SNR10dB.wav,16000,1.336158275604248,6.910255432128906,0.8269074559211731,3.09982430934906,2.1909280442958123,3.782218763917066,1.9396261730127868
