clean_file,enhanced_file,sampling_rate,PESQ,SI_SDR,STOI,DNSMOS_p808_mos,DNSMOS_mos_sig,DNSMOS_mos_bak,DNSMOS_mos_ovr
p101_emo_distress_freeform,WF_p101_emo_distress_freeform_fold10_102857-5-0-1_SNR10dB.wav,16000,2.3071706295013428,13.780745506286621,0.9199526906013489,3.422841231028239,4.024737298991324,2.5884302081986097,2.8340685155732124
