clean_file,enhanced_file,sampling_rate,PESQ,SI_SDR,STOI,DNSMOS_p808_mos,DNSMOS_mos_sig,DNSMOS_mos_bak,DNSMOS_mos_ovr
p105_rainbow_07_lowpitch,WF_p105_rainbow_07_lowpitch_fold10_74922-4-0-3_SNR10dB.wav,16000,1.311436414718628,11.380016326904297,0.8030882477760315,3.00712217603411,4.154458283156023,3.0199880774330095,3.1787344134858446
