clean_file,enhanced_file,sampling_rate,PESQ,SI_SDR,STOI,DNSMOS_p808_mos,DNSMOS_mos_sig,DNSMOS_mos_bak,DNSMOS_mos_ovr
p101_sentences_02_fast,WF_p101_sentences_02_fast_fold10_129750-2-0-48_SNR10dB.wav,16000,1.4368681907653809,8.510409355163574,0.8884320855140686,3.0576696395874023,3.4682460548790672,2.356746778219987,2.3844273453311997
