clean_file,enhanced_file,sampling_rate,PESQ,SI_SDR,STOI,DNSMOS_p808_mos,DNSMOS_mos_sig,DNSMOS_mos_bak,DNSMOS_mos_ovr
p102_sentences_21_regular,WF_p102_sentences_21_regular_fold10_164377-9-1-36_SNR10dB.wav,16000,1.7562743425369263,10.686726570129395,0.7540784478187561,2.972553849220276,3.3888549956557217,2.373897504184229,2.33534441058087
