clean_file,enhanced_file,sampling_rate,PESQ,SI_SDR,STOI,DNSMOS_p808_mos,DNSMOS_mos_sig,DNSMOS_mos_bak,DNSMOS_mos_ovr
p101_rainbow_01_slow,WF_p101_rainbow_01_slow_fold10_115241-9-0-8_SNR10dB.wav,16000,1.2610926628112793,6.834307670593262,0.7637677788734436,2.5797561009724936,3.8598390906984172,2.4156003507258883,2.743337513091145
