clean_file,enhanced_file,sampling_rate,PESQ,SI_SDR,STOI,DNSMOS_p808_mos,DNSMOS_mos_sig,DNSMOS_mos_bak,DNSMOS_mos_ovr
p103_emo_guilt_sentences,WF_p103_emo_guilt_sentences_fold10_167464-0-0-6_SNR10dB.wav,16000,1.8206530809402466,10.947694778442383,0.47896692156791687,3.256159702936808,4.183509371073216,3.587337310652759,3.490685777584026
