clean_file,enhanced_file,sampling_rate,PESQ,SI_SDR,STOI,DNSMOS_p808_mos,DNSMOS_mos_sig,DNSMOS_mos_bak,DNSMOS_mos_ovr
p105_emo_embarassment_sentences,WF_p105_emo_embarassment_sentences_fold10_54086-1-2-0_SNR10dB.wav,16000,1.5780351161956787,9.893006324768066,0.7280712127685547,3.351326084136963,3.3835176029938063,2.0459742673924604,2.123302939931802
