clean_file,enhanced_file,sampling_rate,PESQ,SI_SDR,STOI,DNSMOS_p808_mos,DNSMOS_mos_sig,DNSMOS_mos_bak,DNSMOS_mos_ovr
p101_emo_disgust_sentences,WF_p101_emo_disgust_sentences_fold10_102857-5-0-0_SNR10dB.wav,16000,2.6623282432556152,15.711517333984375,0.9029954075813293,3.139824560710362,4.15364030590191,2.648963132402346,2.9786652940678335
