clean_file,enhanced_file,sampling_rate,PESQ,SI_SDR,STOI,DNSMOS_p808_mos,DNSMOS_mos_sig,DNSMOS_mos_bak,DNSMOS_mos_ovr
p103_nonverbal_crying,WF_p103_nonverbal_crying_fold10_174289-6-0-0_SNR10dB.wav,16000,1.960859775543213,10.413656234741211,0.8187686204910278,2.729886531829834,4.1048377884579175,2.7943020566217647,3.0364925122270696
