clean_file,enhanced_file,sampling_rate,PESQ,SI_SDR,STOI,DNSMOS_p808_mos,DNSMOS_mos_sig,DNSMOS_mos_bak,DNSMOS_mos_ovr
p102_rainbow_08_whisper,WF_p102_rainbow_08_whisper_fold10_162134-7-2-0_SNR10dB.wav,16000,1.0953433513641357,8.845022201538086,0.6135924458503723,2.8422761985233853,1.4236402000942838,2.516807449200487,1.1197108047874529
