clean_file,enhanced_file,sampling_rate,PESQ,SI_SDR,STOI,DNSMOS_p808_mos,DNSMOS_mos_sig,DNSMOS_mos_bak,DNSMOS_mos_ovr
p101_emo_amazement_freeform,WF_p101_emo_amazement_freeform_fold10_100648-1-2-0_SNR10dB.wav,16000,1.4161320924758911,8.67091178894043,0.5946576595306396,2.6415693759918213,3.770269687763508,2.3987506072401543,2.6210975074566827
