clean_file,enhanced_file,sampling_rate,PESQ,SI_SDR,STOI,DNSMOS_p808_mos,DNSMOS_mos_sig,DNSMOS_mos_bak,DNSMOS_mos_ovr
p102_rainbow_03_whisper,WF_p102_rainbow_03_whisper_fold10_162134-7-10-2_SNR10dB.wav,16000,1.1215976476669312,7.642872333526611,0.7365341186523438,2.589277458190918,1.7634047474058778,2.1804719814197644,1.171722660097932
