clean_file,enhanced_file,sampling_rate,PESQ,SI_SDR,STOI,DNSMOS_p808_mos,DNSMOS_mos_sig,DNSMOS_mos_bak,DNSMOS_mos_ovr
p101_rainbow_06_fast,WF_p101_rainbow_06_fast_fold10_118558-5-0-0_SNR10dB.wav,16000,1.6029303073883057,10.830350875854492,0.8632893562316895,2.9739607061658586,3.4224524909431038,3.0056041464369017,2.694026974686944
