clean_file,enhanced_file,sampling_rate,PESQ,SI_SDR,STOI,DNSMOS_p808_mos,DNSMOS_mos_sig,DNSMOS_mos_bak,DNSMOS_mos_ovr
p105_vegetative_eating,WF_p105_vegetative_eating_fold10_83502-0-0-5_SNR10dB.wav,16000,1.0156623125076294,5.74004602432251,0.4990469217300415,2.3739659786224365,1.7150328666164703,3.699374964588527,1.5974314630686783
