clean_file,enhanced_file,sampling_rate,PESQ,SI_SDR,STOI,DNSMOS_p808_mos,DNSMOS_mos_sig,DNSMOS_mos_bak,DNSMOS_mos_ovr
p102_emo_pain_freeform,WF_p102_emo_pain_freeform_fold10_15544-5-0-18_SNR10dB.wav,16000,2.0722715854644775,14.19694709777832,0.9459073543548584,3.318177580833435,4.248973924262389,2.1348869050772445,2.6918173711123026
