clean_file,enhanced_file,sampling_rate,PESQ,SI_SDR,STOI,DNSMOS_p808_mos,DNSMOS_mos_sig,DNSMOS_mos_bak,DNSMOS_mos_ovr
p102_rainbow_07_lowpitch,WF_p102_rainbow_07_lowpitch_fold10_162134-7-15-2_SNR10dB.wav,16000,1.1385228633880615,10.609630584716797,0.8250892162322998,2.8586760997772216,4.214038528832917,2.125948369299702,2.7180145441121306
