clean_file,enhanced_file,sampling_rate,PESQ,SI_SDR,STOI,DNSMOS_p808_mos,DNSMOS_mos_sig,DNSMOS_mos_bak,DNSMOS_mos_ovr
p105_nonverbal_laughter_closed,WF_p105_nonverbal_laughter_closed_fold10_73524-0-0-133_SNR10dB.wav,16000,1.559419870376587,10.927858352661133,0.7033947110176086,2.6452481746673584,1.9760423412801045,4.167921498726177,1.9572605511505796
