clean_file,enhanced_file,sampling_rate,PESQ,SI_SDR,STOI,DNSMOS_p808_mos,DNSMOS_mos_sig,DNSMOS_mos_bak,DNSMOS_mos_ovr
p103_rainbow_05_regular,WF_p103_rainbow_05_regular_fold10_180127-4-0-12_SNR10dB.wav,16000,1.6969449520111084,10.943199157714844,0.848270833492279,3.3327315194266185,3.515938766244112,3.062810432503126,2.7103278787122536
