clean_file,enhanced_file,sampling_rate,PESQ,SI_SDR,STOI,DNSMOS_p808_mos,DNSMOS_mos_sig,DNSMOS_mos_bak,DNSMOS_mos_ovr
p104_rainbow_02_whisper,WF_p104_rainbow_02_whisper_fold10_200786-5-1-2_SNR10dB.wav,16000,1.3694974184036255,5.726268768310547,0.7349565625190735,3.260699510574341,2.4043047882016606,3.4861433077590354,1.9900028104406904
