clean_file,enhanced_file,sampling_rate,PESQ,SI_SDR,STOI,DNSMOS_p808_mos,DNSMOS_mos_sig,DNSMOS_mos_bak,DNSMOS_mos_ovr
p103_rainbow_02_highpitch,WF_p103_rainbow_02_highpitch_fold10_178261-7-1-0_SNR10dB.wav,16000,1.2964510917663574,14.025474548339844,0.695809006690979,2.5444427967071532,3.572706176366102,2.1127154898328593,2.249535245645119
