clean_file,enhanced_file,sampling_rate,PESQ,SI_SDR,STOI,DNSMOS_p808_mos,DNSMOS_mos_sig,DNSMOS_mos_bak,DNSMOS_mos_ovr
p102_emo_fear_sentences,WF_p102_emo_fear_sentences_fold10_15544-5-0-11_SNR10dB.wav,16000,2.04529070854187,14.845884323120117,0.9289215803146362,3.1967123576572964,3.8348917462740757,2.2686716960645024,2.6063084831898933
