clean_file,enhanced_file,sampling_rate,PESQ,SI_SDR,STOI,DNSMOS_p808_mos,DNSMOS_mos_sig,DNSMOS_mos_bak,DNSMOS_mos_ovr
p105_sentences_18_regular,WF_p105_sentences_18_regular_fold10_83502-0-0-1_SNR10dB.wav,16000,1.5322751998901367,9.829568862915039,0.628624677658081,3.0514702115740096,3.8064277029100455,3.391096102785718,3.0281728604125395
