clean_file,enhanced_file,sampling_rate,PESQ,SI_SDR,STOI,DNSMOS_p808_mos,DNSMOS_mos_sig,DNSMOS_mos_bak,DNSMOS_mos_ovr
p102_sentences_10_fast,WF_p102_sentences_10_fast_fold10_164194-2-0-10_SNR10dB.wav,16000,1.6735093593597412,10.180420875549316,0.9118503332138062,3.267235517501831,3.9641247208449357,2.2818611055139364,2.7848813497336207
