clean_file,enhanced_file,sampling_rate,PESQ,SI_SDR,STOI,DNSMOS_p808_mos,DNSMOS_mos_sig,DNSMOS_mos_bak,DNSMOS_mos_ovr
p101_rainbow_01_loud,WF_p101_rainbow_01_loud_fold10_115241-9-0-2_SNR10dB.wav,16000,1.448202133178711,10.526998519897461,0.8634284734725952,2.800567933491298,4.046634444318569,2.1844848662745924,2.7430059705677046
