clean_file,enhanced_file,sampling_rate,PESQ,SI_SDR,STOI,DNSMOS_p808_mos,DNSMOS_mos_sig,DNSMOS_mos_bak,DNSMOS_mos_ovr
p102_sentences_16_regular,WF_p102_sentences_16_regular_fold10_164194-2-0-29_SNR10dB.wav,16000,1.569121241569519,10.350467681884766,0.7597411274909973,3.344702959060669,4.309292674614799,2.378820428046815,2.9233954354121887
