clean_file,enhanced_file,sampling_rate,PESQ,SI_SDR,STOI,DNSMOS_p808_mos,DNSMOS_mos_sig,DNSMOS_mos_bak,DNSMOS_mos_ovr
p103_emo_confusion_freeform,WF_p103_emo_confusion_freeform_fold10_167464-0-0-0_SNR10dB.wav,16000,1.3028905391693115,11.249095916748047,0.7941345572471619,3.082715129852295,4.454448052968202,3.156253539640769,3.4266163890510954
