clean_file,enhanced_file,sampling_rate,PESQ,SI_SDR,STOI,DNSMOS_p808_mos,DNSMOS_mos_sig,DNSMOS_mos_bak,DNSMOS_mos_ovr
p102_sentences_02_whisper,WF_p102_sentences_02_whisper_fold10_162134-7-8-7_SNR10dB.wav,16000,1.0839552879333496,9.119789123535156,0.6296208500862122,2.3977734645207724,1.5605554028567326,2.0205498874057928,1.0287837901665968
