clean_file,enhanced_file,sampling_rate,PESQ,SI_SDR,STOI,DNSMOS_p808_mos,DNSMOS_mos_sig,DNSMOS_mos_bak,DNSMOS_mos_ovr
p106_emo_interest_sentences,WF_p106_emo_interest_sentences_fold10_93567-8-0-3_SNR10dB.wav,16000,1.6845662593841553,12.721205711364746,0.6490152478218079,2.974374771118164,2.53514515256166,2.464921798468789,1.8618187017225525
