clean_file,enhanced_file,sampling_rate,PESQ,SI_SDR,STOI,DNSMOS_p808_mos,DNSMOS_mos_sig,DNSMOS_mos_bak,DNSMOS_mos_ovr
p101_rainbow_03_regular,WF_p101_rainbow_03_regular_fold10_117889-9-0-36_SNR10dB.wav,16000,1.8329198360443115,10.740100860595703,0.8988093733787537,3.1804524660110474,3.3881177909574887,2.5082185355105424,2.456337341630957
