clean_file,enhanced_file,sampling_rate,PESQ,SI_SDR,STOI,DNSMOS_p808_mos,DNSMOS_mos_sig,DNSMOS_mos_bak,DNSMOS_mos_ovr
p102_sentences_11_highpitch,WF_p102_sentences_11_highpitch_fold10_164194-2-0-11_SNR10dB.wav,16000,1.6810683012008667,10.012211799621582,0.8352990746498108,2.930333932240804,3.608634074951919,1.9145734185988708,2.3171774604842654
