clean_file,enhanced_file,sampling_rate,PESQ,SI_SDR,STOI,DNSMOS_p808_mos,DNSMOS_mos_sig,DNSMOS_mos_bak,DNSMOS_mos_ovr
p105_emo_disgust_sentences,WF_p105_emo_disgust_sentences_fold10_51024-3-0-23_SNR10dB.wav,16000,1.6019644737243652,9.573625564575195,0.6912256479263306,3.2907577991485595,3.6398102513337975,2.3655045720905656,2.5263246108899033
