clean_file,enhanced_file,sampling_rate,PESQ,SI_SDR,STOI,DNSMOS_p808_mos,DNSMOS_mos_sig,DNSMOS_mos_bak,DNSMOS_mos_ovr
p105_sentences_15_regular,WF_p105_sentences_15_regular_fold10_83195-9-0-6_SNR10dB.wav,16000,1.5027827024459839,9.44616985321045,0.5753254294395447,2.728417237599691,4.103474466696459,2.616086821751143,2.927091414679275
