clean_file,enhanced_file,sampling_rate,PESQ,SI_SDR,STOI,DNSMOS_p808_mos,DNSMOS_mos_sig,DNSMOS_mos_bak,DNSMOS_mos_ovr
p104_rainbow_03_loud,WF_p104_rainbow_03_loud_fold10_200786-5-1-5_SNR10dB.wav,16000,1.363551378250122,11.439319610595703,0.8230401873588562,3.1356968539101735,3.5814382211017555,2.242109719307437,2.317166390718618
