clean_file,enhanced_file,sampling_rate,PESQ,SI_SDR,STOI,DNSMOS_p808_mos,DNSMOS_mos_sig,DNSMOS_mos_bak,DNSMOS_mos_ovr
p103_rainbow_06_lowpitch,WF_p103_rainbow_06_lowpitch_fold10_180127-4-0-17_SNR10dB.wav,16000,1.5146279335021973,12.636821746826172,0.8384812474250793,2.969171571731567,3.296023586364265,2.930121097635014,2.578246039904042
