clean_file,enhanced_file,sampling_rate,PESQ,SI_SDR,STOI,DNSMOS_p808_mos,DNSMOS_mos_sig,DNSMOS_mos_bak,DNSMOS_mos_ovr
p104_rainbow_02_regular,WF_p104_rainbow_02_regular_fold10_200786-5-1-0_SNR10dB.wav,16000,1.3783513307571411,10.9052734375,0.8288252949714661,2.8777640887669156,3.592638426134483,2.316838291621643,2.3293466128943394
