clean_file,enhanced_file,sampling_rate,PESQ,SI_SDR,STOI,DNSMOS_p808_mos,DNSMOS_mos_sig,DNSMOS_mos_bak,DNSMOS_mos_ovr
p103_sentences_01_loud,WF_p103_sentences_01_loud_fold10_181624-4-4-0_SNR10dB.wav,16000,1.1548258066177368,10.198206901550293,0.8430507183074951,2.9865515572684154,4.486512813990485,1.9629966781023707,2.7095623495926624
