clean_file,enhanced_file,sampling_rate,PESQ,SI_SDR,STOI,DNSMOS_p808_mos,DNSMOS_mos_sig,DNSMOS_mos_bak,DNSMOS_mos_ovr
p104_emo_pride_freeform,WF_p104_emo_pride_freeform_fold10_189985-0-0-4_SNR10dB.wav,16000,1.6360692977905273,14.280845642089844,0.8451080322265625,2.817861318588257,3.436315813064131,2.2176012573533948,2.2193304113018693
