clean_file,enhanced_file,sampling_rate,PESQ,SI_SDR,STOI,DNSMOS_p808_mos,DNSMOS_mos_sig,DNSMOS_mos_bak,DNSMOS_mos_ovr
p102_emo_pride_sentences,WF_p102_emo_pride_sentences_fold10_15544-5-0-3_SNR10dB.wav,16000,1.9564274549484253,12.938371658325195,0.8147763013839722,3.265498638153076,3.828667570848353,2.429653979269233,2.629263651298217
