clean_file,enhanced_file,sampling_rate,PESQ,SI_SDR,STOI,DNSMOS_p808_mos,DNSMOS_mos_sig,DNSMOS_mos_bak,DNSMOS_mos_ovr
p101_emo_pain_freeform,WF_p101_emo_pain_freeform_fold10_102857-5-0-22_SNR10dB.wav,16000,2.301521062850952,17.83358383178711,0.9235067963600159,2.9202007906777516,4.050944579613453,2.8677458301679577,3.0442630584029584
