clean_file,enhanced_file,sampling_rate,PESQ,SI_SDR,STOI,DNSMOS_p808_mos,DNSMOS_mos_sig,DNSMOS_mos_bak,DNSMOS_mos_ovr
p103_sentences_02_loud,WF_p103_sentences_02_loud_fold10_187110-2-0-10_SNR10dB.wav,16000,1.4637529850006104,10.197104454040527,0.8509708046913147,2.8775695392063687,4.3193759677785035,2.460527195621494,2.984898018851869
