clean_file,enhanced_file,sampling_rate,PESQ,SI_SDR,STOI,DNSMOS_p808_mos,DNSMOS_mos_sig,DNSMOS_mos_bak,DNSMOS_mos_ovr
p102_rainbow_08_loud,WF_p102_rainbow_08_loud_fold10_162134-7-17-1_SNR10dB.wav,16000,1.1752841472625732,10.918127059936523,0.8781348466873169,2.623272214617048,3.6176762123182735,1.9207946825383277,2.176714793929218
