clean_file,enhanced_file,sampling_rate,PESQ,SI_SDR,STOI,DNSMOS_p808_mos,DNSMOS_mos_sig,DNSMOS_mos_bak,DNSMOS_mos_ovr
p101_nonverbal_screaming,WF_p101_nonverbal_screaming_fold10_106014-5-0-3_SNR10dB.wav,16000,1.709322214126587,16.632186889648438,0.6766359210014343,2.5682625770568848,3.8570056707065565,1.7665200094817113,2.2682273576262517
