clean_file,enhanced_file,sampling_rate,PESQ,SI_SDR,STOI,DNSMOS_p808_mos,DNSMOS_mos_sig,DNSMOS_mos_bak,DNSMOS_mos_ovr
p101_sentences_07_slow,WF_p101_sentences_07_slow_fold10_138017-9-1-4_SNR10dB.wav,16000,1.4073333740234375,7.270152568817139,0.5736449956893921,2.790590592793056,2.839126562899709,3.384381343962758,2.324252933405369
