clean_file,enhanced_file,sampling_rate,PESQ,SI_SDR,STOI,DNSMOS_p808_mos,DNSMOS_mos_sig,DNSMOS_mos_bak,DNSMOS_mos_ovr
p102_rainbow_05_fast,WF_p102_rainbow_05_fast_fold10_162134-7-11-6_SNR10dB.wav,16000,1.2088220119476318,10.506157875061035,0.8569456934928894,2.5190510749816895,3.9490609192568273,2.1693400110836034,2.529757595718012
