clean_file,enhanced_file,sampling_rate,PESQ,SI_SDR,STOI,DNSMOS_p808_mos,DNSMOS_mos_sig,DNSMOS_mos_bak,DNSMOS_mos_ovr
p102_rainbow_06_fast,WF_p102_rainbow_06_fast_fold10_162134-7-13-0_SNR10dB.wav,16000,1.1861045360565186,10.855152130126953,0.8560764789581299,2.5476490259170532,4.309797604675295,2.269603892847931,2.940524953206989
