clean_file,enhanced_file,sampling_rate,PESQ,SI_SDR,STOI,DNSMOS_p808_mos,DNSMOS_mos_sig,DNSMOS_mos_bak,DNSMOS_mos_ovr
p103_rainbow_04_loud,WF_p103_rainbow_04_loud_fold10_178826-2-0-20_SNR10dB.wav,16000,1.4896267652511597,13.529900550842285,0.8498827219009399,3.022791998726981,3.6807129345306677,2.1135252034020753,2.4114777435686254
