clean_file,enhanced_file,sampling_rate,PESQ,SI_SDR,STOI,DNSMOS_p808_mos,DNSMOS_mos_sig,DNSMOS_mos_bak,DNSMOS_mos_ovr
p106_emo_guilt_freeform,WF_p106_emo_guilt_freeform_fold10_93567-8-0-18_SNR10dB.wav,16000,1.4044630527496338,10.087103843688965,0.7984686493873596,2.699374198913574,4.1780072074131205,2.4369575469148312,2.7608362596310925
