clean_file,enhanced_file,sampling_rate,PESQ,SI_SDR,STOI,DNSMOS_p808_mos,DNSMOS_mos_sig,DNSMOS_mos_bak,DNSMOS_mos_ovr
p105_rainbow_02_slow,WF_p105_rainbow_02_slow_fold10_73524-0-0-98_SNR10dB.wav,16000,1.7619413137435913,8.26266860961914,0.7860572934150696,3.0834554604121616,3.33089239482736,3.6228503303130095,2.7315949047447723
