clean_file,enhanced_file,sampling_rate,PESQ,SI_SDR,STOI,DNSMOS_p808_mos,DNSMOS_mos_sig,DNSMOS_mos_bak,DNSMOS_mos_ovr
p103_rainbow_08_whisper,WF_p103_rainbow_08_whisper_fold10_181624-4-10-0_SNR10dB.wav,16000,1.0656157732009888,5.554075717926025,0.6789490580558777,2.504208973475865,2.617528251549388,3.6158531543449337,2.184399643271227
