clean_file,enhanced_file,sampling_rate,PESQ,SI_SDR,STOI,DNSMOS_p808_mos,DNSMOS_mos_sig,DNSMOS_mos_bak,DNSMOS_mos_ovr
p103_rainbow_05_fast,WF_p103_rainbow_05_fast_fold10_180127-4-0-0_SNR10dB.wav,16000,1.410884141921997,10.894824028015137,0.8706610202789307,3.349251627922058,3.7310796238036104,2.77657335747848,2.6669174421267914
