clean_file,enhanced_file,sampling_rate,PESQ,SI_SDR,STOI,DNSMOS_p808_mos,DNSMOS_mos_sig,DNSMOS_mos_bak,DNSMOS_mos_ovr
p104_sentences_20_regular,WF_p104_sentences_20_regular_fold10_30344-3-0-3_SNR10dB.wav,16000,1.9201804399490356,9.71464729309082,0.783191978931427,3.795680591038295,4.293017645370052,3.060924125495513,3.228421868815868
