clean_file,enhanced_file,sampling_rate,PESQ,SI_SDR,STOI,DNSMOS_p808_mos,DNSMOS_mos_sig,DNSMOS_mos_bak,DNSMOS_mos_ovr
p104_emo_anger_freeform,WF_p104_emo_anger_freeform_fold10_188813-7-9-0_SNR10dB.wav,16000,1.1889877319335938,10.615645408630371,0.8566442728042603,2.56357741355896,3.9705129718205088,1.5444391975400453,2.0033700698685064
