clean_file,enhanced_file,sampling_rate,PESQ,SI_SDR,STOI,DNSMOS_p808_mos,DNSMOS_mos_sig,DNSMOS_mos_bak,DNSMOS_mos_ovr
p102_sentences_02_loud,WF_p102_sentences_02_loud_fold10_162134-7-8-3_SNR10dB.wav,16000,1.1881067752838135,12.233964920043945,0.8695753216743469,2.780273139476776,4.261700987581803,2.012054433783077,2.6735645881037478
