clean_file,enhanced_file,sampling_rate,PESQ,SI_SDR,STOI,DNSMOS_p808_mos,DNSMOS_mos_sig,DNSMOS_mos_bak,DNSMOS_mos_ovr
p101_emo_fear_freeform,WF_p101_emo_fear_freeform_fold10_102857-5-0-15_SNR10dB.wav,16000,2.346479654312134,14.908452987670898,0.8827043771743774,3.2948186738150462,4.1242646556909905,2.600391104363911,2.959455891305491
