clean_file,enhanced_file,sampling_rate,PESQ,SI_SDR,STOI,DNSMOS_p808_mos,DNSMOS_mos_sig,DNSMOS_mos_bak,DNSMOS_mos_ovr
p104_rainbow_01_lowpitch,WF_p104_rainbow_01_lowpitch_fold10_199261-3-0-4_SNR10dB.wav,16000,1.9398512840270996,9.533065795898438,0.905298113822937,3.903040647506714,4.3382824054592355,3.5718118403648553,3.5339904642712145
