clean_file,enhanced_file,sampling_rate,PESQ,SI_SDR,STOI,DNSMOS_p808_mos,DNSMOS_mos_sig,DNSMOS_mos_bak,DNSMOS_mos_ovr
p104_emo_desire_sentences,WF_p104_emo_desire_sentences_fold10_189982-0-0-23_SNR10dB.wav,16000,1.6690866947174072,13.96699333190918,0.8142331838607788,3.252621650695801,3.701465169176146,2.832500680176723,2.8172309958532864
