clean_file,enhanced_file,sampling_rate,PESQ,SI_SDR,STOI,DNSMOS_p808_mos,DNSMOS_mos_sig,DNSMOS_mos_bak,DNSMOS_mos_ovr
p106_emo_guilt_sentences,WF_p106_emo_guilt_sentences_fold10_93567-8-0-19_SNR10dB.wav,16000,1.569673776626587,10.312021255493164,0.8206741809844971,2.89292311668396,4.370697029282121,2.486870086687566,2.926604154263912
