clean_file,enhanced_file,sampling_rate,PESQ,SI_SDR,STOI,DNSMOS_p808_mos,DNSMOS_mos_sig,DNSMOS_mos_bak,DNSMOS_mos_ovr
p105_sentences_07_slow,WF_p105_sentences_07_slow_fold10_83191-9-0-13_SNR10dB.wav,16000,1.4939606189727783,10.367239952087402,0.5536806583404541,2.868093592779977,3.220311328152025,2.488354533279464,2.2584739869540047
