clean_file,enhanced_file,sampling_rate,PESQ,SI_SDR,STOI,DNSMOS_p808_mos,DNSMOS_mos_sig,DNSMOS_mos_bak,DNSMOS_mos_ovr
p101_rainbow_02_slow,WF_p101_rainbow_02_slow_fold10_115418-9-0-6_SNR10dB.wav,16000,1.3493539094924927,8.148234367370605,0.7328588962554932,2.4895406791142056,3.6635252434446777,2.821812686657807,2.696650796527147
