clean_file,enhanced_file,sampling_rate,PESQ,SI_SDR,STOI,DNSMOS_p808_mos,DNSMOS_mos_sig,DNSMOS_mos_bak,DNSMOS_mos_ovr
p103_sentences_01_regular,WF_p103_sentences_01_regular_fold10_181624-4-6-0_SNR10dB.wav,16000,1.1913483142852783,9.15552043914795,0.7063683271408081,3.0034737246377126,4.486794359479494,3.746277310441723,3.8464046211198797
