clean_file,enhanced_file,sampling_rate,PESQ,SI_SDR,STOI,DNSMOS_p808_mos,DNSMOS_mos_sig,DNSMOS_mos_bak,DNSMOS_mos_ovr
p101_emo_guilt_freeform,WF_p101_emo_guilt_freeform_fold10_102857-5-0-17_SNR10dB.wav,16000,2.3788630962371826,13.518823623657227,0.931960940361023,3.362580895423889,3.91614662649832,2.710588588819671,2.8343649411898753
