clean_file,enhanced_file,sampling_rate,PESQ,SI_SDR,STOI,DNSMOS_p808_mos,DNSMOS_mos_sig,DNSMOS_mos_bak,DNSMOS_mos_ovr
p104_emo_embarassment_sentences,WF_p104_emo_embarassment_sentences_fold10_189982-0-0-38_SNR10dB.wav,16000,1.791393518447876,14.21455192565918,0.8671050667762756,3.03911026318868,3.3115061684138642,2.738016182746754,2.498932712601642
