clean_file,enhanced_file,sampling_rate,PESQ,SI_SDR,STOI,DNSMOS_p808_mos,DNSMOS_mos_sig,DNSMOS_mos_bak,DNSMOS_mos_ovr
p104_emo_relief_freeform,WF_p104_emo_relief_freeform_fold10_195063-4-1-0_SNR10dB.wav,16000,1.2338931560516357,9.652606010437012,0.8144394755363464,2.629756132761637,4.438678047548332,2.1507078287014596,2.7388322572803427
