clean_file,enhanced_file,sampling_rate,PESQ,SI_SDR,STOI,DNSMOS_p808_mos,DNSMOS_mos_sig,DNSMOS_mos_bak,DNSMOS_mos_ovr
p103_emo_disappointment_freeform,WF_p103_emo_disappointment_freeform_fold10_167464-0-0-16_SNR10dB.wav,16000,1.5658695697784424,12.251639366149902,0.7660936713218689,2.849765181541443,4.167233196302577,2.8679659477140884,3.0368877624933703
