clean_file,enhanced_file,sampling_rate,PESQ,SI_SDR,STOI,DNSMOS_p808_mos,DNSMOS_mos_sig,DNSMOS_mos_bak,DNSMOS_mos_ovr
p104_emo_cuteness_sentences,WF_p104_emo_cuteness_sentences_fold10_189982-0-0-2_SNR10dB.wav,16000,1.7512547969818115,14.807085037231445,0.687553346157074,2.7842767238616943,3.4358893971019158,2.810693362223616,2.5949792540805148
