clean_file,enhanced_file,sampling_rate,PESQ,SI_SDR,STOI,DNSMOS_p808_mos,DNSMOS_mos_sig,DNSMOS_mos_bak,DNSMOS_mos_ovr
p104_rainbow_08_regular,WF_p104_rainbow_08_regular_fold10_24076-1-1-0_SNR10dB.wav,16000,1.2984219789505005,10.259458541870117,0.8242951035499573,2.81012977872576,3.995315411291984,2.5147068379461333,2.707686645814859
