clean_file,enhanced_file,sampling_rate,PESQ,SI_SDR,STOI,DNSMOS_p808_mos,DNSMOS_mos_sig,DNSMOS_mos_bak,DNSMOS_mos_ovr
p101_emo_embarassment_freeform,WF_p101_emo_embarassment_freeform_fold10_102857-5-0-11_SNR10dB.wav,16000,2.0345327854156494,14.101553916931152,0.9173225164413452,3.1132640498025075,3.6515829449411177,2.793971288490681,2.6877637194483923
