clean_file,enhanced_file,sampling_rate,PESQ,SI_SDR,STOI,DNSMOS_p808_mos,DNSMOS_mos_sig,DNSMOS_mos_bak,DNSMOS_mos_ovr
p104_rainbow_05_lowpitch,WF_p104_rainbow_05_lowpitch_fold10_20571-3-1-0_SNR10dB.wav,16000,1.3349417448043823,14.513677597045898,0.9102450609207153,3.067530529839652,4.257779244243198,2.642495189682088,2.9875311813247794
