clean_file,enhanced_file,sampling_rate,PESQ,SI_SDR,STOI,DNSMOS_p808_mos,DNSMOS_mos_sig,DNSMOS_mos_bak,DNSMOS_mos_ovr
p102_rainbow_01_slow,WF_p102_rainbow_01_slow_fold10_159742-8-0-14_SNR10dB.wav,16000,1.2985334396362305,9.892829895019531,0.856939971446991,3.378501558303833,4.198284952816194,2.6019157159267374,3.024308823507335
