clean_file,enhanced_file,sampling_rate,PESQ,SI_SDR,STOI,DNSMOS_p808_mos,DNSMOS_mos_sig,DNSMOS_mos_bak,DNSMOS_mos_ovr
p105_rainbow_05_lowpitch,WF_p105_rainbow_05_lowpitch_fold10_74364-8-1-24_SNR10dB.wav,16000,1.7289115190505981,9.317999839782715,0.9076065421104431,3.387932062149048,4.190411600052355,2.9641889743210434,3.2099571414047476
