clean_file,enhanced_file,sampling_rate,PESQ,SI_SDR,STOI,DNSMOS_p808_mos,DNSMOS_mos_sig,DNSMOS_mos_bak,DNSMOS_mos_ovr
p104_emo_neutral_sentences,WF_p104_emo_neutral_sentences_fold10_189985-0-0-1_SNR10dB.wav,16000,1.8955320119857788,13.622431755065918,0.6578313112258911,3.38874888420105,3.05633927081121,3.1951676728572433,2.422213714977091
