clean_file,enhanced_file,sampling_rate,PESQ,SI_SDR,STOI,DNSMOS_p808_mos,DNSMOS_mos_sig,DNSMOS_mos_bak,DNSMOS_mos_ovr
p101_emo_anger_sentences,WF_p101_emo_anger_sentences_fold10_100795-3-1-1_SNR10dB.wav,16000,1.5596956014633179,10.153422355651855,0.916375994682312,3.582298449107579,4.17236116505888,2.017947571648171,2.585934359485443
