clean_file,enhanced_file,sampling_rate,PESQ,SI_SDR,STOI,DNSMOS_p808_mos,DNSMOS_mos_sig,DNSMOS_mos_bak,DNSMOS_mos_ovr
p106_rainbow_01_fast,WF_p106_rainbow_01_fast_fold10_99192-4-0-47_SNR10dB.wav,16000,1.1733806133270264,9.951677322387695,0.8932176828384399,3.1772925513131276,4.057582581733054,2.1865371753786755,2.5421948945495623
