clean_file,enhanced_file,sampling_rate,PESQ,SI_SDR,STOI,DNSMOS_p808_mos,DNSMOS_mos_sig,DNSMOS_mos_bak,DNSMOS_mos_ovr
p104_vegetative_coughing,WF_p104_vegetative_coughing_fold10_34050-7-3-0_SNR10dB.wav,16000,1.5576934814453125,11.566695213317871,0.8182311058044434,2.584885460989816,1.8203517063812158,2.915948578426139,1.6109542823598508
