clean_file,enhanced_file,sampling_rate,PESQ,SI_SDR,STOI,DNSMOS_p808_mos,DNSMOS_mos_sig,DNSMOS_mos_bak,DNSMOS_mos_ovr
p102_emo_fear_freeform,WF_p102_emo_fear_freeform_fold10_15544-5-0-10_SNR10dB.wav,16000,1.9582759141921997,14.558545112609863,0.9258564114570618,3.4125927448272706,3.955880768111227,2.347718724999826,2.7230681049272647
