clean_file,enhanced_file,sampling_rate,PESQ,SI_SDR,STOI,DNSMOS_p808_mos,DNSMOS_mos_sig,DNSMOS_mos_bak,DNSMOS_mos_ovr
p105_rainbow_04_slow,WF_p105_rainbow_04_slow_fold10_74364-8-1-2_SNR10dB.wav,16000,1.3396741151809692,8.120798110961914,0.8356982469558716,3.4136650562286377,3.627581178619373,3.4688522521205534,2.956700884295866
