clean_file,enhanced_file,sampling_rate,PESQ,SI_SDR,STOI,DNSMOS_p808_mos,DNSMOS_mos_sig,DNSMOS_mos_bak,DNSMOS_mos_ovr
p103_rainbow_02_loud,WF_p103_rainbow_02_loud_fold10_178261-7-2-0_SNR10dB.wav,16000,1.275817632675171,12.886181831359863,0.8457880616188049,2.8557187148502896,3.9670486349033625,2.2775737465555794,2.676630496363156
