clean_file,enhanced_file,sampling_rate,PESQ,SI_SDR,STOI,DNSMOS_p808_mos,DNSMOS_mos_sig,DNSMOS_mos_bak,DNSMOS_mos_ovr
p102_sentences_03_whisper,WF_p102_sentences_03_whisper_fold10_162134-7-9-0_SNR10dB.wav,16000,1.2878410816192627,6.567536354064941,0.6405103802680969,2.361388603846232,1.708432450889637,2.5502287646454502,1.341697889378245
