clean_file,enhanced_file,sampling_rate,PESQ,SI_SDR,STOI,DNSMOS_p808_mos,DNSMOS_mos_sig,DNSMOS_mos_bak,DNSMOS_mos_ovr
p101_emo_extasy_freeform,WF_p101_emo_extasy_freeform_fold10_102857-5-0-13_SNR10dB.wav,16000,2.7299160957336426,17.32286834716797,0.8248379826545715,2.7190041542053223,4.1886684559857335,2.172132559926623,2.7150477970712275
