clean_file,enhanced_file,sampling_rate,PESQ,SI_SDR,STOI,DNSMOS_p808_mos,DNSMOS_mos_sig,DNSMOS_mos_bak,DNSMOS_mos_ovr
p105_emo_sadness_freeform,WF_p105_emo_sadness_freeform_fold10_72538-3-0-0_SNR10dB.wav,16000,1.6572622060775757,8.711085319519043,0.6629490852355957,3.491288900375366,3.738255120764507,2.7136878039579586,2.612457228405029
