clean_file,enhanced_file,sampling_rate,PESQ,SI_SDR,STOI,DNSMOS_p808_mos,DNSMOS_mos_sig,DNSMOS_mos_bak,DNSMOS_mos_ovr
p102_sentences_01_lowpitch,WF_p102_sentences_01_lowpitch_fold10_162134-7-6-0_SNR10dB.wav,16000,1.198317289352417,10.733039855957031,0.8066558837890625,3.3296303749084473,4.286038561219834,2.0142439452726926,2.6061812670934903
