clean_file,enhanced_file,sampling_rate,PESQ,SI_SDR,STOI,DNSMOS_p808_mos,DNSMOS_mos_sig,DNSMOS_mos_bak,DNSMOS_mos_ovr
p104_rainbow_04_whisper,WF_p104_rainbow_04_whisper_fold10_203424-9-0-4_SNR10dB.wav,16000,1.158577799797058,6.560776233673096,0.7430045008659363,2.8604811940874373,3.168209484863571,2.347291547016617,1.8094834873352785
