clean_file,enhanced_file,sampling_rate,PESQ,SI_SDR,STOI,DNSMOS_p808_mos,DNSMOS_mos_sig,DNSMOS_mos_bak,DNSMOS_mos_ovr
p101_sentences_18_regular,WF_p101_sentences_18_regular_fold10_14470-2-0-21_SNR10dB.wav,16000,1.607562780380249,9.054718017578125,0.781876266002655,3.0842862129211426,3.8340363651931697,2.4602866415483673,2.700857679481997
