clean_file,enhanced_file,sampling_rate,PESQ,SI_SDR,STOI,DNSMOS_p808_mos,DNSMOS_mos_sig,DNSMOS_mos_bak,DNSMOS_mos_ovr
p102_rainbow_07_regular,WF_p102_rainbow_07_regular_fold10_162134-7-15-3_SNR10dB.wav,16000,1.1521916389465332,10.934030532836914,0.8389170169830322,2.707427501678467,4.144269942170344,2.273836118512176,2.7806075737840756
