clean_file,enhanced_file,sampling_rate,PESQ,SI_SDR,STOI,DNSMOS_p808_mos,DNSMOS_mos_sig,DNSMOS_mos_bak,DNSMOS_mos_ovr
p104_rainbow_06_slow,WF_p104_rainbow_06_slow_fold10_208652-8-0-0_SNR10dB.wav,16000,1.3204538822174072,11.56649398803711,0.8713518381118774,2.9896995544433596,4.284998496539995,2.5877818747952483,2.9943915011362336
