clean_file,enhanced_file,sampling_rate,PESQ,SI_SDR,STOI,DNSMOS_p808_mos,DNSMOS_mos_sig,DNSMOS_mos_bak,DNSMOS_mos_ovr
p105_sentences_02_regular,WF_p105_sentences_02_regular_fold10_7965-3-22-0_SNR10dB.wav,16000,2.242724895477295,11.252163887023926,0.6576228737831116,3.635891710008894,3.5976499328326006,3.1949776007401747,2.8146811689903433
