clean_file,enhanced_file,sampling_rate,PESQ,SI_SDR,STOI,DNSMOS_p808_mos,DNSMOS_mos_sig,DNSMOS_mos_bak,DNSMOS_mos_ovr
p104_rainbow_05_slow,WF_p104_rainbow_05_slow_fold10_207213-2-0-130_SNR10dB.wav,16000,1.3480384349822998,10.012555122375488,0.8579363226890564,2.9243700163705006,4.09845099413323,2.478720583446269,2.828163961849751
