clean_file,enhanced_file,sampling_rate,PESQ,SI_SDR,STOI,DNSMOS_p808_mos,DNSMOS_mos_sig,DNSMOS_mos_bak,DNSMOS_mos_ovr
p103_emo_relief_freeform,WF_p103_emo_relief_freeform_fold10_171478-9-0-26_SNR10dB.wav,16000,1.2414870262145996,10.88011360168457,0.8167315125465393,3.4644941329956054,3.9671231881860995,2.4901000048833284,2.750856109985537
