clean_file,enhanced_file,sampling_rate,PESQ,SI_SDR,STOI,DNSMOS_p808_mos,DNSMOS_mos_sig,DNSMOS_mos_bak,DNSMOS_mos_ovr
p105_sentences_03_whisper,WF_p105_sentences_03_whisper_fold10_81791-3-0-1_SNR10dB.wav,16000,1.6859550476074219,6.538763999938965,0.6305020451545715,3.31474883215768,3.205376135206124,3.907375930673683,2.8323111487543655
