clean_file,enhanced_file,sampling_rate,PESQ,SI_SDR,STOI,DNSMOS_p808_mos,DNSMOS_mos_sig,DNSMOS_mos_bak,DNSMOS_mos_ovr
p103_emo_cuteness_freeform,WF_p103_emo_cuteness_freeform_fold10_167464-0-0-12_SNR10dB.wav,16000,1.6137412786483765,11.99628734588623,0.7843856811523438,3.118102729320526,3.6882398968828896,3.536290748457257,3.016919785692525
