clean_file,enhanced_file,sampling_rate,PESQ,SI_SDR,STOI,DNSMOS_p808_mos,DNSMOS_mos_sig,DNSMOS_mos_bak,DNSMOS_mos_ovr
p102_sentences_01_slow,WF_p102_sentences_01_slow_fold10_162134-7-7-1_SNR10dB.wav,16000,1.1510661840438843,10.522146224975586,0.7902746796607971,3.2202953100204468,4.385191881103986,2.1456677228850136,2.771518151960448
