clean_file,enhanced_file,sampling_rate,PESQ,SI_SDR,STOI,DNSMOS_p808_mos,DNSMOS_mos_sig,DNSMOS_mos_bak,DNSMOS_mos_ovr
p103_sentences_02_highpitch,WF_p103_sentences_02_highpitch_fold10_187110-2-0-1_SNR10dB.wav,16000,1.4200695753097534,10.710573196411133,0.6015759110450745,2.8523930311203003,3.5733870372274925,2.156125860403855,2.271521722387567
