clean_file,enhanced_file,sampling_rate,PESQ,SI_SDR,STOI,DNSMOS_p808_mos,DNSMOS_mos_sig,DNSMOS_mos_bak,DNSMOS_mos_ovr
p101_rainbow_08_regular,WF_p101_rainbow_08_regular_fold10_128470-3-0-1_SNR10dB.wav,16000,2.1879420280456543,10.34834098815918,0.9250974655151367,3.674874918801444,4.345421225522178,2.2750234586110665,2.8607441551388577
