clean_file,enhanced_file,sampling_rate,PESQ,SI_SDR,STOI,DNSMOS_p808_mos,DNSMOS_mos_sig,DNSMOS_mos_bak,DNSMOS_mos_ovr
p104_sentences_22_regular,WF_p104_sentences_22_regular_fold10_34050-7-0-0_SNR10dB.wav,16000,1.3169279098510742,12.514232635498047,0.6735609769821167,2.965634754725865,3.867005659593521,2.7753391240451815,2.8343514259031046
