clean_file,enhanced_file,sampling_rate,PESQ,SI_SDR,STOI,DNSMOS_p808_mos,DNSMOS_mos_sig,DNSMOS_mos_bak,DNSMOS_mos_ovr
p102_sentences_04_whisper,WF_p102_sentences_04_whisper_fold10_162134-7-9-1_SNR10dB.wav,16000,1.1762198209762573,7.315395355224609,0.701470136642456,2.8644989013671873,1.5857317641866802,2.442235101409801,1.332727322939352
