clean_file,enhanced_file,sampling_rate,PESQ,SI_SDR,STOI,DNSMOS_p808_mos,DNSMOS_mos_sig,DNSMOS_mos_bak,DNSMOS_mos_ovr
p103_vegetative_yawning,WF_p103_vegetative_yawning_fold10_188813-7-2-0_SNR10dB.wav,16000,1.6801127195358276,9.799291610717773,0.34291142225265503,2.3437622785568237,3.4824091371437262,1.7643374185658127,2.113698598041267
