clean_file,enhanced_file,sampling_rate,PESQ,SI_SDR,STOI,DNSMOS_p808_mos,DNSMOS_mos_sig,DNSMOS_mos_bak,DNSMOS_mos_ovr
p103_sentences_22_regular,WF_p103_sentences_22_regular_fold10_188813-7-10-1_SNR10dB.wav,16000,1.3984090089797974,11.977614402770996,0.691403329372406,2.810230152947562,4.157776833115344,2.4591741783443766,2.799532943420313
