clean_file,enhanced_file,sampling_rate,PESQ,SI_SDR,STOI,DNSMOS_p808_mos,DNSMOS_mos_sig,DNSMOS_mos_bak,DNSMOS_mos_ovr
p105_rainbow_07_highpitch,WF_p105_rainbow_07_highpitch_fold10_74922-4-0-1_SNR10dB.wav,16000,1.1504831314086914,12.767853736877441,0.720848560333252,2.8364923000335693,4.118662747138923,2.8369731059298195,2.955660871524987
