clean_file,enhanced_file,sampling_rate,PESQ,SI_SDR,STOI,DNSMOS_p808_mos,DNSMOS_mos_sig,DNSMOS_mos_bak,DNSMOS_mos_ovr
p101_emo_anger_freeform,WF_p101_emo_anger_freeform_fold10_100795-3-1-0_SNR10dB.wav,16000,1.6492815017700195,10.169339179992676,0.9001334309577942,3.321863889694214,3.9491123928570437,2.1701209908109824,2.529992547656796
