clean_file,enhanced_file,sampling_rate,PESQ,SI_SDR,STOI,DNSMOS_p808_mos,DNSMOS_mos_sig,DNSMOS_mos_bak,DNSMOS_mos_ovr
p101_sentences_02_highpitch,WF_p101_sentences_02_highpitch_fold10_136558-9-0-1_SNR10dB.wav,16000,1.4570224285125732,11.343597412109375,0.7648404836654663,2.4864076375961304,3.9264620848946983,2.1069562709361476,2.45323936703743
