clean_file,enhanced_file,sampling_rate,PESQ,SI_SDR,STOI,DNSMOS_p808_mos,DNSMOS_mos_sig,DNSMOS_mos_bak,DNSMOS_mos_ovr
p103_rainbow_03_fast,WF_p103_rainbow_03_fast_fold10_178261-7-3-4_SNR10dB.wav,16000,1.293805480003357,12.381732940673828,0.9348461627960205,2.9325761000315347,4.345383139603312,3.334966277892256,3.5258193540847835
