clean_file,enhanced_file,sampling_rate,PESQ,SI_SDR,STOI,DNSMOS_p808_mos,DNSMOS_mos_sig,DNSMOS_mos_bak,DNSMOS_mos_ovr
p106_nonverbal_laughter_closed,WF_p106_nonverbal_laughter_closed_fold10_99192-4-0-38_SNR10dB.wav,16000,1.2526054382324219,10.91998291015625,0.7601590156555176,2.4254936377207437,3.2369798299555774,2.318820754940162,2.094572360848307
