clean_file,enhanced_file,sampling_rate,PESQ,SI_SDR,STOI,DNSMOS_p808_mos,DNSMOS_mos_sig,DNSMOS_mos_bak,DNSMOS_mos_ovr
p102_rainbow_06_lowpitch,WF_p102_rainbow_06_lowpitch_fold10_162134-7-13-3_SNR10dB.wav,16000,1.1808968782424927,11.380273818969727,0.8548003435134888,2.7935168743133545,4.214366335568511,2.1220995200320703,2.7128736602428067
