clean_file,enhanced_file,sampling_rate,PESQ,SI_SDR,STOI,DNSMOS_p808_mos,DNSMOS_mos_sig,DNSMOS_mos_bak,DNSMOS_mos_ovr
p104_emo_cuteness_freeform,WF_p104_emo_cuteness_freeform_fold10_189982-0-0-19_SNR10dB.wav,16000,1.6172847747802734,13.665246963500977,0.7712173461914062,2.5570175647735596,3.984775764586833,2.6118708857151054,2.821160823140246
