clean_file,enhanced_file,sampling_rate,PESQ,SI_SDR,STOI,DNSMOS_p808_mos,DNSMOS_mos_sig,DNSMOS_mos_bak,DNSMOS_mos_ovr
p103_sentences_06_loud,WF_p103_sentences_06_loud_fold10_187863-4-0-1_SNR10dB.wav,16000,1.248495101928711,10.607040405273438,0.7686901092529297,2.5808191299438477,3.655054399780058,2.3323159434467935,2.4882455729180797
