clean_file,enhanced_file,sampling_rate,PESQ,SI_SDR,STOI,DNSMOS_p808_mos,DNSMOS_mos_sig,DNSMOS_mos_bak,DNSMOS_mos_ovr
p104_rainbow_04_slow,WF_p104_rainbow_04_slow_fold10_203424-9-0-34_SNR10dB.wav,16000,1.1515471935272217,9.602456092834473,0.792901873588562,2.689674207142421,3.9383397273386858,2.2833251835154114,2.488083106859906
