clean_file,enhanced_file,sampling_rate,PESQ,SI_SDR,STOI,DNSMOS_p808_mos,DNSMOS_mos_sig,DNSMOS_mos_bak,DNSMOS_mos_ovr
p102_rainbow_05_slow,WF_p102_rainbow_05_slow_fold10_162134-7-12-3_SNR10dB.wav,16000,1.1739072799682617,10.95247745513916,0.8569321036338806,2.8541390895843506,4.3109506837101295,2.196316833111436,2.794348759090339
