clean_file,enhanced_file,sampling_rate,PESQ,SI_SDR,STOI,DNSMOS_p808_mos,DNSMOS_mos_sig,DNSMOS_mos_bak,DNSMOS_mos_ovr
p103_emo_sadness_sentences,WF_p103_emo_sadness_sentences_fold10_171478-9-0-4_SNR10dB.wav,16000,1.7240760326385498,11.3157320022583,0.6117125153541565,3.1294496740613664,3.8948185005982827,2.664069841592522,2.7880224220253456
