clean_file,enhanced_file,sampling_rate,PESQ,SI_SDR,STOI,DNSMOS_p808_mos,DNSMOS_mos_sig,DNSMOS_mos_bak,DNSMOS_mos_ovr
p101_emo_interest_sentences,WF_p101_emo_interest_sentences_fold10_102857-5-0-2_SNR10dB.wav,16000,2.1062843799591064,13.891563415527344,0.8712623715400696,3.1902003288269043,3.5269269385684403,3.017423045041539,2.731623592818644
