clean_file,enhanced_file,sampling_rate,PESQ,SI_SDR,STOI,DNSMOS_p808_mos,DNSMOS_mos_sig,DNSMOS_mos_bak,DNSMOS_mos_ovr
p103_rainbow_04_whisper,WF_p103_rainbow_04_whisper_fold10_179868-1-0-0_SNR10dB.wav,16000,1.116930365562439,4.410348415374756,0.561479389667511,2.691969701222011,2.1395980874339497,3.3263555080165554,1.8468608943797764
