clean_file,enhanced_file,sampling_rate,PESQ,SI_SDR,STOI,DNSMOS_p808_mos,DNSMOS_mos_sig,DNSMOS_mos_bak,DNSMOS_mos_ovr
p101_sentences_02_regular,WF_p101_sentences_02_regular_fold10_136558-9-1-21_SNR10dB.wav,16000,1.4965475797653198,8.626749992370605,0.8079580664634705,2.7862695455551147,4.027540654286007,2.1525475508873373,2.6597959588613493
