clean_file,enhanced_file,sampling_rate,PESQ,SI_SDR,STOI,DNSMOS_p808_mos,DNSMOS_mos_sig,DNSMOS_mos_bak,DNSMOS_mos_ovr
p103_sentences_08_slow,WF_p103_sentences_08_slow_fold10_187863-4-0-3_SNR10dB.wav,16000,1.3351712226867676,9.992959976196289,0.6989774703979492,2.8015553951263428,4.237072469603533,2.146939129653422,2.630239350908839
