clean_file,enhanced_file,sampling_rate,PESQ,SI_SDR,STOI,DNSMOS_p808_mos,DNSMOS_mos_sig,DNSMOS_mos_bak,DNSMOS_mos_ovr
p101_rainbow_04_slow,WF_p101_rainbow_04_slow_fold10_118278-4-0-13_SNR10dB.wav,16000,1.3879644870758057,7.399585247039795,0.7622787356376648,2.7720526854197183,3.741938447309522,3.31116270494192,3.0027819662635515
