clean_file,enhanced_file,sampling_rate,PESQ,SI_SDR,STOI,DNSMOS_p808_mos,DNSMOS_mos_sig,DNSMOS_mos_bak,DNSMOS_mos_ovr
p103_rainbow_03_lowpitch,WF_p103_rainbow_03_lowpitch_fold10_178402-1-0-0_SNR10dB.wav,16000,1.4488186836242676,9.89991569519043,0.8273318409919739,2.8772520337785994,4.060530177067025,2.191685602411862,2.360214906926373
