clean_file,enhanced_file,sampling_rate,PESQ,SI_SDR,STOI,DNSMOS_p808_mos,DNSMOS_mos_sig,DNSMOS_mos_bak,DNSMOS_mos_ovr
p105_sentences_01_slow,WF_p105_sentences_01_slow_fold10_7913-3-0-0_SNR10dB.wav,16000,1.3811885118484497,7.190349578857422,0.6756632924079895,3.186821017946516,3.981497349566685,3.457703722275983,3.182810752545067
