clean_file,enhanced_file,sampling_rate,PESQ,SI_SDR,STOI,DNSMOS_p808_mos,DNSMOS_mos_sig,DNSMOS_mos_bak,DNSMOS_mos_ovr
p101_sentences_04_whisper,WF_p101_sentences_04_whisper_fold10_138017-9-0-9_SNR10dB.wav,16000,1.203096866607666,4.458505630493164,0.6139065623283386,2.7712594270706177,1.9866498936322634,3.217731443667452,1.7539376885322406
