clean_file,enhanced_file,sampling_rate,PESQ,SI_SDR,STOI,DNSMOS_p808_mos,DNSMOS_mos_sig,DNSMOS_mos_bak,DNSMOS_mos_ovr
p101_emo_contentment_sentences,WF_p101_emo_contentment_sentences_fold10_101382-2-0-20_SNR10dB.wav,16000,1.6549415588378906,9.447341918945312,0.82501220703125,3.3236663341522217,4.120396112260937,2.1248070679429687,2.65046242809006
