clean_file,enhanced_file,sampling_rate,PESQ,SI_SDR,STOI,DNSMOS_p808_mos,DNSMOS_mos_sig,DNSMOS_mos_bak,DNSMOS_mos_ovr
p104_emo_realization_freeform,WF_p104_emo_realization_freeform_fold10_189985-0-0-6_SNR10dB.wav,16000,2.3373546600341797,12.474525451660156,0.3672342896461487,2.81565260887146,3.373007588403264,3.322683460336606,2.654270824077428
