clean_file,enhanced_file,sampling_rate,PESQ,SI_SDR,STOI,DNSMOS_p808_mos,DNSMOS_mos_sig,DNSMOS_mos_bak,DNSMOS_mos_ovr
p101_emo_relief_sentences,WF_p101_emo_relief_sentences_fold10_102857-5-0-29_SNR10dB.wav,16000,2.5764787197113037,13.987503051757812,0.8365683555603027,3.2778079509735107,3.789385453071146,3.596216537293569,3.226039415843496
