clean_file,enhanced_file,sampling_rate,PESQ,SI_SDR,STOI,DNSMOS_p808_mos,DNSMOS_mos_sig,DNSMOS_mos_bak,DNSMOS_mos_ovr
p105_emo_serenity_freeform,WF_p105_emo_serenity_freeform_fold10_72538-3-0-3_SNR10dB.wav,16000,1.4485547542572021,8.168229103088379,0.6402109861373901,2.983105421066284,3.344475632892879,2.8925906931451486,2.57971838264134
