clean_file,enhanced_file,sampling_rate,PESQ,SI_SDR,STOI,DNSMOS_p808_mos,DNSMOS_mos_sig,DNSMOS_mos_bak,DNSMOS_mos_ovr
p101_rainbow_08_slow,WF_p101_rainbow_08_slow_fold10_128470-3-0-5_SNR10dB.wav,16000,1.7924108505249023,8.37698745727539,0.8440500497817993,3.8171516827174594,4.056592464349651,2.1453341152567345,2.597043959146892
