clean_file,enhanced_file,sampling_rate,PESQ,SI_SDR,STOI,DNSMOS_p808_mos,DNSMOS_mos_sig,DNSMOS_mos_bak,DNSMOS_mos_ovr
p105_rainbow_05_slow,WF_p105_rainbow_05_slow_fold10_74364-8-1-26_SNR10dB.wav,16000,1.2182302474975586,8.257936477661133,0.8417288064956665,3.216346025466919,4.095011986643059,2.8700215223414784,3.043168297563897
