clean_file,enhanced_file,sampling_rate,PESQ,SI_SDR,STOI,DNSMOS_p808_mos,DNSMOS_mos_sig,DNSMOS_mos_bak,DNSMOS_mos_ovr
p104_emo_amusement_freeform,WF_p104_emo_amusement_freeform_fold10_188813-7-7-0_SNR10dB.wav,16000,1.1917895078659058,12.651012420654297,0.8455982804298401,2.8480286598205566,4.049147090080063,1.589589147068379,2.079457631344108
