clean_file,enhanced_file,sampling_rate,PESQ,SI_SDR,STOI,DNSMOS_p808_mos,DNSMOS_mos_sig,DNSMOS_mos_bak,DNSMOS_mos_ovr
p102_rainbow_05_lowpitch,WF_p102_rainbow_05_lowpitch_fold10_162134-7-12-1_SNR10dB.wav,16000,1.1721152067184448,10.425434112548828,0.8433999419212341,2.664768099784851,4.089165338241321,2.2837709722357564,2.709257914223037
