clean_file,enhanced_file,sampling_rate,PESQ,SI_SDR,STOI,DNSMOS_p808_mos,DNSMOS_mos_sig,DNSMOS_mos_bak,DNSMOS_mos_ovr
p102_rainbow_06_loud,WF_p102_rainbow_06_loud_fold10_162134-7-13-2_SNR10dB.wav,16000,1.199165940284729,12.129231452941895,0.8795992732048035,2.5834803581237793,3.7636347553621405,2.1430557857169115,2.4796416674838033
