clean_file,enhanced_file,sampling_rate,PESQ,SI_SDR,STOI,DNSMOS_p808_mos,DNSMOS_mos_sig,DNSMOS_mos_bak,DNSMOS_mos_ovr
p105_sentences_01_lowpitch,WF_p105_sentences_01_lowpitch_fold10_77927-3-0-2_SNR10dB.wav,16000,1.6823956966400146,9.507039070129395,0.7530876398086548,2.996018443788801,4.209584039902149,2.362042469326057,2.856777337697287
