clean_file,enhanced_file,sampling_rate,PESQ,SI_SDR,STOI,DNSMOS_p808_mos,DNSMOS_mos_sig,DNSMOS_mos_bak,DNSMOS_mos_ovr
p102_melodic_happy_birthday,WF_p102_melodic_happy_birthday_fold10_157207-6-6-0_SNR10dB.wav,16000,1.5194144248962402,11.358915328979492,0.8918898701667786,2.9452309608459473,4.22588610112378,2.129448755273801,2.7118455555349787
