clean_file,enhanced_file,sampling_rate,PESQ,SI_SDR,STOI,DNSMOS_p808_mos,DNSMOS_mos_sig,DNSMOS_mos_bak,DNSMOS_mos_ovr
p106_emo_disappointment_sentences,WF_p106_emo_disappointment_sentences_fold10_88121-8-2-0_SNR10dB.wav,16000,1.3549400568008423,9.997321128845215,0.8012577891349792,3.534470001856486,3.8824008538277326,2.1212824101861214,2.430047742937352
