clean_file,enhanced_file,sampling_rate,PESQ,SI_SDR,STOI,DNSMOS_p808_mos,DNSMOS_mos_sig,DNSMOS_mos_bak,DNSMOS_mos_ovr
p105_rainbow_02_regular,WF_p105_rainbow_02_regular_fold10_73524-0-0-92_SNR10dB.wav,16000,1.9026119709014893,9.912845611572266,0.7936471104621887,3.2355702263968333,3.3888461104399696,3.9030676869379817,2.933811605031502
