clean_file,enhanced_file,sampling_rate,PESQ,SI_SDR,STOI,DNSMOS_p808_mos,DNSMOS_mos_sig,DNSMOS_mos_bak,DNSMOS_mos_ovr
p104_sentences_02_loud,WF_p104_sentences_02_loud_fold10_27070-2-0-3_SNR10dB.wav,16000,1.4094724655151367,12.556997299194336,0.854889988899231,3.087689127240862,4.125839034873399,2.1872776080253624,2.6857391196133102
