clean_file,enhanced_file,sampling_rate,PESQ,SI_SDR,STOI,DNSMOS_p808_mos,DNSMOS_mos_sig,DNSMOS_mos_bak,DNSMOS_mos_ovr
p106_emo_realization_freeform,WF_p106_emo_realization_freeform_fold10_97756-3-0-0_SNR10dB.wav,16000,1.411816120147705,9.539860725402832,0.6781714558601379,3.028875192006429,4.350929297117313,2.4729328985718397,2.9276901517190503
