clean_file,enhanced_file,sampling_rate,PESQ,SI_SDR,STOI,DNSMOS_p808_mos,DNSMOS_mos_sig,DNSMOS_mos_bak,DNSMOS_mos_ovr
p103_interjection_agreement,WF_p103_interjection_agreement_fold10_171478-9-0-58_SNR10dB.wav,16000,2.6805176734924316,12.339268684387207,0.6271269917488098,2.974003655569894,3.764175640099213,2.634133837277058,2.720720810866461
