clean_file,enhanced_file,sampling_rate,PESQ,SI_SDR,STOI,DNSMOS_p808_mos,DNSMOS_mos_sig,DNSMOS_mos_bak,DNSMOS_mos_ovr
p104_emo_amusement_sentences,WF_p104_emo_amusement_sentences_fold10_188813-7-8-0_SNR10dB.wav,16000,1.273414969444275,11.850248336791992,0.7027771472930908,2.6908055543899536,4.164615054453715,2.1442806169371513,2.6415721327419064
