clean_file,enhanced_file,sampling_rate,PESQ,SI_SDR,STOI,DNSMOS_p808_mos,DNSMOS_mos_sig,DNSMOS_mos_bak,DNSMOS_mos_ovr
p105_emo_interest_sentences,WF_p105_emo_interest_sentences_fold10_69661-3-0-23_SNR10dB.wav,16000,1.2118369340896606,9.08587646484375,0.5703374743461609,3.4348100423812866,4.091084608175367,2.5571013151663116,2.8594288037090907
