clean_file,enhanced_file,sampling_rate,PESQ,SI_SDR,STOI,DNSMOS_p808_mos,DNSMOS_mos_sig,DNSMOS_mos_bak,DNSMOS_mos_ovr
p102_rainbow_02_highpitch,WF_p102_rainbow_02_highpitch_fold10_159742-8-0-4_SNR10dB.wav,16000,1.2362807989120483,10.776988983154297,0.8214200735092163,2.832448124885559,4.148946494181615,1.975950034125177,2.546863104801086
