clean_file,enhanced_file,sampling_rate,PESQ,SI_SDR,STOI,DNSMOS_p808_mos,DNSMOS_mos_sig,DNSMOS_mos_bak,DNSMOS_mos_ovr
p104_rainbow_03_fast,WF_p104_rainbow_03_fast_fold10_200786-5-1-3_SNR10dB.wav,16000,1.3380612134933472,11.525469779968262,0.8727250099182129,3.0930474996566772,3.1639893224482076,2.100555215615514,2.047194606044349
