clean_file,enhanced_file,sampling_rate,PESQ,SI_SDR,STOI,DNSMOS_p808_mos,DNSMOS_mos_sig,DNSMOS_mos_bak,DNSMOS_mos_ovr
p104_sentences_08_slow,WF_p104_sentences_08_slow_fold10_28808-1-0-3_SNR10dB.wav,16000,1.3019956350326538,10.78359603881836,0.7255796194076538,2.5871630055563792,3.8939804315537003,2.550997774800749,2.767094597289431
