clean_file,enhanced_file,sampling_rate,PESQ,SI_SDR,STOI,DNSMOS_p808_mos,DNSMOS_mos_sig,DNSMOS_mos_bak,DNSMOS_mos_ovr
p102_rainbow_05_whisper,WF_p102_rainbow_05_whisper_fold10_162134-7-12-4_SNR10dB.wav,16000,1.138261318206787,7.744874477386475,0.7036430239677429,2.5306453307469687,1.5780969640868208,2.246443302648935,1.2214029697911972
