clean_file,enhanced_file,sampling_rate,PESQ,SI_SDR,STOI,DNSMOS_p808_mos,DNSMOS_mos_sig,DNSMOS_mos_bak,DNSMOS_mos_ovr
p102_sentences_08_slow,WF_p102_sentences_08_slow_fold10_162148-3-0-0_SNR10dB.wav,16000,1.5249791145324707,9.904172897338867,0.8488447666168213,3.799059295654297,4.063788332173802,2.3057521215117895,2.658761859446415
