clean_file,enhanced_file,sampling_rate,PESQ,SI_SDR,STOI,DNSMOS_p808_mos,DNSMOS_mos_sig,DNSMOS_mos_bak,DNSMOS_mos_ovr
p102_rainbow_04_loud,WF_p102_rainbow_04_loud_fold10_162134-7-11-1_SNR10dB.wav,16000,1.1263904571533203,11.192977905273438,0.8756276369094849,2.543179512023926,4.11764842064681,1.6845076477587873,2.2159450535448113
