clean_file,enhanced_file,sampling_rate,PESQ,SI_SDR,STOI,DNSMOS_p808_mos,DNSMOS_mos_sig,DNSMOS_mos_bak,DNSMOS_mos_ovr
p102_nonverbal_screaming,WF_p102_nonverbal_screaming_fold10_159709-6-0-0_SNR10dB.wav,16000,2.0155770778656006,10.176013946533203,0.7831461429595947,2.1600265502929688,3.715235361659545,1.8151333984602958,2.1135804042209414
