clean_file,enhanced_file,sampling_rate,PESQ,SI_SDR,STOI,DNSMOS_p808_mos,DNSMOS_mos_sig,DNSMOS_mos_bak,DNSMOS_mos_ovr
p105_rainbow_04_lowpitch,WF_p105_rainbow_04_lowpitch_fold10_74364-8-1-18_SNR10dB.wav,16000,1.322801113128662,9.875079154968262,0.8113130331039429,3.399085112980434,4.221476388382587,2.7060095980610948,3.0723643907057623
