clean_file,enhanced_file,sampling_rate,PESQ,SI_SDR,STOI,DNSMOS_p808_mos,DNSMOS_mos_sig,DNSMOS_mos_bak,DNSMOS_mos_ovr
p104_sentences_01_regular,WF_p104_sentences_01_regular_fold10_26255-3-8-0_SNR10dB.wav,16000,1.5669372081756592,13.8966703414917,0.6795775294303894,3.1304138728550504,4.2030581670118305,2.5397670217709907,2.926403871639295
