clean_file,enhanced_file,sampling_rate,PESQ,SI_SDR,STOI,DNSMOS_p808_mos,DNSMOS_mos_sig,DNSMOS_mos_bak,DNSMOS_mos_ovr
p104_rainbow_07_loud,WF_p104_rainbow_07_loud_fold10_209672-3-0-0_SNR10dB.wav,16000,1.4861429929733276,9.546850204467773,0.897747814655304,3.6772280761173795,4.299347697639402,2.81718159303728,3.0944947075704134
