clean_file,enhanced_file,sampling_rate,PESQ,SI_SDR,STOI,DNSMOS_p808_mos,DNSMOS_mos_sig,DNSMOS_mos_bak,DNSMOS_mos_ovr
p102_rainbow_03_highpitch,WF_p102_rainbow_03_highpitch_fold10_162134-7-0-1_SNR10dB.wav,16000,1.1749006509780884,13.284092903137207,0.7746829390525818,2.248055338859558,3.2343939466565486,1.6094850555147273,1.7083353666947905
