clean_file,enhanced_file,sampling_rate,PESQ,SI_SDR,STOI,DNSMOS_p808_mos,DNSMOS_mos_sig,DNSMOS_mos_bak,DNSMOS_mos_ovr
p105_rainbow_08_slow,WF_p105_rainbow_08_slow_fold10_77901-9-0-4_SNR10dB.wav,16000,1.1295617818832397,6.752747535705566,0.6337440609931946,2.4488466467176164,3.028037825871174,2.80705054023528,2.200797322929739
