clean_file,enhanced_file,sampling_rate,PESQ,SI_SDR,STOI,DNSMOS_p808_mos,DNSMOS_mos_sig,DNSMOS_mos_bak,DNSMOS_mos_ovr
p105_sentences_04_whisper,WF_p105_sentences_04_whisper_fold10_81791-3-1-0_SNR10dB.wav,16000,1.5600829124450684,5.658726215362549,0.5726462602615356,3.135268109185355,3.060619778088159,3.9988627450708014,2.636973838890379
