clean_file,enhanced_file,sampling_rate,PESQ,SI_SDR,STOI,DNSMOS_p808_mos,DNSMOS_mos_sig,DNSMOS_mos_bak,DNSMOS_mos_ovr
p106_emo_desire_sentences,WF_p106_emo_desire_sentences_fold10_88121-8-0-3_SNR10dB.wav,16000,1.264329433441162,9.942142486572266,0.8133456110954285,2.9464296102523804,4.384374177221048,3.196797014707072,3.334346897710379
