clean_file,enhanced_file,sampling_rate,PESQ,SI_SDR,STOI,DNSMOS_p808_mos,DNSMOS_mos_sig,DNSMOS_mos_bak,DNSMOS_mos_ovr
p102_rainbow_01_whisper,WF_p102_rainbow_01_whisper_fold10_159742-8-0-2_SNR10dB.wav,16000,1.331882119178772,9.157001495361328,0.7948936820030212,3.0245254039764404,1.5385557342041574,2.409705052639465,1.264960979786201
