clean_file,enhanced_file,sampling_rate,PESQ,SI_SDR,STOI,DNSMOS_p808_mos,DNSMOS_mos_sig,DNSMOS_mos_bak,DNSMOS_mos_ovr
p101_emo_adoration_sentences,WF_p101_emo_adoration_sentences_fold10_100648-1-1-0_SNR10dB.wav,16000,1.4954113960266113,11.338342666625977,0.8317751288414001,2.577688455581665,3.744423693808992,2.1280017885647737,2.3907086247251312
