clean_file,enhanced_file,sampling_rate,PESQ,SI_SDR,STOI,DNSMOS_p808_mos,DNSMOS_mos_sig,DNSMOS_mos_bak,DNSMOS_mos_ovr
p103_sentences_02_lowpitch,WF_p103_sentences_02_lowpitch_fold10_187110-2-0-12_SNR10dB.wav,16000,1.5511492490768433,10.342071533203125,0.8054359555244446,2.868936845234462,4.226535724289227,2.290815809000585,2.7651430942360204
