clean_file,enhanced_file,sampling_rate,PESQ,SI_SDR,STOI,DNSMOS_p808_mos,DNSMOS_mos_sig,DNSMOS_mos_bak,DNSMOS_mos_ovr
p104_nonverbal_laughter_open,WF_p104_nonverbal_laughter_open_fold10_197554-2-0-69_SNR10dB.wav,16000,1.8370842933654785,10.728252410888672,0.802470862865448,2.4753884247371127,2.5931278016870105,1.9277505136707422,1.7925935127800547
