clean_file,enhanced_file,sampling_rate,PESQ,SI_SDR,STOI,DNSMOS_p808_mos,DNSMOS_mos_sig,DNSMOS_mos_bak,DNSMOS_mos_ovr
p101_emo_disgust_freeform,WF_p101_emo_disgust_freeform_fold10_102103-3-1-0_SNR10dB.wav,16000,1.2214528322219849,8.121768951416016,0.5075549483299255,2.596507958003453,3.5189474571509556,2.467281835398059,2.409996392468845
