clean_file,enhanced_file,sampling_rate,PESQ,SI_SDR,STOI,DNSMOS_p808_mos,DNSMOS_mos_sig,DNSMOS_mos_bak,DNSMOS_mos_ovr
p103_rainbow_08_highpitch,WF_p103_rainbow_08_highpitch_fold10_180127-4-0-8_SNR10dB.wav,16000,1.5233631134033203,13.583597183227539,0.6960148215293884,2.7188192435673306,3.268946353325543,3.0250400769697,2.5316416444460614
