clean_file,enhanced_file,sampling_rate,PESQ,SI_SDR,STOI,DNSMOS_p808_mos,DNSMOS_mos_sig,DNSMOS_mos_bak,DNSMOS_mos_ovr
p102_rainbow_07_slow,WF_p102_rainbow_07_slow_fold10_162134-7-15-4_SNR10dB.wav,16000,1.148488163948059,8.886993408203125,0.8439856171607971,2.7321843760354176,4.20301340946065,2.092973306778768,2.6579019526803895
