clean_file,enhanced_file,sampling_rate,PESQ,SI_SDR,STOI,DNSMOS_p808_mos,DNSMOS_mos_sig,DNSMOS_mos_bak,DNSMOS_mos_ovr
p102_emo_guilt_freeform,WF_p102_emo_guilt_freeform_fold10_15544-5-0-12_SNR10dB.wav,16000,1.9213004112243652,13.20981216430664,0.9268391728401184,3.4931973934173586,4.320034052591664,2.5520122142976573,3.050415784311941
