clean_file,enhanced_file,sampling_rate,PESQ,SI_SDR,STOI,DNSMOS_p808_mos,DNSMOS_mos_sig,DNSMOS_mos_bak,DNSMOS_mos_ovr
p105_sentences_02_whisper,WF_p105_sentences_02_whisper_fold10_81791-3-0-0_SNR10dB.wav,16000,1.615260124206543,5.69591760635376,0.6689403653144836,3.247119903564453,2.1069532851777235,3.3170648705213375,1.7988417710021605
