clean_file,enhanced_file,sampling_rate,PESQ,SI_SDR,STOI,DNSMOS_p808_mos,DNSMOS_mos_sig,DNSMOS_mos_bak,DNSMOS_mos_ovr
p104_emo_extasy_sentences,WF_p104_emo_extasy_sentences_fold10_189982-0-0-4_SNR10dB.wav,16000,1.6142308712005615,11.250134468078613,0.8482534885406494,3.125335693359375,3.9013372124774417,2.5869008486847918,2.7890288848163434
