clean_file,enhanced_file,sampling_rate,PESQ,SI_SDR,STOI,DNSMOS_p808_mos,DNSMOS_mos_sig,DNSMOS_mos_bak,DNSMOS_mos_ovr
p105_emo_cuteness_freeform,WF_p105_emo_cuteness_freeform_fold10_39847-5-0-9_SNR10dB.wav,16000,1.2037371397018433,9.959583282470703,0.6461950540542603,2.4899843760899136,3.267487007316849,2.752011408892479,2.3882543923726964
