clean_file,enhanced_file,sampling_rate,PESQ,SI_SDR,STOI,DNSMOS_p808_mos,DNSMOS_mos_sig,DNSMOS_mos_bak,DNSMOS_mos_ovr
p101_interjection_anger,WF_p101_interjection_anger_fold10_102857-5-0-7_SNR10dB.wav,16000,2.4984753131866455,18.60759735107422,0.9369381070137024,2.75681209564209,3.841699864737881,2.7728977119149167,2.909728799551617
