clean_file,enhanced_file,sampling_rate,PESQ,SI_SDR,STOI,DNSMOS_p808_mos,DNSMOS_mos_sig,DNSMOS_mos_bak,DNSMOS_mos_ovr
p105_rainbow_01_lowpitch,WF_p105_rainbow_01_lowpitch_fold10_73524-0-0-5_SNR10dB.wav,16000,1.6378083229064941,8.428255081176758,0.8641358017921448,3.4727922677993774,3.281632369367613,3.1387969560840205,2.5649025552948626
