clean_file,enhanced_file,sampling_rate,PESQ,SI_SDR,STOI,DNSMOS_p808_mos,DNSMOS_mos_sig,DNSMOS_mos_bak,DNSMOS_mos_ovr
p102_sentences_02_slow,WF_p102_sentences_02_slow_fold10_162134-7-8-6_SNR10dB.wav,16000,1.1449302434921265,11.130912780761719,0.8156296610832214,2.9986402647835866,3.9860318723522994,2.0047522355748484,2.5243938476648067
