clean_file,enhanced_file,sampling_rate,PESQ,SI_SDR,STOI,DNSMOS_p808_mos,DNSMOS_mos_sig,DNSMOS_mos_bak,DNSMOS_mos_ovr
p104_rainbow_03_lowpitch,WF_p104_rainbow_03_lowpitch_fold10_202334-9-0-105_SNR10dB.wav,16000,1.2632873058319092,10.296553611755371,0.820607602596283,2.7827821459089006,3.6406696403508687,2.263135161531626,2.3278661420295257
