clean_file,enhanced_file,sampling_rate,PESQ,SI_SDR,STOI,DNSMOS_p808_mos,DNSMOS_mos_sig,DNSMOS_mos_bak,DNSMOS_mos_ovr
p102_rainbow_07_loud,WF_p102_rainbow_07_loud_fold10_162134-7-15-1_SNR10dB.wav,16000,1.1572942733764648,11.121197700500488,0.8467452526092529,2.443069040775299,3.892270121544419,2.1251238837987003,2.512546776481026
