clean_file,enhanced_file,sampling_rate,PESQ,SI_SDR,STOI,DNSMOS_p808_mos,DNSMOS_mos_sig,DNSMOS_mos_bak,DNSMOS_mos_ovr
p102_rainbow_04_highpitch,WF_p102_rainbow_04_highpitch_fold10_162134-7-11-0_SNR10dB.wav,16000,1.0991978645324707,11.549503326416016,0.7536028027534485,2.3726767698923745,3.659631076408767,1.6845166585890408,1.9758334712414374
