clean_file,enhanced_file,sampling_rate,PESQ,SI_SDR,STOI,DNSMOS_p808_mos,DNSMOS_mos_sig,DNSMOS_mos_bak,DNSMOS_mos_ovr
p105_rainbow_07_regular,WF_p105_rainbow_07_regular_fold10_74922-4-0-4_SNR10dB.wav,16000,1.4045345783233643,12.874835968017578,0.7931453585624695,3.0325896399361745,3.96708025330501,2.8210668958501883,2.92299706624155
