clean_file,enhanced_file,sampling_rate,PESQ,SI_SDR,STOI,DNSMOS_p808_mos,DNSMOS_mos_sig,DNSMOS_mos_bak,DNSMOS_mos_ovr
p104_rainbow_08_slow,WF_p104_rainbow_08_slow_fold10_25037-6-0-0_SNR10dB.wav,16000,1.3374252319335938,9.708317756652832,0.8431227803230286,3.3203536782945906,3.8789137546213155,2.4936488746618823,2.4843431116548307
