clean_file,enhanced_file,sampling_rate,PESQ,SI_SDR,STOI,DNSMOS_p808_mos,DNSMOS_mos_sig,DNSMOS_mos_bak,DNSMOS_mos_ovr
p102_emo_cuteness_freeform,WF_p102_emo_cuteness_freeform_fold10_155262-2-0-48_SNR10dB.wav,16000,1.4946726560592651,12.000802993774414,0.8566460609436035,3.1453102316175188,3.815047948012304,2.4825483446314394,2.7246615791153386
