clean_file,enhanced_file,sampling_rate,PESQ,SI_SDR,STOI,DNSMOS_p808_mos,DNSMOS_mos_sig,DNSMOS_mos_bak,DNSMOS_mos_ovr
p104_emo_amazement_freeform,WF_p104_emo_amazement_freeform_fold10_188813-7-5-0_SNR10dB.wav,16000,1.2256721258163452,12.641403198242188,0.7681918144226074,2.5472317337989807,4.315602756771463,2.2588519077453153,2.77495094319179
