clean_file,enhanced_file,sampling_rate,PESQ,SI_SDR,STOI,DNSMOS_p808_mos,DNSMOS_mos_sig,DNSMOS_mos_bak,DNSMOS_mos_ovr
p105_rainbow_03_fast,WF_p105_rainbow_03_fast_fold10_74364-8-1-0_SNR10dB.wav,16000,1.3632615804672241,9.668331146240234,0.8691757321357727,3.0750420093536377,4.148599596663274,2.471367646758864,2.8383713246427926
