clean_file,enhanced_file,sampling_rate,PESQ,SI_SDR,STOI,DNSMOS_p808_mos,DNSMOS_mos_sig,DNSMOS_mos_bak,DNSMOS_mos_ovr
p101_rainbow_04_highpitch,WF_p101_rainbow_04_highpitch_fold10_118278-4-0-1_SNR10dB.wav,16000,1.4009969234466553,12.118977546691895,0.8283652663230896,2.650026559829712,3.650976910077026,2.0476542035682503,2.3506390263360135
