clean_file,enhanced_file,sampling_rate,PESQ,SI_SDR,STOI,DNSMOS_p808_mos,DNSMOS_mos_sig,DNSMOS_mos_bak,DNSMOS_mos_ovr
p101_sentences_02_loud,WF_p101_sentences_02_loud_fold10_136558-9-0-2_SNR10dB.wav,16000,1.774282455444336,10.159273147583008,0.9365816116333008,3.070018768310547,3.9953993838809567,1.556655839093524,2.032614063332476
