clean_file,enhanced_file,sampling_rate,PESQ,SI_SDR,STOI,DNSMOS_p808_mos,DNSMOS_mos_sig,DNSMOS_mos_bak,DNSMOS_mos_ovr
p101_emo_confusion_sentences,WF_p101_emo_confusion_sentences_fold10_101382-2-0-10_SNR10dB.wav,16000,1.6202425956726074,9.837789535522461,0.5448806881904602,2.7326509611947194,4.057480937561742,2.100038357139348,2.5335567922176976
