clean_file,enhanced_file,sampling_rate,PESQ,SI_SDR,STOI,DNSMOS_p808_mos,DNSMOS_mos_sig,DNSMOS_mos_bak,DNSMOS_mos_ovr
p102_rainbow_03_fast,WF_p102_rainbow_03_fast_fold10_162134-7-0-0_SNR10dB.wav,16000,1.2127219438552856,11.151284217834473,0.8736668825149536,3.029907464981079,3.8502671159083803,2.1326104824214633,2.4364694763557844
