clean_file,enhanced_file,sampling_rate,PESQ,SI_SDR,STOI,DNSMOS_p808_mos,DNSMOS_mos_sig,DNSMOS_mos_bak,DNSMOS_mos_ovr
p105_emo_distress_freeform,WF_p105_emo_distress_freeform_fold10_51024-3-0-3_SNR10dB.wav,16000,1.4352136850357056,7.739497184753418,0.6489420533180237,2.9904441833496094,4.268193569201014,2.4200226887482614,2.9180130397501305
