clean_file,enhanced_file,sampling_rate,PESQ,SI_SDR,STOI,DNSMOS_p808_mos,DNSMOS_mos_sig,DNSMOS_mos_bak,DNSMOS_mos_ovr
p103_rainbow_01_lowpitch,WF_p103_rainbow_01_lowpitch_fold10_17486-3-1-0_SNR10dB.wav,16000,1.3441193103790283,9.78309154510498,0.7994161248207092,3.1953644355138144,4.125287716652486,2.2981892379157554,2.615856879751402
