clean_file,enhanced_file,sampling_rate,PESQ,SI_SDR,STOI,DNSMOS_p808_mos,DNSMOS_mos_sig,DNSMOS_mos_bak,DNSMOS_mos_ovr
p105_emo_disgust_freeform,WF_p105_emo_disgust_freeform_fold10_51024-3-0-2_SNR10dB.wav,16000,1.315584659576416,10.218338012695312,0.7296239733695984,2.911273956298828,3.3819742894958496,2.3816010306417703,2.3911777167833796
