clean_file,enhanced_file,sampling_rate,PESQ,SI_SDR,STOI,DNSMOS_p808_mos,DNSMOS_mos_sig,DNSMOS_mos_bak,DNSMOS_mos_ovr
p104_sentences_15_regular,WF_p104_sentences_15_regular_fold10_28808-1-1-0_SNR10dB.wav,16000,1.3895981311798096,12.705314636230469,0.7653777599334717,2.8176740169525147,3.5623667900239537,2.7337247929002126,2.6870637350765847
