clean_file,enhanced_file,sampling_rate,PESQ,SI_SDR,STOI,DNSMOS_p808_mos,DNSMOS_mos_sig,DNSMOS_mos_bak,DNSMOS_mos_ovr
p101_vegetative_sneezing,WF_p101_vegetative_sneezing_fold10_147491-9-2-10_SNR10dB.wav,16000,1.8558576107025146,14.757369995117188,0.7901667356491089,2.4239091873168945,1.737393238781135,2.7164099119766396,1.556758314214938
