clean_file,enhanced_file,sampling_rate,PESQ,SI_SDR,STOI,DNSMOS_p808_mos,DNSMOS_mos_sig,DNSMOS_mos_bak,DNSMOS_mos_ovr
p101_sentences_23_regular,WF_p101_sentences_23_regular_fold10_14470-2-0-72_SNR10dB.wav,16000,1.793707251548767,9.412421226501465,0.8330832719802856,3.2985669374465942,4.064429627895942,2.403988075925672,2.838609212716267
