clean_file,enhanced_file,sampling_rate,PESQ,SI_SDR,STOI,DNSMOS_p808_mos,DNSMOS_mos_sig,DNSMOS_mos_bak,DNSMOS_mos_ovr
p106_emo_serenity_sentences,WF_p106_emo_serenity_sentences_fold10_99192-4-0-20_SNR10dB.wav,16000,1.2910220623016357,11.045661926269531,0.7435528039932251,2.855725812911987,3.7221552925140022,2.5467344519186623,2.4000508017829505
