clean_file,enhanced_file,sampling_rate,PESQ,SI_SDR,STOI,DNSMOS_p808_mos,DNSMOS_mos_sig,DNSMOS_mos_bak,DNSMOS_mos_ovr
p106_nonverbal_screaming,WF_p106_nonverbal_screaming_fold10_99192-4-0-41_SNR10dB.wav,16000,1.0834403038024902,10.454858779907227,0.3783031404018402,2.5659947395324707,3.670186747809683,1.5198906627382502,1.930066479122884
