clean_file,enhanced_file,sampling_rate,PESQ,SI_SDR,STOI,DNSMOS_p808_mos,DNSMOS_mos_sig,DNSMOS_mos_bak,DNSMOS_mos_ovr
p106_emo_desire_freeform,WF_p106_emo_desire_freeform_fold10_88121-8-0-2_SNR10dB.wav,16000,1.3314779996871948,9.815956115722656,0.7822172045707703,2.9141362394605363,4.310503019735031,2.887174031887222,3.1794053610625355
