clean_file,enhanced_file,sampling_rate,PESQ,SI_SDR,STOI,DNSMOS_p808_mos,DNSMOS_mos_sig,DNSMOS_mos_bak,DNSMOS_mos_ovr
p104_emo_amazement_sentences,WF_p104_emo_amazement_sentences_fold10_188813-7-6-0_SNR10dB.wav,16000,1.1435171365737915,10.539138793945312,0.84108966588974,2.696148157119751,4.427738047863732,2.1188268850566714,2.767713258847847
