clean_file,enhanced_file,sampling_rate,PESQ,SI_SDR,STOI,DNSMOS_p808_mos,DNSMOS_mos_sig,DNSMOS_mos_bak,DNSMOS_mos_ovr
p104_sentences_21_regular,WF_p104_sentences_21_regular_fold10_30344-3-0-4_SNR10dB.wav,16000,2.01621150970459,9.757505416870117,0.7472481727600098,3.4908782754625594,3.585610080836178,2.1146934872036582,2.2173051177477805
