clean_file,enhanced_file,sampling_rate,PESQ,SI_SDR,STOI,DNSMOS_p808_mos,DNSMOS_mos_sig,DNSMOS_mos_bak,DNSMOS_mos_ovr
p101_rainbow_05_loud,WF_p101_rainbow_05_loud_fold10_118278-4-0-5_SNR10dB.wav,16000,1.6745073795318604,11.816022872924805,0.9192396998405457,2.715533971786499,3.464102698701019,2.6220660677627823,2.6172478246566486
