clean_file,enhanced_file,sampling_rate,PESQ,SI_SDR,STOI,DNSMOS_p808_mos,DNSMOS_mos_sig,DNSMOS_mos_bak,DNSMOS_mos_ovr
p105_rainbow_03_regular,WF_p105_rainbow_03_regular_fold10_74364-8-1-12_SNR10dB.wav,16000,1.593505859375,9.560096740722656,0.7958537340164185,3.1435246808188304,4.121804157503804,2.4314765189619636,2.8525813943150635
