clean_file,enhanced_file,sampling_rate,PESQ,SI_SDR,STOI,DNSMOS_p808_mos,DNSMOS_mos_sig,DNSMOS_mos_bak,DNSMOS_mos_ovr
p103_interjection_anger,WF_p103_interjection_anger_fold10_172519-9-0-10_SNR10dB.wav,16000,1.83612060546875,13.435016632080078,0.6346230506896973,2.5493709359850203,2.7057947872506247,2.652629582741313,2.1209611109533784
