clean_file,enhanced_file,sampling_rate,PESQ,SI_SDR,STOI,DNSMOS_p808_mos,DNSMOS_mos_sig,DNSMOS_mos_bak,DNSMOS_mos_ovr
p102_rainbow_01_lowpitch,WF_p102_rainbow_01_lowpitch_fold10_159742-8-0-12_SNR10dB.wav,16000,1.5790014266967773,11.420654296875,0.8936229944229126,3.579627752304077,3.8781732235918183,2.6029980064010667,2.873579935270624
