clean_file,enhanced_file,sampling_rate,PESQ,SI_SDR,STOI,DNSMOS_p808_mos,DNSMOS_mos_sig,DNSMOS_mos_bak,DNSMOS_mos_ovr
p103_emo_pain_freeform,WF_p103_emo_pain_freeform_fold10_167750-4-1-0_SNR10dB.wav,16000,1.1676989793777466,10.314803123474121,0.7167925834655762,2.9503022943224226,4.059319496454263,1.9564267697311746,2.2119359344487184
