clean_file,enhanced_file,sampling_rate,PESQ,SI_SDR,STOI,DNSMOS_p808_mos,DNSMOS_mos_sig,DNSMOS_mos_bak,DNSMOS_mos_ovr
p104_sentences_05_loud,WF_p104_sentences_05_loud_fold10_28808-1-0-10_SNR10dB.wav,16000,1.4098179340362549,10.441791534423828,0.8396114706993103,2.7491912841796875,3.7112391971008476,2.132465780343961,2.0838272093294536
