clean_file,enhanced_file,sampling_rate,PESQ,SI_SDR,STOI,DNSMOS_p808_mos,DNSMOS_mos_sig,DNSMOS_mos_bak,DNSMOS_mos_ovr
p103_emo_cuteness_sentences,WF_p103_emo_cuteness_sentences_fold10_167464-0-0-13_SNR10dB.wav,16000,1.7139453887939453,13.025822639465332,0.6635645031929016,3.2535905043284097,3.9061764138388324,2.9884132875197795,3.058880882018349
