clean_file,enhanced_file,sampling_rate,PESQ,SI_SDR,STOI,DNSMOS_p808_mos,DNSMOS_mos_sig,DNSMOS_mos_bak,DNSMOS_mos_ovr
p102_vegetative_yawning,WF_p102_vegetative_yawning_fold10_165166-8-0-3_SNR10dB.wav,16000,1.9677345752716064,10.307571411132812,0.5190380215644836,2.393571138381958,3.5685161135044736,2.1805154429297544,2.224431657135517
