clean_file,enhanced_file,sampling_rate,PESQ,SI_SDR,STOI,DNSMOS_p808_mos,DNSMOS_mos_sig,DNSMOS_mos_bak,DNSMOS_mos_ovr
p104_rainbow_08_highpitch,WF_p104_rainbow_08_highpitch_fold10_22973-3-0-2_SNR10dB.wav,16000,1.2208278179168701,10.371504783630371,0.8645615577697754,2.6897304398672923,4.3325493684844805,2.275399970956624,2.793074526224163
