clean_file,enhanced_file,sampling_rate,PESQ,SI_SDR,STOI,DNSMOS_p808_mos,DNSMOS_mos_sig,DNSMOS_mos_bak,DNSMOS_mos_ovr
p103_rainbow_01_fast,WF_p103_rainbow_01_fast_fold10_174292-6-1-0_SNR10dB.wav,16000,1.4921175241470337,9.597296714782715,0.9266558289527893,3.062974691390991,4.127023508809497,2.545643349763946,2.8030853704633016
