clean_file,enhanced_file,sampling_rate,PESQ,SI_SDR,STOI,DNSMOS_p808_mos,DNSMOS_mos_sig,DNSMOS_mos_bak,DNSMOS_mos_ovr
p104_emo_fear_freeform,WF_p104_emo_fear_freeform_fold10_189982-0-0-42_SNR10dB.wav,16000,1.8845864534378052,13.794439315795898,0.7741438746452332,3.2015132904052734,3.227159198913656,2.278440672430686,2.252522464496455
