clean_file,enhanced_file,sampling_rate,PESQ,SI_SDR,STOI,DNSMOS_p808_mos,DNSMOS_mos_sig,DNSMOS_mos_bak,DNSMOS_mos_ovr
p106_rainbow_01_whisper,WF_p106_rainbow_01_whisper_fold10_99192-4-0-55_SNR10dB.wav,16000,1.04823637008667,5.991367816925049,0.5251054167747498,2.8429282903671265,1.96178043853728,3.863200093943564,1.8561564550109986
