clean_file,enhanced_file,sampling_rate,PESQ,SI_SDR,STOI,DNSMOS_p808_mos,DNSMOS_mos_sig,DNSMOS_mos_bak,DNSMOS_mos_ovr
p106_emo_confusion_sentences,WF_p106_emo_confusion_sentences_fold10_85574-3-0-2_SNR10dB.wav,16000,2.0098836421966553,14.445993423461914,0.7510614991188049,3.468344109398978,3.803514004661072,2.6309806206874526,2.7354624790886013
