clean_file,enhanced_file,sampling_rate,PESQ,SI_SDR,STOI,DNSMOS_p808_mos,DNSMOS_mos_sig,DNSMOS_mos_bak,DNSMOS_mos_ovr
p101_rainbow_03_lowpitch,WF_p101_rainbow_03_lowpitch_fold10_117889-9-0-30_SNR10dB.wav,16000,1.8115332126617432,11.064509391784668,0.858854353427887,3.002135396003723,3.4713710431232228,2.1911736831475004,2.3689865955831912
