clean_file,enhanced_file,sampling_rate,PESQ,SI_SDR,STOI,DNSMOS_p808_mos,DNSMOS_mos_sig,DNSMOS_mos_bak,DNSMOS_mos_ovr
p106_emo_amusement_freeform,WF_p106_emo_amusement_freeform_fold10_84249-9-0-6_SNR10dB.wav,16000,1.4142043590545654,12.081652641296387,0.793804407119751,2.5703623294830322,3.4433304322507925,2.043692395732838,2.2253338558289086
