clean_file,enhanced_file,sampling_rate,PESQ,SI_SDR,STOI,DNSMOS_p808_mos,DNSMOS_mos_sig,DNSMOS_mos_bak,DNSMOS_mos_ovr
p104_rainbow_03_regular,WF_p104_rainbow_03_regular_fold10_202334-9-0-106_SNR10dB.wav,16000,1.2523263692855835,10.342692375183105,0.7887688279151917,2.7109646115984236,3.838864377622536,1.9774528785648327,2.2173371310647356
