clean_file,enhanced_file,sampling_rate,PESQ,SI_SDR,STOI,DNSMOS_p808_mos,DNSMOS_mos_sig,DNSMOS_mos_bak,DNSMOS_mos_ovr
p104_rainbow_07_highpitch,WF_p104_rainbow_07_highpitch_fold10_208652-8-6-0_SNR10dB.wav,16000,1.2356762886047363,11.746856689453125,0.885030210018158,2.972747359957014,4.031569654452811,2.374654203885901,2.73212638394089
