clean_file,enhanced_file,sampling_rate,PESQ,SI_SDR,STOI,DNSMOS_p808_mos,DNSMOS_mos_sig,DNSMOS_mos_bak,DNSMOS_mos_ovr
p102_emo_disappointment_freeform,WF_p102_emo_disappointment_freeform_fold10_155280-2-0-11_SNR10dB.wav,16000,2.189177989959717,12.615433692932129,0.823448657989502,3.5857792581830705,3.5797711493665427,2.491429262709615,2.592992933960837
