clean_file,enhanced_file,sampling_rate,PESQ,SI_SDR,STOI,DNSMOS_p808_mos,DNSMOS_mos_sig,DNSMOS_mos_bak,DNSMOS_mos_ovr
p104_rainbow_05_fast,WF_p104_rainbow_05_fast_fold10_203424-9-0-46_SNR10dB.wav,16000,1.2570257186889648,10.829081535339355,0.8792117834091187,2.544163544972738,4.0893274335504035,2.175470948962198,2.6287714500282715
