clean_file,enhanced_file,sampling_rate,PESQ,SI_SDR,STOI,DNSMOS_p808_mos,DNSMOS_mos_sig,DNSMOS_mos_bak,DNSMOS_mos_ovr
p104_emo_distress_sentences,WF_p104_emo_distress_sentences_fold10_189982-0-0-35_SNR10dB.wav,16000,1.75141179561615,14.349394798278809,0.8296911716461182,3.3132742245992026,3.7115634773244746,3.463201099109419,3.096697375521309
