clean_file,enhanced_file,sampling_rate,PESQ,SI_SDR,STOI,DNSMOS_p808_mos,DNSMOS_mos_sig,DNSMOS_mos_bak,DNSMOS_mos_ovr
p101_rainbow_03_highpitch,WF_p101_rainbow_03_highpitch_fold10_117889-9-0-12_SNR10dB.wav,16000,1.5041089057922363,10.758281707763672,0.8254091739654541,2.5766966342926025,3.445825942271954,1.5848557752029286,1.6974548053182006
