clean_file,enhanced_file,sampling_rate,PESQ,SI_SDR,STOI,DNSMOS_p808_mos,DNSMOS_mos_sig,DNSMOS_mos_bak,DNSMOS_mos_ovr
p105_rainbow_08_lowpitch,WF_p105_rainbow_08_lowpitch_fold10_77901-9-0-2_SNR10dB.wav,16000,1.1995928287506104,11.104598045349121,0.83451247215271,2.733443226133074,4.1095094304737065,2.2340027438708105,2.745370644508409
