clean_file,enhanced_file,sampling_rate,PESQ,SI_SDR,STOI,DNSMOS_p808_mos,DNSMOS_mos_sig,DNSMOS_mos_bak,DNSMOS_mos_ovr
p104_rainbow_07_regular,WF_p104_rainbow_07_regular_fold10_209672-3-6-0_SNR10dB.wav,16000,1.5766416788101196,8.819185256958008,0.8770026564598083,3.8413891792297363,4.247668056071438,3.436349328873367,3.3991120966641093
