clean_file,enhanced_file,sampling_rate,PESQ,SI_SDR,STOI,DNSMOS_p808_mos,DNSMOS_mos_sig,DNSMOS_mos_bak,DNSMOS_mos_ovr
p104_interjection_filler,WF_p104_interjection_filler_fold10_196127-3-0-4_SNR10dB.wav,16000,2.2022604942321777,9.694332122802734,0.7554949522018433,2.471762776374817,3.74711622878748,2.7549390832216876,2.681298821708845
