clean_file,enhanced_file,sampling_rate,PESQ,SI_SDR,STOI,DNSMOS_p808_mos,DNSMOS_mos_sig,DNSMOS_mos_bak,DNSMOS_mos_ovr
p105_rainbow_05_whisper,WF_p105_rainbow_05_whisper_fold10_74364-8-1-27_SNR10dB.wav,16000,1.1669166088104248,8.355110168457031,0.8050903081893921,3.095870018005371,3.490291696082491,2.5203507605515054,2.473288931328006
