clean_file,enhanced_file,sampling_rate,PESQ,SI_SDR,STOI,DNSMOS_p808_mos,DNSMOS_mos_sig,DNSMOS_mos_bak,DNSMOS_mos_ovr
p101_rainbow_03_fast,WF_p101_rainbow_03_fast_fold10_11722-3-1-0_SNR10dB.wav,16000,1.677491545677185,9.782322883605957,0.916957676410675,3.7475523948669434,3.6021062973930196,1.85199565645836,2.1123056358441983
