clean_file,enhanced_file,sampling_rate,PESQ,SI_SDR,STOI,DNSMOS_p808_mos,DNSMOS_mos_sig,DNSMOS_mos_bak,DNSMOS_mos_ovr
p102_sentences_17_regular,WF_p102_sentences_17_regular_fold10_164194-2-0-7_SNR10dB.wav,16000,1.7485404014587402,11.374300956726074,0.766440749168396,3.0459965070088706,3.8646918680194626,2.704343368905567,2.910842449018519
