clean_file,enhanced_file,sampling_rate,PESQ,SI_SDR,STOI,DNSMOS_p808_mos,DNSMOS_mos_sig,DNSMOS_mos_bak,DNSMOS_mos_ovr
p105_sentences_20_regular,WF_p105_sentences_20_regular_fold10_83502-0-0-11_SNR10dB.wav,16000,1.5574431419372559,10.291749000549316,0.6458390355110168,2.928535052708217,4.129030180699831,2.8867050993271657,3.0472338377043138
