clean_file,enhanced_file,sampling_rate,PESQ,SI_SDR,STOI,DNSMOS_p808_mos,DNSMOS_mos_sig,DNSMOS_mos_bak,DNSMOS_mos_ovr
p104_sentences_12_highpitch,WF_p104_sentences_12_highpitch_fold10_28808-1-0-7_SNR10dB.wav,16000,1.437508225440979,10.023870468139648,0.7455913424491882,2.773193427494594,3.937544737273023,2.037282522995345,2.2717532629048938
