clean_file,enhanced_file,sampling_rate,PESQ,SI_SDR,STOI,DNSMOS_p808_mos,DNSMOS_mos_sig,DNSMOS_mos_bak,DNSMOS_mos_ovr
p105_rainbow_02_lowpitch,WF_p105_rainbow_02_lowpitch_fold10_73524-0-0-8_SNR10dB.wav,16000,1.982043981552124,10.43017292022705,0.8294835686683655,3.2126283645629883,3.867805158012339,3.639741544823913,3.2092223858637197
