clean_file,enhanced_file,sampling_rate,PESQ,SI_SDR,STOI,DNSMOS_p808_mos,DNSMOS_mos_sig,DNSMOS_mos_bak,DNSMOS_mos_ovr
p102_vegetative_throat,WF_p102_vegetative_throat_fold10_165166-8-0-2_SNR10dB.wav,16000,2.2751314640045166,10.222167015075684,0.8676574230194092,2.6837337017059326,3.4439205380474927,1.86087422394841,2.110574889272778
