clean_file,enhanced_file,sampling_rate,PESQ,SI_SDR,STOI,DNSMOS_p808_mos,DNSMOS_mos_sig,DNSMOS_mos_bak,DNSMOS_mos_ovr
p105_rainbow_08_loud,WF_p105_rainbow_08_loud_fold10_77901-9-0-1_SNR10dB.wav,16000,1.2210983037948608,10.280384063720703,0.7856623530387878,2.681539705821446,4.128306956534224,2.225171435915558,2.7146985275507793
