clean_file,enhanced_file,sampling_rate,PESQ,SI_SDR,STOI,DNSMOS_p808_mos,DNSMOS_mos_sig,DNSMOS_mos_bak,DNSMOS_mos_ovr
p106_emo_neutral_freeform,WF_p106_emo_neutral_freeform_fold10_93567-8-0-4_SNR10dB.wav,16000,1.1600723266601562,7.374568462371826,0.7467235326766968,2.4896418026515414,3.2693166812936942,2.5519722855374143,2.175604782569014
