clean_file,enhanced_file,sampling_rate,PESQ,SI_SDR,STOI,DNSMOS_p808_mos,DNSMOS_mos_sig,DNSMOS_mos_bak,DNSMOS_mos_ovr
p105_rainbow_01_regular,WF_p105_rainbow_01_regular_fold10_73524-0-0-52_SNR10dB.wav,16000,1.51943039894104,7.7529377937316895,0.8470414876937866,3.29666805267334,3.765159567217365,3.697246984217778,3.183138091601946
