clean_file,enhanced_file,sampling_rate,PESQ,SI_SDR,STOI,DNSMOS_p808_mos,DNSMOS_mos_sig,DNSMOS_mos_bak,DNSMOS_mos_ovr
p102_emo_relief_freeform,WF_p102_emo_relief_freeform_fold10_15544-5-0-6_SNR10dB.wav,16000,1.8784804344177246,13.954744338989258,0.9095877408981323,3.292786637941996,4.198425461122422,2.3653688958318058,2.871574889036264
