clean_file,enhanced_file,sampling_rate,PESQ,SI_SDR,STOI,DNSMOS_p808_mos,DNSMOS_mos_sig,DNSMOS_mos_bak,DNSMOS_mos_ovr
p101_rainbow_02_loud,WF_p101_rainbow_02_loud_fold10_115418-9-0-15_SNR10dB.wav,16000,1.4556713104248047,10.957143783569336,0.8844696283340454,2.6519834995269775,3.5688866343432646,2.1894967435884434,2.432028309640099
