clean_file,enhanced_file,sampling_rate,PESQ,SI_SDR,STOI,DNSMOS_p808_mos,DNSMOS_mos_sig,DNSMOS_mos_bak,DNSMOS_mos_ovr
p106_rainbow_01_loud,WF_p106_rainbow_01_loud_fold10_99192-4-0-49_SNR10dB.wav,16000,1.3179101943969727,12.656221389770508,0.8627692461013794,2.8283597230911255,3.3961879248898983,1.8642287500642345,1.8869676984030364
