clean_file,enhanced_file,sampling_rate,PESQ,SI_SDR,STOI,DNSMOS_p808_mos,DNSMOS_mos_sig,DNSMOS_mos_bak,DNSMOS_mos_ovr
p103_rainbow_02_whisper,WF_p103_rainbow_02_whisper_fold10_178261-7-3-3_SNR10dB.wav,16000,1.0999537706375122,6.710240840911865,0.6018936634063721,2.703850030899048,1.9589586983484166,3.2286395136871775,1.7191999245767782
