clean_file,enhanced_file,sampling_rate,PESQ,SI_SDR,STOI,DNSMOS_p808_mos,DNSMOS_mos_sig,DNSMOS_mos_bak,DNSMOS_mos_ovr
p103_emo_confusion_sentences,WF_p103_emo_confusion_sentences_fold10_167464-0-0-1_SNR10dB.wav,16000,1.900010108947754,13.690024375915527,0.42786481976509094,3.3393548727035522,3.941194601702169,2.295427016041157,2.5430033058826713
