clean_file,enhanced_file,sampling_rate,PESQ,SI_SDR,STOI,DNSMOS_p808_mos,DNSMOS_mos_sig,DNSMOS_mos_bak,DNSMOS_mos_ovr
p104_rainbow_01_whisper,WF_p104_rainbow_01_whisper_fold10_200460-6-2-0_SNR10dB.wav,16000,1.259690523147583,7.344830513000488,0.7860262989997864,3.2053215503692627,2.1736075320137376,3.732038151396296,1.8656852075214763
