clean_file,enhanced_file,sampling_rate,PESQ,SI_SDR,STOI,DNSMOS_p808_mos,DNSMOS_mos_sig,DNSMOS_mos_bak,DNSMOS_mos_ovr
p103_rainbow_03_slow,WF_p103_rainbow_03_slow_fold10_178826-2-0-12_SNR10dB.wav,16000,1.511634111404419,12.268651962280273,0.7201072573661804,2.83737114071846,4.023413646082507,2.78776054172786,2.9793750631103064
