clean_file,enhanced_file,sampling_rate,PESQ,SI_SDR,STOI,DNSMOS_p808_mos,DNSMOS_mos_sig,DNSMOS_mos_bak,DNSMOS_mos_ovr
p101_sentences_24_regular,WF_p101_sentences_24_regular_fold10_146244-4-0-0_SNR10dB.wav,16000,1.2015997171401978,11.15270709991455,0.7245537042617798,2.806722402572632,4.220101452808626,3.668508958250736,3.5925398991904465
