clean_file,enhanced_file,sampling_rate,PESQ,SI_SDR,STOI,DNSMOS_p808_mos,DNSMOS_mos_sig,DNSMOS_mos_bak,DNSMOS_mos_ovr
p105_rainbow_06_lowpitch,WF_p105_rainbow_06_lowpitch_fold10_74364-8-1-6_SNR10dB.wav,16000,1.3217154741287231,10.02685546875,0.832403838634491,3.3692821860313416,4.382063665863744,3.001387319168013,3.357273468210153
