clean_file,enhanced_file,sampling_rate,PESQ,SI_SDR,STOI,DNSMOS_p808_mos,DNSMOS_mos_sig,DNSMOS_mos_bak,DNSMOS_mos_ovr
p105_sentences_01_fast,WF_p105_sentences_01_fast_fold10_77901-9-0-7_SNR10dB.wav,16000,1.3817499876022339,11.438911437988281,0.8091228604316711,2.991708517074585,4.197746081825036,2.2895431179301937,2.7703277087702523
