clean_file,enhanced_file,sampling_rate,PESQ,SI_SDR,STOI,DNSMOS_p808_mos,DNSMOS_mos_sig,DNSMOS_mos_bak,DNSMOS_mos_ovr
p104_emo_adoration_freeform,WF_p104_emo_adoration_freeform_fold10_188813-7-3-0_SNR10dB.wav,16000,1.0907764434814453,11.247201919555664,0.8307262659072876,2.8686868122645786,4.285226927169399,2.5790629068139808,2.9484947254360114
