clean_file,enhanced_file,sampling_rate,PESQ,SI_SDR,STOI,DNSMOS_p808_mos,DNSMOS_mos_sig,DNSMOS_mos_bak,DNSMOS_mos_ovr
p102_rainbow_02_regular,WF_p102_rainbow_02_regular_fold10_159742-8-0-7_SNR10dB.wav,16000,1.5714718103408813,9.880901336669922,0.9111036062240601,3.8540168603261313,4.283562210590442,2.0521992745564774,2.61695565103768
