clean_file,enhanced_file,sampling_rate,PESQ,SI_SDR,STOI,DNSMOS_p808_mos,DNSMOS_mos_sig,DNSMOS_mos_bak,DNSMOS_mos_ovr
p101_emo_extasy_sentences,WF_p101_emo_extasy_sentences_fold10_102857-5-0-14_SNR10dB.wav,16000,2.4717085361480713,15.408930778503418,0.9703050255775452,3.397993278503418,3.01489884275151,3.019852462276861,2.5176784064278435
