clean_file,enhanced_file,sampling_rate,PESQ,SI_SDR,STOI,DNSMOS_p808_mos,DNSMOS_mos_sig,DNSMOS_mos_bak,DNSMOS_mos_ovr
p101_sentences_06_loud,WF_p101_sentences_06_loud_fold10_138017-9-1-16_SNR10dB.wav,16000,1.491727352142334,11.442977905273438,0.8320414423942566,2.933217446009318,3.5733118411970093,2.292341965102452,2.47468167130516
