clean_file,enhanced_file,sampling_rate,PESQ,SI_SDR,STOI,DNSMOS_p808_mos,DNSMOS_mos_sig,DNSMOS_mos_bak,DNSMOS_mos_ovr
p102_rainbow_03_slow,WF_p102_rainbow_03_slow_fold10_162134-7-10-1_SNR10dB.wav,16000,1.1314072608947754,11.013843536376953,0.8346019387245178,2.7159073750178018,4.323117903287346,2.0491575647006335,2.7102715246536646
