clean_file,enhanced_file,sampling_rate,PESQ,SI_SDR,STOI,DNSMOS_p808_mos,DNSMOS_mos_sig,DNSMOS_mos_bak,DNSMOS_mos_ovr
p101_sentences_01_fast,WF_p101_sentences_01_fast_fold10_129750-2-0-3_SNR10dB.wav,16000,1.5797719955444336,10.191450119018555,0.8959056735038757,2.988529920578003,4.420517854667801,2.203141872475031,2.856717754691418
