clean_file,enhanced_file,sampling_rate,PESQ,SI_SDR,STOI,DNSMOS_p808_mos,DNSMOS_mos_sig,DNSMOS_mos_bak,DNSMOS_mos_ovr
p104_emo_contentment_freeform,WF_p104_emo_contentment_freeform_fold10_189982-0-0-17_SNR10dB.wav,16000,1.4109203815460205,10.143905639648438,0.8028149604797363,2.840811610221863,3.891003854140753,2.551880683180767,2.6192731902411284
