clean_file,enhanced_file,sampling_rate,PESQ,SI_SDR,STOI,DNSMOS_p808_mos,DNSMOS_mos_sig,DNSMOS_mos_bak,DNSMOS_mos_ovr
p102_emo_neutral_freeform,WF_p102_emo_neutral_freeform_fold10_15544-5-0-16_SNR10dB.wav,16000,1.7737654447555542,11.123197555541992,0.7991619110107422,3.4879594326019285,3.6252586468054155,2.7835070802606348,2.6225660950524796
