clean_file,enhanced_file,sampling_rate,PESQ,SI_SDR,STOI,DNSMOS_p808_mos,DNSMOS_mos_sig,DNSMOS_mos_bak,DNSMOS_mos_ovr
p104_rainbow_04_highpitch,WF_p104_rainbow_04_highpitch_fold10_202334-9-0-88_SNR10dB.wav,16000,1.1249644756317139,10.518364906311035,0.8020159006118774,2.963161993026733,3.501121659714008,1.9444802048532073,2.0289143050555283
