clean_file,enhanced_file,sampling_rate,PESQ,SI_SDR,STOI,DNSMOS_p808_mos,DNSMOS_mos_sig,DNSMOS_mos_bak,DNSMOS_mos_ovr
p102_sentences_01_whisper,WF_p102_sentences_01_whisper_fold10_162134-7-8-0_SNR10dB.wav,16000,1.098879098892212,8.778212547302246,0.5770292282104492,2.810093641281128,2.160777153566933,2.252502501475303,1.4348161234255208
