clean_file,enhanced_file,sampling_rate,PESQ,SI_SDR,STOI,DNSMOS_p808_mos,DNSMOS_mos_sig,DNSMOS_mos_bak,DNSMOS_mos_ovr
p101_emo_realization_freeform,WF_p101_emo_realization_freeform_fold10_102857-5-0-26_SNR10dB.wav,16000,2.177719831466675,12.404356002807617,0.8568498492240906,3.2073498453412737,4.073083369994958,3.6420062414108707,3.477072319597896
