clean_file,enhanced_file,sampling_rate,PESQ,SI_SDR,STOI,DNSMOS_p808_mos,DNSMOS_mos_sig,DNSMOS_mos_bak,DNSMOS_mos_ovr
p102_emo_amusement_sentences,WF_p102_emo_amusement_sentences_fold10_155241-9-0-8_SNR10dB.wav,16000,1.3302072286605835,12.296220779418945,0.8546167016029358,2.7622319970812117,3.7041062833191205,2.171992458981464,2.4423938456991623
