clean_file,enhanced_file,sampling_rate,PESQ,SI_SDR,STOI,DNSMOS_p808_mos,DNSMOS_mos_sig,DNSMOS_mos_bak,DNSMOS_mos_ovr
p103_rainbow_04_lowpitch,WF_p103_rainbow_04_lowpitch_fold10_178826-2-0-28_SNR10dB.wav,16000,1.3416650295257568,10.80679988861084,0.8292380571365356,2.811546121324812,4.396321398151431,2.571905283855572,2.984729993098419
