clean_file,enhanced_file,sampling_rate,PESQ,SI_SDR,STOI,DNSMOS_p808_mos,DNSMOS_mos_sig,DNSMOS_mos_bak,DNSMOS_mos_ovr
p106_rainbow_01_slow,WF_p106_rainbow_01_slow_fold10_99192-4-0-54_SNR10dB.wav,16000,1.2005620002746582,9.090025901794434,0.8507123589515686,3.1152751445770264,4.278767813079611,2.566691297574116,2.8228860343894064
