clean_file,enhanced_file,sampling_rate,PESQ,SI_SDR,STOI,DNSMOS_p808_mos,DNSMOS_mos_sig,DNSMOS_mos_bak,DNSMOS_mos_ovr
p104_emo_desire_freeform,WF_p104_emo_desire_freeform_fold10_189982-0-0-20_SNR10dB.wav,16000,1.5693848133087158,12.969379425048828,0.8348491191864014,3.026702642440796,3.5120634095327787,2.6544462359190115,2.4969739128796764
