clean_file,enhanced_file,sampling_rate,PESQ,SI_SDR,STOI,DNSMOS_p808_mos,DNSMOS_mos_sig,DNSMOS_mos_bak,DNSMOS_mos_ovr
p102_emo_disgust_sentences,WF_p102_emo_disgust_sentences_fold10_155280-2-0-3_SNR10dB.wav,16000,2.7186951637268066,14.018416404724121,0.9455076456069946,3.683258295059204,3.8970368284439987,2.3297412372610244,2.6248260593508417
