clean_file,enhanced_file,sampling_rate,PESQ,SI_SDR,STOI,DNSMOS_p808_mos,DNSMOS_mos_sig,DNSMOS_mos_bak,DNSMOS_mos_ovr
p103_rainbow_01_slow,WF_p103_rainbow_01_slow_fold10_175842-1-0-0_SNR10dB.wav,16000,1.2147703170776367,11.31644058227539,0.7085352540016174,2.6988058355119495,4.356106802687347,2.9271351927777407,3.185988667235919
