clean_file,enhanced_file,sampling_rate,PESQ,SI_SDR,STOI,DNSMOS_p808_mos,DNSMOS_mos_sig,DNSMOS_mos_bak,DNSMOS_mos_ovr
p101_nonverbal_yelling,WF_p101_nonverbal_yelling_fold10_106014-5-0-4_SNR10dB.wav,16000,1.5762853622436523,15.476999282836914,0.7605175375938416,2.2382328510284424,4.046461522054957,1.9388211498327501,2.547446673408577
