clean_file,enhanced_file,sampling_rate,PESQ,SI_SDR,STOI,DNSMOS_p808_mos,DNSMOS_mos_sig,DNSMOS_mos_bak,DNSMOS_mos_ovr
p104_rainbow_01_slow,WF_p104_rainbow_01_slow_fold10_200460-6-1-0_SNR10dB.wav,16000,1.6304411888122559,9.721792221069336,0.9037489295005798,3.7769763469696045,4.34859377169801,3.9083451732995984,3.7050101292151387
