clean_file,enhanced_file,sampling_rate,PESQ,SI_SDR,STOI,DNSMOS_p808_mos,DNSMOS_mos_sig,DNSMOS_mos_bak,DNSMOS_mos_ovr
p104_rainbow_05_whisper,WF_p104_rainbow_05_whisper_fold10_207213-2-0-134_SNR10dB.wav,16000,1.5874042510986328,6.13123893737793,0.866276204586029,2.8121448244367326,2.73461275109526,2.785126929627478,2.078385961457901
