clean_file,enhanced_file,sampling_rate,PESQ,SI_SDR,STOI,DNSMOS_p808_mos,DNSMOS_mos_sig,DNSMOS_mos_bak,DNSMOS_mos_ovr
p103_rainbow_07_lowpitch,WF_p103_rainbow_07_lowpitch_fold10_180127-4-0-4_SNR10dB.wav,16000,1.5174689292907715,12.302379608154297,0.837141752243042,2.9046037878308977,3.566537917699446,2.4168065576362965,2.4836979175936214
