clean_file,enhanced_file,sampling_rate,PESQ,SI_SDR,STOI,DNSMOS_p808_mos,DNSMOS_mos_sig,DNSMOS_mos_bak,DNSMOS_mos_ovr
p103_rainbow_06_highpitch,WF_p103_rainbow_06_highpitch_fold10_180127-4-0-15_SNR10dB.wav,16000,1.5081812143325806,14.29269790649414,0.7069987654685974,2.8507646719614663,3.605093901063274,3.462217411708039,2.9837206688971047
