clean_file,enhanced_file,sampling_rate,PESQ,SI_SDR,STOI,DNSMOS_p808_mos,DNSMOS_mos_sig,DNSMOS_mos_bak,DNSMOS_mos_ovr
p103_sentences_02_fast,WF_p103_sentences_02_fast_fold10_181624-4-9-0_SNR10dB.wav,16000,1.2352224588394165,11.094550132751465,0.9206061363220215,2.9065634409586587,4.589025950051062,3.2658803130181866,3.641713903844043
