clean_file,enhanced_file,sampling_rate,PESQ,SI_SDR,STOI,DNSMOS_p808_mos,DNSMOS_mos_sig,DNSMOS_mos_bak,DNSMOS_mos_ovr
p105_sentences_01_regular,WF_p105_sentences_01_regular_fold10_77927-3-1-1_SNR10dB.wav,16000,1.4362444877624512,9.475261688232422,0.760128915309906,3.058721923828125,3.6471290577127697,2.1993685535929517,2.449483977104693
