clean_file,enhanced_file,sampling_rate,PESQ,SI_SDR,STOI,DNSMOS_p808_mos,DNSMOS_mos_sig,DNSMOS_mos_bak,DNSMOS_mos_ovr
p101_interjection_agreement,WF_p101_interjection_agreement_fold10_102857-5-0-6_SNR10dB.wav,16000,2.3923280239105225,16.93320083618164,0.8702124953269958,3.1769485473632812,4.123632773059927,2.601515333257723,2.907910141918159
