clean_file,enhanced_file,sampling_rate,PESQ,SI_SDR,STOI,DNSMOS_p808_mos,DNSMOS_mos_sig,DNSMOS_mos_bak,DNSMOS_mos_ovr
p103_rainbow_01_highpitch,WF_p103_rainbow_01_highpitch_fold10_174292-6-2-0_SNR10dB.wav,16000,1.836061716079712,9.942743301391602,0.8031334280967712,3.098900079727173,3.613501279331108,1.9592826012638995,2.0509665460551973
