clean_file,enhanced_file,sampling_rate,PESQ,SI_SDR,STOI,DNSMOS_p808_mos,DNSMOS_mos_sig,DNSMOS_mos_bak,DNSMOS_mos_ovr
p102_rainbow_07_highpitch,WF_p102_rainbow_07_highpitch_fold10_162134-7-15-0_SNR10dB.wav,16000,1.1314932107925415,12.778257369995117,0.7957819104194641,2.2473630905151367,2.9477618481097054,1.486855635107622,1.4061106972205966
