clean_file,enhanced_file,sampling_rate,PESQ,SI_SDR,STOI,DNSMOS_p808_mos,DNSMOS_mos_sig,DNSMOS_mos_bak,DNSMOS_mos_ovr
p101_sentences_01_highpitch,WF_p101_sentences_01_highpitch_fold10_129750-2-0-34_SNR10dB.wav,16000,1.3761143684387207,10.703100204467773,0.7854387760162354,2.687659740447998,2.88477089153132,1.7198556277009356,1.7081666185396993
