clean_file,enhanced_file,sampling_rate,PESQ,SI_SDR,STOI,DNSMOS_p808_mos,DNSMOS_mos_sig,DNSMOS_mos_bak,DNSMOS_mos_ovr
p103_sentences_01_slow,WF_p103_sentences_01_slow_fold10_181624-4-7-0_SNR10dB.wav,16000,1.2209359407424927,9.826127052307129,0.6746119856834412,3.0448827584584555,4.399361237412503,3.089933222175829,3.270621537941729
