clean_file,enhanced_file,sampling_rate,PESQ,SI_SDR,STOI,DNSMOS_p808_mos,DNSMOS_mos_sig,DNSMOS_mos_bak,DNSMOS_mos_ovr
p102_rainbow_06_regular,WF_p102_rainbow_06_regular_fold10_162134-7-13-4_SNR10dB.wav,16000,1.1907457113265991,11.7997407913208,0.8368718028068542,3.092996835708618,4.044626963902724,2.2414520072565636,2.713446023362547
