clean_file,enhanced_file,sampling_rate,PESQ,SI_SDR,STOI,DNSMOS_p808_mos,DNSMOS_mos_sig,DNSMOS_mos_bak,DNSMOS_mos_ovr
p106_interjection_filler,WF_p106_interjection_filler_fold10_99192-4-0-28_SNR10dB.wav,16000,1.464463233947754,10.176348686218262,0.5955748558044434,2.5129668712615967,4.013573060958971,2.1604373713911884,2.4811802795956677
