clean_file,enhanced_file,sampling_rate,PESQ,SI_SDR,STOI,DNSMOS_p808_mos,DNSMOS_mos_sig,DNSMOS_mos_bak,DNSMOS_mos_ovr
p101_rainbow_06_highpitch,WF_p101_rainbow_06_highpitch_fold10_118558-5-0-1_SNR10dB.wav,16000,1.507277011871338,15.016824722290039,0.8357304334640503,3.135310411453247,3.0334986190844417,2.7789693960558846,2.425432541982853
