clean_file,enhanced_file,sampling_rate,PESQ,SI_SDR,STOI,DNSMOS_p808_mos,DNSMOS_mos_sig,DNSMOS_mos_bak,DNSMOS_mos_ovr
p103_sentences_04_whisper,WF_p103_sentences_04_whisper_fold10_187110-2-0-8_SNR10dB.wav,16000,1.1335649490356445,6.236975193023682,0.5530495643615723,2.8486409187316895,2.0603822266459177,3.027220616937735,1.770618964116854
