clean_file,enhanced_file,sampling_rate,PESQ,SI_SDR,STOI,DNSMOS_p808_mos,DNSMOS_mos_sig,DNSMOS_mos_bak,DNSMOS_mos_ovr
p103_rainbow_05_whisper,WF_p103_rainbow_05_whisper_fold10_180127-4-0-13_SNR10dB.wav,16000,1.195381760597229,4.57658576965332,0.5429852604866028,3.3686029570443288,1.8890315648416853,3.756894097148409,1.7471186690540021
