clean_file,enhanced_file,sampling_rate,PESQ,SI_SDR,STOI,DNSMOS_p808_mos,DNSMOS_mos_sig,DNSMOS_mos_bak,DNSMOS_mos_ovr
p103_rainbow_01_loud,WF_p103_rainbow_01_loud_fold10_17486-3-0-0_SNR10dB.wav,16000,1.6167677640914917,10.167024612426758,0.8960868716239929,3.6608914534250894,4.139895036021405,2.5628234164239614,2.8352853899327806
