clean_file,enhanced_file,sampling_rate,PESQ,SI_SDR,STOI,DNSMOS_p808_mos,DNSMOS_mos_sig,DNSMOS_mos_bak,DNSMOS_mos_ovr
p105_emo_extasy_freeform,WF_p105_emo_extasy_freeform_fold10_59513-3-0-0_SNR10dB.wav,16000,2.4093575477600098,9.905327796936035,0.7836692333221436,3.4323790868123374,3.6841988051645695,2.718251333784041,2.674588775918045
