clean_file,enhanced_file,sampling_rate,PESQ,SI_SDR,STOI,DNSMOS_p808_mos,DNSMOS_mos_sig,DNSMOS_mos_bak,DNSMOS_mos_ovr
p106_emo_neutral_sentences,WF_p106_emo_neutral_sentences_fold10_93567-8-0-5_SNR10dB.wav,16000,1.4886536598205566,11.228532791137695,0.8242043256759644,3.1746554374694824,3.7941729820492487,2.9504924071089396,2.790115584668917
