clean_file,enhanced_file,sampling_rate,PESQ,SI_SDR,STOI,DNSMOS_p808_mos,DNSMOS_mos_sig,DNSMOS_mos_bak,DNSMOS_mos_ovr
p102_rainbow_02_whisper,WF_p102_rainbow_02_whisper_fold10_159742-8-0-9_SNR10dB.wav,16000,1.2968355417251587,8.05657958984375,0.7924099564552307,3.257732570171356,1.490065793911554,2.2689078739340838,1.368756754867047
