clean_file,enhanced_file,sampling_rate,PESQ,SI_SDR,STOI,DNSMOS_p808_mos,DNSMOS_mos_sig,DNSMOS_mos_bak,DNSMOS_mos_ovr
p106_emo_disgust_sentences,WF_p106_emo_disgust_sentences_fold10_93567-8-0-1_SNR10dB.wav,16000,1.5112981796264648,13.09360122680664,0.823459804058075,2.823280096054077,4.061760628304128,2.169036566371785,2.6108117213944233
