clean_file,enhanced_file,sampling_rate,PESQ,SI_SDR,STOI,DNSMOS_p808_mos,DNSMOS_mos_sig,DNSMOS_mos_bak,DNSMOS_mos_ovr
p105_rainbow_06_fast,WF_p105_rainbow_06_fast_fold10_74364-8-1-3_SNR10dB.wav,16000,1.2634817361831665,9.691694259643555,0.8862419724464417,3.4583685398101807,4.374785442827581,2.357852980871896,2.927139838465549
