clean_file,enhanced_file,sampling_rate,PESQ,SI_SDR,STOI,DNSMOS_p808_mos,DNSMOS_mos_sig,DNSMOS_mos_bak,DNSMOS_mos_ovr
p101_rainbow_05_regular,WF_p101_rainbow_05_regular_fold10_118278-4-0-7_SNR10dB.wav,16000,1.5400981903076172,9.392683029174805,0.8434758186340332,2.659463405609131,3.7247885460440484,2.828062621160594,2.884969783797003
