clean_file,enhanced_file,sampling_rate,PESQ,SI_SDR,STOI,DNSMOS_p808_mos,DNSMOS_mos_sig,DNSMOS_mos_bak,DNSMOS_mos_ovr
p102_rainbow_03_lowpitch,WF_p102_rainbow_03_lowpitch_fold10_162134-7-1-0_SNR10dB.wav,16000,1.2021100521087646,10.402164459228516,0.8415261507034302,3.160418748855591,4.079573070525832,2.107198661529229,2.6089063097142065
