clean_file,enhanced_file,sampling_rate,PESQ,SI_SDR,STOI,DNSMOS_p808_mos,DNSMOS_mos_sig,DNSMOS_mos_bak,DNSMOS_mos_ovr
p103_emo_anger_sentences,WF_p103_emo_anger_sentences_fold10_165640-4-0-2_SNR10dB.wav,16000,1.472764015197754,11.862541198730469,0.7092839479446411,3.316729579653059,4.2386493072630484,2.13933471857815,2.692667213943351
