clean_file,enhanced_file,sampling_rate,PESQ,SI_SDR,STOI,DNSMOS_p808_mos,DNSMOS_mos_sig,DNSMOS_mos_bak,DNSMOS_mos_ovr
p104_emo_interest_freeform,WF_p104_emo_interest_freeform_fold10_189982-0-0-6_SNR10dB.wav,16000,1.316049575805664,11.430351257324219,0.8273175954818726,3.18847664197286,3.2200174743553194,2.753209216202208,2.363424380709053
