clean_file,enhanced_file,sampling_rate,PESQ,SI_SDR,STOI,DNSMOS_p808_mos,DNSMOS_mos_sig,DNSMOS_mos_bak,DNSMOS_mos_ovr
p105_vegetative_yawning,WF_p105_vegetative_yawning_fold10_83502-0-0-8_SNR10dB.wav,16000,1.5535881519317627,10.601909637451172,0.36318540573120117,2.6379053592681885,3.20743184111644,2.776122733978044,2.2554514561066905
