clean_file,enhanced_file,sampling_rate,PESQ,SI_SDR,STOI,DNSMOS_p808_mos,DNSMOS_mos_sig,DNSMOS_mos_bak,DNSMOS_mos_ovr
p102_interjection_congratulations,WF_p102_interjection_congratulations_fold10_157207-6-3-0_SNR10dB.wav,16000,1.2665245532989502,11.017006874084473,0.8359497785568237,3.1460911887032643,4.1438009286633655,2.7347049442292533,3.022621886856668
