clean_file,enhanced_file,sampling_rate,PESQ,SI_SDR,STOI,DNSMOS_p808_mos,DNSMOS_mos_sig,DNSMOS_mos_bak,DNSMOS_mos_ovr
p106_interjection_anger,WF_p106_interjection_anger_fold10_99192-4-0-26_SNR10dB.wav,16000,1.3100355863571167,10.147607803344727,0.6913512349128723,2.8421763011387418,4.09062243580002,1.9810457718776522,2.4603638203697797
