clean_file,enhanced_file,sampling_rate,PESQ,SI_SDR,STOI,DNSMOS_p808_mos,DNSMOS_mos_sig,DNSMOS_mos_bak,DNSMOS_mos_ovr
p105_emo_guilt_sentences,WF_p105_emo_guilt_sentences_fold10_66115-1-0-1_SNR10dB.wav,16000,2.841787338256836,12.198486328125,0.6502268314361572,3.5010879039764404,3.5466849110619303,3.6803722182166787,3.0244031226559884
