clean_file,enhanced_file,sampling_rate,PESQ,SI_SDR,STOI,DNSMOS_p808_mos,DNSMOS_mos_sig,DNSMOS_mos_bak,DNSMOS_mos_ovr
p106_nonverbal_yelling,WF_p106_nonverbal_yelling_fold10_99192-4-0-43_SNR10dB.wav,16000,1.232940673828125,11.469073295593262,0.6125935316085815,2.61492919921875,3.522059553998698,1.539258141413859,1.8201498818005908
