clean_file,enhanced_file,sampling_rate,PESQ,SI_SDR,STOI,DNSMOS_p808_mos,DNSMOS_mos_sig,DNSMOS_mos_bak,DNSMOS_mos_ovr
p105_rainbow_04_whisper,WF_p105_rainbow_04_whisper_fold10_74364-8-1-20_SNR10dB.wav,16000,1.1238174438476562,8.700482368469238,0.7747280597686768,2.853800058364868,3.248588877162701,2.6708479606626248,2.453364034290636
