clean_file,enhanced_file,sampling_rate,PESQ,SI_SDR,STOI,DNSMOS_p808_mos,DNSMOS_mos_sig,DNSMOS_mos_bak,DNSMOS_mos_ovr
p104_interjection_greetings,WF_p104_interjection_greetings_fold10_197554-2-0-23_SNR10dB.wav,16000,1.6624624729156494,16.45117950439453,0.7834144830703735,2.5430986086527505,3.373884562882099,2.150543560859353,2.2169712838182973
