clean_file,enhanced_file,sampling_rate,PESQ,SI_SDR,STOI,DNSMOS_p808_mos,DNSMOS_mos_sig,DNSMOS_mos_bak,DNSMOS_mos_ovr
p102_rainbow_02_slow,WF_p102_rainbow_02_slow_fold10_159742-8-0-8_SNR10dB.wav,16000,1.4580508470535278,9.79110050201416,0.917932391166687,3.710405111312866,4.187614817845921,2.0533768697886527,2.6462192375495572
