clean_file,enhanced_file,sampling_rate,PESQ,SI_SDR,STOI,DNSMOS_p808_mos,DNSMOS_mos_sig,DNSMOS_mos_bak,DNSMOS_mos_ovr
p104_sentences_07_slow,WF_p104_sentences_07_slow_fold10_28808-1-0-2_SNR10dB.wav,16000,1.4525251388549805,11.83759593963623,0.7466432452201843,2.8125711168561662,3.6161268769546595,2.566293158655656,2.5935233717651576
