clean_file,enhanced_file,sampling_rate,PESQ,SI_SDR,STOI,DNSMOS_p808_mos,DNSMOS_mos_sig,DNSMOS_mos_bak,DNSMOS_mos_ovr
p101_rainbow_05_slow,WF_p101_rainbow_05_slow_fold10_118278-4-0-8_SNR10dB.wav,16000,1.4612008333206177,8.817002296447754,0.7511553764343262,2.8399147306169783,3.615361634932785,3.022791881613157,2.7894614425611293
