clean_file,enhanced_file,sampling_rate,PESQ,SI_SDR,STOI,DNSMOS_p808_mos,DNSMOS_mos_sig,DNSMOS_mos_bak,DNSMOS_mos_ovr
p103_interjection_greetings,WF_p103_interjection_greetings_fold10_172519-9-0-53_SNR10dB.wav,16000,1.467586636543274,10.434203147888184,0.7339348793029785,2.703078576496669,3.692782686175319,2.2908545797570956,2.486756563220905
