clean_file,enhanced_file,sampling_rate,PESQ,SI_SDR,STOI,DNSMOS_p808_mos,DNSMOS_mos_sig,DNSMOS_mos_bak,DNSMOS_mos_ovr
p103_rainbow_04_highpitch,WF_p103_rainbow_04_highpitch_fold10_178826-2-0-17_SNR10dB.wav,16000,1.313867211341858,11.386361122131348,0.7054804563522339,2.542820828301566,3.6468445511335648,2.230341735828609,2.4176885953787455
