clean_file,enhanced_file,sampling_rate,PESQ,SI_SDR,STOI,DNSMOS_p808_mos,DNSMOS_mos_sig,DNSMOS_mos_bak,DNSMOS_mos_ovr
p104_emo_serenity_freeform,WF_p104_emo_serenity_freeform_fold10_196084-2-0-2_SNR10dB.wav,16000,1.8465378284454346,9.437750816345215,0.8503389954566956,3.617106278737386,3.632465249095611,2.8511247978186116,2.642645094080067
