clean_file,enhanced_file,sampling_rate,PESQ,SI_SDR,STOI,DNSMOS_p808_mos,DNSMOS_mos_sig,DNSMOS_mos_bak,DNSMOS_mos_ovr
p102_emo_desire_freeform,WF_p102_emo_desire_freeform_fold10_155262-2-0-63_SNR10dB.wav,16000,1.4865998029708862,10.186729431152344,0.842560887336731,3.2704787651697793,3.246054477906592,2.562895127533029,2.3606862358784793
