clean_file,enhanced_file,sampling_rate,PESQ,SI_SDR,STOI,DNSMOS_p808_mos,DNSMOS_mos_sig,DNSMOS_mos_bak,DNSMOS_mos_ovr
p101_rainbow_04_fast,WF_p101_rainbow_04_fast_fold10_118278-4-0-0_SNR10dB.wav,16000,1.7737698554992676,10.529865264892578,0.9119006991386414,3.3497564792633057,4.045912291955604,2.3725108831924757,2.7725519181041407
