clean_file,enhanced_file,sampling_rate,PESQ,SI_SDR,STOI,DNSMOS_p808_mos,DNSMOS_mos_sig,DNSMOS_mos_bak,DNSMOS_mos_ovr
p105_emo_disappointment_sentences,WF_p105_emo_disappointment_sentences_fold10_51024-3-0-16_SNR10dB.wav,16000,1.2857378721237183,8.819280624389648,0.6061047315597534,2.8455505847930906,2.6433476028677747,2.5886272651609312,1.9725955127158934
