clean_file,enhanced_file,sampling_rate,PESQ,SI_SDR,STOI,DNSMOS_p808_mos,DNSMOS_mos_sig,DNSMOS_mos_bak,DNSMOS_mos_ovr
p104_sentences_13_lowpitch,WF_p104_sentences_13_lowpitch_fold10_28808-1-0-8_SNR10dB.wav,16000,1.4492721557617188,9.987234115600586,0.778637707233429,2.881154809679304,4.172860568599096,2.0780569564609594,2.610526363542175
