clean_file,enhanced_file,sampling_rate,PESQ,SI_SDR,STOI,DNSMOS_p808_mos,DNSMOS_mos_sig,DNSMOS_mos_bak,DNSMOS_mos_ovr
p104_vegetative_throat,WF_p104_vegetative_throat_fold10_34050-7-6-0_SNR10dB.wav,16000,1.5885616540908813,11.586153030395508,0.7121880054473877,2.287484782082694,2.2225740062968646,2.24028837567458,1.5602670376604848
