clean_file,enhanced_file,sampling_rate,PESQ,SI_SDR,STOI,DNSMOS_p808_mos,DNSMOS_mos_sig,DNSMOS_mos_bak,DNSMOS_mos_ovr
p105_emo_pride_freeform,WF_p105_emo_pride_freeform_fold10_71312-3-0-4_SNR10dB.wav,16000,1.6901977062225342,9.89260196685791,0.7095098495483398,3.3424380166190013,4.112607993603412,2.0822802084448524,2.5853972435313284
