clean_file,enhanced_file,sampling_rate,PESQ,SI_SDR,STOI,DNSMOS_p808_mos,DNSMOS_mos_sig,DNSMOS_mos_bak,DNSMOS_mos_ovr
p105_rainbow_06_slow,WF_p105_rainbow_06_slow_fold10_74364-8-1-8_SNR10dB.wav,16000,1.2637710571289062,7.658082008361816,0.8134434223175049,3.170376641409738,2.817329119271407,3.0377266982977216,2.1557495787706893
