clean_file,enhanced_file,sampling_rate,PESQ,SI_SDR,STOI,DNSMOS_p808_mos,DNSMOS_mos_sig,DNSMOS_mos_bak,DNSMOS_mos_ovr
p104_rainbow_02_loud,WF_p104_rainbow_02_loud_fold10_200460-6-5-0_SNR10dB.wav,16000,1.4423259496688843,10.016305923461914,0.9289684891700745,3.563112735748291,4.0525417401830826,4.018797514766215,3.5552732224341135
