clean_file,enhanced_file,sampling_rate,PESQ,SI_SDR,STOI,DNSMOS_p808_mos,DNSMOS_mos_sig,DNSMOS_mos_bak,DNSMOS_mos_ovr
p101_rainbow_08_whisper,WF_p101_rainbow_08_whisper_fold10_128470-3-0-8_SNR10dB.wav,16000,1.527587652206421,8.182084083557129,0.7745315432548523,3.2176220076424733,4.308683265138175,2.461813668638506,2.9428198302829705
