clean_file,enhanced_file,sampling_rate,PESQ,SI_SDR,STOI,DNSMOS_p808_mos,DNSMOS_mos_sig,DNSMOS_mos_bak,DNSMOS_mos_ovr
p103_melodic_happy_birthday,WF_p103_melodic_happy_birthday_fold10_172519-9-0-67_SNR10dB.wav,16000,1.337797999382019,11.197463035583496,0.7882533669471741,2.6891767297472273,3.3823695415793824,2.52908276562919,2.412544028333078
