clean_file,enhanced_file,sampling_rate,PESQ,SI_SDR,STOI,DNSMOS_p808_mos,DNSMOS_mos_sig,DNSMOS_mos_bak,DNSMOS_mos_ovr
p104_nonverbal_laughter_closed,WF_p104_nonverbal_laughter_closed_fold10_197554-2-0-60_SNR10dB.wav,16000,1.6362104415893555,9.742596626281738,0.7421300411224365,2.450106620788574,1.7602703283618124,3.5789043983252946,1.5878011960739964
