clean_file,enhanced_file,sampling_rate,PESQ,SI_SDR,STOI,DNSMOS_p808_mos,DNSMOS_mos_sig,DNSMOS_mos_bak,DNSMOS_mos_ovr
p101_emo_realization_sentences,WF_p101_emo_realization_sentences_fold10_102857-5-0-27_SNR10dB.wav,16000,2.5163023471832275,15.635961532592773,0.778816819190979,3.786938496998378,4.174524825187981,3.3505657665528985,3.40913086160905
