clean_file,enhanced_file,sampling_rate,PESQ,SI_SDR,STOI,DNSMOS_p808_mos,DNSMOS_mos_sig,DNSMOS_mos_bak,DNSMOS_mos_ovr
p106_emo_fear_sentences,WF_p106_emo_fear_sentences_fold10_93567-8-0-17_SNR10dB.wav,16000,1.698439598083496,11.681243896484375,0.7500924468040466,2.828241467475891,3.683738489578036,2.116321682509294,2.382454584948824
