clean_file,enhanced_file,sampling_rate,PESQ,SI_SDR,STOI,DNSMOS_p808_mos,DNSMOS_mos_sig,DNSMOS_mos_bak,DNSMOS_mos_ovr
p101_interjection_congratulations,WF_p101_interjection_congratulations_fold10_102857-5-0-8_SNR10dB.wav,16000,2.3220252990722656,19.554513931274414,0.9120912551879883,2.832457031522478,4.045768060745686,2.831751297848188,3.0414632715580225
