clean_file,enhanced_file,sampling_rate,PESQ,SI_SDR,STOI,DNSMOS_p808_mos,DNSMOS_mos_sig,DNSMOS_mos_bak,DNSMOS_mos_ovr
p105_sentences_14_lowpitch,WF_p105_sentences_14_lowpitch_fold10_83195-9-0-3_SNR10dB.wav,16000,1.738011360168457,12.245582580566406,0.6089717149734497,2.740175587790353,2.946115100417533,2.575910081600194,2.2498965430373743
