clean_file,enhanced_file,sampling_rate,PESQ,SI_SDR,STOI,DNSMOS_p808_mos,DNSMOS_mos_sig,DNSMOS_mos_bak,DNSMOS_mos_ovr
p104_rainbow_03_highpitch,WF_p104_rainbow_03_highpitch_fold10_200786-5-1-4_SNR10dB.wav,16000,1.292194128036499,12.000693321228027,0.8293883204460144,2.9361417293548584,3.7108372511005916,2.7538500417900735,2.7668343172215453
