clean_file,enhanced_file,sampling_rate,PESQ,SI_SDR,STOI,DNSMOS_p808_mos,DNSMOS_mos_sig,DNSMOS_mos_bak,DNSMOS_mos_ovr
p103_emo_serenity_freeform,WF_p103_emo_serenity_freeform_fold10_171478-9-0-55_SNR10dB.wav,16000,1.543424367904663,10.848194122314453,0.7015044689178467,2.897754601069859,3.96286614197083,2.7237873629263585,2.8206538297277315
