clean_file,enhanced_file,sampling_rate,PESQ,SI_SDR,STOI,DNSMOS_p808_mos,DNSMOS_mos_sig,DNSMOS_mos_bak,DNSMOS_mos_ovr
p102_rainbow_04_slow,WF_p102_rainbow_04_slow_fold10_162134-7-11-4_SNR10dB.wav,16000,1.1467162370681763,11.088619232177734,0.8300190567970276,2.8307797431945803,4.525512267835752,2.162775275954755,2.9398937578312716
