clean_file,enhanced_file,sampling_rate,PESQ,SI_SDR,STOI,DNSMOS_p808_mos,DNSMOS_mos_sig,DNSMOS_mos_bak,DNSMOS_mos_ovr
p103_emo_guilt_freeform,WF_p103_emo_guilt_freeform_fold10_167464-0-0-5_SNR10dB.wav,16000,1.5369411706924438,11.39404296875,0.6133286952972412,3.042693018913269,3.849616012976595,3.0159006683916614,2.90240484048722
