clean_file,enhanced_file,sampling_rate,PESQ,SI_SDR,STOI,DNSMOS_p808_mos,DNSMOS_mos_sig,DNSMOS_mos_bak,DNSMOS_mos_ovr
p104_rainbow_08_fast,WF_p104_rainbow_08_fast_fold10_22973-3-0-1_SNR10dB.wav,16000,1.2629650831222534,11.757954597473145,0.8720992803573608,2.7547063486916676,4.227014365707727,2.5538636232911966,2.907459709483825
