clean_file,enhanced_file,sampling_rate,PESQ,SI_SDR,STOI,DNSMOS_p808_mos,DNSMOS_mos_sig,DNSMOS_mos_bak,DNSMOS_mos_ovr
p101_emo_pain_sentences,WF_p101_emo_pain_sentences_fold10_102857-5-0-23_SNR10dB.wav,16000,2.5981571674346924,15.155824661254883,0.9392268061637878,3.6691954476492747,4.059224507068213,2.620246531958449,2.9069128221764693
