clean_file,enhanced_file,sampling_rate,PESQ,SI_SDR,STOI,DNSMOS_p808_mos,DNSMOS_mos_sig,DNSMOS_mos_bak,DNSMOS_mos_ovr
p104_rainbow_07_lowpitch,WF_p104_rainbow_07_lowpitch_fold10_209672-3-3-0_SNR10dB.wav,16000,1.6494628190994263,9.323474884033203,0.8948493599891663,4.0846772875104636,4.516564762486476,3.306870752676166,3.5522927727219824
