clean_file,enhanced_file,sampling_rate,PESQ,SI_SDR,STOI,DNSMOS_p808_mos,DNSMOS_mos_sig,DNSMOS_mos_bak,DNSMOS_mos_ovr
p103_sentences_02_slow,WF_p103_sentences_02_slow_fold10_187110-2-0-30_SNR10dB.wav,16000,1.6049888134002686,11.141342163085938,0.7172567844390869,3.0520500258395544,3.886519810881127,2.9032471899067587,2.9531755313612282
