clean_file,enhanced_file,sampling_rate,PESQ,SI_SDR,STOI,DNSMOS_p808_mos,DNSMOS_mos_sig,DNSMOS_mos_bak,DNSMOS_mos_ovr
p105_rainbow_04_regular,WF_p105_rainbow_04_regular_fold10_74364-8-1-19_SNR10dB.wav,16000,1.2534058094024658,9.570524215698242,0.8431988954544067,3.1626286847250804,4.13937670997072,2.753936271423413,3.020470645965409
