clean_file,enhanced_file,sampling_rate,PESQ,SI_SDR,STOI,DNSMOS_p808_mos,DNSMOS_mos_sig,DNSMOS_mos_bak,DNSMOS_mos_ovr
p102_vegetative_eating,WF_p102_vegetative_eating_fold10_165166-8-0-0_SNR10dB.wav,16000,1.626328706741333,6.5296549797058105,0.7152941226959229,2.87227201461792,1.8485322510329016,2.664826839183849,1.640518741205976
