clean_file,enhanced_file,sampling_rate,PESQ,SI_SDR,STOI,DNSMOS_p808_mos,DNSMOS_mos_sig,DNSMOS_mos_bak,DNSMOS_mos_ovr
p105_sentences_19_regular,WF_p105_sentences_19_regular_fold10_83502-0-0-10_SNR10dB.wav,16000,1.361831545829773,9.530730247497559,0.647779107093811,2.8387278148106168,4.058770752383319,2.8545544555775737,3.0303760696939372
