clean_file,enhanced_file,sampling_rate,PESQ,SI_SDR,STOI,DNSMOS_p808_mos,DNSMOS_mos_sig,DNSMOS_mos_bak,DNSMOS_mos_ovr
p104_rainbow_04_regular,WF_p104_rainbow_04_regular_fold10_203424-9-0-26_SNR10dB.wav,16000,1.2456930875778198,10.106338500976562,0.8040299415588379,2.5596905776432584,3.941076506680795,2.108155715890523,2.3525299390628818
