clean_file,enhanced_file,sampling_rate,PESQ,SI_SDR,STOI,DNSMOS_p808_mos,DNSMOS_mos_sig,DNSMOS_mos_bak,DNSMOS_mos_ovr
p103_sentences_18_regular,WF_p103_sentences_18_regular_fold10_188497-2-0-8_SNR10dB.wav,16000,1.7859563827514648,11.748665809631348,0.6465854048728943,3.112382003239223,3.911599679893355,2.8179654951330053,2.878797446917664
