clean_file,enhanced_file,sampling_rate,PESQ,SI_SDR,STOI,DNSMOS_p808_mos,DNSMOS_mos_sig,DNSMOS_mos_bak,DNSMOS_mos_ovr
p105_emo_amazement_freeform,WF_p105_emo_amazement_freeform_fold10_39847-5-0-10_SNR10dB.wav,16000,1.440576195716858,11.048941612243652,0.5992419123649597,2.399869441986084,2.5853789777076015,2.7301062676793695,1.9336875670973859
