clean_file,enhanced_file,sampling_rate,PESQ,SI_SDR,STOI,DNSMOS_p808_mos,DNSMOS_mos_sig,DNSMOS_mos_bak,DNSMOS_mos_ovr
p104_sentences_02_highpitch,WF_p104_sentences_02_highpitch_fold10_27070-2-0-2_SNR10dB.wav,16000,1.3081691265106201,10.883037567138672,0.8725795149803162,2.9534552892049155,4.451511399883695,2.6285651228451976,3.175610581526106
