clean_file,enhanced_file,sampling_rate,PESQ,SI_SDR,STOI,DNSMOS_p808_mos,DNSMOS_mos_sig,DNSMOS_mos_bak,DNSMOS_mos_ovr
p104_sentences_09_fast,WF_p104_sentences_09_fast_fold10_28808-1-0-4_SNR10dB.wav,16000,1.4012625217437744,11.260557174682617,0.7821562886238098,3.013605867113386,3.9385104311822303,2.4748266852446528,2.8067532354495377
