clean_file,enhanced_file,sampling_rate,PESQ,SI_SDR,STOI,DNSMOS_p808_mos,DNSMOS_mos_sig,DNSMOS_mos_bak,DNSMOS_mos_ovr
p101_rainbow_01_whisper,WF_p101_rainbow_01_whisper_fold10_115241-9-0-9_SNR10dB.wav,16000,1.133065104484558,4.418107032775879,0.764807939529419,2.3131518363952637,3.2388540788412814,2.340191022115232,2.2269883810538786
