clean_file,enhanced_file,sampling_rate,PESQ,SI_SDR,STOI,DNSMOS_p808_mos,DNSMOS_mos_sig,DNSMOS_mos_bak,DNSMOS_mos_ovr
p104_sentences_14_lowpitch,WF_p104_sentences_14_lowpitch_fold10_28808-1-0-9_SNR10dB.wav,16000,1.3292474746704102,9.827412605285645,0.7907341122627258,2.9578278064727783,4.346155857790663,2.2446964353435646,2.8537217698656883
