clean_file,enhanced_file,sampling_rate,PESQ,SI_SDR,STOI,DNSMOS_p808_mos,DNSMOS_mos_sig,DNSMOS_mos_bak,DNSMOS_mos_ovr
p105_rainbow_06_whisper,WF_p105_rainbow_06_whisper_fold10_74364-8-1-9_SNR10dB.wav,16000,1.18478262424469,6.617530822753906,0.7947211861610413,2.6896563371022544,2.7719843012441814,2.8468066490021324,2.1805671991056665
