clean_file,enhanced_file,sampling_rate,PESQ,SI_SDR,STOI,DNSMOS_p808_mos,DNSMOS_mos_sig,DNSMOS_mos_bak,DNSMOS_mos_ovr
p104_rainbow_05_highpitch,WF_p104_rainbow_05_highpitch_fold10_205013-6-0-0_SNR10dB.wav,16000,1.3533304929733276,10.405830383300781,0.8645515441894531,3.0102348725001016,3.558728684152534,2.429015552692358,2.4661384006919578
