clean_file,enhanced_file,sampling_rate,PESQ,SI_SDR,STOI,DNSMOS_p808_mos,DNSMOS_mos_sig,DNSMOS_mos_bak,DNSMOS_mos_ovr
p101_emo_pride_freeform,WF_p101_emo_pride_freeform_fold10_102857-5-0-24_SNR10dB.wav,16000,2.2237801551818848,15.491379737854004,0.9594188332557678,3.3163685458047047,3.6323589244227183,3.082804731951583,2.9058774851053824
