clean_file,enhanced_file,sampling_rate,PESQ,SI_SDR,STOI,DNSMOS_p808_mos,DNSMOS_mos_sig,DNSMOS_mos_bak,DNSMOS_mos_ovr
p104_emo_pride_sentences,WF_p104_emo_pride_sentences_fold10_189985-0-0-5_SNR10dB.wav,16000,1.6622002124786377,12.914504051208496,0.8090432286262512,3.1223644415537515,2.805767417960466,2.923677472918674,2.242621128079428
