clean_file,enhanced_file,sampling_rate,PESQ,SI_SDR,STOI,DNSMOS_p808_mos,DNSMOS_mos_sig,DNSMOS_mos_bak,DNSMOS_mos_ovr
p101_sentences_17_regular,WF_p101_sentences_17_regular_fold10_14470-2-0-14_SNR10dB.wav,16000,1.3750040531158447,10.046619415283203,0.748751163482666,3.0463823477427163,4.103039132617857,2.4711226403706426,2.9339491221617884
