clean_file,enhanced_file,sampling_rate,PESQ,SI_SDR,STOI,DNSMOS_p808_mos,DNSMOS_mos_sig,DNSMOS_mos_bak,DNSMOS_mos_ovr
p105_sentences_05_loud,WF_p105_sentences_05_loud_fold10_83191-9-0-0_SNR10dB.wav,16000,1.6377537250518799,9.879297256469727,0.6550775766372681,3.405461311340332,4.127940099261117,2.55517041892715,2.912077298912225
