clean_file,enhanced_file,sampling_rate,PESQ,SI_SDR,STOI,DNSMOS_p808_mos,DNSMOS_mos_sig,DNSMOS_mos_bak,DNSMOS_mos_ovr
p101_rainbow_04_loud,WF_p101_rainbow_04_loud_fold10_118278-4-0-10_SNR10dB.wav,16000,1.4150686264038086,11.730957984924316,0.835157036781311,2.8280768394470215,3.512956813508465,2.5459913861876675,2.59272466730612
