clean_file,enhanced_file,sampling_rate,PESQ,SI_SDR,STOI,DNSMOS_p808_mos,DNSMOS_mos_sig,DNSMOS_mos_bak,DNSMOS_mos_ovr
p104_emo_disgust_freeform,WF_p104_emo_disgust_freeform_fold10_189982-0-0-3_SNR10dB.wav,16000,2.3732333183288574,13.137260437011719,0.5224663615226746,2.9560230573018393,2.9411722706881194,3.038866885146034,2.359269288874991
