clean_file,enhanced_file,sampling_rate,PESQ,SI_SDR,STOI,DNSMOS_p808_mos,DNSMOS_mos_sig,DNSMOS_mos_bak,DNSMOS_mos_ovr
p102_interjection_filler,WF_p102_interjection_filler_fold10_157207-6-4-0_SNR10dB.wav,16000,1.5548644065856934,9.877798080444336,0.6134632229804993,2.985879063606262,3.735211868451241,3.1858148252485963,2.983993841142281
