clean_file,enhanced_file,sampling_rate,PESQ,SI_SDR,STOI,DNSMOS_p808_mos,DNSMOS_mos_sig,DNSMOS_mos_bak,DNSMOS_mos_ovr
p101_rainbow_05_highpitch,WF_p101_rainbow_05_highpitch_fold10_118278-4-0-4_SNR10dB.wav,16000,1.6436352729797363,13.291450500488281,0.8990189433097839,2.790427803993225,3.862750113130384,2.2445545075948625,2.5516693218429096
