clean_file,enhanced_file,sampling_rate,PESQ,SI_SDR,STOI,DNSMOS_p808_mos,DNSMOS_mos_sig,DNSMOS_mos_bak,DNSMOS_mos_ovr
p103_rainbow_06_slow,WF_p103_rainbow_06_slow_fold10_180127-4-0-19_SNR10dB.wav,16000,1.6116427183151245,13.114651679992676,0.7126591205596924,2.924096319410536,3.7163820952726088,3.0988852991915,2.8900905986189613
