clean_file,enhanced_file,sampling_rate,PESQ,SI_SDR,STOI,DNSMOS_p808_mos,DNSMOS_mos_sig,DNSMOS_mos_bak,DNSMOS_mos_ovr
p101_sentences_01_loud,WF_p101_sentences_01_loud_fold10_129750-2-0-36_SNR10dB.wav,16000,1.6073369979858398,11.257132530212402,0.8274256587028503,2.986545960108439,3.159126488595113,2.032156015853562,2.107416957932091
