clean_file,enhanced_file,sampling_rate,PESQ,SI_SDR,STOI,DNSMOS_p808_mos,DNSMOS_mos_sig,DNSMOS_mos_bak,DNSMOS_mos_ovr
p104_rainbow_02_fast,WF_p104_rainbow_02_fast_fold10_200460-6-3-0_SNR10dB.wav,16000,1.4034656286239624,10.247652053833008,0.904704749584198,3.737235367298126,4.173432207941401,3.2197910828855067,3.280482240071553
