clean_file,enhanced_file,sampling_rate,PESQ,SI_SDR,STOI,DNSMOS_p808_mos,DNSMOS_mos_sig,DNSMOS_mos_bak,DNSMOS_mos_ovr
p103_emo_embarassment_sentences,WF_p103_emo_embarassment_sentences_fold10_167464-0-0-22_SNR10dB.wav,16000,1.8186993598937988,11.403555870056152,0.8032501339912415,3.355296564102173,4.003194016769616,2.6725967473101915,2.87240393615565
