clean_file,enhanced_file,sampling_rate,PESQ,SI_SDR,STOI,DNSMOS_p808_mos,DNSMOS_mos_sig,DNSMOS_mos_bak,DNSMOS_mos_ovr
p102_emo_realization_sentences,WF_p102_emo_realization_sentences_fold10_15544-5-0-5_SNR10dB.wav,16000,1.8156437873840332,12.605518341064453,0.8638902902603149,3.132833202679952,3.9572500341994723,2.3558584973788803,2.7075138001693193
