clean_file,enhanced_file,sampling_rate,PESQ,SI_SDR,STOI,DNSMOS_p808_mos,DNSMOS_mos_sig,DNSMOS_mos_bak,DNSMOS_mos_ovr
p103_sentences_02_whisper,WF_p103_sentences_02_whisper_fold10_187110-2-0-34_SNR10dB.wav,16000,1.1650840044021606,3.6568474769592285,0.49328872561454773,2.7929676600864957,1.5723139336413685,3.0868510882514855,1.5261031172465118
