clean_file,enhanced_file,sampling_rate,PESQ,SI_SDR,STOI,DNSMOS_p808_mos,DNSMOS_mos_sig,DNSMOS_mos_bak,DNSMOS_mos_ovr
p102_vegetative_coughing,WF_p102_vegetative_coughing_fold10_164646-6-0-0_SNR10dB.wav,16000,1.513234257698059,10.14266586303711,0.7386139035224915,2.711315325328282,2.4113690173336515,1.935578658602975,1.532192553430947
