clean_file,enhanced_file,sampling_rate,PESQ,SI_SDR,STOI,DNSMOS_p808_mos,DNSMOS_mos_sig,DNSMOS_mos_bak,DNSMOS_mos_ovr
p103_vegetative_eating,WF_p103_vegetative_eating_fold10_188813-7-11-1_SNR10dB.wav,16000,1.1726595163345337,4.457172870635986,0.42302405834198,2.2298166751861572,1.55714993383368,3.238223474267749,1.2694844834331354
