clean_file,enhanced_file,sampling_rate,PESQ,SI_SDR,STOI,DNSMOS_p808_mos,DNSMOS_mos_sig,DNSMOS_mos_bak,DNSMOS_mos_ovr
p103_rainbow_06_regular,WF_p103_rainbow_06_regular_fold10_180127-4-0-18_SNR10dB.wav,16000,1.5966882705688477,12.456123352050781,0.8751657605171204,3.2829103469848633,3.8916031829754454,3.5985447090947247,3.2723742622971415
