clean_file,enhanced_file,sampling_rate,PESQ,SI_SDR,STOI,DNSMOS_p808_mos,DNSMOS_mos_sig,DNSMOS_mos_bak,DNSMOS_mos_ovr
p101_sentences_12_highpitch,WF_p101_sentences_12_highpitch_fold10_14468-3-0-2_SNR10dB.wav,16000,1.5503568649291992,10.780363082885742,0.7723232507705688,2.6585949659347534,3.498612793549897,2.1239200041043365,2.289635623209528
