clean_file,enhanced_file,sampling_rate,PESQ,SI_SDR,STOI,DNSMOS_p808_mos,DNSMOS_mos_sig,DNSMOS_mos_bak,DNSMOS_mos_ovr
p102_rainbow_06_slow,WF_p102_rainbow_06_slow_fold10_162134-7-14-0_SNR10dB.wav,16000,1.1172938346862793,10.824058532714844,0.8522962927818298,2.8631248474121094,4.29168486601705,1.9236520304846565,2.5613264838475693
