clean_file,enhanced_file,sampling_rate,PESQ,SI_SDR,STOI,DNSMOS_p808_mos,DNSMOS_mos_sig,DNSMOS_mos_bak,DNSMOS_mos_ovr
p102_nonverbal_laughter_open,WF_p102_nonverbal_laughter_open_fold10_157800-6-0-0_SNR10dB.wav,16000,1.6067075729370117,10.574745178222656,0.9247872829437256,2.777676582336426,4.007856200025309,4.134059851849586,3.6525647193918935
