clean_file,enhanced_file,sampling_rate,PESQ,SI_SDR,STOI,DNSMOS_p808_mos,DNSMOS_mos_sig,DNSMOS_mos_bak,DNSMOS_mos_ovr
p102_emo_adoration_freeform,WF_p102_emo_adoration_freeform_fold10_147491-9-2-6_SNR10dB.wav,16000,1.7819606065750122,11.452221870422363,0.7626395225524902,3.5361578464508057,3.254640729892529,2.794181698735912,2.454499667503279
