clean_file,enhanced_file,sampling_rate,PESQ,SI_SDR,STOI,DNSMOS_p808_mos,DNSMOS_mos_sig,DNSMOS_mos_bak,DNSMOS_mos_ovr
p105_sentences_08_slow,WF_p105_sentences_08_slow_fold10_83191-9-0-17_SNR10dB.wav,16000,1.4943013191223145,8.548578262329102,0.5284198522567749,2.758333512714931,3.561371603421793,3.0343030511147076,2.6886438172705396
