clean_file,enhanced_file,sampling_rate,PESQ,SI_SDR,STOI,DNSMOS_p808_mos,DNSMOS_mos_sig,DNSMOS_mos_bak,DNSMOS_mos_ovr
p103_rainbow_06_fast,WF_p103_rainbow_06_fast_fold10_180127-4-0-14_SNR10dB.wav,16000,1.4186701774597168,11.480164527893066,0.8663432598114014,3.0502851009368896,3.7943363375489962,2.674140873696497,2.716214468139086
