clean_file,enhanced_file,sampling_rate,PESQ,SI_SDR,STOI,DNSMOS_p808_mos,DNSMOS_mos_sig,DNSMOS_mos_bak,DNSMOS_mos_ovr
p103_rainbow_02_lowpitch,WF_p103_rainbow_02_lowpitch_fold10_178261-7-3-0_SNR10dB.wav,16000,1.2575725317001343,11.973685264587402,0.8420719504356384,2.402273280279977,3.8624451461430587,2.6018280524989614,2.6489497120591823
