clean_file,enhanced_file,sampling_rate,PESQ,SI_SDR,STOI,DNSMOS_p808_mos,DNSMOS_mos_sig,DNSMOS_mos_bak,DNSMOS_mos_ovr
p103_rainbow_06_whisper,WF_p103_rainbow_06_whisper_fold10_180127-4-0-2_SNR10dB.wav,16000,1.108291506767273,4.4457573890686035,0.4930254817008972,3.2280237674713135,1.8342354454616434,3.650517549347808,1.6117064934832293
