clean_file,enhanced_file,sampling_rate,PESQ,SI_SDR,STOI,DNSMOS_p808_mos,DNSMOS_mos_sig,DNSMOS_mos_bak,DNSMOS_mos_ovr
p103_sentences_21_regular,WF_p103_sentences_21_regular_fold10_188813-7-10-0_SNR10dB.wav,16000,1.519450306892395,12.444408416748047,0.6542429327964783,2.699814592088972,4.217840064856192,2.2435192590262236,2.7668828870345377
