clean_file,enhanced_file,sampling_rate,PESQ,SI_SDR,STOI,DNSMOS_p808_mos,DNSMOS_mos_sig,DNSMOS_mos_bak,DNSMOS_mos_ovr
p101_sentences_11_highpitch,WF_p101_sentences_11_highpitch_fold10_142641-3-0-0_SNR10dB.wav,16000,1.1924468278884888,10.644522666931152,0.7527183890342712,2.82177472114563,2.965590565397155,1.8698674042726697,1.9069861289132266
