clean_file,enhanced_file,sampling_rate,PESQ,SI_SDR,STOI,DNSMOS_p808_mos,DNSMOS_mos_sig,DNSMOS_mos_bak,DNSMOS_mos_ovr
p105_interjection_greetings,WF_p105_interjection_greetings_fold10_73524-0-0-114_SNR10dB.wav,16000,2.6799333095550537,14.366683006286621,0.6815915107727051,2.9493785381317137,3.795602248363353,2.987574013064028,2.9908028376048135
