clean_file,enhanced_file,sampling_rate,PESQ,SI_SDR,STOI,DNSMOS_p808_mos,DNSMOS_mos_sig,DNSMOS_mos_bak,DNSMOS_mos_ovr
p103_interjection_filler,WF_p103_interjection_filler_fold10_172519-9-0-49_SNR10dB.wav,16000,1.6238529682159424,11.841010093688965,0.4662744402885437,2.4455160754067555,2.966996696054175,2.5445065365501724,2.1397745505599017
