clean_file,enhanced_file,sampling_rate,PESQ,SI_SDR,STOI,DNSMOS_p808_mos,DNSMOS_mos_sig,DNSMOS_mos_bak,DNSMOS_mos_ovr
p104_sentences_02_regular,WF_p104_sentences_02_regular_fold10_27070-2-0-5_SNR10dB.wav,16000,1.3177722692489624,10.64883041381836,0.8284333944320679,3.1563074929373607,4.339403051619361,2.2982806215840017,2.860309674303369
