clean_file,enhanced_file,sampling_rate,PESQ,SI_SDR,STOI,DNSMOS_p808_mos,DNSMOS_mos_sig,DNSMOS_mos_bak,DNSMOS_mos_ovr
p103_emo_contentment_freeform,WF_p103_emo_contentment_freeform_fold10_167464-0-0-10_SNR10dB.wav,16000,1.902881383895874,10.920228958129883,0.7845637202262878,3.0412007740565707,4.122218616258847,3.0162812400350067,3.0738958773686487
