clean_file,enhanced_file,sampling_rate,PESQ,SI_SDR,STOI,DNSMOS_p808_mos,DNSMOS_mos_sig,DNSMOS_mos_bak,DNSMOS_mos_ovr
p103_emo_extasy_freeform,WF_p103_emo_extasy_freeform_fold10_167464-0-0-23_SNR10dB.wav,16000,2.0868403911590576,13.14390754699707,0.6559475660324097,2.988801956176758,2.8362716154982173,2.5556699011860586,2.0298969731636376
