clean_file,enhanced_file,sampling_rate,PESQ,SI_SDR,STOI,DNSMOS_p808_mos,DNSMOS_mos_sig,DNSMOS_mos_bak,DNSMOS_mos_ovr
p102_sentences_01_regular,WF_p102_sentences_01_regular_fold10_162134-7-7-0_SNR10dB.wav,16000,1.2478281259536743,10.286262512207031,0.7213479280471802,3.1986271142959595,4.135905696661583,2.0202194428787887,2.5556305011848415
