clean_file,enhanced_file,sampling_rate,PESQ,SI_SDR,STOI,DNSMOS_p808_mos,DNSMOS_mos_sig,DNSMOS_mos_bak,DNSMOS_mos_ovr
p101_sentences_02_slow,WF_p101_sentences_02_slow_fold10_136558-9-1-26_SNR10dB.wav,16000,1.2853009700775146,5.599307537078857,0.6376437544822693,2.479034900665283,3.068846142201329,2.8956882659164758,2.2860448209720694
