clean_file,enhanced_file,sampling_rate,PESQ,SI_SDR,STOI,DNSMOS_p808_mos,DNSMOS_mos_sig,DNSMOS_mos_bak,DNSMOS_mos_ovr
p105_rainbow_03_highpitch,WF_p105_rainbow_03_highpitch_fold10_74364-8-1-1_SNR10dB.wav,16000,1.5040678977966309,9.496004104614258,0.8525598049163818,3.4671337945120677,4.312265185992446,2.9186186604141313,3.191161158121918
