clean_file,enhanced_file,sampling_rate,PESQ,SI_SDR,STOI,DNSMOS_p808_mos,DNSMOS_mos_sig,DNSMOS_mos_bak,DNSMOS_mos_ovr
p103_rainbow_03_loud,WF_p103_rainbow_03_loud_fold10_178261-7-3-6_SNR10dB.wav,16000,1.2973737716674805,14.094072341918945,0.8656140565872192,2.4286863463265553,3.9863728930073465,2.3135721501926017,2.675608577523579
