clean_file,enhanced_file,sampling_rate,PESQ,SI_SDR,STOI,DNSMOS_p808_mos,DNSMOS_mos_sig,DNSMOS_mos_bak,DNSMOS_mos_ovr
p101_emo_serenity_freeform,WF_p101_emo_serenity_freeform_fold10_102857-5-0-4_SNR10dB.wav,16000,2.1884853839874268,11.340446472167969,0.728434681892395,3.3711324532826743,3.874414570233063,3.5557097569381866,3.2205567065417733
