clean_file,enhanced_file,sampling_rate,PESQ,SI_SDR,STOI,DNSMOS_p808_mos,DNSMOS_mos_sig,DNSMOS_mos_bak,DNSMOS_mos_ovr
p102_rainbow_01_fast,WF_p102_rainbow_01_fast_fold10_159742-8-0-1_SNR10dB.wav,16000,1.4433684349060059,9.03244400024414,0.8842685222625732,3.33170485496521,3.2363653837745567,1.897577677977744,2.020714884692912
