clean_file,enhanced_file,sampling_rate,PESQ,SI_SDR,STOI,DNSMOS_p808_mos,DNSMOS_mos_sig,DNSMOS_mos_bak,DNSMOS_mos_ovr
p101_sentences_21_regular,WF_p101_sentences_21_regular_fold10_14470-2-0-65_SNR10dB.wav,16000,1.6875171661376953,10.693160057067871,0.7541887760162354,2.7046796083450317,2.6034392605820895,2.3326922203725626,1.9384141599569111
