clean_file,enhanced_file,sampling_rate,PESQ,SI_SDR,STOI,DNSMOS_p808_mos,DNSMOS_mos_sig,DNSMOS_mos_bak,DNSMOS_mos_ovr
p105_rainbow_07_slow,WF_p105_rainbow_07_slow_fold10_74922-4-0-5_SNR10dB.wav,16000,1.137162685394287,6.931939125061035,0.7451086640357971,2.6611127512795583,2.8395679437943215,3.445407819952232,2.3700168033358753
