clean_file,enhanced_file,sampling_rate,PESQ,SI_SDR,STOI,DNSMOS_p808_mos,DNSMOS_mos_sig,DNSMOS_mos_bak,DNSMOS_mos_ovr
p105_emo_relief_sentences,WF_p105_emo_relief_sentences_fold10_72220-3-2-4_SNR10dB.wav,16000,1.5703576803207397,10.48154067993164,0.6407487988471985,3.189152638117472,4.0097202150949185,2.3748405609929932,2.7480511884716368
