clean_file,enhanced_file,sampling_rate,PESQ,SI_SDR,STOI,DNSMOS_p808_mos,DNSMOS_mos_sig,DNSMOS_mos_bak,DNSMOS_mos_ovr
p101_rainbow_07_slow,WF_p101_rainbow_07_slow_fold10_119067-0-0-2_SNR10dB.wav,16000,1.678260326385498,11.026162147521973,0.7385056018829346,3.111237491880144,2.9953202731449102,3.1089878995937745,2.394682789100549
