clean_file,enhanced_file,sampling_rate,PESQ,SI_SDR,STOI,DNSMOS_p808_mos,DNSMOS_mos_sig,DNSMOS_mos_bak,DNSMOS_mos_ovr
p105_sentences_01_whisper,WF_p105_sentences_01_whisper_fold10_7913-3-1-0_SNR10dB.wav,16000,1.4453421831130981,7.218952655792236,0.6938720941543579,3.545764514378139,2.844187283375333,3.6562202084047835,2.4665299559201794
