clean_file,enhanced_file,sampling_rate,PESQ,SI_SDR,STOI,DNSMOS_p808_mos,DNSMOS_mos_sig,DNSMOS_mos_bak,DNSMOS_mos_ovr
p106_rainbow_02_fast,WF_p106_rainbow_02_fast_fold10_99192-4-0-7_SNR10dB.wav,16000,1.195080280303955,10.777275085449219,0.8855725526809692,2.951249837875366,3.261611375116265,1.662288954748866,1.6493109594862707
