clean_file,enhanced_file,sampling_rate,PESQ,SI_SDR,STOI,DNSMOS_p808_mos,DNSMOS_mos_sig,DNSMOS_mos_bak,DNSMOS_mos_ovr
p103_emo_interest_freeform,WF_p103_emo_interest_freeform_fold10_167464-0-0-7_SNR10dB.wav,16000,1.6318292617797852,12.486429214477539,0.7626068592071533,3.1100996335347495,4.085494994344995,2.859972452663243,3.0579760011088175
