clean_file,enhanced_file,sampling_rate,PESQ,SI_SDR,STOI,DNSMOS_p808_mos,DNSMOS_mos_sig,DNSMOS_mos_bak,DNSMOS_mos_ovr
p101_rainbow_08_loud,WF_p101_rainbow_08_loud_fold10_128240-3-0-42_SNR10dB.wav,16000,1.462275505065918,9.990706443786621,0.8895440697669983,3.3057327270507812,4.058908358937232,1.771057180682723,2.306616083718318
