clean_file,enhanced_file,sampling_rate,PESQ,SI_SDR,STOI,DNSMOS_p808_mos,DNSMOS_mos_sig,DNSMOS_mos_bak,DNSMOS_mos_ovr
p105_melodic_happy_birthday,WF_p105_melodic_happy_birthday_fold10_73524-0-0-126_SNR10dB.wav,16000,1.7818617820739746,10.670459747314453,0.8301984071731567,3.0600932836532593,3.1626669004581123,2.337807632240327,2.197548096294553
