clean_file,enhanced_file,sampling_rate,PESQ,SI_SDR,STOI,DNSMOS_p808_mos,DNSMOS_mos_sig,DNSMOS_mos_bak,DNSMOS_mos_ovr
p103_sentences_15_regular,WF_p103_sentences_15_regular_fold10_188497-2-0-19_SNR10dB.wav,16000,1.7146780490875244,11.527390480041504,0.6423081159591675,2.999813365936279,3.909879843130907,2.7419156445736035,2.8996044047815297
