clean_file,enhanced_file,sampling_rate,PESQ,SI_SDR,STOI,DNSMOS_p808_mos,DNSMOS_mos_sig,DNSMOS_mos_bak,DNSMOS_mos_ovr
p104_emo_relief_sentences,WF_p104_emo_relief_sentences_fold10_196069-2-0-0_SNR10dB.wav,16000,1.285088300704956,9.82185173034668,0.841079831123352,3.388914108276367,4.268183432369834,2.4790889371172753,2.9417548001646954
