clean_file,enhanced_file,sampling_rate,PESQ,SI_SDR,STOI,DNSMOS_p808_mos,DNSMOS_mos_sig,DNSMOS_mos_bak,DNSMOS_mos_ovr
p101_nonverbal_cheering,WF_p101_nonverbal_cheering_fold10_103438-5-0-2_SNR10dB.wav,16000,1.3374139070510864,15.113292694091797,0.7518439888954163,2.4415647983551025,3.514453160972326,1.6690635237447142,2.0421219406164695
