clean_file,enhanced_file,sampling_rate,PESQ,SI_SDR,STOI,DNSMOS_p808_mos,DNSMOS_mos_sig,DNSMOS_mos_bak,DNSMOS_mos_ovr
p104_sentences_02_whisper,WF_p104_sentences_02_whisper_fold10_27070-2-0-8_SNR10dB.wav,16000,1.3106331825256348,10.806035995483398,0.7831243276596069,3.362646920340402,4.373877292929217,2.7442508121792533,3.0628087390353875
