clean_file,enhanced_file,sampling_rate,PESQ,SI_SDR,STOI,DNSMOS_p808_mos,DNSMOS_mos_sig,DNSMOS_mos_bak,DNSMOS_mos_ovr
p101_emo_fear_sentences,WF_p101_emo_fear_sentences_fold10_102857-5-0-16_SNR10dB.wav,16000,2.606058359146118,13.376193046569824,0.8436776995658875,3.191432203565325,4.151100742238858,3.1946083804280567,3.2385555482819868
