clean_file,enhanced_file,sampling_rate,PESQ,SI_SDR,STOI,DNSMOS_p808_mos,DNSMOS_mos_sig,DNSMOS_mos_bak,DNSMOS_mos_ovr
p103_emo_pride_sentences,WF_p103_emo_pride_sentences_fold10_169261-6-0-0_SNR10dB.wav,16000,1.8125033378601074,10.087400436401367,0.7545891404151917,3.396062135696411,4.169307955162963,2.7551184522523258,3.1392052067006873
