clean_file,enhanced_file,sampling_rate,PESQ,SI_SDR,STOI,DNSMOS_p808_mos,DNSMOS_mos_sig,DNSMOS_mos_bak,DNSMOS_mos_ovr
p103_rainbow_04_fast,WF_p103_rainbow_04_fast_fold10_178826-2-0-16_SNR10dB.wav,16000,1.3169554471969604,10.7031831741333,0.8578972816467285,2.959105928738912,4.29848429923322,2.213612556145836,2.7321995569353477
