clean_file,enhanced_file,sampling_rate,PESQ,SI_SDR,STOI,DNSMOS_p808_mos,DNSMOS_mos_sig,DNSMOS_mos_bak,DNSMOS_mos_ovr
p103_rainbow_02_slow,WF_p103_rainbow_02_slow_fold10_178261-7-3-2_SNR10dB.wav,16000,1.4009625911712646,13.2838773727417,0.6663241982460022,2.394115831170763,3.7554421508237157,2.6568352282716887,2.688244200913337
