clean_file,enhanced_file,sampling_rate,PESQ,SI_SDR,STOI,DNSMOS_p808_mos,DNSMOS_mos_sig,DNSMOS_mos_bak,DNSMOS_mos_ovr
p105_sentences_16_regular,WF_p105_sentences_16_regular_fold10_83195-9-0-7_SNR10dB.wav,16000,1.5324106216430664,8.34956169128418,0.5372116565704346,2.693574905395508,3.655252987834008,2.620118707285625,2.657465082685512
