clean_file,enhanced_file,sampling_rate,PESQ,SI_SDR,STOI,DNSMOS_p808_mos,DNSMOS_mos_sig,DNSMOS_mos_bak,DNSMOS_mos_ovr
p105_rainbow_06_loud,WF_p105_rainbow_06_loud_fold10_74364-8-1-5_SNR10dB.wav,16000,1.435392141342163,10.220041275024414,0.835988461971283,2.982984447479248,4.290577869511066,2.735468826330216,3.1487187274913504
