clean_file,enhanced_file,sampling_rate,PESQ,SI_SDR,STOI,DNSMOS_p808_mos,DNSMOS_mos_sig,DNSMOS_mos_bak,DNSMOS_mos_ovr
p101_rainbow_02_whisper,WF_p101_rainbow_02_whisper_fold10_11722-3-0-0_SNR10dB.wav,16000,1.2389018535614014,6.544735431671143,0.780548095703125,3.2534291744232178,3.8626763021515362,2.954382975011181,2.8954469217330994
