clean_file,enhanced_file,sampling_rate,PESQ,SI_SDR,STOI,DNSMOS_p808_mos,DNSMOS_mos_sig,DNSMOS_mos_bak,DNSMOS_mos_ovr
p103_sentences_01_whisper,WF_p103_sentences_01_whisper_fold10_181624-4-8-0_SNR10dB.wav,16000,1.0882983207702637,2.081777811050415,0.4248656928539276,2.8545630999973843,1.7340893316934571,3.4926602476135074,1.579073240253771
