clean_file,enhanced_file,sampling_rate,PESQ,SI_SDR,STOI,DNSMOS_p808_mos,DNSMOS_mos_sig,DNSMOS_mos_bak,DNSMOS_mos_ovr
p104_emo_neutral_freeform,WF_p104_emo_neutral_freeform_fold10_189985-0-0-0_SNR10dB.wav,16000,1.2187961339950562,12.306638717651367,0.8489097356796265,2.792318344116211,3.735055137675048,2.534559151002943,2.6346484562110564
