clean_file,enhanced_file,sampling_rate,PESQ,SI_SDR,STOI,DNSMOS_p808_mos,DNSMOS_mos_sig,DNSMOS_mos_bak,DNSMOS_mos_ovr
p101_sentences_01_regular,WF_p101_sentences_01_regular_fold10_129750-2-0-4_SNR10dB.wav,16000,1.6622397899627686,9.760814666748047,0.8180697560310364,3.080458641052246,4.287853102076425,2.41252369933719,2.949293147491793
