clean_file,enhanced_file,sampling_rate,PESQ,SI_SDR,STOI,DNSMOS_p808_mos,DNSMOS_mos_sig,DNSMOS_mos_bak,DNSMOS_mos_ovr
p101_rainbow_01_lowpitch,WF_p101_rainbow_01_lowpitch_fold10_115241-9-0-20_SNR10dB.wav,16000,1.3477102518081665,10.481029510498047,0.793427050113678,2.59187718800136,3.805761742733248,2.5841557925935033,2.7898704218070196
