clean_file,enhanced_file,sampling_rate,PESQ,SI_SDR,STOI,DNSMOS_p808_mos,DNSMOS_mos_sig,DNSMOS_mos_bak,DNSMOS_mos_ovr
p102_sentences_13_lowpitch,WF_p102_sentences_13_lowpitch_fold10_164194-2-0-18_SNR10dB.wav,16000,1.4862263202667236,10.33574104309082,0.7870442867279053,2.852176570892334,3.7955921661700898,2.096167692718754,2.480388501403314
