clean_file,enhanced_file,sampling_rate,PESQ,SI_SDR,STOI,DNSMOS_p808_mos,DNSMOS_mos_sig,DNSMOS_mos_bak,DNSMOS_mos_ovr
p101_sentences_01_lowpitch,WF_p101_sentences_01_lowpitch_fold10_129750-2-0-37_SNR10dB.wav,16000,1.4942530393600464,10.165750503540039,0.8565850853919983,3.059413433074951,4.132269360235182,1.9720160593497913,2.479495055367953
