clean_file,enhanced_file,sampling_rate,PESQ,SI_SDR,STOI,DNSMOS_p808_mos,DNSMOS_mos_sig,DNSMOS_mos_bak,DNSMOS_mos_ovr
p102_rainbow_03_loud,WF_p102_rainbow_03_loud_fold10_162134-7-0-2_SNR10dB.wav,16000,1.270107388496399,12.444635391235352,0.8973377346992493,2.528366486231486,4.065569134005092,2.0071325604576837,2.56549070055473
