clean_file,enhanced_file,sampling_rate,PESQ,SI_SDR,STOI,DNSMOS_p808_mos,DNSMOS_mos_sig,DNSMOS_mos_bak,DNSMOS_mos_ovr
p102_sentences_14_lowpitch,WF_p102_sentences_14_lowpitch_fold10_164194-2-0-24_SNR10dB.wav,16000,1.4362636804580688,11.345190048217773,0.7556923627853394,3.072990894317627,3.751689832840066,2.82424264278461,2.88948761482001
