clean_file,enhanced_file,sampling_rate,PESQ,SI_SDR,STOI,DNSMOS_p808_mos,DNSMOS_mos_sig,DNSMOS_mos_bak,DNSMOS_mos_ovr
p104_emo_fear_sentences,WF_p104_emo_fear_sentences_fold10_189982-0-0-43_SNR10dB.wav,16000,1.9166864156723022,14.987180709838867,0.6868581175804138,3.263376077016195,3.048739076514746,2.595780871751749,2.188274953981296
