clean_file,enhanced_file,sampling_rate,PESQ,SI_SDR,STOI,DNSMOS_p808_mos,DNSMOS_mos_sig,DNSMOS_mos_bak,DNSMOS_mos_ovr
p105_vegetative_throat,WF_p105_vegetative_throat_fold10_83502-0-0-7_SNR10dB.wav,16000,1.6143875122070312,13.781593322753906,0.7432016134262085,2.6663297414779663,2.2891566511713872,1.9617978251438468,1.679512488575972
