clean_file,enhanced_file,sampling_rate,PESQ,SI_SDR,STOI,DNSMOS_p808_mos,DNSMOS_mos_sig,DNSMOS_mos_bak,DNSMOS_mos_ovr
p102_emo_amazement_sentences,WF_p102_emo_amazement_sentences_fold10_155241-9-0-69_SNR10dB.wav,16000,1.4107840061187744,11.31683349609375,0.8659794926643372,2.5815276145935058,3.239757275743621,1.9657378330330268,2.12323857244167
