clean_file,enhanced_file,sampling_rate,PESQ,SI_SDR,STOI,DNSMOS_p808_mos,DNSMOS_mos_sig,DNSMOS_mos_bak,DNSMOS_mos_ovr
p101_rainbow_01_highpitch,WF_p101_rainbow_01_highpitch_fold10_115241-9-0-14_SNR10dB.wav,16000,1.649848461151123,11.357335090637207,0.9082019329071045,2.834646542867025,2.7171702723669973,1.9356853221208585,1.7895741323988759
