clean_file,enhanced_file,sampling_rate,PESQ,SI_SDR,STOI,DNSMOS_p808_mos,DNSMOS_mos_sig,DNSMOS_mos_bak,DNSMOS_mos_ovr
p101_sentences_02_whisper,WF_p101_sentences_02_whisper_fold10_136558-9-1-39_SNR10dB.wav,16000,1.3266644477844238,5.55075740814209,0.6633809804916382,2.6127790451049804,1.4925232404188864,2.44172300677452,1.3522218764431844
