clean_file,enhanced_file,sampling_rate,PESQ,SI_SDR,STOI,DNSMOS_p808_mos,DNSMOS_mos_sig,DNSMOS_mos_bak,DNSMOS_mos_ovr
p105_emo_amusement_sentences,WF_p105_emo_amusement_sentences_fold10_39847-5-0-2_SNR10dB.wav,16000,1.5372790098190308,12.295587539672852,0.5448592305183411,2.54011413029262,3.1917623854040644,2.6493675186149193,2.358235889212532
