clean_file,enhanced_file,sampling_rate,PESQ,SI_SDR,STOI,DNSMOS_p808_mos,DNSMOS_mos_sig,DNSMOS_mos_bak,DNSMOS_mos_ovr
p102_emo_distress_freeform,WF_p102_emo_distress_freeform_fold10_155280-2-0-5_SNR10dB.wav,16000,2.2639665603637695,12.296649932861328,0.9493655562400818,3.411554288864136,3.9739786076838817,2.179615370200742,2.5873537547720744
