clean_file,enhanced_file,sampling_rate,PESQ,SI_SDR,STOI,DNSMOS_p808_mos,DNSMOS_mos_sig,DNSMOS_mos_bak,DNSMOS_mos_ovr
p101_sentences_05_loud,WF_p101_sentences_05_loud_fold10_138017-9-1-10_SNR10dB.wav,16000,1.7599369287490845,11.68460464477539,0.7347577810287476,2.9736036459604898,2.886424225181745,2.86199247789787,2.2908220809104027
