clean_file,enhanced_file,sampling_rate,PESQ,SI_SDR,STOI,DNSMOS_p808_mos,DNSMOS_mos_sig,DNSMOS_mos_bak,DNSMOS_mos_ovr
p101_emo_sadness_sentences,WF_p101_emo_sadness_sentences_fold10_102857-5-0-30_SNR10dB.wav,16000,2.6571223735809326,12.594337463378906,0.9366448521614075,3.695855583463396,4.358721720466699,4.078959108596727,3.9098973999731763
