clean_file,enhanced_file,sampling_rate,PESQ,SI_SDR,STOI,DNSMOS_p808_mos,DNSMOS_mos_sig,DNSMOS_mos_bak,DNSMOS_mos_ovr
p105_nonverbal_crying,WF_p105_nonverbal_crying_fold10_73524-0-0-128_SNR10dB.wav,16000,1.9361331462860107,13.297940254211426,0.7846001386642456,2.5769799777439664,2.400610428740177,2.697226764303597,1.76291733150429
