clean_file,enhanced_file,sampling_rate,PESQ,SI_SDR,STOI,DNSMOS_p808_mos,DNSMOS_mos_sig,DNSMOS_mos_bak,DNSMOS_mos_ovr
p101_emo_neutral_freeform,WF_p101_emo_neutral_freeform_fold10_102857-5-0-20_SNR10dB.wav,16000,2.13696026802063,10.784646034240723,0.8872707486152649,3.5355703149523054,3.985701507766135,3.5509075927166394,3.3070318792528437
