clean_file,enhanced_file,sampling_rate,PESQ,SI_SDR,STOI,DNSMOS_p808_mos,DNSMOS_mos_sig,DNSMOS_mos_bak,DNSMOS_mos_ovr
p105_rainbow_01_loud,WF_p105_rainbow_01_loud_fold10_73524-0-0-32_SNR10dB.wav,16000,1.9512922763824463,10.433979034423828,0.8847295641899109,3.6099603176116943,3.8842475304785324,3.5628360663005587,3.283625217088514
