clean_file,enhanced_file,sampling_rate,PESQ,SI_SDR,STOI,DNSMOS_p808_mos,DNSMOS_mos_sig,DNSMOS_mos_bak,DNSMOS_mos_ovr
p103_sentences_13_lowpitch,WF_p103_sentences_13_lowpitch_fold10_188497-2-0-11_SNR10dB.wav,16000,1.4539086818695068,11.737024307250977,0.7678795456886292,2.681832824434553,3.479331732191242,2.068385135065022,2.2516594569293007
