clean_file,enhanced_file,sampling_rate,PESQ,SI_SDR,STOI,DNSMOS_p808_mos,DNSMOS_mos_sig,DNSMOS_mos_bak,DNSMOS_mos_ovr
p104_rainbow_01_fast,WF_p104_rainbow_01_fast_fold10_199261-3-0-0_SNR10dB.wav,16000,1.4046168327331543,9.296299934387207,0.8845250010490417,3.481252431869507,3.9600178573618106,2.2028146801973545,2.453654586366608
