clean_file,enhanced_file,sampling_rate,PESQ,SI_SDR,STOI,DNSMOS_p808_mos,DNSMOS_mos_sig,DNSMOS_mos_bak,DNSMOS_mos_ovr
p104_nonverbal_cheering,WF_p104_nonverbal_cheering_fold10_197554-2-0-28_SNR10dB.wav,16000,1.4368987083435059,16.65896224975586,0.7629106640815735,2.6218788623809814,3.723794873890145,2.0893923196058397,2.469648321231194
