clean_file,enhanced_file,sampling_rate,PESQ,SI_SDR,STOI,DNSMOS_p808_mos,DNSMOS_mos_sig,DNSMOS_mos_bak,DNSMOS_mos_ovr
p106_emo_extasy_sentences,WF_p106_emo_extasy_sentences_fold10_93567-8-0-15_SNR10dB.wav,16000,1.5574191808700562,12.56755256652832,0.7998868823051453,2.7922523021698,4.0223109911978,2.357166779184256,2.696905849370226
