clean_file,enhanced_file,sampling_rate,PESQ,SI_SDR,STOI,DNSMOS_p808_mos,DNSMOS_mos_sig,DNSMOS_mos_bak,DNSMOS_mos_ovr
p104_nonverbal_screaming,WF_p104_nonverbal_screaming_fold10_197554-2-0-74_SNR10dB.wav,16000,1.867372751235962,11.59782886505127,0.6449506282806396,2.902952194213867,2.7919061490405825,1.7417621775237266,1.6077524207382654
