clean_file,enhanced_file,sampling_rate,PESQ,SI_SDR,STOI,DNSMOS_p808_mos,DNSMOS_mos_sig,DNSMOS_mos_bak,DNSMOS_mos_ovr
p103_sentences_12_highpitch,WF_p103_sentences_12_highpitch_fold10_188497-2-0-1_SNR10dB.wav,16000,1.594026803970337,12.51014232635498,0.535139262676239,2.5692264352525984,3.369733010990287,2.142070422197166,2.156850624855634
