clean_file,enhanced_file,sampling_rate,PESQ,SI_SDR,STOI,DNSMOS_p808_mos,DNSMOS_mos_sig,DNSMOS_mos_bak,DNSMOS_mos_ovr
p105_emo_confusion_sentences,WF_p105_emo_confusion_sentences_fold10_39847-5-0-6_SNR10dB.wav,16000,1.7261630296707153,11.823335647583008,0.4753267168998718,2.3393609523773193,2.510523081929535,2.8476728962339934,2.0131252285790278
