clean_file,enhanced_file,sampling_rate,PESQ,SI_SDR,STOI,DNSMOS_p808_mos,DNSMOS_mos_sig,DNSMOS_mos_bak,DNSMOS_mos_ovr
p103_emo_amusement_freeform,WF_p103_emo_amusement_freeform_fold10_165166-8-0-8_SNR10dB.wav,16000,1.5855484008789062,10.333675384521484,0.8602432012557983,2.752540866533915,4.2813136350294,2.0572043929219475,2.588877205151713
