clean_file,enhanced_file,sampling_rate,PESQ,SI_SDR,STOI,DNSMOS_p808_mos,DNSMOS_mos_sig,DNSMOS_mos_bak,DNSMOS_mos_ovr
p102_rainbow_06_highpitch,WF_p102_rainbow_06_highpitch_fold10_162134-7-13-1_SNR10dB.wav,16000,1.1399646997451782,12.871736526489258,0.7571983933448792,2.2303723096847534,3.6575928878885673,1.833154418550916,2.14662784876948
