clean_file,enhanced_file,sampling_rate,PESQ,SI_SDR,STOI,DNSMOS_p808_mos,DNSMOS_mos_sig,DNSMOS_mos_bak,DNSMOS_mos_ovr
p104_emo_distress_freeform,WF_p104_emo_distress_freeform_fold10_189982-0-0-33_SNR10dB.wav,16000,1.7431988716125488,13.3784761428833,0.8245822191238403,3.128913164138794,3.8599106692416587,3.085075541415571,2.9708840942230026
