clean_file,enhanced_file,sampling_rate,PESQ,SI_SDR,STOI,DNSMOS_p808_mos,DNSMOS_mos_sig,DNSMOS_mos_bak,DNSMOS_mos_ovr
p101_rainbow_08_highpitch,WF_p101_rainbow_08_highpitch_fold10_128240-3-0-39_SNR10dB.wav,16000,1.5218288898468018,9.93820858001709,0.867148756980896,3.2892787059148154,4.290657359765415,2.143330001403957,2.736665999909999
