clean_file,enhanced_file,sampling_rate,PESQ,SI_SDR,STOI,DNSMOS_p808_mos,DNSMOS_mos_sig,DNSMOS_mos_bak,DNSMOS_mos_ovr
p102_rainbow_04_whisper,WF_p102_rainbow_04_whisper_fold10_162134-7-11-5_SNR10dB.wav,16000,1.1129536628723145,8.597896575927734,0.7106815576553345,2.558434247970581,1.7311103437707918,2.124652278659614,1.2126173090355725
