clean_file,enhanced_file,sampling_rate,PESQ,SI_SDR,STOI,DNSMOS_p808_mos,DNSMOS_mos_sig,DNSMOS_mos_bak,DNSMOS_mos_ovr
p101_sentences_03_whisper,WF_p101_sentences_03_whisper_fold10_138017-9-0-2_SNR10dB.wav,16000,1.201078176498413,5.666294574737549,0.5433345437049866,2.839622894922892,1.622570316610888,3.0455628542906354,1.3904630158077207
