clean_file,enhanced_file,sampling_rate,PESQ,SI_SDR,STOI,DNSMOS_p808_mos,DNSMOS_mos_sig,DNSMOS_mos_bak,DNSMOS_mos_ovr
p103_rainbow_07_highpitch,WF_p103_rainbow_07_highpitch_fold10_180127-4-0-21_SNR10dB.wav,16000,1.588967204093933,13.833282470703125,0.7285569310188293,2.769881623131888,3.3600012573871765,1.9548499768658014,2.0525626040869525
