clean_file,enhanced_file,sampling_rate,PESQ,SI_SDR,STOI,DNSMOS_p808_mos,DNSMOS_mos_sig,DNSMOS_mos_bak,DNSMOS_mos_ovr
p103_emo_disgust_freeform,WF_p103_emo_disgust_freeform_fold10_167464-0-0-18_SNR10dB.wav,16000,1.8611116409301758,14.299849510192871,0.7938253283500671,3.1046842506953647,3.94718009254778,2.875035201812149,2.96476171553074
