clean_file,enhanced_file,sampling_rate,PESQ,SI_SDR,STOI,DNSMOS_p808_mos,DNSMOS_mos_sig,DNSMOS_mos_bak,DNSMOS_mos_ovr
p105_rainbow_04_fast,WF_p105_rainbow_04_fast_fold10_74364-8-1-15_SNR10dB.wav,16000,1.1211081743240356,10.085180282592773,0.8589287400245667,3.3536634922027586,4.3434506715191095,2.9172074549700353,3.2583080676515594
