clean_file,enhanced_file,sampling_rate,PESQ,SI_SDR,STOI,DNSMOS_p808_mos,DNSMOS_mos_sig,DNSMOS_mos_bak,DNSMOS_mos_ovr
p106_emo_extasy_freeform,WF_p106_emo_extasy_freeform_fold10_93567-8-0-14_SNR10dB.wav,16000,1.4214818477630615,12.648927688598633,0.7957370281219482,2.9032901355198453,3.5970476645758174,2.1130224089518874,2.3142741294949083
