clean_file,enhanced_file,sampling_rate,PESQ,SI_SDR,STOI,DNSMOS_p808_mos,DNSMOS_mos_sig,DNSMOS_mos_bak,DNSMOS_mos_ovr
p104_emo_contentment_sentences,WF_p104_emo_contentment_sentences_fold10_189982-0-0-18_SNR10dB.wav,16000,1.527755856513977,10.913801193237305,0.7186630964279175,3.3484935760498047,3.3181278045009392,3.295800638480016,2.676507318034271
