clean_file,enhanced_file,sampling_rate,PESQ,SI_SDR,STOI,DNSMOS_p808_mos,DNSMOS_mos_sig,DNSMOS_mos_bak,DNSMOS_mos_ovr
p106_interjection_agreement,WF_p106_interjection_agreement_fold10_99192-4-0-24_SNR10dB.wav,16000,1.5660183429718018,11.353363037109375,0.7661297917366028,2.6639572779337564,3.727611867484029,1.724885306550618,2.017750338403966
