clean_file,enhanced_file,sampling_rate,PESQ,SI_SDR,STOI,DNSMOS_p808_mos,DNSMOS_mos_sig,DNSMOS_mos_bak,DNSMOS_mos_ovr
p101_emo_adoration_freeform,WF_p101_emo_adoration_freeform_fold10_100648-1-0-0_SNR10dB.wav,16000,1.5289132595062256,9.960058212280273,0.6898662447929382,2.758264814104353,3.242671764688269,2.6558313111804543,2.411017216668688
