clean_file,enhanced_file,sampling_rate,PESQ,SI_SDR,STOI,DNSMOS_p808_mos,DNSMOS_mos_sig,DNSMOS_mos_bak,DNSMOS_mos_ovr
p104_rainbow_04_lowpitch,WF_p104_rainbow_04_lowpitch_fold10_203424-9-0-18_SNR10dB.wav,16000,1.1848833560943604,10.59785270690918,0.8119590878486633,2.5930141380855014,4.128543459579153,2.2795051039266454,2.6671864410205095
