clean_file,enhanced_file,sampling_rate,PESQ,SI_SDR,STOI,DNSMOS_p808_mos,DNSMOS_mos_sig,DNSMOS_mos_bak,DNSMOS_mos_ovr
p103_sentences_14_lowpitch,WF_p103_sentences_14_lowpitch_fold10_188497-2-0-17_SNR10dB.wav,16000,1.5470082759857178,12.352656364440918,0.7478049397468567,2.7771842820303783,3.6596509009197957,2.0065604750708124,2.2901719763656336
