clean_file,enhanced_file,sampling_rate,PESQ,SI_SDR,STOI,DNSMOS_p808_mos,DNSMOS_mos_sig,DNSMOS_mos_bak,DNSMOS_mos_ovr
p104_sentences_23_regular,WF_p104_sentences_23_regular_fold10_34050-7-1-0_SNR10dB.wav,16000,1.3376022577285767,11.575590133666992,0.6709796190261841,2.9438259260995046,4.2439668171963705,2.479445728865667,2.924879802260375
