clean_file,enhanced_file,sampling_rate,PESQ,SI_SDR,STOI,DNSMOS_p808_mos,DNSMOS_mos_sig,DNSMOS_mos_bak,DNSMOS_mos_ovr
p104_emo_disappointment_freeform,WF_p104_emo_disappointment_freeform_fold10_189982-0-0-27_SNR10dB.wav,16000,1.6116855144500732,11.752021789550781,0.8763080835342407,3.1771576404571533,3.6388725508407735,3.1915126261398026,2.910204201670648
