clean_file,enhanced_file,sampling_rate,PESQ,SI_SDR,STOI,DNSMOS_p808_mos,DNSMOS_mos_sig,DNSMOS_mos_bak,DNSMOS_mos_ovr
p105_emo_pain_freeform,WF_p105_emo_pain_freeform_fold10_71312-3-0-1_SNR10dB.wav,16000,1.4646360874176025,9.66788101196289,0.730610728263855,3.2693862915039062,4.137590606808875,2.26912276063147,2.629945183011986
