clean_file,enhanced_file,sampling_rate,PESQ,SI_SDR,STOI,DNSMOS_p808_mos,DNSMOS_mos_sig,DNSMOS_mos_bak,DNSMOS_mos_ovr
p103_sentences_19_regular,WF_p103_sentences_19_regular_fold10_188813-7-0-0_SNR10dB.wav,16000,1.3356577157974243,11.465927124023438,0.7017415761947632,2.706707375390189,4.2035195509594745,2.397857228303572,2.8346719435323062
