clean_file,enhanced_file,sampling_rate,PESQ,SI_SDR,STOI,DNSMOS_p808_mos,DNSMOS_mos_sig,DNSMOS_mos_bak,DNSMOS_mos_ovr
p104_rainbow_06_whisper,WF_p104_rainbow_06_whisper_fold10_208652-8-2-0_SNR10dB.wav,16000,1.2267098426818848,5.942890167236328,0.7475353479385376,2.9828896522521973,1.990930766214704,3.110706317004055,1.7419223787863796
