clean_file,enhanced_file,sampling_rate,PESQ,SI_SDR,STOI,DNSMOS_p808_mos,DNSMOS_mos_sig,DNSMOS_mos_bak,DNSMOS_mos_ovr
p101_melodic_happy_birthday,WF_p101_melodic_happy_birthday_fold10_103438-5-0-1_SNR10dB.wav,16000,1.5115379095077515,12.369176864624023,0.6768219470977783,2.6472257375717163,4.144318843930249,1.860139500167589,2.4129913830139245
