clean_file,enhanced_file,sampling_rate,PESQ,SI_SDR,STOI,DNSMOS_p808_mos,DNSMOS_mos_sig,DNSMOS_mos_bak,DNSMOS_mos_ovr
p105_sentences_12_highpitch,WF_p105_sentences_12_highpitch_fold10_83195-9-0-14_SNR10dB.wav,16000,1.3233287334442139,11.059242248535156,0.5170981287956238,2.409526382173811,2.9722934578180733,2.480537369726626,2.007322731336103
