clean_file,enhanced_file,sampling_rate,PESQ,SI_SDR,STOI,DNSMOS_p808_mos,DNSMOS_mos_sig,DNSMOS_mos_bak,DNSMOS_mos_ovr
p102_rainbow_05_regular,WF_p102_rainbow_05_regular_fold10_162134-7-12-2_SNR10dB.wav,16000,1.150112509727478,10.172490119934082,0.8349816799163818,2.610460090637207,4.169112244266654,2.0302173726738104,2.639619572326871
