clean_file,enhanced_file,sampling_rate,PESQ,SI_SDR,STOI,DNSMOS_p808_mos,DNSMOS_mos_sig,DNSMOS_mos_bak,DNSMOS_mos_ovr
p103_emo_fear_sentences,WF_p103_emo_fear_sentences_fold10_167464-0-0-4_SNR10dB.wav,16000,1.685511827468872,13.460731506347656,0.6343505382537842,3.2371524969736734,4.0368796629228685,2.9251964895239824,3.1295840851354124
