clean_file,enhanced_file,sampling_rate,PESQ,SI_SDR,STOI,DNSMOS_p808_mos,DNSMOS_mos_sig,DNSMOS_mos_bak,DNSMOS_mos_ovr
p104_rainbow_08_loud,WF_p104_rainbow_08_loud_fold10_23218-5-0-0_SNR10dB.wav,16000,1.301695704460144,12.632421493530273,0.9075162410736084,3.1381784847804477,3.951781402632285,2.704191167739095,2.855352906573466
