clean_file,enhanced_file,sampling_rate,PESQ,SI_SDR,STOI,DNSMOS_p808_mos,DNSMOS_mos_sig,DNSMOS_mos_bak,DNSMOS_mos_ovr
p104_sentences_02_lowpitch,WF_p104_sentences_02_lowpitch_fold10_27070-2-0-4_SNR10dB.wav,16000,1.3457722663879395,11.801870346069336,0.8250524997711182,2.6122537681034634,4.37041666387458,2.6302615210810987,3.061646904070713
