clean_file,enhanced_file,sampling_rate,PESQ,SI_SDR,STOI,DNSMOS_p808_mos,DNSMOS_mos_sig,DNSMOS_mos_bak,DNSMOS_mos_ovr
p102_rainbow_02_lowpitch,WF_p102_rainbow_02_lowpitch_fold10_159742-8-0-6_SNR10dB.wav,16000,1.680445671081543,9.994029998779297,0.9153649210929871,3.9512100219726562,4.348535900765284,1.9874653724323845,2.6576714567362036
