clean_file,enhanced_file,sampling_rate,PESQ,SI_SDR,STOI,DNSMOS_p808_mos,DNSMOS_mos_sig,DNSMOS_mos_bak,DNSMOS_mos_ovr
p104_nonverbal_yelling,WF_p104_nonverbal_yelling_fold10_197554-2-0-82_SNR10dB.wav,16000,2.1465203762054443,11.77900505065918,0.9232437014579773,2.478337526321411,3.838789536370868,2.7430209480862535,2.7415444472683324
