clean_file,enhanced_file,sampling_rate,PESQ,SI_SDR,STOI,DNSMOS_p808_mos,DNSMOS_mos_sig,DNSMOS_mos_bak,DNSMOS_mos_ovr
p105_sentences_01_loud,WF_p105_sentences_01_loud_fold10_77927-3-0-1_SNR10dB.wav,16000,1.7200682163238525,9.78329086303711,0.8672359585762024,3.0634907245635987,4.271508369858145,2.353514913058988,2.885923446232748
