clean_file,enhanced_file,sampling_rate,PESQ,SI_SDR,STOI,DNSMOS_p808_mos,DNSMOS_mos_sig,DNSMOS_mos_bak,DNSMOS_mos_ovr
p101_emo_cuteness_freeform,WF_p101_emo_cuteness_freeform_fold10_101382-2-0-21_SNR10dB.wav,16000,1.4541853666305542,8.177532196044922,0.7529929280281067,2.93056458234787,4.311609945050696,2.358113006658524,2.915453446709269
