clean_file,enhanced_file,sampling_rate,PESQ,SI_SDR,STOI,DNSMOS_p808_mos,DNSMOS_mos_sig,DNSMOS_mos_bak,DNSMOS_mos_ovr
p104_rainbow_06_fast,WF_p104_rainbow_06_fast_fold10_207213-2-0-41_SNR10dB.wav,16000,1.2793869972229004,11.104825973510742,0.8574178218841553,2.8959386348724365,3.7200254545814553,2.1551207199753906,2.457286016048639
