clean_file,enhanced_file,sampling_rate,PESQ,SI_SDR,STOI,DNSMOS_p808_mos,DNSMOS_mos_sig,DNSMOS_mos_bak,DNSMOS_mos_ovr
p104_rainbow_08_lowpitch,WF_p104_rainbow_08_lowpitch_fold10_24076-1-0-0_SNR10dB.wav,16000,1.1811587810516357,10.372062683105469,0.8331728577613831,2.683936902454921,4.28190818834254,2.4805303178677827,2.873744281441147
