clean_file,enhanced_file,sampling_rate,PESQ,SI_SDR,STOI,DNSMOS_p808_mos,DNSMOS_mos_sig,DNSMOS_mos_bak,DNSMOS_mos_ovr
p105_rainbow_03_lowpitch,WF_p105_rainbow_03_lowpitch_fold10_74364-8-1-11_SNR10dB.wav,16000,1.5768342018127441,9.26513385772705,0.8532878756523132,3.128494930267334,4.037719862829592,2.250733059576569,2.6574732689520393
