clean_file,enhanced_file,sampling_rate,PESQ,SI_SDR,STOI,DNSMOS_p808_mos,DNSMOS_mos_sig,DNSMOS_mos_bak,DNSMOS_mos_ovr
p101_rainbow_07_whisper,WF_p101_rainbow_07_whisper_fold10_128240-3-0-1_SNR10dB.wav,16000,1.5383564233779907,7.837334156036377,0.8813241124153137,3.310725450515747,3.8590533117224886,1.896269684084778,2.271988283941975
