clean_file,enhanced_file,sampling_rate,PESQ,SI_SDR,STOI,DNSMOS_p808_mos,DNSMOS_mos_sig,DNSMOS_mos_bak,DNSMOS_mos_ovr
p104_sentences_19_regular,WF_p104_sentences_19_regular_fold10_30344-3-0-1_SNR10dB.wav,16000,1.7071936130523682,9.310595512390137,0.8051620125770569,3.7341753244400024,4.088875766139346,2.8942271903761316,3.049360772124525
