clean_file,enhanced_file,sampling_rate,PESQ,SI_SDR,STOI,DNSMOS_p808_mos,DNSMOS_mos_sig,DNSMOS_mos_bak,DNSMOS_mos_ovr
p103_emo_interest_sentences,WF_p103_emo_interest_sentences_fold10_167464-0-0-8_SNR10dB.wav,16000,1.6314220428466797,11.915779113769531,0.5486634969711304,3.233345150947571,3.6651334844120345,2.7330165094392984,2.669335395481806
