clean_file,enhanced_file,sampling_rate,PESQ,SI_SDR,STOI,DNSMOS_p808_mos,DNSMOS_mos_sig,DNSMOS_mos_bak,DNSMOS_mos_ovr
p104_emo_extasy_freeform,WF_p104_emo_extasy_freeform_fold10_189982-0-0-39_SNR10dB.wav,16000,1.8122262954711914,15.662322044372559,0.6975446343421936,3.1355694702693393,3.52604113545436,2.806641521845047,2.6565658012402307
