clean_file,enhanced_file,sampling_rate,PESQ,SI_SDR,STOI,DNSMOS_p808_mos,DNSMOS_mos_sig,DNSMOS_mos_bak,DNSMOS_mos_ovr
p104_rainbow_04_loud,WF_p104_rainbow_04_loud_fold10_203424-9-0-15_SNR10dB.wav,16000,1.1958941221237183,10.145216941833496,0.8255887031555176,2.772475923810686,4.189807620408175,2.4338368945961593,2.8897395960519647
