clean_file,enhanced_file,sampling_rate,PESQ,SI_SDR,STOI,DNSMOS_p808_mos,DNSMOS_mos_sig,DNSMOS_mos_bak,DNSMOS_mos_ovr
p103_rainbow_07_whisper,WF_p103_rainbow_07_whisper_fold10_180127-4-0-6_SNR10dB.wav,16000,1.1540546417236328,5.968900203704834,0.5288894176483154,3.0863005433763777,1.9606225243074105,3.7768433676147453,1.7716763928671224
