clean_file,enhanced_file,sampling_rate,PESQ,SI_SDR,STOI,DNSMOS_p808_mos,DNSMOS_mos_sig,DNSMOS_mos_bak,DNSMOS_mos_ovr
p104_rainbow_06_regular,WF_p104_rainbow_06_regular_fold10_207213-2-0-85_SNR10dB.wav,16000,1.3718527555465698,10.117573738098145,0.8506303429603577,3.110762635866801,4.084405404033174,2.140062498179549,2.570757143716516
