clean_file,enhanced_file,sampling_rate,PESQ,SI_SDR,STOI,DNSMOS_p808_mos,DNSMOS_mos_sig,DNSMOS_mos_bak,DNSMOS_mos_ovr
p106_emo_pride_freeform,WF_p106_emo_pride_freeform_fold10_93567-8-0-8_SNR10dB.wav,16000,1.3579645156860352,10.399845123291016,0.7944296598434448,2.9766790185655867,4.012483816038913,2.253854003929583,2.576273022815021
