clean_file,enhanced_file,sampling_rate,PESQ,SI_SDR,STOI,DNSMOS_p808_mos,DNSMOS_mos_sig,DNSMOS_mos_bak,DNSMOS_mos_ovr
p105_vegetative_coughing,WF_p105_vegetative_coughing_fold10_83502-0-0-4_SNR10dB.wav,16000,1.777583122253418,13.233246803283691,0.8153519630432129,2.7627785205841064,2.4360210073545097,1.9415877442021314,1.7308706007440757
