clean_file,enhanced_file,sampling_rate,PESQ,SI_SDR,STOI,DNSMOS_p808_mos,DNSMOS_mos_sig,DNSMOS_mos_bak,DNSMOS_mos_ovr
p103_sentences_10_fast,WF_p103_sentences_10_fast_fold10_187863-4-0-5_SNR10dB.wav,16000,1.147409200668335,10.623785018920898,0.8966333866119385,2.7777920961380005,4.3866511232365335,3.3151540657963463,3.487420059299483
