clean_file,enhanced_file,sampling_rate,PESQ,SI_SDR,STOI,DNSMOS_p808_mos,DNSMOS_mos_sig,DNSMOS_mos_bak,DNSMOS_mos_ovr
p102_emo_serenity_freeform,WF_p102_emo_serenity_freeform_fold10_157207-6-0-0_SNR10dB.wav,16000,2.3200764656066895,8.838741302490234,0.8740567564964294,3.7943114042282104,4.050833284643805,3.5342314502525105,3.3477962679291746
