clean_file,enhanced_file,sampling_rate,PESQ,SI_SDR,STOI,DNSMOS_p808_mos,DNSMOS_mos_sig,DNSMOS_mos_bak,DNSMOS_mos_ovr
p102_nonverbal_crying,WF_p102_nonverbal_crying_fold10_157207-6-8-0_SNR10dB.wav,16000,1.4306256771087646,9.692028045654297,0.7124972343444824,2.740271965662638,3.757496350537258,2.4538014057368236,2.6096189399511713
