clean_file,enhanced_file,sampling_rate,PESQ,SI_SDR,STOI,DNSMOS_p808_mos,DNSMOS_mos_sig,DNSMOS_mos_bak,DNSMOS_mos_ovr
p104_rainbow_02_highpitch,WF_p104_rainbow_02_highpitch_fold10_200460-6-4-0_SNR10dB.wav,16000,1.4554200172424316,10.103780746459961,0.9217789769172668,3.739854097366333,4.394923565093556,4.165302812394453,3.9561248212934683
