clean_file,enhanced_file,sampling_rate,PESQ,SI_SDR,STOI,DNSMOS_p808_mos,DNSMOS_mos_sig,DNSMOS_mos_bak,DNSMOS_mos_ovr
p105_sentences_02_slow,WF_p105_sentences_02_slow_fold10_7965-3-3-0_SNR10dB.wav,16000,1.9527676105499268,9.958062171936035,0.6640886664390564,3.415302276611328,3.721472552562742,4.107091362532897,3.268159320666715
