clean_file,enhanced_file,sampling_rate,PESQ,SI_SDR,STOI,DNSMOS_p808_mos,DNSMOS_mos_sig,DNSMOS_mos_bak,DNSMOS_mos_ovr
p103_rainbow_02_fast,WF_p103_rainbow_02_fast_fold10_178261-7-0-0_SNR10dB.wav,16000,1.1660065650939941,10.718374252319336,0.8900765776634216,2.9115285873413086,4.04027359435065,2.624298849439228,2.839377633537503
