clean_file,enhanced_file,sampling_rate,PESQ,SI_SDR,STOI,DNSMOS_p808_mos,DNSMOS_mos_sig,DNSMOS_mos_bak,DNSMOS_mos_ovr
p105_emo_amazement_sentences,WF_p105_emo_amazement_sentences_fold10_39847-5-0-11_SNR10dB.wav,16000,1.4802672863006592,12.119141578674316,0.6420208811759949,2.679288387298584,3.0328801206104408,2.3151975368008877,2.3122664259524845
