clean_file,enhanced_file,sampling_rate,PESQ,SI_SDR,STOI,DNSMOS_p808_mos,DNSMOS_mos_sig,DNSMOS_mos_bak,DNSMOS_mos_ovr
p101_rainbow_06_slow,WF_p101_rainbow_06_slow_fold10_118558-5-1-2_SNR10dB.wav,16000,2.115020513534546,10.765745162963867,0.7233978509902954,3.2644900935036794,3.2419740961768233,3.8606872731451456,2.823768973823578
