clean_file,enhanced_file,sampling_rate,PESQ,SI_SDR,STOI,DNSMOS_p808_mos,DNSMOS_mos_sig,DNSMOS_mos_bak,DNSMOS_mos_ovr
p101_nonverbal_laughter_open,WF_p101_nonverbal_laughter_open_fold10_106014-5-0-2_SNR10dB.wav,16000,1.9330062866210938,16.964853286743164,0.8538345694541931,2.5475881099700928,3.0721223365920567,2.734079495160721,2.48505352866404
