clean_file,enhanced_file,sampling_rate,PESQ,SI_SDR,STOI,DNSMOS_p808_mos,DNSMOS_mos_sig,DNSMOS_mos_bak,DNSMOS_mos_ovr
p105_emo_anger_freeform,WF_p105_emo_anger_freeform_fold10_39847-5-0-3_SNR10dB.wav,16000,1.3583595752716064,12.813114166259766,0.791627824306488,2.7352211475372314,3.568571378750796,2.3969473266848187,2.5401573098393704
