clean_file,enhanced_file,sampling_rate,PESQ,SI_SDR,STOI,DNSMOS_p808_mos,DNSMOS_mos_sig,DNSMOS_mos_bak,DNSMOS_mos_ovr
p104_rainbow_06_loud,WF_p104_rainbow_06_loud_fold10_207213-2-0-73_SNR10dB.wav,16000,1.3803733587265015,10.645309448242188,0.8711225390434265,3.0099358558654785,3.823770714296888,1.9928362836282396,2.2807761186504774
