clean_file,enhanced_file,sampling_rate,PESQ,SI_SDR,STOI,DNSMOS_p808_mos,DNSMOS_mos_sig,DNSMOS_mos_bak,DNSMOS_mos_ovr
p106_emo_pain_freeform,WF_p106_emo_pain_freeform_fold10_93567-8-0-6_SNR10dB.wav,16000,1.5315022468566895,12.371438980102539,0.7999277710914612,2.8112342017037526,3.796343609472078,2.3331102291079766,2.5781156171435033
