clean_file,enhanced_file,sampling_rate,PESQ,SI_SDR,STOI,DNSMOS_p808_mos,DNSMOS_mos_sig,DNSMOS_mos_bak,DNSMOS_mos_ovr
p104_rainbow_04_fast,WF_p104_rainbow_04_fast_fold10_202334-9-0-63_SNR10dB.wav,16000,1.1281201839447021,7.4736785888671875,0.7994514107704163,2.7705310583114624,3.8506527473685583,2.2698461698962165,2.5261687086893363
