clean_file,enhanced_file,sampling_rate,PESQ,SI_SDR,STOI,DNSMOS_p808_mos,DNSMOS_mos_sig,DNSMOS_mos_bak,DNSMOS_mos_ovr
p105_emo_fear_sentences,WF_p105_emo_fear_sentences_fold10_59513-3-0-4_SNR10dB.wav,16000,1.7797520160675049,8.157872200012207,0.60234135389328,3.397143244743347,3.0973923981529867,2.4530627573152755,2.09529110428319
