clean_file,enhanced_file,sampling_rate,PESQ,SI_SDR,STOI,DNSMOS_p808_mos,DNSMOS_mos_sig,DNSMOS_mos_bak,DNSMOS_mos_ovr
p101_rainbow_01_regular,WF_p101_rainbow_01_regular_fold10_115241-9-0-6_SNR10dB.wav,16000,1.3237367868423462,7.695272445678711,0.8062653541564941,2.553056376320975,3.4824130443049586,2.245329198813486,2.384507842556097
