clean_file,enhanced_file,sampling_rate,PESQ,SI_SDR,STOI,DNSMOS_p808_mos,DNSMOS_mos_sig,DNSMOS_mos_bak,DNSMOS_mos_ovr
p105_rainbow_06_highpitch,WF_p105_rainbow_06_highpitch_fold10_74364-8-1-4_SNR10dB.wav,16000,1.295886516571045,10.76698112487793,0.7969735860824585,3.126063287258148,3.9340057286336854,2.459467923034382,2.665468475404614
