clean_file,enhanced_file,sampling_rate,PESQ,SI_SDR,STOI,DNSMOS_p808_mos,DNSMOS_mos_sig,DNSMOS_mos_bak,DNSMOS_mos_ovr
p102_sentences_01_fast,WF_p102_sentences_01_fast_fold10_162134-7-3-0_SNR10dB.wav,16000,1.2074265480041504,11.245818138122559,0.9095086455345154,3.080313205718994,4.203696343140318,2.2841501854554065,2.8202045649773924
