clean_file,enhanced_file,sampling_rate,PESQ,SI_SDR,STOI,DNSMOS_p808_mos,DNSMOS_mos_sig,DNSMOS_mos_bak,DNSMOS_mos_ovr
p103_rainbow_07_fast,WF_p103_rainbow_07_fast_fold10_180127-4-0-20_SNR10dB.wav,16000,1.4007539749145508,10.715712547302246,0.8810714483261108,3.1464524269104004,3.6231082390729212,2.1721832119892257,2.2551845279446185
