clean_file,enhanced_file,sampling_rate,PESQ,SI_SDR,STOI,DNSMOS_p808_mos,DNSMOS_mos_sig,DNSMOS_mos_bak,DNSMOS_mos_ovr
p103_emo_amusement_sentences,WF_p103_emo_amusement_sentences_fold10_165640-4-0-0_SNR10dB.wav,16000,1.3737168312072754,10.673526763916016,0.6183480620384216,3.266758402188619,4.5008550954422555,2.409054754383996,2.9484274651132956
