clean_file,enhanced_file,sampling_rate,PESQ,SI_SDR,STOI,DNSMOS_p808_mos,DNSMOS_mos_sig,DNSMOS_mos_bak,DNSMOS_mos_ovr
p103_emo_relief_sentences,WF_p103_emo_relief_sentences_fold10_171478-9-0-28_SNR10dB.wav,16000,1.342342734336853,10.82287311553955,0.6897873878479004,3.245485782623291,3.8967502454166856,2.603830390300302,2.70221930393136
