clean_file,enhanced_file,sampling_rate,PESQ,SI_SDR,STOI,DNSMOS_p808_mos,DNSMOS_mos_sig,DNSMOS_mos_bak,DNSMOS_mos_ovr
p106_interjection_greetings,WF_p106_interjection_greetings_fold10_99192-4-0-3_SNR10dB.wav,16000,1.297762155532837,11.63224983215332,0.7016648650169373,2.5798346201578775,3.886334502028861,1.9520051808612706,2.3346533158117295
