clean_file,enhanced_file,sampling_rate,PESQ,SI_SDR,STOI,DNSMOS_p808_mos,DNSMOS_mos_sig,DNSMOS_mos_bak,DNSMOS_mos_ovr
p105_emo_confusion_freeform,WF_p105_emo_confusion_freeform_fold10_39847-5-0-5_SNR10dB.wav,16000,1.309104084968567,10.539226531982422,0.6327645182609558,2.6736185210091725,2.8868958492526535,2.907591653964706,2.236496119009808
