clean_file,enhanced_file,sampling_rate,PESQ,SI_SDR,STOI,DNSMOS_p808_mos,DNSMOS_mos_sig,DNSMOS_mos_bak,DNSMOS_mos_ovr
p104_sentences_04_whisper,WF_p104_sentences_04_whisper_fold10_28808-1-0-1_SNR10dB.wav,16000,1.3568698167800903,9.913300514221191,0.668757975101471,2.914340087345668,3.807358146599365,2.773171158028834,2.780594159265725
