clean_file,enhanced_file,sampling_rate,PESQ,SI_SDR,STOI,DNSMOS_p808_mos,DNSMOS_mos_sig,DNSMOS_mos_bak,DNSMOS_mos_ovr
p101_emo_confusion_freeform,WF_p101_emo_confusion_freeform_fold10_100795-3-1-2_SNR10dB.wav,16000,1.511225938796997,8.581257820129395,0.823020339012146,3.62835955619812,4.302186189828411,2.338991413563838,2.8562731539059745
