clean_file,enhanced_file,sampling_rate,PESQ,SI_SDR,STOI,DNSMOS_p808_mos,DNSMOS_mos_sig,DNSMOS_mos_bak,DNSMOS_mos_ovr
p104_rainbow_03_slow,WF_p104_rainbow_03_slow_fold10_202334-9-0-137_SNR10dB.wav,16000,1.2288947105407715,9.379530906677246,0.783439040184021,2.7753609589168002,3.867817975096087,2.384741821265849,2.535172519015449
