clean_file,enhanced_file,sampling_rate,PESQ,SI_SDR,STOI,DNSMOS_p808_mos,DNSMOS_mos_sig,DNSMOS_mos_bak,DNSMOS_mos_ovr
p105_sentences_02_fast,WF_p105_sentences_02_fast_fold10_7913-3-2-0_SNR10dB.wav,16000,1.7780160903930664,9.593814849853516,0.733410120010376,3.7904646396636963,4.447344687704203,2.826034985882027,3.277598626087804
