clean_file,enhanced_file,sampling_rate,PESQ,SI_SDR,STOI,DNSMOS_p808_mos,DNSMOS_mos_sig,DNSMOS_mos_bak,DNSMOS_mos_ovr
p105_sentences_23_regular,WF_p105_sentences_23_regular_fold10_83502-0-0-2_SNR10dB.wav,16000,1.1870570182800293,10.5101957321167,0.574047863483429,3.115780694144113,4.064124685115536,3.258065251668792,3.2176911188332538
