clean_file,enhanced_file,sampling_rate,PESQ,SI_SDR,STOI,DNSMOS_p808_mos,DNSMOS_mos_sig,DNSMOS_mos_bak,DNSMOS_mos_ovr
p102_emo_adoration_sentences,WF_p102_emo_adoration_sentences_fold10_155241-9-0-50_SNR10dB.wav,16000,1.4731098413467407,10.004464149475098,0.8255540132522583,2.9547340869903564,3.6935970825053337,2.16552700807123,2.3647042344531473
