clean_file,enhanced_file,sampling_rate,PESQ,SI_SDR,STOI,DNSMOS_p808_mos,DNSMOS_mos_sig,DNSMOS_mos_bak,DNSMOS_mos_ovr
p106_rainbow_01_regular,WF_p106_rainbow_01_regular_fold10_99192-4-0-53_SNR10dB.wav,16000,1.1567127704620361,7.59918737411499,0.8144460916519165,2.940829873085022,3.7823060904739787,2.7856955928197653,2.5654207179533177
