clean_file,enhanced_file,sampling_rate,PESQ,SI_SDR,STOI,DNSMOS_p808_mos,DNSMOS_mos_sig,DNSMOS_mos_bak,DNSMOS_mos_ovr
p103_rainbow_05_lowpitch,WF_p103_rainbow_05_lowpitch_fold10_180127-4-0-11_SNR10dB.wav,16000,1.5881264209747314,12.04580307006836,0.8425131440162659,2.751309769494193,3.3474306694464535,3.1639511952031296,2.6449368669109368
