clean_file,enhanced_file,sampling_rate,PESQ,SI_SDR,STOI,DNSMOS_p808_mos,DNSMOS_mos_sig,DNSMOS_mos_bak,DNSMOS_mos_ovr
p104_emo_embarassment_freeform,WF_p104_emo_embarassment_freeform_fold10_189982-0-0-36_SNR10dB.wav,16000,1.7702391147613525,14.580770492553711,0.6896127462387085,2.819636046886444,3.365238496826424,2.9667017045025075,2.589158957606083
