clean_file,enhanced_file,sampling_rate,PESQ,SI_SDR,STOI,DNSMOS_p808_mos,DNSMOS_mos_sig,DNSMOS_mos_bak,DNSMOS_mos_ovr
p105_emo_realization_freeform,WF_p105_emo_realization_freeform_fold10_72220-3-0-0_SNR10dB.wav,16000,1.380723476409912,11.556804656982422,0.6878161430358887,2.6571604013442993,3.9201905813661972,2.222927411192545,2.7117007059252707
