clean_file,enhanced_file,sampling_rate,PESQ,SI_SDR,STOI,DNSMOS_p808_mos,DNSMOS_mos_sig,DNSMOS_mos_bak,DNSMOS_mos_ovr
p101_emo_interest_freeform,WF_p101_emo_interest_freeform_fold10_102857-5-0-19_SNR10dB.wav,16000,2.390835762023926,13.461991310119629,0.823073148727417,3.461594343185425,3.8389855605212335,3.312606055911481,3.0848892281208222
