clean_file,enhanced_file,sampling_rate,PESQ,SI_SDR,STOI,DNSMOS_p808_mos,DNSMOS_mos_sig,DNSMOS_mos_bak,DNSMOS_mos_ovr
p104_sentences_02_slow,WF_p104_sentences_02_slow_fold10_27070-2-0-7_SNR10dB.wav,16000,1.4751369953155518,12.264822006225586,0.7889635562896729,3.1630140372685025,4.385347496736027,2.678774473746915,3.159211247404925
