clean_file,enhanced_file,sampling_rate,PESQ,SI_SDR,STOI,DNSMOS_p808_mos,DNSMOS_mos_sig,DNSMOS_mos_bak,DNSMOS_mos_ovr
p103_vegetative_throat,WF_p103_vegetative_throat_fold10_188813-7-13-0_SNR10dB.wav,16000,1.3190128803253174,9.799705505371094,0.5314729809761047,2.3452908992767334,2.6880363852698896,1.9348623537363991,1.6693612154158268
