clean_file,enhanced_file,sampling_rate,PESQ,SI_SDR,STOI,DNSMOS_p808_mos,DNSMOS_mos_sig,DNSMOS_mos_bak,DNSMOS_mos_ovr
p105_emo_extasy_sentences,WF_p105_emo_extasy_sentences_fold10_59513-3-0-1_SNR10dB.wav,16000,1.877392292022705,9.852123260498047,0.8198385238647461,3.9630963802337646,4.262980611273311,3.381967389144279,3.4269259933121923
