clean_file,enhanced_file,sampling_rate,PESQ,SI_SDR,STOI,DNSMOS_p808_mos,DNSMOS_mos_sig,DNSMOS_mos_bak,DNSMOS_mos_ovr
p101_emo_sadness_freeform,WF_p101_emo_sadness_freeform_fold10_102857-5-0-3_SNR10dB.wav,16000,2.1532232761383057,12.043156623840332,0.8876393437385559,3.4927409092585244,4.109047105986845,3.620421135844948,3.4438573197326434
