clean_file,enhanced_file,sampling_rate,PESQ,SI_SDR,STOI,DNSMOS_p808_mos,DNSMOS_mos_sig,DNSMOS_mos_bak,DNSMOS_mos_ovr
p106_rainbow_01_lowpitch,WF_p106_rainbow_01_lowpitch_fold10_99192-4-0-52_SNR10dB.wav,16000,1.1508512496948242,9.651013374328613,0.8389906287193298,3.0354131062825522,4.310985444520422,2.2926601121950174,2.7515581019360646
