clean_file,enhanced_file,sampling_rate,PESQ,SI_SDR,STOI,DNSMOS_p808_mos,DNSMOS_mos_sig,DNSMOS_mos_bak,DNSMOS_mos_ovr
p103_nonverbal_laughter_closed,WF_p103_nonverbal_laughter_closed_fold10_174289-6-1-0_SNR10dB.wav,16000,1.5354349613189697,9.226297378540039,0.7847560048103333,2.9479408264160156,3.3930775611116006,2.8007264502867377,2.4532442568519732
