clean_file,enhanced_file,sampling_rate,PESQ,SI_SDR,STOI,DNSMOS_p808_mos,DNSMOS_mos_sig,DNSMOS_mos_bak,DNSMOS_mos_ovr
p102_rainbow_08_slow,WF_p102_rainbow_08_slow_fold10_162134-7-17-4_SNR10dB.wav,16000,1.1513135433197021,10.771347045898438,0.8487817049026489,2.4732023988451277,4.024478217709274,2.154530219464485,2.5727131251223305
