clean_file,enhanced_file,sampling_rate,PESQ,SI_SDR,STOI,DNSMOS_p808_mos,DNSMOS_mos_sig,DNSMOS_mos_bak,DNSMOS_mos_ovr
p103_emo_distress_freeform,WF_p103_emo_distress_freeform_fold10_167464-0-0-2_SNR10dB.wav,16000,1.501241683959961,12.336331367492676,0.8592492938041687,3.1721078872680666,4.2404312146723955,2.436372964917095,2.8613903952066546
