clean_file,enhanced_file,sampling_rate,PESQ,SI_SDR,STOI,DNSMOS_p808_mos,DNSMOS_mos_sig,DNSMOS_mos_bak,DNSMOS_mos_ovr
p101_sentences_20_regular,WF_p101_sentences_20_regular_fold10_14470-2-0-56_SNR10dB.wav,16000,1.5598978996276855,10.686722755432129,0.7841341495513916,2.7151893377304077,3.812942270476401,2.3159825530686255,2.573400519786292
