clean_file,enhanced_file,sampling_rate,PESQ,SI_SDR,STOI,DNSMOS_p808_mos,DNSMOS_mos_sig,DNSMOS_mos_bak,DNSMOS_mos_ovr
p103_rainbow_01_whisper,WF_p103_rainbow_01_whisper_fold10_175850-1-0-0_SNR10dB.wav,16000,1.208192229270935,2.966639757156372,0.5916026830673218,2.8011885484059653,2.2881664282150145,3.186051078216748,1.8145946773329371
