clean_file,enhanced_file,sampling_rate,PESQ,SI_SDR,STOI,DNSMOS_p808_mos,DNSMOS_mos_sig,DNSMOS_mos_bak,DNSMOS_mos_ovr
p105_emo_embarassment_freeform,WF_p105_emo_embarassment_freeform_fold10_54086-1-1-0_SNR10dB.wav,16000,1.5869275331497192,7.946472644805908,0.7949392795562744,2.992532253265381,2.858637012157435,2.2884797451510948,1.9833976754175455
