clean_file,enhanced_file,sampling_rate,PESQ,SI_SDR,STOI,DNSMOS_p808_mos,DNSMOS_mos_sig,DNSMOS_mos_bak,DNSMOS_mos_ovr
p106_emo_anger_freeform,WF_p106_emo_anger_freeform_fold10_84249-9-0-8_SNR10dB.wav,16000,1.3562302589416504,12.271920204162598,0.7282834649085999,2.2721474170684814,3.419094336314172,1.8707318300981637,2.0339897234712483
