clean_file,enhanced_file,sampling_rate,PESQ,SI_SDR,STOI,DNSMOS_p808_mos,DNSMOS_mos_sig,DNSMOS_mos_bak,DNSMOS_mos_ovr
p104_emo_pain_freeform,WF_p104_emo_pain_freeform_fold10_189985-0-0-2_SNR10dB.wav,16000,1.658884048461914,15.19315242767334,0.7808705568313599,3.156859874725342,3.384180402765549,2.132124521259901,2.2891114718322614
