clean_file,enhanced_file,sampling_rate,PESQ,SI_SDR,STOI,DNSMOS_p808_mos,DNSMOS_mos_sig,DNSMOS_mos_bak,DNSMOS_mos_ovr
p101_rainbow_04_lowpitch,WF_p101_rainbow_04_lowpitch_fold10_118278-4-0-11_SNR10dB.wav,16000,1.2838547229766846,9.064571380615234,0.7583635449409485,2.7011038064956665,3.652262612370089,2.559503633565057,2.5967909436825067
