clean_file,enhanced_file,sampling_rate,PESQ,SI_SDR,STOI,DNSMOS_p808_mos,DNSMOS_mos_sig,DNSMOS_mos_bak,DNSMOS_mos_ovr
p104_rainbow_02_slow,WF_p104_rainbow_02_slow_fold10_200786-5-1-1_SNR10dB.wav,16000,1.3557677268981934,11.078062057495117,0.805472731590271,2.912534713745117,3.5233814589521013,2.7602215185135948,2.5099959865039145
