clean_file,enhanced_file,sampling_rate,PESQ,SI_SDR,STOI,DNSMOS_p808_mos,DNSMOS_mos_sig,DNSMOS_mos_bak,DNSMOS_mos_ovr
p103_emo_extasy_sentences,WF_p103_emo_extasy_sentences_fold10_167464-0-0-24_SNR10dB.wav,16000,1.559391736984253,12.29957389831543,0.7688730359077454,3.3211349646250405,4.0340662372746685,3.1464813345632288,3.1649558471635904
