clean_file,enhanced_file,sampling_rate,PESQ,SI_SDR,STOI,DNSMOS_p808_mos,DNSMOS_mos_sig,DNSMOS_mos_bak,DNSMOS_mos_ovr
p102_emo_relief_sentences,WF_p102_emo_relief_sentences_fold10_15544-5-0-7_SNR10dB.wav,16000,1.9156508445739746,12.744150161743164,0.8348304033279419,3.38670015335083,4.226012284062272,2.480347616591785,2.90597273360359
