clean_file,enhanced_file,sampling_rate,PESQ,SI_SDR,STOI,DNSMOS_p808_mos,DNSMOS_mos_sig,DNSMOS_mos_bak,DNSMOS_mos_ovr
p105_rainbow_01_highpitch,WF_p105_rainbow_01_highpitch_fold10_73524-0-0-31_SNR10dB.wav,16000,1.5156280994415283,11.51856517791748,0.8858124613761902,3.186500310897827,3.9254422757092318,3.379938262486543,3.1657487579185752
