clean_file,enhanced_file,sampling_rate,PESQ,SI_SDR,STOI,DNSMOS_p808_mos,DNSMOS_mos_sig,DNSMOS_mos_bak,DNSMOS_mos_ovr
p102_emo_pain_sentences,WF_p102_emo_pain_sentences_fold10_15544-5-0-19_SNR10dB.wav,16000,2.2514567375183105,14.015679359436035,0.9317536950111389,3.634631429399763,4.32164381522594,2.4304118893994042,2.939336799059827
