clean_file,enhanced_file,sampling_rate,PESQ,SI_SDR,STOI,DNSMOS_p808_mos,DNSMOS_mos_sig,DNSMOS_mos_bak,DNSMOS_mos_ovr
p101_sentences_16_regular,WF_p101_sentences_16_regular_fold10_14470-2-0-10_SNR10dB.wav,16000,1.4138712882995605,8.812838554382324,0.7676640748977661,3.0568748201642717,3.336666836106581,2.0206112879182525,2.127022106450766
