clean_file,enhanced_file,sampling_rate,PESQ,SI_SDR,STOI,DNSMOS_p808_mos,DNSMOS_mos_sig,DNSMOS_mos_bak,DNSMOS_mos_ovr
p103_rainbow_05_loud,WF_p103_rainbow_05_loud_fold10_180127-4-0-10_SNR10dB.wav,16000,1.638735294342041,13.247430801391602,0.8644707798957825,3.2023158073425293,3.1899351213050617,3.3020373602961532,2.697778645659471
