clean_file,enhanced_file,sampling_rate,PESQ,SI_SDR,STOI,DNSMOS_p808_mos,DNSMOS_mos_sig,DNSMOS_mos_bak,DNSMOS_mos_ovr
p105_emo_contentment_sentences,WF_p105_emo_contentment_sentences_fold10_39847-5-0-8_SNR10dB.wav,16000,1.5056133270263672,11.7704496383667,0.5469521284103394,2.7127503156661987,2.9692266137904957,2.665841338658449,2.200123905251235
