clean_file,enhanced_file,sampling_rate,PESQ,SI_SDR,STOI,DNSMOS_p808_mos,DNSMOS_mos_sig,DNSMOS_mos_bak,DNSMOS_mos_ovr
p105_vegetative_sneezing,WF_p105_vegetative_sneezing_fold10_83502-0-0-6_SNR10dB.wav,16000,1.4069749116897583,13.873414039611816,0.8424851894378662,2.553340117136637,2.709339913434976,3.1713573278777853,2.2194697961056993
