clean_file,enhanced_file,sampling_rate,PESQ,SI_SDR,STOI,DNSMOS_p808_mos,DNSMOS_mos_sig,DNSMOS_mos_bak,DNSMOS_mos_ovr
p105_nonverbal_screaming,WF_p105_nonverbal_screaming_fold10_73524-0-0-2_SNR10dB.wav,16000,1.7053494453430176,12.909595489501953,0.6682043075561523,2.354038715362549,3.2323983886022187,1.7706699869600926,1.9207305538316497
