clean_file,enhanced_file,sampling_rate,PESQ,SI_SDR,STOI,DNSMOS_p808_mos,DNSMOS_mos_sig,DNSMOS_mos_bak,DNSMOS_mos_ovr
p104_sentences_01_whisper,WF_p104_sentences_01_whisper_fold10_26344-4-1-0_SNR10dB.wav,16000,1.2721881866455078,8.132076263427734,0.7105101346969604,3.0608931268964494,3.6940356485032275,2.8420649768939157,2.6215730727145465
