clean_file,enhanced_file,sampling_rate,PESQ,SI_SDR,STOI,DNSMOS_p808_mos,DNSMOS_mos_sig,DNSMOS_mos_bak,DNSMOS_mos_ovr
p102_sentences_20_regular,WF_p102_sentences_20_regular_fold10_164377-9-1-3_SNR10dB.wav,16000,1.5322498083114624,6.989260196685791,0.7796356678009033,3.361206293106079,3.691369675532646,2.861716847024262,2.8392958227641443
