clean_file,enhanced_file,sampling_rate,PESQ,SI_SDR,STOI,DNSMOS_p808_mos,DNSMOS_mos_sig,DNSMOS_mos_bak,DNSMOS_mos_ovr
p103_rainbow_03_whisper,WF_p103_rainbow_03_whisper_fold10_178826-2-0-14_SNR10dB.wav,16000,1.1543660163879395,2.706674575805664,0.5486329793930054,2.8197031021118164,1.9716741775916329,3.2915962308742084,1.7324909873386782
