clean_file,enhanced_file,sampling_rate,PESQ,SI_SDR,STOI,DNSMOS_p808_mos,DNSMOS_mos_sig,DNSMOS_mos_bak,DNSMOS_mos_ovr
p104_rainbow_02_lowpitch,WF_p104_rainbow_02_lowpitch_fold10_200786-5-0-0_SNR10dB.wav,16000,1.4661308526992798,11.194143295288086,0.8749799132347107,3.0028889973958335,2.9402178858470265,3.24973334856938,2.385451640159958
