clean_file,enhanced_file,sampling_rate,PESQ,SI_SDR,STOI,DNSMOS_p808_mos,DNSMOS_mos_sig,DNSMOS_mos_bak,DNSMOS_mos_ovr
p101_sentences_01_slow,WF_p101_sentences_01_slow_fold10_129750-2-0-45_SNR10dB.wav,16000,1.4699615240097046,6.9192070960998535,0.6516522765159607,2.879382678440639,2.4574498471492157,3.073705396398552,2.0551718988630325
