clean_file,enhanced_file,sampling_rate,PESQ,SI_SDR,STOI,DNSMOS_p808_mos,DNSMOS_mos_sig,DNSMOS_mos_bak,DNSMOS_mos_ovr
p102_sentences_01_highpitch,WF_p102_sentences_01_highpitch_fold10_162134-7-4-0_SNR10dB.wav,16000,1.1309840679168701,10.845385551452637,0.7463924288749695,2.9063541094462075,3.7643928904348942,1.8367073682581154,2.2342155021547896
