clean_file,enhanced_file,sampling_rate,PESQ,SI_SDR,STOI,DNSMOS_p808_mos,DNSMOS_mos_sig,DNSMOS_mos_bak,DNSMOS_mos_ovr
p101_emo_desire_sentences,WF_p101_emo_desire_sentences_fold10_101382-2-0-42_SNR10dB.wav,16000,1.6823652982711792,9.850933074951172,0.7928194403648376,2.5817429338182722,3.9298913278060184,2.276111516936172,2.7210628077656023
