clean_file,enhanced_file,sampling_rate,PESQ,SI_SDR,STOI,DNSMOS_p808_mos,DNSMOS_mos_sig,DNSMOS_mos_bak,DNSMOS_mos_ovr
p105_rainbow_05_fast,WF_p105_rainbow_05_fast_fold10_74364-8-1-21_SNR10dB.wav,16000,1.3500462770462036,9.383819580078125,0.9156901836395264,3.362192487716675,4.2673883828716255,2.5130078158757407,2.936500245169394
