clean_file,enhanced_file,sampling_rate,PESQ,SI_SDR,STOI,DNSMOS_p808_mos,DNSMOS_mos_sig,DNSMOS_mos_bak,DNSMOS_mos_ovr
p103_nonverbal_cheering,WF_p103_nonverbal_cheering_fold10_172519-9-0-8_SNR10dB.wav,16000,1.4355535507202148,12.848739624023438,0.7005156874656677,2.488211359296526,3.1754564841370914,1.8228789380321977,2.0045704193173193
