clean_file,enhanced_file,sampling_rate,PESQ,SI_SDR,STOI,DNSMOS_p808_mos,DNSMOS_mos_sig,DNSMOS_mos_bak,DNSMOS_mos_ovr
p105_rainbow_07_whisper,WF_p105_rainbow_07_whisper_fold10_74922-4-0-6_SNR10dB.wav,16000,1.144375205039978,8.593137741088867,0.7112905979156494,2.915651730128697,3.5670232578277608,3.429299106735148,2.8372634043756024
