clean_file,enhanced_file,sampling_rate,PESQ,SI_SDR,STOI,DNSMOS_p808_mos,DNSMOS_mos_sig,DNSMOS_mos_bak,DNSMOS_mos_ovr
p102_emo_distress_sentences,WF_p102_emo_distress_sentences_fold10_155280-2-0-6_SNR10dB.wav,16000,2.210442066192627,11.789311408996582,0.8678494095802307,3.3338122367858887,4.254956921693539,2.7316213329292722,3.1034591813333496
