clean_file,enhanced_file,sampling_rate,PESQ,SI_SDR,STOI,DNSMOS_p808_mos,DNSMOS_mos_sig,DNSMOS_mos_bak,DNSMOS_mos_ovr
p102_emo_contentment_freeform,WF_p102_emo_contentment_freeform_fold10_155262-2-0-2_SNR10dB.wav,16000,1.4393311738967896,11.805679321289062,0.8064972162246704,3.2399815718332925,3.4848353420013978,2.7268737626932107,2.5114957404174683
