clean_file,enhanced_file,sampling_rate,PESQ,SI_SDR,STOI,DNSMOS_p808_mos,DNSMOS_mos_sig,DNSMOS_mos_bak,DNSMOS_mos_ovr
p105_rainbow_02_whisper,WF_p105_rainbow_02_whisper_fold10_73524-0-0-99_SNR10dB.wav,16000,1.432328224182129,7.728461742401123,0.803902804851532,3.181652171271188,2.4873744116563303,3.9392701026662387,2.1837446888195653
