clean_file,enhanced_file,sampling_rate,PESQ,SI_SDR,STOI,DNSMOS_p808_mos,DNSMOS_mos_sig,DNSMOS_mos_bak,DNSMOS_mos_ovr
p105_emo_contentment_freeform,WF_p105_emo_contentment_freeform_fold10_39847-5-0-7_SNR10dB.wav,16000,1.3248629570007324,10.245598793029785,0.6219921112060547,2.5232651233673096,3.087767794552204,2.6209888916936652,2.2066846071955597
