clean_file,enhanced_file,sampling_rate,PESQ,SI_SDR,STOI,DNSMOS_p808_mos,DNSMOS_mos_sig,DNSMOS_mos_bak,DNSMOS_mos_ovr
p102_emo_sadness_freeform,WF_p102_emo_sadness_freeform_fold10_15544-5-0-8_SNR10dB.wav,16000,1.8625836372375488,12.866326332092285,0.9138980507850647,3.1888180460248674,4.259405980324914,2.6114304194621867,3.0698532639065275
