clean_file,enhanced_file,sampling_rate,PESQ,SI_SDR,STOI,DNSMOS_p808_mos,DNSMOS_mos_sig,DNSMOS_mos_bak,DNSMOS_mos_ovr
p102_emo_confusion_sentences,WF_p102_emo_confusion_sentences_fold10_155262-2-0-15_SNR10dB.wav,16000,1.8503497838974,13.512202262878418,0.8223116993904114,2.7752567529678345,3.6911564922934517,2.3725050242292265,2.5932106399918267
