clean_file,enhanced_file,sampling_rate,PESQ,SI_SDR,STOI,DNSMOS_p808_mos,DNSMOS_mos_sig,DNSMOS_mos_bak,DNSMOS_mos_ovr
p103_sentences_11_highpitch,WF_p103_sentences_11_highpitch_fold10_188497-2-0-0_SNR10dB.wav,16000,1.59255850315094,12.661935806274414,0.5682325959205627,2.4280087471008303,2.797002287384842,2.4621340843120847,2.0189908952796403
