clean_file,enhanced_file,sampling_rate,PESQ,SI_SDR,STOI,DNSMOS_p808_mos,DNSMOS_mos_sig,DNSMOS_mos_bak,DNSMOS_mos_ovr
p102_rainbow_07_fast,WF_p102_rainbow_07_fast_fold10_162134-7-14-2_SNR10dB.wav,16000,1.1296581029891968,9.785829544067383,0.8595911860466003,2.796522855758667,3.862847175002859,2.147296804181512,2.4818752968322935
