clean_file,enhanced_file,sampling_rate,PESQ,SI_SDR,STOI,DNSMOS_p808_mos,DNSMOS_mos_sig,DNSMOS_mos_bak,DNSMOS_mos_ovr
p102_rainbow_08_lowpitch,WF_p102_rainbow_08_lowpitch_fold10_162134-7-17-2_SNR10dB.wav,16000,1.1277035474777222,9.480560302734375,0.8615358471870422,2.702533176967076,3.9753209665737685,2.13776731365681,2.570194748938357
