clean_file,enhanced_file,sampling_rate,PESQ,SI_SDR,STOI,DNSMOS_p808_mos,DNSMOS_mos_sig,DNSMOS_mos_bak,DNSMOS_mos_ovr
p101_rainbow_06_loud,WF_p101_rainbow_06_loud_fold10_118558-5-0-2_SNR10dB.wav,16000,1.630101203918457,13.245373725891113,0.8604622483253479,3.0172717571258545,4.245218290437375,3.016175763507749,3.3028285055821263
