clean_file,enhanced_file,sampling_rate,PESQ,SI_SDR,STOI,DNSMOS_p808_mos,DNSMOS_mos_sig,DNSMOS_mos_bak,DNSMOS_mos_ovr
p101_rainbow_03_loud,WF_p101_rainbow_03_loud_fold10_117889-9-0-20_SNR10dB.wav,16000,1.8849643468856812,11.194361686706543,0.9275040030479431,3.248574376106262,2.8823479994377834,1.9442516832211085,1.8818821573853115
