clean_file,enhanced_file,sampling_rate,PESQ,SI_SDR,STOI,DNSMOS_p808_mos,DNSMOS_mos_sig,DNSMOS_mos_bak,DNSMOS_mos_ovr
p105_emo_adoration_sentences,WF_p105_emo_adoration_sentences_fold10_39847-5-0-1_SNR10dB.wav,16000,1.4168009757995605,11.359842300415039,0.6460984349250793,2.475979506969452,3.0488978608929944,2.627313618513003,2.298935744695388
