clean_file,enhanced_file,sampling_rate,PESQ,SI_SDR,STOI,DNSMOS_p808_mos,DNSMOS_mos_sig,DNSMOS_mos_bak,DNSMOS_mos_ovr
p104_sentences_02_fast,WF_p104_sentences_02_fast_fold10_27070-2-0-0_SNR10dB.wav,16000,1.1966590881347656,11.073256492614746,0.8252299427986145,2.721754108156477,4.3095478916071,2.1596953116311455,2.7415061578987254
