clean_file,enhanced_file,sampling_rate,PESQ,SI_SDR,STOI,DNSMOS_p808_mos,DNSMOS_mos_sig,DNSMOS_mos_bak,DNSMOS_mos_ovr
p105_sentences_01_highpitch,WF_p105_sentences_01_highpitch_fold10_77927-3-0-0_SNR10dB.wav,16000,1.4105178117752075,9.436699867248535,0.7162941098213196,2.692209084828695,3.5955401719664692,2.055288806812722,2.096569628747239
