SNR (dB),Baseline,GTCRN,GTCRN SS Log,GTCRN SS Mel
-5,2.436258806557882,2.8180060173783983,2.8517927553824016,2.85049281889484
0,2.5693638775178362,3.0576036259106227,3.07553727828321,3.075696022453762
5,2.7331066566138045,3.2209491760390145,3.235380980514344,3.2352283537104016
10,2.9110608623709,3.377213667517617,3.388708239850544,3.3881715889771775
15,3.0481361957107276,3.4748261421067377,3.4813167582523254,3.4811086995828715
