SNR (dB),Baseline,GTCRN,GTCRN SS Log,GTCRN SS Mel
-5,0.5865701466798783,0.6053300619125366,0.6042844071984291,0.6042310193181037
0,0.654917822778225,0.6772418603301048,0.676273962855339,0.676218093931675
5,0.7152548044919967,0.7471430033445359,0.7460694193840027,0.7460520803928375
10,0.7739795207977295,0.7943557381629944,0.7933249115943909,0.7933328002691269
15,0.8137420952320099,0.8304924547672272,0.8291725039482116,0.8291743069887161
