SNR (dB),Baseline,GTCRN,GTCRN SS Log,GTCRN SS Mel
-5,-4.989893198013306,4.155083206295967,4.135921325534582,4.1416701674461365
0,-0.02625912470975888,7.607529819011688,7.505985955893993,7.512470231950283
5,4.995548033714295,11.175948238372802,10.975348472595215,10.990769529342652
10,9.999115800857544,14.606519985198975,14.20713300704956,14.232352924346923
15,14.998889207839966,17.696494770050048,16.85642819404602,16.90034246444702
