SNR (dB),Baseline,GTCRN,GTCRN SS Log,GTCRN SS Mel
-5,1.0657510161399841,1.2372430980205535,1.242493498325348,1.2435137152671814
0,1.0937148571014403,1.444525146484375,1.456589812040329,1.456826740503311
5,1.173281967639923,1.6586605250835418,1.67620649933815,1.676405417919159
10,1.3446494042873383,1.9818541765213014,2.0010207831859588,1.9992185592651368
15,1.6468408048152923,2.3292107760906218,2.356769895553589,2.35506586432457
