Metric,Baseline,GTCRN,GTCRN SS Log,GTCRN SS Mel
PESQ,1.2648476099967958,1.7302987444400784,1.7466160976886749,1.7462060594558715
SI_SDR,4.995480143937748,11.048315203785895,10.736163391023874,10.755521063506603
STOI,0.7088928779959679,0.7309126237034796,0.7298250409960746,0.7298016601800918
DNSMOS_p808_mos,2.73958527975423,3.1897197257904777,3.206547202456565,3.206139496723811
