,precision,recall,f1,accuracy
GRU-VAD (proposed),0.79335059533724,0.8375928550874463,0.814871649977578,0.7765300024093295
Multi-Band VAD (Kamath 2002),0.6154905773154796,0.9547847680354687,0.7484815065460226,0.6232121680522918
Energy-Based VAD,0.8108385289317183,0.6909484274584616,0.7461079670511467,0.7238814609923309
Zero-Crossing Rate VAD,0.5866701624927346,0.9896780313122808,0.7366577685402974,0.5845189632999678
Wiener-AS VAD (Scalart 1996),0.6588386578992969,0.7699218791631585,0.710062021447036,0.6308031202380543
Spectral Entropy VAD,0.6029739129713843,0.7751121721429409,0.678292052255945,0.5682700701834532
