,precision,recall,f1,accuracy
Zero-Crossing Rate VAD,0.9047503222056557,0.9954816398171802,0.9479498844084643,0.9015835865215228
GRU-VAD (proposed),0.900563627254509,0.9996142015536208,0.9475073096404892,0.9002881808311248
Multi-Band VAD (Kamath 2002),0.9047597782251139,0.9154232487009715,0.910060277702433,0.8371074279313248
Spectral Entropy VAD,0.9169426814961593,0.7687989851067897,0.8363613677010507,0.7291663407292446
Wiener-AS VAD (Scalart 1996),0.9025025308028345,0.6878925325408825,0.7807176541824371,0.6521209921430828
Energy-Based VAD,0.9546310135012601,0.5305806092834924,0.6820694061560321,0.5546996004267954
