clean_file,enhanced_file,sampling_rate,PESQ,SI_SDR,STOI,DNSMOS_p808_mos,DNSMOS_mos_sig,DNSMOS_mos_bak,DNSMOS_mos_ovr
GTCRN_TEST,SSTD_GTCRN_TEST_test.wav,16000,1.451490044593811,10.051226615905762,0.7863988280296326,3.3384053707122803,3.446576027631746,3.5384309004113814,2.881165228009911
