clean_file,enhanced_file,sampling_rate,PESQ,SI_SDR,STOI,DNSMOS_p808_mos,DNSMOS_mos_sig,DNSMOS_mos_bak,DNSMOS_mos_ovr
p106_rainbow_01_lowpitch,WF_p106_rainbow_01_lowpitch_fold10_99192-4-0-52_SNR0dB.wav,16000,1.0443025827407837,0.30742642283439636,0.6766912937164307,2.5074276129404702,4.30765329360712,1.8398436207195827,2.38382743069574
