clean_file,enhanced_file,sampling_rate,PESQ,SI_SDR,STOI,DNSMOS_p808_mos,DNSMOS_mos_sig,DNSMOS_mos_bak,DNSMOS_mos_ovr
p101_nonverbal_cheering,WF_p101_nonverbal_cheering_fold10_103438-5-0-2_SNR0dB.wav,16000,1.058907151222229,5.802152633666992,0.5768100023269653,2.2925186157226562,3.292761748083225,1.4103142268931221,1.565188762843336
