clean_file,enhanced_file,sampling_rate,PESQ,SI_SDR,STOI,DNSMOS_p808_mos,DNSMOS_mos_sig,DNSMOS_mos_bak,DNSMOS_mos_ovr
p103_rainbow_01_regular,WF_p103_rainbow_01_regular_fold10_17486-3-2-0_SNR0dB.wav,16000,1.0905470848083496,-0.30154579877853394,0.7131884694099426,2.9207797845204673,3.9758585929497037,1.9377726536915454,2.2749502962898736
