clean_file,enhanced_file,sampling_rate,PESQ,SI_SDR,STOI,DNSMOS_p808_mos,DNSMOS_mos_sig,DNSMOS_mos_bak,DNSMOS_mos_ovr
p101_emo_desire_freeform,WF_p101_emo_desire_freeform_fold10_101382-2-0-33_SNR0dB.wav,16000,1.1644976139068604,-0.5096303820610046,0.6414877772331238,2.606386423110962,4.049151260394096,1.7434687063953933,2.2226362914200806
