clean_file,enhanced_file,sampling_rate,PESQ,SI_SDR,STOI,DNSMOS_p808_mos,DNSMOS_mos_sig,DNSMOS_mos_bak,DNSMOS_mos_ovr
p106_emo_realization_freeform,WF_p106_emo_realization_freeform_fold10_97756-3-0-0_SNR0dB.wav,16000,1.1424508094787598,-0.07750777155160904,0.5668780207633972,2.730536699295044,4.193671940943364,2.026566255457548,2.4806346766091867
