clean_file,enhanced_file,sampling_rate,PESQ,SI_SDR,STOI,DNSMOS_p808_mos,DNSMOS_mos_sig,DNSMOS_mos_bak,DNSMOS_mos_ovr
p104_vegetative_yawning,WF_p104_vegetative_yawning_fold10_35628-3-0-0_SNR0dB.wav,16000,1.184237003326416,3.266021251678467,0.4739088714122772,2.455904960632324,3.4022794303810504,2.520122015571614,2.432795520629695
