clean_file,enhanced_file,sampling_rate,PESQ,SI_SDR,STOI,DNSMOS_p808_mos,DNSMOS_mos_sig,DNSMOS_mos_bak,DNSMOS_mos_ovr
p102_vegetative_throat,WF_p102_vegetative_throat_fold10_165166-8-0-2_SNR0dB.wav,16000,1.4722800254821777,0.1891409158706665,0.774863064289093,2.413947820663452,3.438779158115082,1.474004414243374,1.736393926413398
