clean_file,enhanced_file,sampling_rate,PESQ,SI_SDR,STOI,DNSMOS_p808_mos,DNSMOS_mos_sig,DNSMOS_mos_bak,DNSMOS_mos_ovr
p102_emo_contentment_sentences,WF_p102_emo_contentment_sentences_fold10_155262-2-0-21_SNR0dB.wav,16000,1.169886589050293,1.7677679061889648,0.5948566794395447,2.665420341491699,1.3918936494516165,1.8523448027694127,1.059342627144703
