clean_file,enhanced_file,sampling_rate,PESQ,SI_SDR,STOI,DNSMOS_p808_mos,DNSMOS_mos_sig,DNSMOS_mos_bak,DNSMOS_mos_ovr
p103_emo_confusion_sentences,WF_p103_emo_confusion_sentences_fold10_167464-0-0-1_SNR0dB.wav,16000,1.3713743686676025,6.5497212409973145,0.3678736686706543,2.746320068836212,2.5498880155627717,2.1686247291159804,1.8518317967724456
