clean_file,enhanced_file,sampling_rate,PESQ,SI_SDR,STOI,DNSMOS_p808_mos,DNSMOS_mos_sig,DNSMOS_mos_bak,DNSMOS_mos_ovr
p103_emo_desire_freeform,WF_p103_emo_desire_freeform_fold10_167464-0-0-14_SNR0dB.wav,16000,1.1385644674301147,3.3407273292541504,0.6500006318092346,2.691046357154846,1.5755880404896176,2.3735667177279387,1.3974944116986148
