clean_file,enhanced_file,sampling_rate,PESQ,SI_SDR,STOI,DNSMOS_p808_mos,DNSMOS_mos_sig,DNSMOS_mos_bak,DNSMOS_mos_ovr
p101_sentences_02_fast,WF_p101_sentences_02_fast_fold10_129750-2-0-48_SNR0dB.wav,16000,1.1485950946807861,-0.4662318527698517,0.747591495513916,2.6516056060791016,2.7207665262495513,1.8996407065757437,1.7782253787692976
