clean_file,enhanced_file,sampling_rate,PESQ,SI_SDR,STOI,DNSMOS_p808_mos,DNSMOS_mos_sig,DNSMOS_mos_bak,DNSMOS_mos_ovr
p102_rainbow_05_loud,WF_p102_rainbow_05_loud_fold10_162134-7-12-0_SNR0dB.wav,16000,1.035460114479065,1.9495950937271118,0.6643092036247253,2.1482046127319334,3.2395659542706454,1.3066152617582805,1.540022565813734
