clean_file,enhanced_file,sampling_rate,PESQ,SI_SDR,STOI,DNSMOS_p808_mos,DNSMOS_mos_sig,DNSMOS_mos_bak,DNSMOS_mos_ovr
p103_sentences_02_highpitch,WF_p103_sentences_02_highpitch_fold10_187110-2-0-1_SNR0dB.wav,16000,1.1129472255706787,1.1203052997589111,0.48363009095191956,2.3834507862726846,2.947724627869867,1.8952546263015273,1.8669333818999998
