clean_file,enhanced_file,sampling_rate,PESQ,SI_SDR,STOI,DNSMOS_p808_mos,DNSMOS_mos_sig,DNSMOS_mos_bak,DNSMOS_mos_ovr
p102_emo_cuteness_sentences,WF_p102_emo_cuteness_sentences_fold10_155262-2-0-58_SNR0dB.wav,16000,1.106245994567871,5.059499263763428,0.6387714743614197,2.211405944824219,3.380306841121887,1.6949486757662506,1.8365785288502898
