clean_file,enhanced_file,sampling_rate,PESQ,SI_SDR,STOI,DNSMOS_p808_mos,DNSMOS_mos_sig,DNSMOS_mos_bak,DNSMOS_mos_ovr
p103_rainbow_07_loud,WF_p103_rainbow_07_loud_fold10_180127-4-0-3_SNR0dB.wav,16000,1.1368310451507568,7.242483615875244,0.7063047885894775,3.0115885734558105,3.4876635178991373,2.323407693703279,2.3503051874345893
