clean_file,enhanced_file,sampling_rate,PESQ,SI_SDR,STOI,DNSMOS_p808_mos,DNSMOS_mos_sig,DNSMOS_mos_bak,DNSMOS_mos_ovr
p101_rainbow_04_fast,WF_p101_rainbow_04_fast_fold10_118278-4-0-0_SNR0dB.wav,16000,1.0864546298980713,0.31665486097335815,0.7749365568161011,2.5439059734344482,3.7143341930063705,2.7455988597444247,2.8641597040603313
