clean_file,enhanced_file,sampling_rate,PESQ,SI_SDR,STOI,DNSMOS_p808_mos,DNSMOS_mos_sig,DNSMOS_mos_bak,DNSMOS_mos_ovr
p104_sentences_16_regular,WF_p104_sentences_16_regular_fold10_28808-1-1-1_SNR0dB.wav,16000,1.155713677406311,3.679816484451294,0.6074472069740295,2.5127639174461365,2.058512365055084,2.095097573052233,1.5147461393883557
