clean_file,enhanced_file,sampling_rate,PESQ,SI_SDR,STOI,DNSMOS_p808_mos,DNSMOS_mos_sig,DNSMOS_mos_bak,DNSMOS_mos_ovr
p102_rainbow_08_whisper,WF_p102_rainbow_08_whisper_fold10_162134-7-2-0_SNR0dB.wav,16000,1.034744143486023,1.408003568649292,0.3347803056240082,2.467104060309274,1.2347697298648685,1.9473461167486346,0.9825092326232292
