clean_file,enhanced_file,sampling_rate,PESQ,SI_SDR,STOI,DNSMOS_p808_mos,DNSMOS_mos_sig,DNSMOS_mos_bak,DNSMOS_mos_ovr
p101_rainbow_06_regular,WF_p101_rainbow_06_regular_fold10_118558-5-1-1_SNR0dB.wav,16000,1.4124512672424316,5.909618377685547,0.7014352679252625,2.7839393615722656,3.4328983682151497,3.0338579665435788,2.716282554707895
