clean_file,enhanced_file,sampling_rate,PESQ,SI_SDR,STOI,DNSMOS_p808_mos,DNSMOS_mos_sig,DNSMOS_mos_bak,DNSMOS_mos_ovr
p104_rainbow_05_slow,WF_p104_rainbow_05_slow_fold10_207213-2-0-130_SNR0dB.wav,16000,1.0909690856933594,-0.6463291645050049,0.6750783324241638,2.5474725110190257,3.2870480430107776,1.8282337306031091,2.01542052378445
