clean_file,enhanced_file,sampling_rate,PESQ,SI_SDR,STOI,DNSMOS_p808_mos,DNSMOS_mos_sig,DNSMOS_mos_bak,DNSMOS_mos_ovr
p101_rainbow_04_slow,WF_p101_rainbow_04_slow_fold10_118278-4-0-13_SNR0dB.wav,16000,1.0231424570083618,0.4767948091030121,0.5918986201286316,2.2306342124938965,2.754393932734643,2.48970085901278,1.9844176414121597
