clean_file,enhanced_file,sampling_rate,PESQ,SI_SDR,STOI,DNSMOS_p808_mos,DNSMOS_mos_sig,DNSMOS_mos_bak,DNSMOS_mos_ovr
p102_rainbow_04_slow,WF_p102_rainbow_04_slow_fold10_162134-7-11-4_SNR0dB.wav,16000,1.0394361019134521,0.8465677499771118,0.6424604654312134,2.2878726959228515,3.643623257714393,1.5697143139998748,1.8895299809678008
