clean_file,enhanced_file,sampling_rate,PESQ,SI_SDR,STOI,DNSMOS_p808_mos,DNSMOS_mos_sig,DNSMOS_mos_bak,DNSMOS_mos_ovr
p105_emo_adoration_sentences,WF_p105_emo_adoration_sentences_fold10_39847-5-0-1_SNR0dB.wav,16000,1.1367008686065674,2.2226550579071045,0.500489354133606,2.071983575820923,1.4362090363228626,1.7114719192719192,1.1307040358801417
