clean_file,enhanced_file,sampling_rate,PESQ,SI_SDR,STOI,DNSMOS_p808_mos,DNSMOS_mos_sig,DNSMOS_mos_bak,DNSMOS_mos_ovr
p104_emo_embarassment_sentences,WF_p104_emo_embarassment_sentences_fold10_189982-0-0-38_SNR0dB.wav,16000,1.2095694541931152,5.981058597564697,0.7527544498443604,2.69049334526062,1.9130568352093889,2.5916536363002884,1.621151128567537
