clean_file,enhanced_file,sampling_rate,PESQ,SI_SDR,STOI,DNSMOS_p808_mos,DNSMOS_mos_sig,DNSMOS_mos_bak,DNSMOS_mos_ovr
p105_rainbow_03_loud,WF_p105_rainbow_03_loud_fold10_74364-8-1-10_SNR0dB.wav,16000,1.098785161972046,-0.0024329270236194134,0.6760586500167847,2.8423472813197543,3.970057009868842,2.0419458642172805,2.5011449381363
