clean_file,enhanced_file,sampling_rate,PESQ,SI_SDR,STOI,DNSMOS_p808_mos,DNSMOS_mos_sig,DNSMOS_mos_bak,DNSMOS_mos_ovr
p101_emo_realization_sentences,WF_p101_emo_realization_sentences_fold10_102857-5-0-27_SNR0dB.wav,16000,1.6651721000671387,9.034022331237793,0.7149410247802734,3.1033872195652554,4.222879707489542,2.413503421525317,2.8567861206513485
