clean_file,enhanced_file,sampling_rate,PESQ,SI_SDR,STOI,DNSMOS_p808_mos,DNSMOS_mos_sig,DNSMOS_mos_bak,DNSMOS_mos_ovr
p102_rainbow_05_highpitch,WF_p102_rainbow_05_highpitch_fold10_162134-7-11-7_SNR0dB.wav,16000,1.0382999181747437,1.8252347707748413,0.6554951071739197,2.357503890991211,2.5839329956657053,1.6645731059547257,1.5364347949514991
