clean_file,enhanced_file,sampling_rate,PESQ,SI_SDR,STOI,DNSMOS_p808_mos,DNSMOS_mos_sig,DNSMOS_mos_bak,DNSMOS_mos_ovr
p102_rainbow_04_fast,WF_p102_rainbow_04_fast_fold10_162134-7-10-3_SNR0dB.wav,16000,1.0384079217910767,-0.07282121479511261,0.6583234667778015,2.277024269104004,2.9629136892633707,1.529385462683276,1.494603793313504
