clean_file,enhanced_file,sampling_rate,PESQ,SI_SDR,STOI,DNSMOS_p808_mos,DNSMOS_mos_sig,DNSMOS_mos_bak,DNSMOS_mos_ovr
p104_rainbow_05_lowpitch,WF_p104_rainbow_05_lowpitch_fold10_20571-3-1-0_SNR0dB.wav,16000,1.0999083518981934,5.210811614990234,0.8246806859970093,2.7916701521192278,4.297430443324825,2.1887265927359953,2.7596604626993413
