clean_file,enhanced_file,sampling_rate,PESQ,SI_SDR,STOI,DNSMOS_p808_mos,DNSMOS_mos_sig,DNSMOS_mos_bak,DNSMOS_mos_ovr
p104_rainbow_05_regular,WF_p104_rainbow_05_regular_fold10_207213-2-0-109_SNR0dB.wav,16000,1.13319993019104,0.36660754680633545,0.660074770450592,2.385338612965175,3.037655635494154,2.115168768986911,2.114347819597204
