clean_file,enhanced_file,sampling_rate,PESQ,SI_SDR,STOI,DNSMOS_p808_mos,DNSMOS_mos_sig,DNSMOS_mos_bak,DNSMOS_mos_ovr
p106_emo_neutral_sentences,WF_p106_emo_neutral_sentences_fold10_93567-8-0-5_SNR0dB.wav,16000,1.1033592224121094,2.916455030441284,0.6381766200065613,2.5747087001800537,3.382411088615503,2.1904724622462917,2.1514227908620605
