clean_file,enhanced_file,sampling_rate,PESQ,SI_SDR,STOI,DNSMOS_p808_mos,DNSMOS_mos_sig,DNSMOS_mos_bak,DNSMOS_mos_ovr
p104_emo_amusement_sentences,WF_p104_emo_amusement_sentences_fold10_188813-7-8-0_SNR0dB.wav,16000,1.0695515871047974,2.0947439670562744,0.6135463714599609,2.350701332092285,4.000839907818391,1.5432524649947472,2.0107125194535365
