clean_file,enhanced_file,sampling_rate,PESQ,SI_SDR,STOI,DNSMOS_p808_mos,DNSMOS_mos_sig,DNSMOS_mos_bak,DNSMOS_mos_ovr
p102_sentences_01_whisper,WF_p102_sentences_01_whisper_fold10_162134-7-8-0_SNR0dB.wav,16000,1.0362776517868042,0.6382227540016174,0.3352133631706238,2.3821136951446533,1.8530819991187524,1.585644453425047,1.2001022282104343
