clean_file,enhanced_file,sampling_rate,PESQ,SI_SDR,STOI,DNSMOS_p808_mos,DNSMOS_mos_sig,DNSMOS_mos_bak,DNSMOS_mos_ovr
p105_rainbow_01_whisper,WF_p105_rainbow_01_whisper_fold10_73524-0-0-6_SNR0dB.wav,16000,1.0695550441741943,-0.3443104028701782,0.6045969724655151,2.5817322731018066,1.7559711564994118,3.3051908689933454,1.5279590718869989
