clean_file,enhanced_file,sampling_rate,PESQ,SI_SDR,STOI,DNSMOS_p808_mos,DNSMOS_mos_sig,DNSMOS_mos_bak,DNSMOS_mos_ovr
p102_rainbow_07_lowpitch,WF_p102_rainbow_07_lowpitch_fold10_162134-7-15-2_SNR0dB.wav,16000,1.0379310846328735,1.9237769842147827,0.6270831823348999,2.2380136966705324,3.21466240758704,1.6106106609597723,1.7741375118774834
