clean_file,enhanced_file,sampling_rate,PESQ,SI_SDR,STOI,DNSMOS_p808_mos,DNSMOS_mos_sig,DNSMOS_mos_bak,DNSMOS_mos_ovr
p104_rainbow_03_loud,WF_p104_rainbow_03_loud_fold10_200786-5-1-5_SNR0dB.wav,16000,1.0527242422103882,2.1679985523223877,0.6611070036888123,2.5213473864964078,2.306690694912212,1.978293818060828,1.6135728977642414
