clean_file,enhanced_file,sampling_rate,PESQ,SI_SDR,STOI,DNSMOS_p808_mos,DNSMOS_mos_sig,DNSMOS_mos_bak,DNSMOS_mos_ovr
p105_rainbow_05_fast,WF_p105_rainbow_05_fast_fold10_74364-8-1-21_SNR0dB.wav,16000,1.072268009185791,-0.8630451560020447,0.8203688859939575,2.746232032775879,4.185989577965418,2.136891770392835,2.6754926625214654
