clean_file,enhanced_file,sampling_rate,PESQ,SI_SDR,STOI,DNSMOS_p808_mos,DNSMOS_mos_sig,DNSMOS_mos_bak,DNSMOS_mos_ovr
p102_nonverbal_screaming,WF_p102_nonverbal_screaming_fold10_159709-6-0-0_SNR0dB.wav,16000,1.2520060539245605,-9.62968697422184e-05,0.6737274527549744,2.2101047039031982,3.6156611740545768,1.8294861452479705,2.0509307869007753
