clean_file,enhanced_file,sampling_rate,PESQ,SI_SDR,STOI,DNSMOS_p808_mos,DNSMOS_mos_sig,DNSMOS_mos_bak,DNSMOS_mos_ovr
p104_rainbow_03_fast,WF_p104_rainbow_03_fast_fold10_200786-5-1-3_SNR0dB.wav,16000,1.052520751953125,1.9707320928573608,0.7045882344245911,2.4618441462516785,1.5608024888812086,2.0114788570354616,1.2570694921176024
