clean_file,enhanced_file,sampling_rate,PESQ,SI_SDR,STOI,DNSMOS_p808_mos,DNSMOS_mos_sig,DNSMOS_mos_bak,DNSMOS_mos_ovr
p103_rainbow_03_whisper,WF_p103_rainbow_03_whisper_fold10_178826-2-0-14_SNR0dB.wav,16000,1.0510826110839844,-3.0610337257385254,0.33106696605682373,2.3830063002450124,1.8465178088354992,2.533585409343316,1.6440366647700324
