clean_file,enhanced_file,sampling_rate,PESQ,SI_SDR,STOI,DNSMOS_p808_mos,DNSMOS_mos_sig,DNSMOS_mos_bak,DNSMOS_mos_ovr
p102_sentences_01_fast,WF_p102_sentences_01_fast_fold10_162134-7-3-0_SNR0dB.wav,16000,1.0423446893692017,1.4004998207092285,0.7153303027153015,2.4956705570220947,3.6607514935434375,1.589711477929011,1.8387053713138708
