clean_file,enhanced_file,sampling_rate,PESQ,SI_SDR,STOI,DNSMOS_p808_mos,DNSMOS_mos_sig,DNSMOS_mos_bak,DNSMOS_mos_ovr
p104_nonverbal_cheering,WF_p104_nonverbal_cheering_fold10_197554-2-0-28_SNR0dB.wav,16000,1.0995365381240845,7.15262508392334,0.6392855644226074,2.463215970993042,3.306034187220445,1.583934758405081,1.8107943607213504
