clean_file,enhanced_file,sampling_rate,PESQ,SI_SDR,STOI,DNSMOS_p808_mos,DNSMOS_mos_sig,DNSMOS_mos_bak,DNSMOS_mos_ovr
p103_rainbow_01_highpitch,WF_p103_rainbow_01_highpitch_fold10_174292-6-2-0_SNR0dB.wav,16000,1.4346965551376343,-0.015476807951927185,0.7331262230873108,2.606217622756958,3.739490322068931,1.741177259507935,1.9396723773735132
