clean_file,enhanced_file,sampling_rate,PESQ,SI_SDR,STOI,DNSMOS_p808_mos,DNSMOS_mos_sig,DNSMOS_mos_bak,DNSMOS_mos_ovr
p105_emo_cuteness_sentences,WF_p105_emo_cuteness_sentences_fold10_39847-5-1-0_SNR0dB.wav,16000,1.1269246339797974,1.8267607688903809,0.46116265654563904,2.1750117540359497,1.003514598325504,1.8913344255273248,0.9933301579687415
