clean_file,enhanced_file,sampling_rate,PESQ,SI_SDR,STOI,DNSMOS_p808_mos,DNSMOS_mos_sig,DNSMOS_mos_bak,DNSMOS_mos_ovr
p106_emo_disgust_sentences,WF_p106_emo_disgust_sentences_fold10_93567-8-0-1_SNR0dB.wav,16000,1.1177504062652588,4.227443218231201,0.6536893248558044,2.4004613399505614,2.700183094549779,2.029995704048479,1.9055685327153475
