clean_file,enhanced_file,sampling_rate,PESQ,SI_SDR,STOI,DNSMOS_p808_mos,DNSMOS_mos_sig,DNSMOS_mos_bak,DNSMOS_mos_ovr
p101_rainbow_02_whisper,WF_p101_rainbow_02_whisper_fold10_11722-3-0-0_SNR0dB.wav,16000,1.121351957321167,-2.7237722873687744,0.6123723983764648,2.999454617500305,2.986542015934107,2.2274195942884365,2.025515267411267
