clean_file,enhanced_file,sampling_rate,PESQ,SI_SDR,STOI,DNSMOS_p808_mos,DNSMOS_mos_sig,DNSMOS_mos_bak,DNSMOS_mos_ovr
p105_emo_disgust_freeform,WF_p105_emo_disgust_freeform_fold10_51024-3-0-2_SNR0dB.wav,16000,1.1078535318374634,-0.30905985832214355,0.5943384766578674,2.5317301750183105,3.420678855033891,1.9457265044170597,2.155566922114929
