clean_file,enhanced_file,sampling_rate,PESQ,SI_SDR,STOI,DNSMOS_p808_mos,DNSMOS_mos_sig,DNSMOS_mos_bak,DNSMOS_mos_ovr
p106_emo_amusement_freeform,WF_p106_emo_amusement_freeform_fold10_84249-9-0-6_SNR0dB.wav,16000,1.076371669769287,2.8372371196746826,0.5660950541496277,2.2357896055494035,1.9296314833393715,1.6422583879453039,1.3266571197832762
