clean_file,enhanced_file,sampling_rate,PESQ,SI_SDR,STOI,DNSMOS_p808_mos,DNSMOS_mos_sig,DNSMOS_mos_bak,DNSMOS_mos_ovr
p102_sentences_04_whisper,WF_p102_sentences_04_whisper_fold10_162134-7-9-1_SNR0dB.wav,16000,1.0404994487762451,1.2418018579483032,0.4800269603729248,2.2527037620544434,1.1469980264410466,1.8768232337147048,0.8661518278466162
