clean_file,enhanced_file,sampling_rate,PESQ,SI_SDR,STOI,DNSMOS_p808_mos,DNSMOS_mos_sig,DNSMOS_mos_bak,DNSMOS_mos_ovr
p102_rainbow_01_highpitch,WF_p102_rainbow_01_highpitch_fold10_159742-8-0-10_SNR0dB.wav,16000,1.2671058177947998,0.7480348348617554,0.8110883235931396,3.3793225288391113,3.624573102207851,1.534019282661787,1.7039804329806034
