clean_file,enhanced_file,sampling_rate,PESQ,SI_SDR,STOI,DNSMOS_p808_mos,DNSMOS_mos_sig,DNSMOS_mos_bak,DNSMOS_mos_ovr
p101_sentences_22_regular,WF_p101_sentences_22_regular_fold10_14470-2-0-70_SNR0dB.wav,16000,1.2371793985366821,-0.43270525336265564,0.5478838086128235,2.484206974506378,2.587936606801389,2.0940204890015774,1.8639223500742967
