clean_file,enhanced_file,sampling_rate,PESQ,SI_SDR,STOI,DNSMOS_p808_mos,DNSMOS_mos_sig,DNSMOS_mos_bak,DNSMOS_mos_ovr
p103_rainbow_06_fast,WF_p103_rainbow_06_fast_fold10_180127-4-0-14_SNR0dB.wav,16000,1.0782667398452759,3.6341989040374756,0.7315106987953186,3.098921298980713,3.076537711099283,2.4573886515210566,2.1981691405518333
