clean_file,enhanced_file,sampling_rate,PESQ,SI_SDR,STOI,DNSMOS_p808_mos,DNSMOS_mos_sig,DNSMOS_mos_bak,DNSMOS_mos_ovr
p101_sentences_10_fast,WF_p101_sentences_10_fast_fold10_141240-5-1-0_SNR0dB.wav,16000,1.1924502849578857,4.74446964263916,0.7629072070121765,2.5731605121067593,2.979323309067959,2.297698208788675,2.0943631684880435
