clean_file,enhanced_file,sampling_rate,PESQ,SI_SDR,STOI,DNSMOS_p808_mos,DNSMOS_mos_sig,DNSMOS_mos_bak,DNSMOS_mos_ovr
p103_sentences_02_regular,WF_p103_sentences_02_regular_fold10_187110-2-0-27_SNR0dB.wav,16000,1.1608740091323853,2.799025774002075,0.6386599540710449,2.6531644889286587,2.3247894645450353,2.0124700649746656,1.6272849575454111
