clean_file,enhanced_file,sampling_rate,PESQ,SI_SDR,STOI,DNSMOS_p808_mos,DNSMOS_mos_sig,DNSMOS_mos_bak,DNSMOS_mos_ovr
p106_nonverbal_yelling,WF_p106_nonverbal_yelling_fold10_99192-4-0-43_SNR0dB.wav,16000,1.0552008152008057,1.6070997714996338,0.465090811252594,2.4617944955825806,3.477499298524972,1.4904087572621119,1.8049610153011613
