clean_file,enhanced_file,sampling_rate,PESQ,SI_SDR,STOI,DNSMOS_p808_mos,DNSMOS_mos_sig,DNSMOS_mos_bak,DNSMOS_mos_ovr
p106_emo_guilt_freeform,WF_p106_emo_guilt_freeform_fold10_93567-8-0-18_SNR0dB.wav,16000,1.0981582403182983,0.060570746660232544,0.6513144969940186,2.4963292280832925,4.172248573981317,2.2841055964071875,2.7124954617053607
