clean_file,enhanced_file,sampling_rate,PESQ,SI_SDR,STOI,DNSMOS_p808_mos,DNSMOS_mos_sig,DNSMOS_mos_bak,DNSMOS_mos_ovr
p104_rainbow_07_loud,WF_p104_rainbow_07_loud_fold10_209672-3-0-0_SNR0dB.wav,16000,1.2032941579818726,-0.17670348286628723,0.8033768534660339,3.5066583156585693,4.216150346571504,2.0621710569712546,2.5407973166458615
