clean_file,enhanced_file,sampling_rate,PESQ,SI_SDR,STOI,DNSMOS_p808_mos,DNSMOS_mos_sig,DNSMOS_mos_bak,DNSMOS_mos_ovr
p102_vegetative_sneezing,WF_p102_vegetative_sneezing_fold10_165166-8-0-1_SNR0dB.wav,16000,1.586289644241333,0.18757882714271545,0.7697225213050842,2.984356244405111,3.60156726024597,1.6645248898523015,1.9404294344317357
