clean_file,enhanced_file,sampling_rate,PESQ,SI_SDR,STOI,DNSMOS_p808_mos,DNSMOS_mos_sig,DNSMOS_mos_bak,DNSMOS_mos_ovr
p104_rainbow_02_whisper,WF_p104_rainbow_02_whisper_fold10_200786-5-1-2_SNR0dB.wav,16000,1.0570595264434814,1.078711986541748,0.5225198864936829,2.811981201171875,1.4931626411487233,2.941848634524817,1.402223222976185
