clean_file,enhanced_file,sampling_rate,PESQ,SI_SDR,STOI,DNSMOS_p808_mos,DNSMOS_mos_sig,DNSMOS_mos_bak,DNSMOS_mos_ovr
p103_rainbow_03_lowpitch,WF_p103_rainbow_03_lowpitch_fold10_178402-1-0-0_SNR0dB.wav,16000,1.1595573425292969,0.01836448721587658,0.6949524879455566,3.121370792388916,4.141324488102403,1.86698118775068,2.1212775940925725
