clean_file,enhanced_file,sampling_rate,PESQ,SI_SDR,STOI,DNSMOS_p808_mos,DNSMOS_mos_sig,DNSMOS_mos_bak,DNSMOS_mos_ovr
p103_emo_contentment_sentences,WF_p103_emo_contentment_sentences_fold10_167464-0-0-11_SNR0dB.wav,16000,1.2519943714141846,3.029613971710205,0.47396016120910645,2.7055912017822266,2.6697097468606583,2.450276448948661,1.92078223750946
