clean_file,enhanced_file,sampling_rate,PESQ,SI_SDR,STOI,DNSMOS_p808_mos,DNSMOS_mos_sig,DNSMOS_mos_bak,DNSMOS_mos_ovr
p102_sentences_01_highpitch,WF_p102_sentences_01_highpitch_fold10_162134-7-4-0_SNR0dB.wav,16000,1.0474309921264648,0.920439600944519,0.5959212779998779,2.539033571879069,3.5519125004829273,1.4212302577332359,1.5851104746834948
