clean_file,enhanced_file,sampling_rate,PESQ,SI_SDR,STOI,DNSMOS_p808_mos,DNSMOS_mos_sig,DNSMOS_mos_bak,DNSMOS_mos_ovr
p104_emo_amazement_freeform,WF_p104_emo_amazement_freeform_fold10_188813-7-5-0_SNR0dB.wav,16000,1.069093108177185,2.8226888179779053,0.6660398244857788,2.229900538921356,3.9264345131071745,1.7352058303859965,2.238558956892042
