clean_file,enhanced_file,sampling_rate,PESQ,SI_SDR,STOI,DNSMOS_p808_mos,DNSMOS_mos_sig,DNSMOS_mos_bak,DNSMOS_mos_ovr
p106_rainbow_02_fast,WF_p106_rainbow_02_fast_fold10_99192-4-0-7_SNR0dB.wav,16000,1.042479395866394,0.815657913684845,0.6849993467330933,2.3895466327667236,3.2795721114452214,1.6587836701871104,1.7500192718902485
