clean_file,enhanced_file,sampling_rate,PESQ,SI_SDR,STOI,DNSMOS_p808_mos,DNSMOS_mos_sig,DNSMOS_mos_bak,DNSMOS_mos_ovr
p104_rainbow_07_regular,WF_p104_rainbow_07_regular_fold10_209672-3-6-0_SNR0dB.wav,16000,1.299096703529358,-0.5243083238601685,0.7839221954345703,3.671553986413138,4.320245706201706,3.4914734795662183,3.505688099711566
