clean_file,enhanced_file,sampling_rate,PESQ,SI_SDR,STOI,DNSMOS_p808_mos,DNSMOS_mos_sig,DNSMOS_mos_bak,DNSMOS_mos_ovr
p101_rainbow_07_highpitch,WF_p101_rainbow_07_highpitch_fold10_118558-5-2-2_SNR0dB.wav,16000,1.1467901468276978,6.676468372344971,0.7740895748138428,2.4177547693252563,2.5385355872476816,2.1948080003721673,1.7966361651400473
