clean_file,enhanced_file,sampling_rate,PESQ,SI_SDR,STOI,DNSMOS_p808_mos,DNSMOS_mos_sig,DNSMOS_mos_bak,DNSMOS_mos_ovr
p105_sentences_02_fast,WF_p105_sentences_02_fast_fold10_7913-3-2-0_SNR0dB.wav,16000,1.4912017583847046,-0.2640661299228668,0.635123074054718,3.4145872933523997,4.587636918653031,2.5986234136840025,3.2626584764296283
