clean_file,enhanced_file,sampling_rate,PESQ,SI_SDR,STOI,DNSMOS_p808_mos,DNSMOS_mos_sig,DNSMOS_mos_bak,DNSMOS_mos_ovr
p106_emo_amusement_sentences,WF_p106_emo_amusement_sentences_fold10_84249-9-0-7_SNR0dB.wav,16000,1.0972609519958496,3.716501235961914,0.6048076748847961,2.22282608350118,1.8442156931089932,1.8717220761670708,1.3706313869770526
