clean_file,enhanced_file,sampling_rate,PESQ,SI_SDR,STOI,DNSMOS_p808_mos,DNSMOS_mos_sig,DNSMOS_mos_bak,DNSMOS_mos_ovr
p101_nonverbal_screaming,WF_p101_nonverbal_screaming_fold10_106014-5-0-3_SNR0dB.wav,16000,1.1279183626174927,7.658073425292969,0.573749840259552,2.348961353302002,3.4713799292344407,1.671635334138693,1.9945459903082134
