clean_file,enhanced_file,sampling_rate,PESQ,SI_SDR,STOI,DNSMOS_p808_mos,DNSMOS_mos_sig,DNSMOS_mos_bak,DNSMOS_mos_ovr
p101_sentences_15_regular,WF_p101_sentences_15_regular_fold10_14468-3-5-0_SNR0dB.wav,16000,1.4952094554901123,1.2973099946975708,0.672071635723114,2.8099772248949324,2.038848825652765,2.176121392555961,1.4909452943648118
