clean_file,enhanced_file,sampling_rate,PESQ,SI_SDR,STOI,DNSMOS_p808_mos,DNSMOS_mos_sig,DNSMOS_mos_bak,DNSMOS_mos_ovr
p104_sentences_01_fast,WF_p104_sentences_01_fast_fold10_26173-8-0-0_SNR0dB.wav,16000,1.216906189918518,1.4865714311599731,0.7564530968666077,3.224635601043701,4.310401345683825,2.166583681437887,2.783780759754528
