clean_file,enhanced_file,sampling_rate,PESQ,SI_SDR,STOI,DNSMOS_p808_mos,DNSMOS_mos_sig,DNSMOS_mos_bak,DNSMOS_mos_ovr
p105_rainbow_08_whisper,WF_p105_rainbow_08_whisper_fold10_77901-9-0-6_SNR0dB.wav,16000,1.0223939418792725,-2.4138386249542236,0.5021392703056335,2.1495534692491804,1.8048450328480208,2.365909888488486,1.6462449179261225
