clean_file,enhanced_file,sampling_rate,PESQ,SI_SDR,STOI,DNSMOS_p808_mos,DNSMOS_mos_sig,DNSMOS_mos_bak,DNSMOS_mos_ovr
p105_sentences_20_regular,WF_p105_sentences_20_regular_fold10_83502-0-0-11_SNR0dB.wav,16000,1.1263583898544312,1.344535231590271,0.507127046585083,2.562838111604963,3.552142645948865,2.100516156237996,2.2981084445613575
