clean_file,enhanced_file,sampling_rate,PESQ,SI_SDR,STOI,DNSMOS_p808_mos,DNSMOS_mos_sig,DNSMOS_mos_bak,DNSMOS_mos_ovr
p102_rainbow_04_lowpitch,WF_p102_rainbow_04_lowpitch_fold10_162134-7-11-2_SNR0dB.wav,16000,1.0384491682052612,0.5794172286987305,0.641767680644989,2.1694112618764243,3.288406254165537,1.5940277840062038,1.757786984040185
