clean_file,enhanced_file,sampling_rate,PESQ,SI_SDR,STOI,DNSMOS_p808_mos,DNSMOS_mos_sig,DNSMOS_mos_bak,DNSMOS_mos_ovr
p104_rainbow_01_slow,WF_p104_rainbow_01_slow_fold10_200460-6-1-0_SNR0dB.wav,16000,1.2705011367797852,-0.12652604281902313,0.8545079827308655,3.672462054661342,4.004416791756877,3.2226001797152857,3.0595146777948727
