clean_file,enhanced_file,sampling_rate,PESQ,SI_SDR,STOI,DNSMOS_p808_mos,DNSMOS_mos_sig,DNSMOS_mos_bak,DNSMOS_mos_ovr
p106_emo_cuteness_freeform,WF_p106_emo_cuteness_freeform_fold10_88121-8-0-0_SNR0dB.wav,16000,1.073823094367981,2.457468271255493,0.6531952619552612,2.567053726741246,3.260199265990599,1.9740387464828115,2.0446796269712264
