clean_file,enhanced_file,sampling_rate,PESQ,SI_SDR,STOI,DNSMOS_p808_mos,DNSMOS_mos_sig,DNSMOS_mos_bak,DNSMOS_mos_ovr
p104_rainbow_02_fast,WF_p104_rainbow_02_fast_fold10_200460-6-3-0_SNR0dB.wav,16000,1.1573842763900757,0.17452821135520935,0.830429196357727,3.51726758480072,3.99041532343559,2.013418038354028,2.3018594670926174
