clean_file,enhanced_file,sampling_rate,PESQ,SI_SDR,STOI,DNSMOS_p808_mos,DNSMOS_mos_sig,DNSMOS_mos_bak,DNSMOS_mos_ovr
p103_emo_confusion_freeform,WF_p103_emo_confusion_freeform_fold10_167464-0-0-0_SNR0dB.wav,16000,1.0660033226013184,0.5608534812927246,0.6778009533882141,2.5682104587554933,4.352658829800126,2.0107185769427534,2.5687451253257465
