clean_file,enhanced_file,sampling_rate,PESQ,SI_SDR,STOI,DNSMOS_p808_mos,DNSMOS_mos_sig,DNSMOS_mos_bak,DNSMOS_mos_ovr
p105_sentences_24_regular,WF_p105_sentences_24_regular_fold10_83502-0-0-3_SNR0dB.wav,16000,1.0653512477874756,2.044755458831787,0.4414851665496826,2.455887351717268,3.5807036609849034,2.1850243538477763,2.3715484445118897
