clean_file,enhanced_file,sampling_rate,PESQ,SI_SDR,STOI,DNSMOS_p808_mos,DNSMOS_mos_sig,DNSMOS_mos_bak,DNSMOS_mos_ovr
p105_rainbow_03_lowpitch,WF_p105_rainbow_03_lowpitch_fold10_74364-8-1-11_SNR0dB.wav,16000,1.1365306377410889,-1.2287147045135498,0.7667078375816345,2.6752797603607177,4.020648148515981,1.874332635299594,2.3244092400371485
