clean_file,enhanced_file,sampling_rate,PESQ,SI_SDR,STOI,DNSMOS_p808_mos,DNSMOS_mos_sig,DNSMOS_mos_bak,DNSMOS_mos_ovr
p104_emo_neutral_sentences,WF_p104_emo_neutral_sentences_fold10_189985-0-0-1_SNR0dB.wav,16000,1.3056795597076416,5.381519794464111,0.5662668347358704,2.6134344339370728,2.3554901013441096,3.042251567788874,1.9608411518460758
