clean_file,enhanced_file,sampling_rate,PESQ,SI_SDR,STOI,DNSMOS_p808_mos,DNSMOS_mos_sig,DNSMOS_mos_bak,DNSMOS_mos_ovr
p103_rainbow_04_loud,WF_p103_rainbow_04_loud_fold10_178826-2-0-20_SNR0dB.wav,16000,1.1088110208511353,3.8158888816833496,0.6736765503883362,2.433959415980748,2.214575032635617,1.8035271726719853,1.4333218957169955
