clean_file,enhanced_file,sampling_rate,PESQ,SI_SDR,STOI,DNSMOS_p808_mos,DNSMOS_mos_sig,DNSMOS_mos_bak,DNSMOS_mos_ovr
p104_emo_interest_sentences,WF_p104_emo_interest_sentences_fold10_189982-0-0-7_SNR0dB.wav,16000,1.1036648750305176,4.61239767074585,0.561326265335083,2.4087753295898438,2.493609746925756,2.303264459886557,1.8367227669454185
