clean_file,enhanced_file,sampling_rate,PESQ,SI_SDR,STOI,DNSMOS_p808_mos,DNSMOS_mos_sig,DNSMOS_mos_bak,DNSMOS_mos_ovr
p104_emo_disappointment_freeform,WF_p104_emo_disappointment_freeform_fold10_189982-0-0-27_SNR0dB.wav,16000,1.1880085468292236,4.301812648773193,0.7320151925086975,2.430222749710083,2.45979554543864,2.684208647593046,1.995850610863585
