clean_file,enhanced_file,sampling_rate,PESQ,SI_SDR,STOI,DNSMOS_p808_mos,DNSMOS_mos_sig,DNSMOS_mos_bak,DNSMOS_mos_ovr
p101_rainbow_03_loud,WF_p101_rainbow_03_loud_fold10_117889-9-0-20_SNR0dB.wav,16000,1.1762583255767822,1.1463605165481567,0.7983387112617493,2.7160539627075195,2.730197305469626,1.5565592351491837,1.4938866078870696
