clean_file,enhanced_file,sampling_rate,PESQ,SI_SDR,STOI,DNSMOS_p808_mos,DNSMOS_mos_sig,DNSMOS_mos_bak,DNSMOS_mos_ovr
p104_emo_distress_freeform,WF_p104_emo_distress_freeform_fold10_189982-0-0-33_SNR0dB.wav,16000,1.187583327293396,5.38997745513916,0.7108529210090637,2.4511210918426514,2.722492841016053,2.6611980369017236,2.0706573121650864
