clean_file,enhanced_file,sampling_rate,PESQ,SI_SDR,STOI,DNSMOS_p808_mos,DNSMOS_mos_sig,DNSMOS_mos_bak,DNSMOS_mos_ovr
p101_sentences_13_lowpitch,WF_p101_sentences_13_lowpitch_fold10_14468-3-0-3_SNR0dB.wav,16000,1.1835682392120361,0.9081434607505798,0.7383869290351868,2.3229146798451743,2.761270840877513,2.0076025534622897,1.858242669470085
