clean_file,enhanced_file,sampling_rate,PESQ,SI_SDR,STOI,DNSMOS_p808_mos,DNSMOS_mos_sig,DNSMOS_mos_bak,DNSMOS_mos_ovr
p104_emo_cuteness_sentences,WF_p104_emo_cuteness_sentences_fold10_189982-0-0-2_SNR0dB.wav,16000,1.2116777896881104,6.455320358276367,0.609007716178894,2.37996244430542,2.818105998091968,2.2209624264235095,2.007212014244649
