clean_file,enhanced_file,sampling_rate,PESQ,SI_SDR,STOI,DNSMOS_p808_mos,DNSMOS_mos_sig,DNSMOS_mos_bak,DNSMOS_mos_ovr
p102_sentences_11_highpitch,WF_p102_sentences_11_highpitch_fold10_164194-2-0-11_SNR0dB.wav,16000,1.2440481185913086,-0.023671360686421394,0.7283903956413269,2.800450086593628,3.380546687185346,1.5711979620886776,1.8511221270659173
