clean_file,enhanced_file,sampling_rate,PESQ,SI_SDR,STOI,DNSMOS_p808_mos,DNSMOS_mos_sig,DNSMOS_mos_bak,DNSMOS_mos_ovr
p103_sentences_01_slow,WF_p103_sentences_01_slow_fold10_181624-4-7-0_SNR0dB.wav,16000,1.092646837234497,-0.03126395493745804,0.5841521620750427,2.840310017267863,4.038049876956909,1.7284179102377852,1.9723499094434631
