clean_file,enhanced_file,sampling_rate,PESQ,SI_SDR,STOI,DNSMOS_p808_mos,DNSMOS_mos_sig,DNSMOS_mos_bak,DNSMOS_mos_ovr
p101_sentences_14_lowpitch,WF_p101_sentences_14_lowpitch_fold10_14468-3-1-0_SNR0dB.wav,16000,1.6454243659973145,-0.3233221769332886,0.8475660681724548,3.1075015862782798,3.7452861237177033,2.1243228906351237,2.4223275808938727
