clean_file,enhanced_file,sampling_rate,PESQ,SI_SDR,STOI,DNSMOS_p808_mos,DNSMOS_mos_sig,DNSMOS_mos_bak,DNSMOS_mos_ovr
p105_sentences_14_lowpitch,WF_p105_sentences_14_lowpitch_fold10_83195-9-0-3_SNR0dB.wav,16000,1.2167843580245972,2.290548801422119,0.46815893054008484,2.206707613808768,2.1563490594640564,2.0426789455757075,1.5951316543550251
