clean_file,enhanced_file,sampling_rate,PESQ,SI_SDR,STOI,DNSMOS_p808_mos,DNSMOS_mos_sig,DNSMOS_mos_bak,DNSMOS_mos_ovr
p104_emo_amazement_sentences,WF_p104_emo_amazement_sentences_fold10_188813-7-6-0_SNR0dB.wav,16000,1.048154592514038,0.8443036675453186,0.7177528142929077,2.179450511932373,4.175150158677989,1.458100880705028,1.9403756174884594
