clean_file,enhanced_file,sampling_rate,PESQ,SI_SDR,STOI,DNSMOS_p808_mos,DNSMOS_mos_sig,DNSMOS_mos_bak,DNSMOS_mos_ovr
p104_emo_pain_sentences,WF_p104_emo_pain_sentences_fold10_189985-0-0-3_SNR0dB.wav,16000,1.217484951019287,5.955825328826904,0.6919115781784058,2.695521593093872,2.5955259851024506,2.6541032570268417,2.122921903851839
