clean_file,enhanced_file,sampling_rate,PESQ,SI_SDR,STOI,DNSMOS_p808_mos,DNSMOS_mos_sig,DNSMOS_mos_bak,DNSMOS_mos_ovr
p101_rainbow_07_fast,WF_p101_rainbow_07_fast_fold10_118558-5-2-1_SNR0dB.wav,16000,1.2103643417358398,5.16315221786499,0.8107739686965942,2.474294424057007,3.6072025945282657,2.694294551682641,2.728072877114039
