clean_file,enhanced_file,sampling_rate,PESQ,SI_SDR,STOI,DNSMOS_p808_mos,DNSMOS_mos_sig,DNSMOS_mos_bak,DNSMOS_mos_ovr
p102_interjection_greetings,WF_p102_interjection_greetings_fold10_157207-6-5-0_SNR0dB.wav,16000,1.193626880645752,0.9683636426925659,0.7849610447883606,2.859938383102417,3.7579679434661086,1.8026379676409816,2.164061321944459
