clean_file,enhanced_file,sampling_rate,PESQ,SI_SDR,STOI,DNSMOS_p808_mos,DNSMOS_mos_sig,DNSMOS_mos_bak,DNSMOS_mos_ovr
p103_rainbow_01_whisper,WF_p103_rainbow_01_whisper_fold10_175850-1-0-0_SNR0dB.wav,16000,1.137336254119873,-4.444789409637451,0.40523862838745117,2.7932137648264566,2.942968645667822,3.1530974059727055,2.504658544006645
