clean_file,enhanced_file,sampling_rate,PESQ,SI_SDR,STOI,DNSMOS_p808_mos,DNSMOS_mos_sig,DNSMOS_mos_bak,DNSMOS_mos_ovr
p103_sentences_24_regular,WF_p103_sentences_24_regular_fold10_188813-7-10-3_SNR0dB.wav,16000,1.1157666444778442,2.817046642303467,0.556961715221405,2.343301739011492,4.179060850272376,1.7860802289183795,2.4758308496213495
