clean_file,enhanced_file,sampling_rate,PESQ,SI_SDR,STOI,DNSMOS_p808_mos,DNSMOS_mos_sig,DNSMOS_mos_bak,DNSMOS_mos_ovr
p102_sentences_18_regular,WF_p102_sentences_18_regular_fold10_164377-9-0-16_SNR0dB.wav,16000,1.1704716682434082,2.521791458129883,0.6482844948768616,2.7014639377593994,2.65411561026454,2.2690596720858838,1.9697365366969217
