clean_file,enhanced_file,sampling_rate,PESQ,SI_SDR,STOI,DNSMOS_p808_mos,DNSMOS_mos_sig,DNSMOS_mos_bak,DNSMOS_mos_ovr
p106_rainbow_01_regular,WF_p106_rainbow_01_regular_fold10_99192-4-0-53_SNR0dB.wav,16000,1.0475248098373413,-1.0335875749588013,0.6276215314865112,2.3797550201416016,3.2055396397076956,2.1067517403583573,1.8900758593681848
