clean_file,enhanced_file,sampling_rate,PESQ,SI_SDR,STOI,DNSMOS_p808_mos,DNSMOS_mos_sig,DNSMOS_mos_bak,DNSMOS_mos_ovr
p101_sentences_06_loud,WF_p101_sentences_06_loud_fold10_138017-9-1-16_SNR0dB.wav,16000,1.1232165098190308,2.0163779258728027,0.654351532459259,2.3018426100413003,2.4578486112148,2.055844005208431,1.750274710733991
