clean_file,enhanced_file,sampling_rate,PESQ,SI_SDR,STOI,DNSMOS_p808_mos,DNSMOS_mos_sig,DNSMOS_mos_bak,DNSMOS_mos_ovr
p103_rainbow_02_highpitch,WF_p103_rainbow_02_highpitch_fold10_178261-7-1-0_SNR0dB.wav,16000,1.0580320358276367,4.748533725738525,0.5623722672462463,2.201381206512451,2.743104538066067,1.8292149321043987,1.615397265077108
