clean_file,enhanced_file,sampling_rate,PESQ,SI_SDR,STOI,DNSMOS_p808_mos,DNSMOS_mos_sig,DNSMOS_mos_bak,DNSMOS_mos_ovr
p101_emo_serenity_sentences,WF_p101_emo_serenity_sentences_fold10_102857-5-0-5_SNR0dB.wav,16000,1.325554609298706,4.957913875579834,0.7514005899429321,2.6473560673849925,3.594427622236231,3.0433780600396005,2.7757656515963416
