clean_file,enhanced_file,sampling_rate,PESQ,SI_SDR,STOI,DNSMOS_p808_mos,DNSMOS_mos_sig,DNSMOS_mos_bak,DNSMOS_mos_ovr
p106_emo_relief_sentences,WF_p106_emo_relief_sentences_fold10_99192-4-0-12_SNR0dB.wav,16000,1.0619018077850342,1.110487461090088,0.6610679626464844,2.5145347118377686,3.835564474507609,1.676913170048731,2.023399385392638
