clean_file,enhanced_file,sampling_rate,PESQ,SI_SDR,STOI,DNSMOS_p808_mos,DNSMOS_mos_sig,DNSMOS_mos_bak,DNSMOS_mos_ovr
p101_rainbow_04_loud,WF_p101_rainbow_04_loud_fold10_118278-4-0-10_SNR0dB.wav,16000,1.1046850681304932,4.303078651428223,0.6465511918067932,2.2115437189737954,2.7211243924664803,1.948062299935841,1.7713229182244208
