clean_file,enhanced_file,sampling_rate,PESQ,SI_SDR,STOI,DNSMOS_p808_mos,DNSMOS_mos_sig,DNSMOS_mos_bak,DNSMOS_mos_ovr
p105_rainbow_05_loud,WF_p105_rainbow_05_loud_fold10_74364-8-1-23_SNR0dB.wav,16000,1.0895562171936035,1.0786454677581787,0.7660945653915405,2.6467202731541226,3.020179520998286,2.113909121901659,2.101808941301218
