clean_file,enhanced_file,sampling_rate,PESQ,SI_SDR,STOI,DNSMOS_p808_mos,DNSMOS_mos_sig,DNSMOS_mos_bak,DNSMOS_mos_ovr
p102_sentences_01_slow,WF_p102_sentences_01_slow_fold10_162134-7-7-1_SNR0dB.wav,16000,1.0586587190628052,0.47201454639434814,0.6283009648323059,2.4019740422566733,3.9965950581885323,1.6965936453801398,2.161259729021596
