clean_file,enhanced_file,sampling_rate,PESQ,SI_SDR,STOI,DNSMOS_p808_mos,DNSMOS_mos_sig,DNSMOS_mos_bak,DNSMOS_mos_ovr
p101_sentences_23_regular,WF_p101_sentences_23_regular_fold10_14470-2-0-72_SNR0dB.wav,16000,1.2984719276428223,-0.4268280267715454,0.7338141202926636,3.060270309448242,3.954780363467443,2.018440503490641,2.5109784937259105
