clean_file,enhanced_file,sampling_rate,PESQ,SI_SDR,STOI,DNSMOS_p808_mos,DNSMOS_mos_sig,DNSMOS_mos_bak,DNSMOS_mos_ovr
p101_interjection_agreement,WF_p101_interjection_agreement_fold10_102857-5-0-6_SNR0dB.wav,16000,1.6364872455596924,9.759159088134766,0.7889876365661621,2.833876609802246,4.148493099520588,2.29302101463195,2.737270767022767
