clean_file,enhanced_file,sampling_rate,PESQ,SI_SDR,STOI,DNSMOS_p808_mos,DNSMOS_mos_sig,DNSMOS_mos_bak,DNSMOS_mos_ovr
p103_sentences_18_regular,WF_p103_sentences_18_regular_fold10_188497-2-0-8_SNR0dB.wav,16000,1.1523746252059937,3.353023052215576,0.541176974773407,2.3413737501416887,1.8037285304939914,2.23546095836598,1.405923026289564
