clean_file,enhanced_file,sampling_rate,PESQ,SI_SDR,STOI,DNSMOS_p808_mos,DNSMOS_mos_sig,DNSMOS_mos_bak,DNSMOS_mos_ovr
p105_rainbow_07_highpitch,WF_p105_rainbow_07_highpitch_fold10_74922-4-0-1_SNR0dB.wav,16000,1.037590503692627,4.204867839813232,0.5688247680664062,2.4199041979653493,3.3347445189923177,2.4456907589543246,2.280975114711946
