clean_file,enhanced_file,sampling_rate,PESQ,SI_SDR,STOI,DNSMOS_p808_mos,DNSMOS_mos_sig,DNSMOS_mos_bak,DNSMOS_mos_ovr
p103_sentences_15_regular,WF_p103_sentences_15_regular_fold10_188497-2-0-19_SNR0dB.wav,16000,1.1434239149093628,3.0209903717041016,0.5202664732933044,2.4661348342895506,2.0938148346967593,2.302508205181569,1.7595094423802682
