clean_file,enhanced_file,sampling_rate,PESQ,SI_SDR,STOI,DNSMOS_p808_mos,DNSMOS_mos_sig,DNSMOS_mos_bak,DNSMOS_mos_ovr
p101_vegetative_throat,WF_p101_vegetative_throat_fold10_147491-9-2-25_SNR0dB.wav,16000,1.1517184972763062,4.44403600692749,0.7705364227294922,2.3950228691101074,3.019347500051831,1.513833686591244,1.518451143506562
