clean_file,enhanced_file,sampling_rate,PESQ,SI_SDR,STOI,DNSMOS_p808_mos,DNSMOS_mos_sig,DNSMOS_mos_bak,DNSMOS_mos_ovr
p102_nonverbal_crying,WF_p102_nonverbal_crying_fold10_157207-6-8-0_SNR0dB.wav,16000,1.2037183046340942,-0.05214587226510048,0.6014216542243958,2.4908005396525064,3.751479987034063,2.2350236457352612,2.457274493476254
