clean_file,enhanced_file,sampling_rate,PESQ,SI_SDR,STOI,DNSMOS_p808_mos,DNSMOS_mos_sig,DNSMOS_mos_bak,DNSMOS_mos_ovr
p101_emo_contentment_sentences,WF_p101_emo_contentment_sentences_fold10_101382-2-0-20_SNR0dB.wav,16000,1.1572537422180176,-0.35390669107437134,0.7070453763008118,2.9651665687561035,4.173275342817957,1.847652488718006,2.4515212686955956
