clean_file,enhanced_file,sampling_rate,PESQ,SI_SDR,STOI,DNSMOS_p808_mos,DNSMOS_mos_sig,DNSMOS_mos_bak,DNSMOS_mos_ovr
p101_rainbow_08_fast,WF_p101_rainbow_08_fast_fold10_128240-3-0-20_SNR0dB.wav,16000,1.2646350860595703,-0.4888436496257782,0.7924748659133911,2.7694501876831055,3.6973342021399853,1.6720342342837844,1.979606232954254
