clean_file,enhanced_file,sampling_rate,PESQ,SI_SDR,STOI,DNSMOS_p808_mos,DNSMOS_mos_sig,DNSMOS_mos_bak,DNSMOS_mos_ovr
p104_emo_pride_freeform,WF_p104_emo_pride_freeform_fold10_189985-0-0-4_SNR0dB.wav,16000,1.1749929189682007,6.092169761657715,0.7101719379425049,2.444044351577759,2.0014227561351454,2.194973545595122,1.6568761362193198
