clean_file,enhanced_file,sampling_rate,PESQ,SI_SDR,STOI,DNSMOS_p808_mos,DNSMOS_mos_sig,DNSMOS_mos_bak,DNSMOS_mos_ovr
p101_rainbow_08_slow,WF_p101_rainbow_08_slow_fold10_128470-3-0-5_SNR0dB.wav,16000,1.3655353784561157,-0.8665063977241516,0.7528668642044067,3.325026818684169,4.129950493923263,1.8925474193171312,2.4062477410621024
