clean_file,enhanced_file,sampling_rate,PESQ,SI_SDR,STOI,DNSMOS_p808_mos,DNSMOS_mos_sig,DNSMOS_mos_bak,DNSMOS_mos_ovr
p105_sentences_18_regular,WF_p105_sentences_18_regular_fold10_83502-0-0-1_SNR0dB.wav,16000,1.0782850980758667,1.0082767009735107,0.4903187155723572,2.494206973484584,3.686503168354222,2.4175232451872746,2.485189342922674
