clean_file,enhanced_file,sampling_rate,PESQ,SI_SDR,STOI,DNSMOS_p808_mos,DNSMOS_mos_sig,DNSMOS_mos_bak,DNSMOS_mos_ovr
p104_rainbow_02_lowpitch,WF_p104_rainbow_02_lowpitch_fold10_200786-5-0-0_SNR0dB.wav,16000,1.0818389654159546,2.5089499950408936,0.722976565361023,2.467302759488424,1.985587740844923,2.4728145662261904,1.6074126331491332
