clean_file,enhanced_file,sampling_rate,PESQ,SI_SDR,STOI,DNSMOS_p808_mos,DNSMOS_mos_sig,DNSMOS_mos_bak,DNSMOS_mos_ovr
p102_sentences_01_loud,WF_p102_sentences_01_loud_fold10_162134-7-5-0_SNR0dB.wav,16000,1.0683841705322266,0.4903442859649658,0.7111127376556396,2.5061585903167725,4.093565858305562,1.497147720510069,2.059906284334349
