clean_file,enhanced_file,sampling_rate,PESQ,SI_SDR,STOI,DNSMOS_p808_mos,DNSMOS_mos_sig,DNSMOS_mos_bak,DNSMOS_mos_ovr
p101_emo_amazement_freeform,WF_p101_emo_amazement_freeform_fold10_100648-1-2-0_SNR0dB.wav,16000,1.1801539659500122,-0.6984901428222656,0.47630953788757324,2.259604072570801,2.8522365735913646,2.04693223917696,1.9433304475778137
