clean_file,enhanced_file,sampling_rate,PESQ,SI_SDR,STOI,DNSMOS_p808_mos,DNSMOS_mos_sig,DNSMOS_mos_bak,DNSMOS_mos_ovr
p102_emo_neutral_sentences,WF_p102_emo_neutral_sentences_fold10_15544-5-0-17_SNR0dB.wav,16000,1.254363775253296,5.564265727996826,0.727580189704895,2.825239419937134,3.4927741560807757,2.348639806481729,2.381419855029989
