clean_file,enhanced_file,sampling_rate,PESQ,SI_SDR,STOI,DNSMOS_p808_mos,DNSMOS_mos_sig,DNSMOS_mos_bak,DNSMOS_mos_ovr
p101_rainbow_02_loud,WF_p101_rainbow_02_loud_fold10_115418-9-0-15_SNR0dB.wav,16000,1.1006196737289429,1.2455817461013794,0.6855231523513794,2.463170051574707,2.9545246998215795,1.7633604104374023,1.894489736641761
