clean_file,enhanced_file,sampling_rate,PESQ,SI_SDR,STOI,DNSMOS_p808_mos,DNSMOS_mos_sig,DNSMOS_mos_bak,DNSMOS_mos_ovr
p104_rainbow_06_whisper,WF_p104_rainbow_06_whisper_fold10_208652-8-2-0_SNR0dB.wav,16000,1.0420825481414795,-0.45579415559768677,0.5458390116691589,2.449701166152954,1.7474714805179024,2.7325854492911312,1.5326551015494931
