clean_file,enhanced_file,sampling_rate,PESQ,SI_SDR,STOI,DNSMOS_p808_mos,DNSMOS_mos_sig,DNSMOS_mos_bak,DNSMOS_mos_ovr
p103_rainbow_08_highpitch,WF_p103_rainbow_08_highpitch_fold10_180127-4-0-8_SNR0dB.wav,16000,1.095577359199524,6.963513374328613,0.5642955899238586,2.6233746324266707,2.3605758965340278,2.4296299508122265,2.0357729554386355
