clean_file,enhanced_file,sampling_rate,PESQ,SI_SDR,STOI,DNSMOS_p808_mos,DNSMOS_mos_sig,DNSMOS_mos_bak,DNSMOS_mos_ovr
p106_emo_amazement_sentences,WF_p106_emo_amazement_sentences_fold10_84249-9-0-3_SNR0dB.wav,16000,1.1361892223358154,2.213712453842163,0.5709766745567322,2.3034000396728516,2.1433213072421475,1.7794886790404272,1.458054734719032
