clean_file,enhanced_file,sampling_rate,PESQ,SI_SDR,STOI,DNSMOS_p808_mos,DNSMOS_mos_sig,DNSMOS_mos_bak,DNSMOS_mos_ovr
p104_emo_neutral_freeform,WF_p104_emo_neutral_freeform_fold10_189985-0-0-0_SNR0dB.wav,16000,1.0409871339797974,2.433206558227539,0.6600016355514526,2.463223695755005,2.93475784600537,1.7508502629908498,1.8188440358253453
