clean_file,enhanced_file,sampling_rate,PESQ,SI_SDR,STOI,DNSMOS_p808_mos,DNSMOS_mos_sig,DNSMOS_mos_bak,DNSMOS_mos_ovr
p102_emo_embarassment_freeform,WF_p102_emo_embarassment_freeform_fold10_155280-2-0-7_SNR0dB.wav,16000,1.1486139297485352,2.239093542098999,0.6983906030654907,2.7313333579472134,2.615184089951154,1.9523192656227268,1.7098420600665116
