clean_file,enhanced_file,sampling_rate,PESQ,SI_SDR,STOI,DNSMOS_p808_mos,DNSMOS_mos_sig,DNSMOS_mos_bak,DNSMOS_mos_ovr
p105_sentences_03_whisper,WF_p105_sentences_03_whisper_fold10_81791-3-0-1_SNR0dB.wav,16000,1.29150390625,-2.5405242443084717,0.4825647175312042,2.7871322291237965,2.6435397879398783,3.152153416886981,2.2520782885831627
