clean_file,enhanced_file,sampling_rate,PESQ,SI_SDR,STOI,DNSMOS_p808_mos,DNSMOS_mos_sig,DNSMOS_mos_bak,DNSMOS_mos_ovr
p105_emo_guilt_freeform,WF_p105_emo_guilt_freeform_fold10_66115-1-0-0_SNR0dB.wav,16000,1.136808156967163,3.6844775676727295,0.6125236749649048,2.4802422523498535,3.441675409908291,3.6379384561081483,2.8966611249569727
