clean_file,enhanced_file,sampling_rate,PESQ,SI_SDR,STOI,DNSMOS_p808_mos,DNSMOS_mos_sig,DNSMOS_mos_bak,DNSMOS_mos_ovr
p103_nonverbal_cheering,WF_p103_nonverbal_cheering_fold10_172519-9-0-8_SNR0dB.wav,16000,1.1058543920516968,2.9676928520202637,0.589533269405365,2.3314360891069685,3.650311138154472,1.7246161344371338,1.9531790054914724
