clean_file,enhanced_file,sampling_rate,PESQ,SI_SDR,STOI,DNSMOS_p808_mos,DNSMOS_mos_sig,DNSMOS_mos_bak,DNSMOS_mos_ovr
p104_interjection_anger,WF_p104_interjection_anger_fold10_196127-3-0-1_SNR0dB.wav,16000,1.573789119720459,-0.018827492371201515,0.7738227248191833,2.755518777029855,3.640961283272533,1.8230168944769611,2.1051271686989046
