clean_file,enhanced_file,sampling_rate,PESQ,SI_SDR,STOI,DNSMOS_p808_mos,DNSMOS_mos_sig,DNSMOS_mos_bak,DNSMOS_mos_ovr
p101_emo_sadness_freeform,WF_p101_emo_sadness_freeform_fold10_102857-5-0-3_SNR0dB.wav,16000,1.3730967044830322,6.047176361083984,0.780007004737854,2.7830231189727783,4.043425947950437,2.782065826549696,3.001403569105142
