clean_file,enhanced_file,sampling_rate,PESQ,SI_SDR,STOI,DNSMOS_p808_mos,DNSMOS_mos_sig,DNSMOS_mos_bak,DNSMOS_mos_ovr
p101_emo_relief_sentences,WF_p101_emo_relief_sentences_fold10_102857-5-0-29_SNR0dB.wav,16000,1.6312668323516846,8.600833892822266,0.754584014415741,3.0142786502838135,3.671445112971062,2.660981215292135,2.606866834474508
