clean_file,enhanced_file,sampling_rate,PESQ,SI_SDR,STOI,DNSMOS_p808_mos,DNSMOS_mos_sig,DNSMOS_mos_bak,DNSMOS_mos_ovr
p101_vegetative_yawning,WF_p101_vegetative_yawning_fold10_147491-9-2-32_SNR0dB.wav,16000,1.2290222644805908,4.248576641082764,0.3010367155075073,2.364700436592102,1.419988585381503,2.4405340871827685,1.3638970205826262
