clean_file,enhanced_file,sampling_rate,PESQ,SI_SDR,STOI,DNSMOS_p808_mos,DNSMOS_mos_sig,DNSMOS_mos_bak,DNSMOS_mos_ovr
p103_rainbow_05_fast,WF_p103_rainbow_05_fast_fold10_180127-4-0-0_SNR0dB.wav,16000,1.0986541509628296,1.3024752140045166,0.7257176637649536,2.969771067301432,2.3232179485309796,2.4350638325108016,1.6951614152503691
