clean_file,enhanced_file,sampling_rate,PESQ,SI_SDR,STOI,DNSMOS_p808_mos,DNSMOS_mos_sig,DNSMOS_mos_bak,DNSMOS_mos_ovr
p105_emo_interest_sentences,WF_p105_emo_interest_sentences_fold10_69661-3-0-23_SNR0dB.wav,16000,1.1194528341293335,-0.3624432682991028,0.45473331212997437,2.9913458824157715,4.110382077313213,2.288977015405312,2.7056271982829943
