clean_file,enhanced_file,sampling_rate,PESQ,SI_SDR,STOI,DNSMOS_p808_mos,DNSMOS_mos_sig,DNSMOS_mos_bak,DNSMOS_mos_ovr
p102_emo_contentment_freeform,WF_p102_emo_contentment_freeform_fold10_155262-2-0-2_SNR0dB.wav,16000,1.1143885850906372,4.212729454040527,0.5977693796157837,2.4919321537017822,1.3909146881767873,1.8774568749835865,1.035956826878951
