clean_file,enhanced_file,sampling_rate,PESQ,SI_SDR,STOI,DNSMOS_p808_mos,DNSMOS_mos_sig,DNSMOS_mos_bak,DNSMOS_mos_ovr
p104_emo_pain_freeform,WF_p104_emo_pain_freeform_fold10_189985-0-0-2_SNR0dB.wav,16000,1.173952579498291,7.056696891784668,0.6674787998199463,2.5917391777038574,2.74285751249516,2.1881696298571054,2.0159329455199284
