clean_file,enhanced_file,sampling_rate,PESQ,SI_SDR,STOI,DNSMOS_p808_mos,DNSMOS_mos_sig,DNSMOS_mos_bak,DNSMOS_mos_ovr
p106_rainbow_01_loud,WF_p106_rainbow_01_loud_fold10_99192-4-0-49_SNR0dB.wav,16000,1.0627743005752563,3.947845697402954,0.6862881779670715,2.3279974460601807,2.1310933275391153,2.013465133807018,1.5456796367288541
