clean_file,enhanced_file,sampling_rate,PESQ,SI_SDR,STOI,DNSMOS_p808_mos,DNSMOS_mos_sig,DNSMOS_mos_bak,DNSMOS_mos_ovr
p101_emo_serenity_freeform,WF_p101_emo_serenity_freeform_fold10_102857-5-0-4_SNR0dB.wav,16000,1.3467841148376465,6.043023586273193,0.5626370310783386,2.855173707008362,3.432313763739463,2.8506715061820986,2.5407742737731276
