clean_file,enhanced_file,sampling_rate,PESQ,SI_SDR,STOI,DNSMOS_p808_mos,DNSMOS_mos_sig,DNSMOS_mos_bak,DNSMOS_mos_ovr
p104_rainbow_08_regular,WF_p104_rainbow_08_regular_fold10_24076-1-1-0_SNR0dB.wav,16000,1.1114205121994019,0.3329504132270813,0.7175248265266418,2.5190389156341553,3.8497273560221914,2.0229980708527204,2.3333301327243103
