clean_file,enhanced_file,sampling_rate,PESQ,SI_SDR,STOI,DNSMOS_p808_mos,DNSMOS_mos_sig,DNSMOS_mos_bak,DNSMOS_mos_ovr
p104_emo_relief_sentences,WF_p104_emo_relief_sentences_fold10_196069-2-0-0_SNR0dB.wav,16000,1.1062349081039429,-0.05607534945011139,0.7397452592849731,2.789746125539144,3.9897039811659134,2.1414229969485343,2.540068387268276
