clean_file,enhanced_file,sampling_rate,PESQ,SI_SDR,STOI,DNSMOS_p808_mos,DNSMOS_mos_sig,DNSMOS_mos_bak,DNSMOS_mos_ovr
p105_emo_serenity_freeform,WF_p105_emo_serenity_freeform_fold10_72538-3-0-3_SNR0dB.wav,16000,1.25221848487854,-0.9709169864654541,0.511005699634552,2.8063223361968994,3.3975762208437454,3.065072723811618,2.679201797578816
