clean_file,enhanced_file,sampling_rate,PESQ,SI_SDR,STOI,DNSMOS_p808_mos,DNSMOS_mos_sig,DNSMOS_mos_bak,DNSMOS_mos_ovr
p105_sentences_01_regular,WF_p105_sentences_01_regular_fold10_77927-3-1-1_SNR0dB.wav,16000,1.1619616746902466,-0.32331323623657227,0.5822896361351013,2.5016620635986326,3.0339522458652253,1.746583337528456,1.7573419485373247
