clean_file,enhanced_file,sampling_rate,PESQ,SI_SDR,STOI,DNSMOS_p808_mos,DNSMOS_mos_sig,DNSMOS_mos_bak,DNSMOS_mos_ovr
p105_vegetative_sneezing,WF_p105_vegetative_sneezing_fold10_83502-0-0-6_SNR0dB.wav,16000,1.1446629762649536,4.883289813995361,0.7978723049163818,2.5903542836507163,2.8508993464601047,1.9493031021313847,1.8776441438067326
