clean_file,enhanced_file,sampling_rate,PESQ,SI_SDR,STOI,DNSMOS_p808_mos,DNSMOS_mos_sig,DNSMOS_mos_bak,DNSMOS_mos_ovr
p101_emo_pride_freeform,WF_p101_emo_pride_freeform_fold10_102857-5-0-24_SNR0dB.wav,16000,1.4495916366577148,9.095094680786133,0.8808647990226746,2.6585624899183,3.8657208477034675,2.5838671305047236,2.7941189172607475
