clean_file,enhanced_file,sampling_rate,PESQ,SI_SDR,STOI,DNSMOS_p808_mos,DNSMOS_mos_sig,DNSMOS_mos_bak,DNSMOS_mos_ovr
p106_emo_realization_sentences,WF_p106_emo_realization_sentences_fold10_99192-4-0-0_SNR0dB.wav,16000,1.0452560186386108,0.5449874401092529,0.649981677532196,2.287627100944519,3.0012649345900027,1.667480119374005,1.6932578872590145
