clean_file,enhanced_file,sampling_rate,PESQ,SI_SDR,STOI,DNSMOS_p808_mos,DNSMOS_mos_sig,DNSMOS_mos_bak,DNSMOS_mos_ovr
p104_sentences_21_regular,WF_p104_sentences_21_regular_fold10_30344-3-0-4_SNR0dB.wav,16000,1.5508911609649658,-0.1942998170852661,0.6735102534294128,3.5720501967838834,3.7805956701506127,2.370581431007245,2.5264484776678633
