clean_file,enhanced_file,sampling_rate,PESQ,SI_SDR,STOI,DNSMOS_p808_mos,DNSMOS_mos_sig,DNSMOS_mos_bak,DNSMOS_mos_ovr
p104_rainbow_04_lowpitch,WF_p104_rainbow_04_lowpitch_fold10_203424-9-0-18_SNR0dB.wav,16000,1.049011468887329,0.1869257688522339,0.6162315607070923,2.4956322738102505,2.8785683441333703,1.8124482255677041,1.6835447866495488
