clean_file,enhanced_file,sampling_rate,PESQ,SI_SDR,STOI,DNSMOS_p808_mos,DNSMOS_mos_sig,DNSMOS_mos_bak,DNSMOS_mos_ovr
p101_rainbow_01_loud,WF_p101_rainbow_01_loud_fold10_115241-9-0-2_SNR0dB.wav,16000,1.1106091737747192,0.7005445957183838,0.676557183265686,2.6033830302102223,3.254615890336061,1.7655266344772584,2.054731672471681
