clean_file,enhanced_file,sampling_rate,PESQ,SI_SDR,STOI,DNSMOS_p808_mos,DNSMOS_mos_sig,DNSMOS_mos_bak,DNSMOS_mos_ovr
p105_sentences_02_whisper,WF_p105_sentences_02_whisper_fold10_81791-3-0-0_SNR0dB.wav,16000,1.2225935459136963,-3.3598506450653076,0.5362433791160583,2.9263547488621304,2.142233755271896,3.1011332225626087,1.856839638557447
