clean_file,enhanced_file,sampling_rate,PESQ,SI_SDR,STOI,DNSMOS_p808_mos,DNSMOS_mos_sig,DNSMOS_mos_bak,DNSMOS_mos_ovr
p105_sentences_04_whisper,WF_p105_sentences_04_whisper_fold10_81791-3-1-0_SNR0dB.wav,16000,1.2619125843048096,-3.0484814643859863,0.4224795997142792,2.6373563494001115,2.2424841323775144,2.9056388760217535,1.7793410983090105
