clean_file,enhanced_file,sampling_rate,PESQ,SI_SDR,STOI,DNSMOS_p808_mos,DNSMOS_mos_sig,DNSMOS_mos_bak,DNSMOS_mos_ovr
p104_interjection_filler,WF_p104_interjection_filler_fold10_196127-3-0-4_SNR0dB.wav,16000,1.478438377380371,-0.19556120038032532,0.6734797358512878,2.815118670463562,3.869953619982804,2.061190860030382,2.337243873425271
