clean_file,enhanced_file,sampling_rate,PESQ,SI_SDR,STOI,DNSMOS_p808_mos,DNSMOS_mos_sig,DNSMOS_mos_bak,DNSMOS_mos_ovr
p105_sentences_19_regular,WF_p105_sentences_19_regular_fold10_83502-0-0-10_SNR0dB.wav,16000,1.1079148054122925,1.0007731914520264,0.5084676146507263,2.472568852560861,3.7426338477522556,2.0732798568633775,2.3775769892651866
