clean_file,enhanced_file,sampling_rate,PESQ,SI_SDR,STOI,DNSMOS_p808_mos,DNSMOS_mos_sig,DNSMOS_mos_bak,DNSMOS_mos_ovr
p102_rainbow_08_slow,WF_p102_rainbow_08_slow_fold10_162134-7-17-4_SNR0dB.wav,16000,1.0384310483932495,1.8896284103393555,0.6426907777786255,2.1390327385493686,2.9568284499653896,1.7877869316862487,1.7883226992064876
