clean_file,enhanced_file,sampling_rate,PESQ,SI_SDR,STOI,DNSMOS_p808_mos,DNSMOS_mos_sig,DNSMOS_mos_bak,DNSMOS_mos_ovr
p104_emo_fear_sentences,WF_p104_emo_fear_sentences_fold10_189982-0-0-43_SNR0dB.wav,16000,1.2771449089050293,6.7212419509887695,0.6009476184844971,2.699863910675049,2.0330557365355606,2.487948303235028,1.7597841197678978
