clean_file,enhanced_file,sampling_rate,PESQ,SI_SDR,STOI,DNSMOS_p808_mos,DNSMOS_mos_sig,DNSMOS_mos_bak,DNSMOS_mos_ovr
p104_sentences_13_lowpitch,WF_p104_sentences_13_lowpitch_fold10_28808-1-0-8_SNR0dB.wav,16000,1.175260066986084,-0.005315570160746574,0.6789827346801758,2.6863694190979004,3.8156919685015995,1.6881667492608778,2.04204973109697
