clean_file,enhanced_file,sampling_rate,PESQ,SI_SDR,STOI,DNSMOS_p808_mos,DNSMOS_mos_sig,DNSMOS_mos_bak,DNSMOS_mos_ovr
p103_emo_serenity_freeform,WF_p103_emo_serenity_freeform_fold10_171478-9-0-55_SNR0dB.wav,16000,1.1109416484832764,2.2739527225494385,0.5507856607437134,2.4201535156794955,2.984733316793061,1.9333456852721196,1.9032826361213004
