clean_file,enhanced_file,sampling_rate,PESQ,SI_SDR,STOI,DNSMOS_p808_mos,DNSMOS_mos_sig,DNSMOS_mos_bak,DNSMOS_mos_ovr
p104_sentences_18_regular,WF_p104_sentences_18_regular_fold10_30344-3-0-0_SNR0dB.wav,16000,1.4578113555908203,-0.031321313232183456,0.7209248542785645,3.271226712635585,3.8771948617889316,1.7213136341628308,2.0779046327043895
