clean_file,enhanced_file,sampling_rate,PESQ,SI_SDR,STOI,DNSMOS_p808_mos,DNSMOS_mos_sig,DNSMOS_mos_bak,DNSMOS_mos_ovr
p105_rainbow_02_lowpitch,WF_p105_rainbow_02_lowpitch_fold10_73524-0-0-8_SNR0dB.wav,16000,1.2385004758834839,2.620647430419922,0.6735448837280273,2.659832000732422,2.33979028236015,2.360687483662058,1.7744659994332364
