clean_file,enhanced_file,sampling_rate,PESQ,SI_SDR,STOI,DNSMOS_p808_mos,DNSMOS_mos_sig,DNSMOS_mos_bak,DNSMOS_mos_ovr
p104_rainbow_01_fast,WF_p104_rainbow_01_fast_fold10_199261-3-0-0_SNR0dB.wav,16000,1.258702278137207,-0.35364776849746704,0.7789806127548218,3.3132753372192383,3.8324162321948085,1.9255371360409632,2.2083599284878086
