clean_file,enhanced_file,sampling_rate,PESQ,SI_SDR,STOI,DNSMOS_p808_mos,DNSMOS_mos_sig,DNSMOS_mos_bak,DNSMOS_mos_ovr
p103_rainbow_01_lowpitch,WF_p103_rainbow_01_lowpitch_fold10_17486-3-1-0_SNR0dB.wav,16000,1.086447834968567,0.015056588687002659,0.635144829750061,2.9285440842310586,3.6441462049601476,1.6267887759239297,1.7908135163240233
