clean_file,enhanced_file,sampling_rate,PESQ,SI_SDR,STOI,DNSMOS_p808_mos,DNSMOS_mos_sig,DNSMOS_mos_bak,DNSMOS_mos_ovr
p102_rainbow_05_fast,WF_p102_rainbow_05_fast_fold10_162134-7-11-6_SNR0dB.wav,16000,1.043350100517273,1.9551395177841187,0.6376703977584839,1.9741041660308838,3.423901937150314,1.6412784955612967,1.8740950272973107
