clean_file,enhanced_file,sampling_rate,PESQ,SI_SDR,STOI,DNSMOS_p808_mos,DNSMOS_mos_sig,DNSMOS_mos_bak,DNSMOS_mos_ovr
p102_emo_disappointment_freeform,WF_p102_emo_disappointment_freeform_fold10_155280-2-0-11_SNR0dB.wav,16000,1.3313510417938232,3.073931932449341,0.7075080871582031,2.7864276681627547,2.8925196946186658,2.0823895821586644,1.986443644918856
