clean_file,enhanced_file,sampling_rate,PESQ,SI_SDR,STOI,DNSMOS_p808_mos,DNSMOS_mos_sig,DNSMOS_mos_bak,DNSMOS_mos_ovr
p103_emo_guilt_freeform,WF_p103_emo_guilt_freeform_fold10_167464-0-0-5_SNR0dB.wav,16000,1.1269909143447876,3.0059986114501953,0.4749259352684021,2.4246108531951904,2.5960669205691485,2.4995899590841373,2.097217028070114
