clean_file,enhanced_file,sampling_rate,PESQ,SI_SDR,STOI,DNSMOS_p808_mos,DNSMOS_mos_sig,DNSMOS_mos_bak,DNSMOS_mos_ovr
p104_sentences_06_loud,WF_p104_sentences_06_loud_fold10_28808-1-0-11_SNR0dB.wav,16000,1.1495527029037476,0.22285902500152588,0.6508761644363403,2.674722603389195,3.1519011888037363,1.5907251661582014,1.6548555873222424
