clean_file,enhanced_file,sampling_rate,PESQ,SI_SDR,STOI,DNSMOS_p808_mos,DNSMOS_mos_sig,DNSMOS_mos_bak,DNSMOS_mos_ovr
p103_rainbow_02_fast,WF_p103_rainbow_02_fast_fold10_178261-7-0-0_SNR0dB.wav,16000,1.035682201385498,0.4246150255203247,0.7346347570419312,2.4406046867370605,4.270815417410658,2.2717353495411623,2.6910452624138905
