clean_file,enhanced_file,sampling_rate,PESQ,SI_SDR,STOI,DNSMOS_p808_mos,DNSMOS_mos_sig,DNSMOS_mos_bak,DNSMOS_mos_ovr
p102_sentences_05_loud,WF_p102_sentences_05_loud_fold10_162134-7-9-2_SNR0dB.wav,16000,1.0797033309936523,3.087646722793579,0.6485024094581604,2.2766735553741455,3.2282685953636947,1.6192778762354019,1.6891796782330444
