clean_file,enhanced_file,sampling_rate,PESQ,SI_SDR,STOI,DNSMOS_p808_mos,DNSMOS_mos_sig,DNSMOS_mos_bak,DNSMOS_mos_ovr
p102_rainbow_07_regular,WF_p102_rainbow_07_regular_fold10_162134-7-15-3_SNR0dB.wav,16000,1.040395975112915,2.1078615188598633,0.6396207213401794,2.1664865970611573,2.8040414304668966,1.7277174637619233,1.6646076615081646
