clean_file,enhanced_file,sampling_rate,PESQ,SI_SDR,STOI,DNSMOS_p808_mos,DNSMOS_mos_sig,DNSMOS_mos_bak,DNSMOS_mos_ovr
p106_rainbow_01_slow,WF_p106_rainbow_01_slow_fold10_99192-4-0-54_SNR0dB.wav,16000,1.0527538061141968,-0.253391295671463,0.6928406953811646,2.4226338182176863,3.70513864319511,2.026735339439376,1.9715803122253064
