clean_file,enhanced_file,sampling_rate,PESQ,SI_SDR,STOI,DNSMOS_p808_mos,DNSMOS_mos_sig,DNSMOS_mos_bak,DNSMOS_mos_ovr
p102_sentences_08_slow,WF_p102_sentences_08_slow_fold10_162148-3-0-0_SNR0dB.wav,16000,1.2203655242919922,-0.08779066801071167,0.7597411870956421,3.6585497856140137,4.0887431058744825,1.9422959623783633,2.3828595257116576
