clean_file,enhanced_file,sampling_rate,PESQ,SI_SDR,STOI,DNSMOS_p808_mos,DNSMOS_mos_sig,DNSMOS_mos_bak,DNSMOS_mos_ovr
p105_rainbow_06_whisper,WF_p105_rainbow_06_whisper_fold10_74364-8-1-9_SNR0dB.wav,16000,1.062760591506958,-1.5141547918319702,0.6632177829742432,2.4016135136286416,1.614963317317664,2.0069066381497707,1.468790211452912
