clean_file,enhanced_file,sampling_rate,PESQ,SI_SDR,STOI,DNSMOS_p808_mos,DNSMOS_mos_sig,DNSMOS_mos_bak,DNSMOS_mos_ovr
p101_sentences_07_slow,WF_p101_sentences_07_slow_fold10_138017-9-1-4_SNR0dB.wav,16000,1.1392945051193237,-0.19393384456634521,0.40407049655914307,2.4252757004329135,1.945423943548205,2.545844407986746,1.5446346481683342
