clean_file,enhanced_file,sampling_rate,PESQ,SI_SDR,STOI,DNSMOS_p808_mos,DNSMOS_mos_sig,DNSMOS_mos_bak,DNSMOS_mos_ovr
p103_emo_disappointment_sentences,WF_p103_emo_disappointment_sentences_fold10_167464-0-0-17_SNR0dB.wav,16000,1.2304296493530273,3.276466131210327,0.4796849191188812,2.7471077044804892,3.0945851772048933,2.7057197159681663,2.306422179570287
