clean_file,enhanced_file,sampling_rate,PESQ,SI_SDR,STOI,DNSMOS_p808_mos,DNSMOS_mos_sig,DNSMOS_mos_bak,DNSMOS_mos_ovr
p101_sentences_01_whisper,WF_p101_sentences_01_whisper_fold10_129750-2-0-46_SNR0dB.wav,16000,1.1113734245300293,-3.5762948989868164,0.41511309146881104,2.4954943656921387,1.282990585338829,2.4669466499552333,1.1794943432767155
