clean_file,enhanced_file,sampling_rate,PESQ,SI_SDR,STOI,DNSMOS_p808_mos,DNSMOS_mos_sig,DNSMOS_mos_bak,DNSMOS_mos_ovr
p103_rainbow_08_loud,WF_p103_rainbow_08_loud_fold10_180127-4-0-9_SNR0dB.wav,16000,1.121644139289856,6.679144382476807,0.7178166508674622,2.9726174558912004,2.9261765162342277,2.4243621381960687,2.111073107902395
