clean_file,enhanced_file,sampling_rate,PESQ,SI_SDR,STOI,DNSMOS_p808_mos,DNSMOS_mos_sig,DNSMOS_mos_bak,DNSMOS_mos_ovr
p102_sentences_10_fast,WF_p102_sentences_10_fast_fold10_164194-2-0-10_SNR0dB.wav,16000,1.1971372365951538,-0.09098853915929794,0.783597469329834,2.909165382385254,3.4316350443152337,1.5295708296182584,1.810866886874392
