clean_file,enhanced_file,sampling_rate,PESQ,SI_SDR,STOI,DNSMOS_p808_mos,DNSMOS_mos_sig,DNSMOS_mos_bak,DNSMOS_mos_ovr
p101_rainbow_04_regular,WF_p101_rainbow_04_regular_fold10_118278-4-0-12_SNR0dB.wav,16000,1.0877779722213745,2.22418475151062,0.6269821524620056,2.1814164320627847,2.639620414009556,2.1856271060164305,1.865170715804967
