clean_file,enhanced_file,sampling_rate,PESQ,SI_SDR,STOI,DNSMOS_p808_mos,DNSMOS_mos_sig,DNSMOS_mos_bak,DNSMOS_mos_ovr
p103_rainbow_04_fast,WF_p103_rainbow_04_fast_fold10_178826-2-0-16_SNR0dB.wav,16000,1.1031874418258667,0.550127387046814,0.7269832491874695,2.6424419482549033,3.8213933267713363,1.83274547081163,2.1571327757570313
