clean_file,enhanced_file,sampling_rate,PESQ,SI_SDR,STOI,DNSMOS_p808_mos,DNSMOS_mos_sig,DNSMOS_mos_bak,DNSMOS_mos_ovr
p105_emo_disappointment_freeform,WF_p105_emo_disappointment_freeform_fold10_41306-3-0-4_SNR0dB.wav,16000,1.0867011547088623,1.9964802265167236,0.5349288582801819,2.897217869758606,3.5187311119639113,3.202262971724836,2.675674864910928
