clean_file,enhanced_file,sampling_rate,PESQ,SI_SDR,STOI,DNSMOS_p808_mos,DNSMOS_mos_sig,DNSMOS_mos_bak,DNSMOS_mos_ovr
p101_rainbow_06_highpitch,WF_p101_rainbow_06_highpitch_fold10_118558-5-0-1_SNR0dB.wav,16000,1.1170605421066284,6.299896717071533,0.6959903836250305,2.4091689586639404,2.7294007446146518,2.279343945006224,1.9474895465960853
