clean_file,enhanced_file,sampling_rate,PESQ,SI_SDR,STOI,DNSMOS_p808_mos,DNSMOS_mos_sig,DNSMOS_mos_bak,DNSMOS_mos_ovr
p105_rainbow_08_lowpitch,WF_p105_rainbow_08_lowpitch_fold10_77901-9-0-2_SNR0dB.wav,16000,1.0536060333251953,0.520291805267334,0.6383073329925537,2.211563927786691,3.217811824999295,1.7281146976706683,1.8419087286799818
