clean_file,enhanced_file,sampling_rate,PESQ,SI_SDR,STOI,DNSMOS_p808_mos,DNSMOS_mos_sig,DNSMOS_mos_bak,DNSMOS_mos_ovr
p105_emo_guilt_sentences,WF_p105_emo_guilt_sentences_fold10_66115-1-0-1_SNR0dB.wav,16000,1.8054654598236084,5.099782943725586,0.5527558922767639,2.7609941959381104,2.6889331093702493,3.014284388676131,2.2538024705936865
