clean_file,enhanced_file,sampling_rate,PESQ,SI_SDR,STOI,DNSMOS_p808_mos,DNSMOS_mos_sig,DNSMOS_mos_bak,DNSMOS_mos_ovr
p105_emo_realization_sentences,WF_p105_emo_realization_sentences_fold10_72220-3-2-2_SNR0dB.wav,16000,1.1733455657958984,-0.3264368176460266,0.5979340672492981,2.4217748982565745,3.8477173758823513,1.8894127753227676,2.3691847219215587
