clean_file,enhanced_file,sampling_rate,PESQ,SI_SDR,STOI,DNSMOS_p808_mos,DNSMOS_mos_sig,DNSMOS_mos_bak,DNSMOS_mos_ovr
p104_rainbow_08_lowpitch,WF_p104_rainbow_08_lowpitch_fold10_24076-1-0-0_SNR0dB.wav,16000,1.059515357017517,-0.12586036324501038,0.6839801669120789,2.4319639887128557,3.8752263130320057,1.9883220007743827,2.3127956733290747
