clean_file,enhanced_file,sampling_rate,PESQ,SI_SDR,STOI,DNSMOS_p808_mos,DNSMOS_mos_sig,DNSMOS_mos_bak,DNSMOS_mos_ovr
p102_rainbow_08_lowpitch,WF_p102_rainbow_08_lowpitch_fold10_162134-7-17-2_SNR0dB.wav,16000,1.0375370979309082,1.807554841041565,0.6652101278305054,2.0711624281747,2.8132921026431807,1.6811886682130053,1.6681226077213636
