clean_file,enhanced_file,sampling_rate,PESQ,SI_SDR,STOI,DNSMOS_p808_mos,DNSMOS_mos_sig,DNSMOS_mos_bak,DNSMOS_mos_ovr
p103_sentences_02_loud,WF_p103_sentences_02_loud_fold10_187110-2-0-10_SNR0dB.wav,16000,1.1460480690002441,0.141152024269104,0.7072412967681885,2.6600984845842635,3.91816952920134,1.5971807630312684,1.952699143126268
