clean_file,enhanced_file,sampling_rate,PESQ,SI_SDR,STOI,DNSMOS_p808_mos,DNSMOS_mos_sig,DNSMOS_mos_bak,DNSMOS_mos_ovr
p101_rainbow_01_regular,WF_p101_rainbow_01_regular_fold10_115241-9-0-6_SNR0dB.wav,16000,1.0957599878311157,-1.0988894701004028,0.6119568347930908,2.575854812349592,2.622485865735932,1.9173103154400601,1.7664384683429175
