clean_file,enhanced_file,sampling_rate,PESQ,SI_SDR,STOI,DNSMOS_p808_mos,DNSMOS_mos_sig,DNSMOS_mos_bak,DNSMOS_mos_ovr
p105_rainbow_06_lowpitch,WF_p105_rainbow_06_lowpitch_fold10_74364-8-1-6_SNR0dB.wav,16000,1.0666323900222778,0.111636683344841,0.7158907651901245,2.7413490414619446,4.033445729576989,2.186093057369109,2.691543832185104
