clean_file,enhanced_file,sampling_rate,PESQ,SI_SDR,STOI,DNSMOS_p808_mos,DNSMOS_mos_sig,DNSMOS_mos_bak,DNSMOS_mos_ovr
p105_interjection_agreement,WF_p105_interjection_agreement_fold10_73524-0-0-0_SNR0dB.wav,16000,1.4429887533187866,6.792726516723633,0.7563534379005432,2.34065181016922,3.7424731483265714,1.8488178440736627,2.1367212255501835
