clean_file,enhanced_file,sampling_rate,PESQ,SI_SDR,STOI,DNSMOS_p808_mos,DNSMOS_mos_sig,DNSMOS_mos_bak,DNSMOS_mos_ovr
p105_emo_neutral_freeform,WF_p105_emo_neutral_freeform_fold10_69661-3-0-29_SNR0dB.wav,16000,1.3284409046173096,-3.2055611610412598,0.41813504695892334,2.746896982192993,3.9609300849923565,2.49896209728243,2.704204824489353
