clean_file,enhanced_file,sampling_rate,PESQ,SI_SDR,STOI,DNSMOS_p808_mos,DNSMOS_mos_sig,DNSMOS_mos_bak,DNSMOS_mos_ovr
p103_rainbow_02_regular,WF_p103_rainbow_02_regular_fold10_178261-7-3-1_SNR0dB.wav,16000,1.0543735027313232,3.0097029209136963,0.723662793636322,2.1919166360582625,3.9773956554309717,2.3856707731291578,2.702922228418113
