clean_file,enhanced_file,sampling_rate,PESQ,SI_SDR,STOI,DNSMOS_p808_mos,DNSMOS_mos_sig,DNSMOS_mos_bak,DNSMOS_mos_ovr
p102_sentences_01_lowpitch,WF_p102_sentences_01_lowpitch_fold10_162134-7-6-0_SNR0dB.wav,16000,1.0757572650909424,0.36943671107292175,0.664345920085907,2.504237095514933,4.117846242991453,1.8479976075362845,2.3826121180701305
