clean_file,enhanced_file,sampling_rate,PESQ,SI_SDR,STOI,DNSMOS_p808_mos,DNSMOS_mos_sig,DNSMOS_mos_bak,DNSMOS_mos_ovr
p102_emo_realization_freeform,WF_p102_emo_realization_freeform_fold10_15544-5-0-4_SNR0dB.wav,16000,1.1406140327453613,5.084710121154785,0.7463813424110413,2.4642299243382046,2.819301870573723,1.8259869286306973,1.7819985741155462
