clean_file,enhanced_file,sampling_rate,PESQ,SI_SDR,STOI,DNSMOS_p808_mos,DNSMOS_mos_sig,DNSMOS_mos_bak,DNSMOS_mos_ovr
p105_sentences_07_slow,WF_p105_sentences_07_slow_fold10_83191-9-0-13_SNR0dB.wav,16000,1.1956621408462524,2.1177828311920166,0.43534761667251587,2.517678669520787,2.8735462950302426,2.007079641204975,1.86304652089661
