clean_file,enhanced_file,sampling_rate,PESQ,SI_SDR,STOI,DNSMOS_p808_mos,DNSMOS_mos_sig,DNSMOS_mos_bak,DNSMOS_mos_ovr
p103_rainbow_01_loud,WF_p103_rainbow_01_loud_fold10_17486-3-0-0_SNR0dB.wav,16000,1.1649330854415894,-0.23816755414009094,0.746658205986023,3.398838678995768,3.7037637324466863,1.683252523090603,1.9287054539521928
