clean_file,enhanced_file,sampling_rate,PESQ,SI_SDR,STOI,DNSMOS_p808_mos,DNSMOS_mos_sig,DNSMOS_mos_bak,DNSMOS_mos_ovr
p102_emo_disgust_freeform,WF_p102_emo_disgust_freeform_fold10_155280-2-0-15_SNR0dB.wav,16000,1.170285701751709,2.0286056995391846,0.8023617267608643,2.9454650481541953,3.0186372888524584,2.0915939973347393,2.0667347076616998
