clean_file,enhanced_file,sampling_rate,PESQ,SI_SDR,STOI,DNSMOS_p808_mos,DNSMOS_mos_sig,DNSMOS_mos_bak,DNSMOS_mos_ovr
p101_emo_cuteness_sentences,WF_p101_emo_cuteness_sentences_fold10_101382-2-0-29_SNR0dB.wav,16000,1.1782832145690918,-0.14261503517627716,0.6843777298927307,3.085171401500702,3.57769957273644,1.7786759310164935,2.0736780984534984
