clean_file,enhanced_file,sampling_rate,PESQ,SI_SDR,STOI,DNSMOS_p808_mos,DNSMOS_mos_sig,DNSMOS_mos_bak,DNSMOS_mos_ovr
p105_sentences_08_slow,WF_p105_sentences_08_slow_fold10_83191-9-0-17_SNR0dB.wav,16000,1.211653709411621,1.2542675733566284,0.4259612262248993,2.581487383161272,2.8018990852024777,2.3682939045334797,2.05249106356009
