clean_file,enhanced_file,sampling_rate,PESQ,SI_SDR,STOI,DNSMOS_p808_mos,DNSMOS_mos_sig,DNSMOS_mos_bak,DNSMOS_mos_ovr
p103_sentences_10_fast,WF_p103_sentences_10_fast_fold10_187863-4-0-5_SNR0dB.wav,16000,1.033970832824707,0.13013051450252533,0.7596225142478943,2.5049160718917847,3.738663395331569,1.5694020774441009,1.8167390385884792
