clean_file,enhanced_file,sampling_rate,PESQ,SI_SDR,STOI,DNSMOS_p808_mos,DNSMOS_mos_sig,DNSMOS_mos_bak,DNSMOS_mos_ovr
p102_emo_desire_freeform,WF_p102_emo_desire_freeform_fold10_155262-2-0-63_SNR0dB.wav,16000,1.117884635925293,2.9464569091796875,0.6518219709396362,2.583984931310018,1.7533023324360053,1.8192670568638405,1.2426535081221044
