clean_file,enhanced_file,sampling_rate,PESQ,SI_SDR,STOI,DNSMOS_p808_mos,DNSMOS_mos_sig,DNSMOS_mos_bak,DNSMOS_mos_ovr
p102_sentences_23_regular,WF_p102_sentences_23_regular_fold10_164377-9-1-50_SNR0dB.wav,16000,1.1364046335220337,3.246197462081909,0.6449133157730103,2.684266686439514,1.9070476913317043,2.177415557763145,1.5529423784040932
