clean_file,enhanced_file,sampling_rate,PESQ,SI_SDR,STOI,DNSMOS_p808_mos,DNSMOS_mos_sig,DNSMOS_mos_bak,DNSMOS_mos_ovr
p101_rainbow_07_lowpitch,WF_p101_rainbow_07_lowpitch_fold10_119067-0-0-0_SNR0dB.wav,16000,1.1191253662109375,4.013905048370361,0.6764910817146301,2.4150301615397134,1.861402631605589,2.1685595721176507,1.4728000818472655
