clean_file,enhanced_file,sampling_rate,PESQ,SI_SDR,STOI,DNSMOS_p808_mos,DNSMOS_mos_sig,DNSMOS_mos_bak,DNSMOS_mos_ovr
p101_emo_confusion_freeform,WF_p101_emo_confusion_freeform_fold10_100795-3-1-2_SNR0dB.wav,16000,1.2918918132781982,-0.6343648433685303,0.7408175468444824,3.4100894133249917,4.213815776272078,1.8483401385362719,2.384852423443146
