clean_file,enhanced_file,sampling_rate,PESQ,SI_SDR,STOI,DNSMOS_p808_mos,DNSMOS_mos_sig,DNSMOS_mos_bak,DNSMOS_mos_ovr
p104_sentences_15_regular,WF_p104_sentences_15_regular_fold10_28808-1-1-0_SNR0dB.wav,16000,1.1039873361587524,3.1838929653167725,0.6425442099571228,2.4196696281433105,2.408624891898607,1.9983697218869434,1.6046756151916501
