clean_file,enhanced_file,sampling_rate,PESQ,SI_SDR,STOI,DNSMOS_p808_mos,DNSMOS_mos_sig,DNSMOS_mos_bak,DNSMOS_mos_ovr
p105_sentences_01_slow,WF_p105_sentences_01_slow_fold10_7913-3-0-0_SNR0dB.wav,16000,1.1910815238952637,-1.4047632217407227,0.5674939155578613,3.114555290767125,3.7208658236811454,2.7413343888465156,2.677417251290957
