clean_file,enhanced_file,sampling_rate,PESQ,SI_SDR,STOI,DNSMOS_p808_mos,DNSMOS_mos_sig,DNSMOS_mos_bak,DNSMOS_mos_ovr
p104_rainbow_04_highpitch,WF_p104_rainbow_04_highpitch_fold10_202334-9-0-88_SNR0dB.wav,16000,1.0330193042755127,0.3008553981781006,0.6197549700737,2.4453800201416014,2.9133340570420883,1.5691799857358741,1.3772845474797504
