clean_file,enhanced_file,sampling_rate,PESQ,SI_SDR,STOI,DNSMOS_p808_mos,DNSMOS_mos_sig,DNSMOS_mos_bak,DNSMOS_mos_ovr
p101_sentences_05_loud,WF_p101_sentences_05_loud_fold10_138017-9-1-10_SNR0dB.wav,16000,1.176568865776062,2.98677396774292,0.6205353140830994,2.4707821210225425,1.9008512680258167,2.3113808437708183,1.6239713995838907
