clean_file,enhanced_file,sampling_rate,PESQ,SI_SDR,STOI,DNSMOS_p808_mos,DNSMOS_mos_sig,DNSMOS_mos_bak,DNSMOS_mos_ovr
p102_sentences_14_lowpitch,WF_p102_sentences_14_lowpitch_fold10_164194-2-0-24_SNR0dB.wav,16000,1.1395782232284546,1.9962749481201172,0.6130224466323853,2.3629639744758606,2.8800376991522234,2.15977008085175,2.068638433463924
