clean_file,enhanced_file,sampling_rate,PESQ,SI_SDR,STOI,DNSMOS_p808_mos,DNSMOS_mos_sig,DNSMOS_mos_bak,DNSMOS_mos_ovr
p104_emo_serenity_freeform,WF_p104_emo_serenity_freeform_fold10_196084-2-0-2_SNR0dB.wav,16000,1.2095513343811035,-0.39426687359809875,0.7456720471382141,3.331901788711548,3.266951055651841,2.9115697356793127,2.4468258972402634
