clean_file,enhanced_file,sampling_rate,PESQ,SI_SDR,STOI,DNSMOS_p808_mos,DNSMOS_mos_sig,DNSMOS_mos_bak,DNSMOS_mos_ovr
p104_interjection_greetings,WF_p104_interjection_greetings_fold10_197554-2-0-23_SNR0dB.wav,16000,1.2165580987930298,7.2516069412231445,0.677804172039032,2.324748396873474,2.674984506463037,1.851683389553652,1.6429827850789913
