clean_file,enhanced_file,sampling_rate,PESQ,SI_SDR,STOI,DNSMOS_p808_mos,DNSMOS_mos_sig,DNSMOS_mos_bak,DNSMOS_mos_ovr
p105_nonverbal_laughter_closed,WF_p105_nonverbal_laughter_closed_fold10_73524-0-0-133_SNR0dB.wav,16000,1.219974398612976,4.078532695770264,0.6042882800102234,2.3020050525665283,1.5555144167151214,2.8486029983766095,1.1502372624381354
