clean_file,enhanced_file,sampling_rate,PESQ,SI_SDR,STOI,DNSMOS_p808_mos,DNSMOS_mos_sig,DNSMOS_mos_bak,DNSMOS_mos_ovr
p103_rainbow_06_loud,WF_p103_rainbow_06_loud_fold10_180127-4-0-16_SNR0dB.wav,16000,1.1054693460464478,6.088769435882568,0.7133208513259888,2.7823813915252686,3.032705628640449,2.2021372212124115,2.158756243368579
