clean_file,enhanced_file,sampling_rate,PESQ,SI_SDR,STOI,DNSMOS_p808_mos,DNSMOS_mos_sig,DNSMOS_mos_bak,DNSMOS_mos_ovr
p103_rainbow_05_loud,WF_p103_rainbow_05_loud_fold10_180127-4-0-10_SNR0dB.wav,16000,1.1774731874465942,7.178800106048584,0.7408965826034546,2.8777193001338413,3.095372969866818,2.488611277522496,2.224902275150678
