clean_file,enhanced_file,sampling_rate,PESQ,SI_SDR,STOI,DNSMOS_p808_mos,DNSMOS_mos_sig,DNSMOS_mos_bak,DNSMOS_mos_ovr
p104_sentences_20_regular,WF_p104_sentences_20_regular_fold10_30344-3-0-3_SNR0dB.wav,16000,1.3744819164276123,-0.13585706055164337,0.7104520201683044,3.686929873057774,4.0820269955787305,2.2831377601334673,2.6298351435614378
