clean_file,enhanced_file,sampling_rate,PESQ,SI_SDR,STOI,DNSMOS_p808_mos,DNSMOS_mos_sig,DNSMOS_mos_bak,DNSMOS_mos_ovr
p102_rainbow_03_whisper,WF_p102_rainbow_03_whisper_fold10_162134-7-10-2_SNR0dB.wav,16000,1.0383552312850952,-0.1652580350637436,0.4608081877231598,2.288190507888794,1.4920802539252196,1.6825460303451023,1.0528241388357742
