clean_file,enhanced_file,sampling_rate,PESQ,SI_SDR,STOI,DNSMOS_p808_mos,DNSMOS_mos_sig,DNSMOS_mos_bak,DNSMOS_mos_ovr
p102_sentences_09_fast,WF_p102_sentences_09_fast_fold10_163459-3-0-0_SNR0dB.wav,16000,1.193822979927063,0.34248653054237366,0.7783805727958679,3.681751847267151,4.174919867883542,1.833708941855062,2.2823364656719356
