clean_file,enhanced_file,sampling_rate,PESQ,SI_SDR,STOI,DNSMOS_p808_mos,DNSMOS_mos_sig,DNSMOS_mos_bak,DNSMOS_mos_ovr
p105_rainbow_04_lowpitch,WF_p105_rainbow_04_lowpitch_fold10_74364-8-1-18_SNR0dB.wav,16000,1.0735909938812256,-0.9003413915634155,0.6951794028282166,2.5691821234566823,4.020255778997815,2.0553927272425736,2.533580294512322
