clean_file,enhanced_file,sampling_rate,PESQ,SI_SDR,STOI,DNSMOS_p808_mos,DNSMOS_mos_sig,DNSMOS_mos_bak,DNSMOS_mos_ovr
p103_rainbow_04_lowpitch,WF_p103_rainbow_04_lowpitch_fold10_178826-2-0-28_SNR0dB.wav,16000,1.0862396955490112,0.9099680781364441,0.6612677574157715,2.386065891810826,3.734325083647963,1.7764475134544444,2.0630725890242623
