clean_file,enhanced_file,sampling_rate,PESQ,SI_SDR,STOI,DNSMOS_p808_mos,DNSMOS_mos_sig,DNSMOS_mos_bak,DNSMOS_mos_ovr
p102_rainbow_08_fast,WF_p102_rainbow_08_fast_fold10_162134-7-16-1_SNR0dB.wav,16000,1.032660961151123,1.0698809623718262,0.6095851063728333,2.2567418416341147,2.6372397000356593,1.563653811882573,1.4698908720090333
