clean_file,enhanced_file,sampling_rate,PESQ,SI_SDR,STOI,DNSMOS_p808_mos,DNSMOS_mos_sig,DNSMOS_mos_bak,DNSMOS_mos_ovr
p101_rainbow_03_regular,WF_p101_rainbow_03_regular_fold10_117889-9-0-36_SNR0dB.wav,16000,1.175417423248291,1.4134562015533447,0.7502031326293945,2.386223554611206,2.063137931747611,1.8483824253507475,1.4200385287989732
