clean_file,enhanced_file,sampling_rate,PESQ,SI_SDR,STOI,DNSMOS_p808_mos,DNSMOS_mos_sig,DNSMOS_mos_bak,DNSMOS_mos_ovr
p105_emo_extasy_sentences,WF_p105_emo_extasy_sentences_fold10_59513-3-0-1_SNR0dB.wav,16000,1.4819990396499634,-0.17709417641162872,0.7487879395484924,3.710604190826416,4.074097358203389,3.399687318595279,3.339866775757438
