clean_file,enhanced_file,sampling_rate,PESQ,SI_SDR,STOI,DNSMOS_p808_mos,DNSMOS_mos_sig,DNSMOS_mos_bak,DNSMOS_mos_ovr
p104_rainbow_05_loud,WF_p104_rainbow_05_loud_fold10_20571-3-0-0_SNR0dB.wav,16000,1.159749150276184,7.047079086303711,0.8167470097541809,2.624464648110526,4.067560924594658,2.2726800570900307,2.6842002070735185
