clean_file,enhanced_file,sampling_rate,PESQ,SI_SDR,STOI,DNSMOS_p808_mos,DNSMOS_mos_sig,DNSMOS_mos_bak,DNSMOS_mos_ovr
p105_rainbow_02_whisper,WF_p105_rainbow_02_whisper_fold10_73524-0-0-99_SNR0dB.wav,16000,1.0891588926315308,1.03328537940979,0.609923243522644,2.5060977595193044,1.6621553501097093,3.352912233788603,1.4644742267067574
