clean_file,enhanced_file,sampling_rate,PESQ,SI_SDR,STOI,DNSMOS_p808_mos,DNSMOS_mos_sig,DNSMOS_mos_bak,DNSMOS_mos_ovr
p103_sentences_23_regular,WF_p103_sentences_23_regular_fold10_188813-7-10-2_SNR0dB.wav,16000,1.0852874517440796,2.394500255584717,0.6199653148651123,2.399821928569249,3.949440184865267,1.8368488360240467,2.355652104789724
