clean_file,enhanced_file,sampling_rate,PESQ,SI_SDR,STOI,DNSMOS_p808_mos,DNSMOS_mos_sig,DNSMOS_mos_bak,DNSMOS_mos_ovr
p104_sentences_04_whisper,WF_p104_sentences_04_whisper_fold10_28808-1-0-1_SNR0dB.wav,16000,1.1139049530029297,1.294823408126831,0.5554966330528259,2.5789620876312256,3.211575876449366,2.148646816365976,2.097646840423289
