clean_file,enhanced_file,sampling_rate,PESQ,SI_SDR,STOI,DNSMOS_p808_mos,DNSMOS_mos_sig,DNSMOS_mos_bak,DNSMOS_mos_ovr
p102_rainbow_05_lowpitch,WF_p102_rainbow_05_lowpitch_fold10_162134-7-12-1_SNR0dB.wav,16000,1.0424103736877441,1.3830382823944092,0.6207035779953003,2.0613179206848145,3.441277237946129,1.779759421473421,1.9406218331070697
