clean_file,enhanced_file,sampling_rate,PESQ,SI_SDR,STOI,DNSMOS_p808_mos,DNSMOS_mos_sig,DNSMOS_mos_bak,DNSMOS_mos_ovr
p103_emo_neutral_freeform,WF_p103_emo_neutral_freeform_fold10_167464-0-0-9_SNR0dB.wav,16000,1.1925089359283447,3.5243582725524902,0.5894070267677307,2.8845649560292563,2.822460851122417,2.73171544446082,2.107809357267405
