clean_file,enhanced_file,sampling_rate,PESQ,SI_SDR,STOI,DNSMOS_p808_mos,DNSMOS_mos_sig,DNSMOS_mos_bak,DNSMOS_mos_ovr
p101_rainbow_02_slow,WF_p101_rainbow_02_slow_fold10_115418-9-0-6_SNR0dB.wav,16000,1.1114352941513062,-0.383391410112381,0.5579594373703003,2.2577690396990096,2.450492625409241,2.47716141471089,2.1123947334886495
