clean_file,enhanced_file,sampling_rate,PESQ,SI_SDR,STOI,DNSMOS_p808_mos,DNSMOS_mos_sig,DNSMOS_mos_bak,DNSMOS_mos_ovr
p105_emo_sadness_freeform,WF_p105_emo_sadness_freeform_fold10_72538-3-0-0_SNR0dB.wav,16000,1.3591912984848022,-0.5478590130805969,0.5523960590362549,3.5441943407058716,3.8456772772450445,2.174603100597161,2.4090478894870477
