clean_file,enhanced_file,sampling_rate,PESQ,SI_SDR,STOI,DNSMOS_p808_mos,DNSMOS_mos_sig,DNSMOS_mos_bak,DNSMOS_mos_ovr
p102_rainbow_01_slow,WF_p102_rainbow_01_slow_fold10_159742-8-0-14_SNR0dB.wav,16000,1.0658628940582275,1.558290958404541,0.7105098962783813,2.9719822883605955,3.951749599391819,2.041415816483749,2.498134017625099
