clean_file,enhanced_file,sampling_rate,PESQ,SI_SDR,STOI,DNSMOS_p808_mos,DNSMOS_mos_sig,DNSMOS_mos_bak,DNSMOS_mos_ovr
p101_emo_extasy_sentences,WF_p101_emo_extasy_sentences_fold10_102857-5-0-14_SNR0dB.wav,16000,1.6095783710479736,9.435196876525879,0.8918231725692749,2.7688619613647463,3.3326238450389205,2.5964789278839016,2.5259252211027055
