clean_file,enhanced_file,sampling_rate,PESQ,SI_SDR,STOI,DNSMOS_p808_mos,DNSMOS_mos_sig,DNSMOS_mos_bak,DNSMOS_mos_ovr
p106_melodic_happy_birthday,WF_p106_melodic_happy_birthday_fold10_99192-4-0-30_SNR0dB.wav,16000,1.0538685321807861,0.3762044906616211,0.4955331087112427,2.305054153714861,3.412782221289284,1.6153892506677014,1.8930377453595042
