clean_file,enhanced_file,sampling_rate,PESQ,SI_SDR,STOI,DNSMOS_p808_mos,DNSMOS_mos_sig,DNSMOS_mos_bak,DNSMOS_mos_ovr
p101_rainbow_05_regular,WF_p101_rainbow_05_regular_fold10_118278-4-0-7_SNR0dB.wav,16000,1.1178070306777954,2.2293801307678223,0.6316191554069519,2.2590174078941345,3.227486935591703,2.2135301939858185,2.2211638028231784
