clean_file,enhanced_file,sampling_rate,PESQ,SI_SDR,STOI,DNSMOS_p808_mos,DNSMOS_mos_sig,DNSMOS_mos_bak,DNSMOS_mos_ovr
p101_sentences_01_regular,WF_p101_sentences_01_regular_fold10_129750-2-0-4_SNR0dB.wav,16000,1.2702608108520508,-0.5476581454277039,0.6922129392623901,2.793151617050171,4.000489226306689,2.2773065061407225,2.742041032151267
