clean_file,enhanced_file,sampling_rate,PESQ,SI_SDR,STOI,DNSMOS_p808_mos,DNSMOS_mos_sig,DNSMOS_mos_bak,DNSMOS_mos_ovr
p101_emo_amusement_sentences,WF_p101_emo_amusement_sentences_fold10_100795-3-0-0_SNR0dB.wav,16000,1.2985121011734009,0.008659019134938717,0.8511412143707275,3.2784647600991383,4.1879363019477545,2.2741887193099113,2.7714049300448917
