clean_file,enhanced_file,sampling_rate,PESQ,SI_SDR,STOI,DNSMOS_p808_mos,DNSMOS_mos_sig,DNSMOS_mos_bak,DNSMOS_mos_ovr
p104_sentences_23_regular,WF_p104_sentences_23_regular_fold10_34050-7-1-0_SNR0dB.wav,16000,1.106360673904419,1.4734978675842285,0.5380614995956421,2.3235416412353516,3.2408046272002764,1.823222954178318,1.9685185750141674
