clean_file,enhanced_file,sampling_rate,PESQ,SI_SDR,STOI,DNSMOS_p808_mos,DNSMOS_mos_sig,DNSMOS_mos_bak,DNSMOS_mos_ovr
p103_rainbow_03_regular,WF_p103_rainbow_03_regular_fold10_178826-2-0-10_SNR0dB.wav,16000,1.1494073867797852,1.370355486869812,0.6185817122459412,2.534769432885306,4.02476144297725,2.1134207754423686,2.545719242401858
