clean_file,enhanced_file,sampling_rate,PESQ,SI_SDR,STOI,DNSMOS_p808_mos,DNSMOS_mos_sig,DNSMOS_mos_bak,DNSMOS_mos_ovr
p105_nonverbal_cheering,WF_p105_nonverbal_cheering_fold10_73524-0-0-127_SNR0dB.wav,16000,1.2141063213348389,7.82657527923584,0.7381929755210876,2.3576157490412393,3.4849723662695156,1.5285517906947368,1.7278531016930632
