clean_file,enhanced_file,sampling_rate,PESQ,SI_SDR,STOI,DNSMOS_p808_mos,DNSMOS_mos_sig,DNSMOS_mos_bak,DNSMOS_mos_ovr
p101_emo_amusement_freeform,WF_p101_emo_amusement_freeform_fold10_100648-1-4-0_SNR0dB.wav,16000,1.2743250131607056,-0.3142954409122467,0.7871100902557373,3.019325392586844,3.8051432812442605,2.164769490669101,2.4947809280300404
