clean_file,enhanced_file,sampling_rate,PESQ,SI_SDR,STOI,DNSMOS_p808_mos,DNSMOS_mos_sig,DNSMOS_mos_bak,DNSMOS_mos_ovr
p102_emo_serenity_freeform,WF_p102_emo_serenity_freeform_fold10_157207-6-0-0_SNR0dB.wav,16000,1.5627892017364502,-0.9882148504257202,0.8198272585868835,3.384292562802633,3.7949979594264343,2.917587248421341,2.829513748281366
