clean_file,enhanced_file,sampling_rate,PESQ,SI_SDR,STOI,DNSMOS_p808_mos,DNSMOS_mos_sig,DNSMOS_mos_bak,DNSMOS_mos_ovr
p105_rainbow_07_whisper,WF_p105_rainbow_07_whisper_fold10_74922-4-0-6_SNR0dB.wav,16000,1.0631619691848755,0.2351382076740265,0.5594266057014465,2.2976438999176025,3.621037188221894,2.4595212111110683,2.4452010438413767
