clean_file,enhanced_file,sampling_rate,PESQ,SI_SDR,STOI,DNSMOS_p808_mos,DNSMOS_mos_sig,DNSMOS_mos_bak,DNSMOS_mos_ovr
p104_nonverbal_laughter_closed,WF_p104_nonverbal_laughter_closed_fold10_197554-2-0-60_SNR0dB.wav,16000,1.1752917766571045,3.004302740097046,0.5870069861412048,2.22293758392334,1.6612730175656223,2.662216045573051,1.4859821690065367
