clean_file,enhanced_file,sampling_rate,PESQ,SI_SDR,STOI,DNSMOS_p808_mos,DNSMOS_mos_sig,DNSMOS_mos_bak,DNSMOS_mos_ovr
p102_rainbow_01_whisper,WF_p102_rainbow_01_whisper_fold10_159742-8-0-2_SNR0dB.wav,16000,1.065578579902649,0.03110937774181366,0.6246511340141296,2.6097540855407715,1.7163001957264201,2.0880135173070435,1.4199589863899191
