clean_file,enhanced_file,sampling_rate,PESQ,SI_SDR,STOI,DNSMOS_p808_mos,DNSMOS_mos_sig,DNSMOS_mos_bak,DNSMOS_mos_ovr
p103_rainbow_01_slow,WF_p103_rainbow_01_slow_fold10_175842-1-0-0_SNR0dB.wav,16000,1.0690743923187256,2.0003464221954346,0.5736449360847473,2.2031812932756214,3.944731950466057,1.7830178533178822,2.1691278828183
