clean_file,enhanced_file,sampling_rate,PESQ,SI_SDR,STOI,DNSMOS_p808_mos,DNSMOS_mos_sig,DNSMOS_mos_bak,DNSMOS_mos_ovr
p103_vegetative_sneezing,WF_p103_vegetative_sneezing_fold10_188813-7-12-0_SNR0dB.wav,16000,1.482773780822754,0.6110182404518127,0.5854433178901672,2.3220250606536865,3.7385888395336604,1.3420116556565809,1.6985479275613087
