clean_file,enhanced_file,sampling_rate,PESQ,SI_SDR,STOI,DNSMOS_p808_mos,DNSMOS_mos_sig,DNSMOS_mos_bak,DNSMOS_mos_ovr
p104_sentences_10_fast,WF_p104_sentences_10_fast_fold10_28808-1-0-5_SNR0dB.wav,16000,1.1653475761413574,0.3639259934425354,0.686288595199585,2.7639903681618825,3.5950182617820823,1.7958805589960782,1.9612223803912197
