clean_file,enhanced_file,sampling_rate,PESQ,SI_SDR,STOI,DNSMOS_p808_mos,DNSMOS_mos_sig,DNSMOS_mos_bak,DNSMOS_mos_ovr
p103_sentences_16_regular,WF_p103_sentences_16_regular_fold10_188497-2-0-2_SNR0dB.wav,16000,1.1578171253204346,2.0860986709594727,0.5073116421699524,2.52172589302063,2.9441070449140785,2.058011906147023,2.0359259763026154
