clean_file,enhanced_file,sampling_rate,PESQ,SI_SDR,STOI,DNSMOS_p808_mos,DNSMOS_mos_sig,DNSMOS_mos_bak,DNSMOS_mos_ovr
p101_rainbow_07_regular,WF_p101_rainbow_07_regular_fold10_119067-0-0-1_SNR0dB.wav,16000,1.1317334175109863,4.029880046844482,0.7048657536506653,2.4751336574554443,2.8057520689236184,2.32167447426759,2.0500436499059305
