clean_file,enhanced_file,sampling_rate,PESQ,SI_SDR,STOI,DNSMOS_p808_mos,DNSMOS_mos_sig,DNSMOS_mos_bak,DNSMOS_mos_ovr
p101_emo_cuteness_freeform,WF_p101_emo_cuteness_freeform_fold10_101382-2-0-21_SNR0dB.wav,16000,1.1896781921386719,-0.8584505915641785,0.6469899415969849,2.8247414231300354,4.274646109507253,2.0004065986055015,2.6063575015243146
