clean_file,enhanced_file,sampling_rate,PESQ,SI_SDR,STOI,DNSMOS_p808_mos,DNSMOS_mos_sig,DNSMOS_mos_bak,DNSMOS_mos_ovr
p103_rainbow_07_lowpitch,WF_p103_rainbow_07_lowpitch_fold10_180127-4-0-4_SNR0dB.wav,16000,1.1202733516693115,5.276959419250488,0.6798588037490845,2.612861088344029,2.807326344518594,2.165874361564542,1.9596332458561432
