clean_file,enhanced_file,sampling_rate,PESQ,SI_SDR,STOI,DNSMOS_p808_mos,DNSMOS_mos_sig,DNSMOS_mos_bak,DNSMOS_mos_ovr
p104_emo_realization_sentences,WF_p104_emo_realization_sentences_fold10_195063-4-0-0_SNR0dB.wav,16000,1.051228404045105,0.4159550070762634,0.7991653680801392,2.5404248918805803,3.7126587189481546,1.5237305149691662,1.7925758490462351
