clean_file,enhanced_file,sampling_rate,PESQ,SI_SDR,STOI,DNSMOS_p808_mos,DNSMOS_mos_sig,DNSMOS_mos_bak,DNSMOS_mos_ovr
p105_rainbow_07_regular,WF_p105_rainbow_07_regular_fold10_74922-4-0-4_SNR0dB.wav,16000,1.0858051776885986,5.729180335998535,0.6597522497177124,2.590017761502947,3.8957413322453944,2.0920816732331757,2.4288233755414206
