clean_file,enhanced_file,sampling_rate,PESQ,SI_SDR,STOI,DNSMOS_p808_mos,DNSMOS_mos_sig,DNSMOS_mos_bak,DNSMOS_mos_ovr
p103_rainbow_08_lowpitch,WF_p103_rainbow_08_lowpitch_fold10_181624-4-0-0_SNR0dB.wav,16000,1.032041311264038,0.18750891089439392,0.7758134007453918,2.6489087513514926,4.172875421016604,1.6309639548082764,1.9094294002606105
