clean_file,enhanced_file,sampling_rate,PESQ,SI_SDR,STOI,DNSMOS_p808_mos,DNSMOS_mos_sig,DNSMOS_mos_bak,DNSMOS_mos_ovr
p103_rainbow_03_loud,WF_p103_rainbow_03_loud_fold10_178261-7-3-6_SNR0dB.wav,16000,1.058044195175171,5.16964864730835,0.7291901111602783,2.179438284465245,2.432359515048266,1.9417213711956232,1.6506688175766386
