clean_file,enhanced_file,sampling_rate,PESQ,SI_SDR,STOI,DNSMOS_p808_mos,DNSMOS_mos_sig,DNSMOS_mos_bak,DNSMOS_mos_ovr
p102_rainbow_06_lowpitch,WF_p102_rainbow_06_lowpitch_fold10_162134-7-13-3_SNR0dB.wav,16000,1.043701171875,2.4117469787597656,0.6809772849082947,2.310683488845825,3.418822895290241,1.6910562797866273,1.88315842942247
