clean_file,enhanced_file,sampling_rate,PESQ,SI_SDR,STOI,DNSMOS_p808_mos,DNSMOS_mos_sig,DNSMOS_mos_bak,DNSMOS_mos_ovr
p105_rainbow_01_lowpitch,WF_p105_rainbow_01_lowpitch_fold10_73524-0-0-5_SNR0dB.wav,16000,1.0544795989990234,2.2187795639038086,0.6968702673912048,2.710710883140564,2.5452427079365068,2.7603757602515087,2.000632242285726
