clean_file,enhanced_file,sampling_rate,PESQ,SI_SDR,STOI,DNSMOS_p808_mos,DNSMOS_mos_sig,DNSMOS_mos_bak,DNSMOS_mos_ovr
p102_rainbow_02_slow,WF_p102_rainbow_02_slow_fold10_159742-8-0-8_SNR0dB.wav,16000,1.194589614868164,-0.16708828508853912,0.8242913484573364,3.5276522040367126,4.170964486919318,1.8069389348562646,2.4135411430586986
