clean_file,enhanced_file,sampling_rate,PESQ,SI_SDR,STOI,DNSMOS_p808_mos,DNSMOS_mos_sig,DNSMOS_mos_bak,DNSMOS_mos_ovr
p103_sentences_01_lowpitch,WF_p103_sentences_01_lowpitch_fold10_181624-4-5-0_SNR0dB.wav,16000,1.1159268617630005,-0.036543551832437515,0.5365967750549316,2.848212276186262,4.25060681038993,2.473664407353968,2.5936215298460197
