clean_file,enhanced_file,sampling_rate,PESQ,SI_SDR,STOI,DNSMOS_p808_mos,DNSMOS_mos_sig,DNSMOS_mos_bak,DNSMOS_mos_ovr
p101_rainbow_07_slow,WF_p101_rainbow_07_slow_fold10_119067-0-0-2_SNR0dB.wav,16000,1.1720833778381348,4.15267276763916,0.5998896360397339,2.659273658479963,1.5819355481600048,2.1772846466216995,1.2096693960280867
