clean_file,enhanced_file,sampling_rate,PESQ,SI_SDR,STOI,DNSMOS_p808_mos,DNSMOS_mos_sig,DNSMOS_mos_bak,DNSMOS_mos_ovr
p103_sentences_21_regular,WF_p103_sentences_21_regular_fold10_188813-7-10-0_SNR0dB.wav,16000,1.1390753984451294,3.201138734817505,0.5773393511772156,2.4229301725115096,4.372056770497954,1.8976844476366441,2.6327569829163875
