clean_file,enhanced_file,sampling_rate,PESQ,SI_SDR,STOI,DNSMOS_p808_mos,DNSMOS_mos_sig,DNSMOS_mos_bak,DNSMOS_mos_ovr
p104_rainbow_04_whisper,WF_p104_rainbow_04_whisper_fold10_203424-9-0-4_SNR0dB.wav,16000,1.0905671119689941,-1.4601634740829468,0.5773618817329407,2.904395682471139,3.4671849703414614,2.046395743396769,1.8569464828762396
