clean_file,enhanced_file,sampling_rate,PESQ,SI_SDR,STOI,DNSMOS_p808_mos,DNSMOS_mos_sig,DNSMOS_mos_bak,DNSMOS_mos_ovr
p101_emo_relief_freeform,WF_p101_emo_relief_freeform_fold10_102857-5-0-28_SNR0dB.wav,16000,1.6618778705596924,8.454113960266113,0.8346176743507385,3.011380672454834,4.047073998370588,2.5757486351433343,2.836895225168468
