clean_file,enhanced_file,sampling_rate,PESQ,SI_SDR,STOI,DNSMOS_p808_mos,DNSMOS_mos_sig,DNSMOS_mos_bak,DNSMOS_mos_ovr
p103_sentences_02_slow,WF_p103_sentences_02_slow_fold10_187110-2-0-30_SNR0dB.wav,16000,1.1795592308044434,1.3724544048309326,0.5878135561943054,2.588522421686273,2.473108947387875,2.3117452445846793,1.9465927348751606
