clean_file,enhanced_file,sampling_rate,PESQ,SI_SDR,STOI,DNSMOS_p808_mos,DNSMOS_mos_sig,DNSMOS_mos_bak,DNSMOS_mos_ovr
p105_rainbow_04_whisper,WF_p105_rainbow_04_whisper_fold10_74364-8-1-20_SNR0dB.wav,16000,1.0564833879470825,-1.8705401420593262,0.642361581325531,2.4362053189958846,2.6046209342244913,2.089181978860853,1.9665013766663197
