clean_file,enhanced_file,sampling_rate,PESQ,SI_SDR,STOI,DNSMOS_p808_mos,DNSMOS_mos_sig,DNSMOS_mos_bak,DNSMOS_mos_ovr
p101_rainbow_06_lowpitch,WF_p101_rainbow_06_lowpitch_fold10_118558-5-1-0_SNR0dB.wav,16000,1.2549227476119995,5.080132007598877,0.7301838994026184,2.7323248386383057,3.1269517654210963,2.83292198977047,2.405098616932763
