clean_file,enhanced_file,sampling_rate,PESQ,SI_SDR,STOI,DNSMOS_p808_mos,DNSMOS_mos_sig,DNSMOS_mos_bak,DNSMOS_mos_ovr
p101_emo_sadness_sentences,WF_p101_emo_sadness_sentences_fold10_102857-5-0-30_SNR0dB.wav,16000,1.5703043937683105,6.3780598640441895,0.8454198241233826,3.0425623825618198,4.047937179009164,2.6423337947256127,2.944567683437156
