clean_file,enhanced_file,sampling_rate,PESQ,SI_SDR,STOI,DNSMOS_p808_mos,DNSMOS_mos_sig,DNSMOS_mos_bak,DNSMOS_mos_ovr
p104_sentences_02_fast,WF_p104_sentences_02_fast_fold10_27070-2-0-0_SNR0dB.wav,16000,1.0673627853393555,1.1385455131530762,0.7078437805175781,2.3274883202144077,3.911555913862521,1.8414848115462927,2.339153641801253
