clean_file,enhanced_file,sampling_rate,PESQ,SI_SDR,STOI,DNSMOS_p808_mos,DNSMOS_mos_sig,DNSMOS_mos_bak,DNSMOS_mos_ovr
p101_rainbow_05_fast,WF_p101_rainbow_05_fast_fold10_118278-4-0-3_SNR0dB.wav,16000,1.2221003770828247,2.3280701637268066,0.8006378412246704,2.3284854888916016,3.344904211106445,2.0408387185719774,2.098081759699034
