clean_file,enhanced_file,sampling_rate,PESQ,SI_SDR,STOI,DNSMOS_p808_mos,DNSMOS_mos_sig,DNSMOS_mos_bak,DNSMOS_mos_ovr
p102_sentences_02_highpitch,WF_p102_sentences_02_highpitch_fold10_162134-7-8-2_SNR0dB.wav,16000,1.0374951362609863,2.847404956817627,0.5665345191955566,2.117512583732605,2.7360152344380215,1.3986572656783762,1.5733181445307152
