clean_file,enhanced_file,sampling_rate,PESQ,SI_SDR,STOI,DNSMOS_p808_mos,DNSMOS_mos_sig,DNSMOS_mos_bak,DNSMOS_mos_ovr
p103_sentences_01_whisper,WF_p103_sentences_01_whisper_fold10_181624-4-8-0_SNR0dB.wav,16000,1.0647343397140503,-5.938066482543945,0.20715458691120148,2.6520187514168874,2.2322638107693757,3.4101355134783793,1.9632263057421044
