clean_file,enhanced_file,sampling_rate,PESQ,SI_SDR,STOI,DNSMOS_p808_mos,DNSMOS_mos_sig,DNSMOS_mos_bak,DNSMOS_mos_ovr
p102_sentences_03_whisper,WF_p102_sentences_03_whisper_fold10_162134-7-9-0_SNR0dB.wav,16000,1.062578797340393,0.6536949872970581,0.44312289357185364,2.0879354079564414,1.2714375408171499,1.7253875801401397,0.9584536106601904
