clean_file,enhanced_file,sampling_rate,PESQ,SI_SDR,STOI,DNSMOS_p808_mos,DNSMOS_mos_sig,DNSMOS_mos_bak,DNSMOS_mos_ovr
p106_emo_relief_freeform,WF_p106_emo_relief_freeform_fold10_99192-4-0-1_SNR0dB.wav,16000,1.0533177852630615,0.41977229714393616,0.6090738773345947,2.48946475982666,3.8939702018794766,1.8637986690872734,2.2344281972512325
