clean_file,enhanced_file,sampling_rate,PESQ,SI_SDR,STOI,DNSMOS_p808_mos,DNSMOS_mos_sig,DNSMOS_mos_bak,DNSMOS_mos_ovr
p104_nonverbal_screaming,WF_p104_nonverbal_screaming_fold10_197554-2-0-74_SNR0dB.wav,16000,1.3238164186477661,1.5929336547851562,0.5192955732345581,2.6513852051326205,3.383326164696393,1.7112408423091725,1.844810240530004
