clean_file,enhanced_file,sampling_rate,PESQ,SI_SDR,STOI,DNSMOS_p808_mos,DNSMOS_mos_sig,DNSMOS_mos_bak,DNSMOS_mos_ovr
p103_sentences_04_whisper,WF_p103_sentences_04_whisper_fold10_187110-2-0-8_SNR0dB.wav,16000,1.1074762344360352,-1.5160120725631714,0.36841827630996704,2.5450843402317593,2.2456826484934207,2.405208385498504,1.8485639863836336
