clean_file,enhanced_file,sampling_rate,PESQ,SI_SDR,STOI,DNSMOS_p808_mos,DNSMOS_mos_sig,DNSMOS_mos_bak,DNSMOS_mos_ovr
p103_sentences_02_fast,WF_p103_sentences_02_fast_fold10_181624-4-9-0_SNR0dB.wav,16000,1.0684030055999756,1.8762454986572266,0.8322104215621948,2.5035288333892822,4.338362777478825,1.8144336186050998,2.3829055345239367
