clean_file,enhanced_file,sampling_rate,PESQ,SI_SDR,STOI,DNSMOS_p808_mos,DNSMOS_mos_sig,DNSMOS_mos_bak,DNSMOS_mos_ovr
p102_interjection_filler,WF_p102_interjection_filler_fold10_157207-6-4-0_SNR0dB.wav,16000,1.2187910079956055,0.5864312648773193,0.5315836071968079,2.9013160467147827,3.712735954670378,2.335063353531278,2.582253205686854
