clean_file,enhanced_file,sampling_rate,PESQ,SI_SDR,STOI,DNSMOS_p808_mos,DNSMOS_mos_sig,DNSMOS_mos_bak,DNSMOS_mos_ovr
p104_emo_anger_sentences,WF_p104_emo_anger_sentences_fold10_189982-0-0-11_SNR0dB.wav,16000,1.1659488677978516,6.7333149909973145,0.6808921694755554,2.64135422706604,2.636670583920326,2.320040983673129,1.936253965319846
