clean_file,enhanced_file,sampling_rate,PESQ,SI_SDR,STOI,DNSMOS_p808_mos,DNSMOS_mos_sig,DNSMOS_mos_bak,DNSMOS_mos_ovr
p104_rainbow_01_whisper,WF_p104_rainbow_01_whisper_fold10_200460-6-2-0_SNR0dB.wav,16000,1.0643037557601929,-0.9116575717926025,0.6548812389373779,3.0872344970703125,1.9383063435784083,3.7345939460103996,1.7596971684429463
