clean_file,enhanced_file,sampling_rate,PESQ,SI_SDR,STOI,DNSMOS_p808_mos,DNSMOS_mos_sig,DNSMOS_mos_bak,DNSMOS_mos_ovr
p103_emo_distress_freeform,WF_p103_emo_distress_freeform_fold10_167464-0-0-2_SNR0dB.wav,16000,1.1169095039367676,4.202173233032227,0.7067697644233704,2.8319408893585205,2.0006514095187464,2.2162962783389295,1.5161664998268285
