clean_file,enhanced_file,sampling_rate,PESQ,SI_SDR,STOI,DNSMOS_p808_mos,DNSMOS_mos_sig,DNSMOS_mos_bak,DNSMOS_mos_ovr
p102_rainbow_01_fast,WF_p102_rainbow_01_fast_fold10_159742-8-0-1_SNR0dB.wav,16000,1.1315778493881226,-0.08427894860506058,0.7506605386734009,2.6521257400512694,2.210308125242364,1.8827084827406815,1.5410964799546438
