clean_file,enhanced_file,sampling_rate,PESQ,SI_SDR,STOI,DNSMOS_p808_mos,DNSMOS_mos_sig,DNSMOS_mos_bak,DNSMOS_mos_ovr
p105_sentences_01_whisper,WF_p105_sentences_01_whisper_fold10_7913-3-1-0_SNR0dB.wav,16000,1.2662994861602783,-1.8418586254119873,0.5798332691192627,3.3731399944850375,3.083065352290308,3.9710327408460744,2.744513772419093
