clean_file,enhanced_file,sampling_rate,PESQ,SI_SDR,STOI,DNSMOS_p808_mos,DNSMOS_mos_sig,DNSMOS_mos_bak,DNSMOS_mos_ovr
p103_sentences_02_whisper,WF_p103_sentences_02_whisper_fold10_187110-2-0-34_SNR0dB.wav,16000,2.089705467224121,-2.5274786949157715,0.3187522888183594,2.5946202959333147,1.9200230482090919,2.756341171774628,1.7253292464849668
