clean_file,enhanced_file,sampling_rate,PESQ,SI_SDR,STOI,DNSMOS_p808_mos,DNSMOS_mos_sig,DNSMOS_mos_bak,DNSMOS_mos_ovr
p106_nonverbal_crying,WF_p106_nonverbal_crying_fold10_99192-4-0-33_SNR0dB.wav,16000,1.04905104637146,0.7035695910453796,0.3593142032623291,2.1797618865966797,2.990049780123097,1.6705526356582694,1.8491173633206277
