clean_file,enhanced_file,sampling_rate,PESQ,SI_SDR,STOI,DNSMOS_p808_mos,DNSMOS_mos_sig,DNSMOS_mos_bak,DNSMOS_mos_ovr
p104_sentences_01_whisper,WF_p104_sentences_01_whisper_fold10_26344-4-1-0_SNR0dB.wav,16000,1.111168384552002,-0.2549252510070801,0.6060460805892944,2.794616835457938,3.6125566395782767,2.1516174048138446,2.179341958246923
