clean_file,enhanced_file,sampling_rate,PESQ,SI_SDR,STOI,DNSMOS_p808_mos,DNSMOS_mos_sig,DNSMOS_mos_bak,DNSMOS_mos_ovr
p102_rainbow_02_highpitch,WF_p102_rainbow_02_highpitch_fold10_159742-8-0-4_SNR0dB.wav,16000,1.0603008270263672,0.7667709589004517,0.6959153413772583,2.5373371839523315,3.7633470585568785,1.478519801424411,1.7757856551085094
