clean_file,enhanced_file,sampling_rate,PESQ,SI_SDR,STOI,DNSMOS_p808_mos,DNSMOS_mos_sig,DNSMOS_mos_bak,DNSMOS_mos_ovr
p105_sentences_22_regular,WF_p105_sentences_22_regular_fold10_83502-0-0-13_SNR0dB.wav,16000,1.0929434299468994,0.887911856174469,0.4823688566684723,2.540302276611328,3.847878434238848,2.03672379851099,2.516358794116699
