clean_file,enhanced_file,sampling_rate,PESQ,SI_SDR,STOI,DNSMOS_p808_mos,DNSMOS_mos_sig,DNSMOS_mos_bak,DNSMOS_mos_ovr
p103_sentences_02_lowpitch,WF_p103_sentences_02_lowpitch_fold10_187110-2-0-12_SNR0dB.wav,16000,1.1453096866607666,0.13404524326324463,0.6515631675720215,2.558994395392282,3.6515035599450223,1.7143815578182278,1.9920172527147935
