clean_file,enhanced_file,sampling_rate,PESQ,SI_SDR,STOI,DNSMOS_p808_mos,DNSMOS_mos_sig,DNSMOS_mos_bak,DNSMOS_mos_ovr
p103_emo_extasy_sentences,WF_p103_emo_extasy_sentences_fold10_167464-0-0-24_SNR0dB.wav,16000,1.1518223285675049,2.44938588142395,0.6613588929176331,2.8409772713979087,2.1789141806680017,2.144348208869556,1.5631092444346677
