clean_file,enhanced_file,sampling_rate,PESQ,SI_SDR,STOI,DNSMOS_p808_mos,DNSMOS_mos_sig,DNSMOS_mos_bak,DNSMOS_mos_ovr
p105_rainbow_08_highpitch,WF_p105_rainbow_08_highpitch_fold10_77901-9-0-0_SNR0dB.wav,16000,1.079231858253479,-0.06682723760604858,0.5368037819862366,2.2421252386910573,3.4667202004339326,1.7776603707824192,1.9980736296166148
