clean_file,enhanced_file,sampling_rate,PESQ,SI_SDR,STOI,DNSMOS_p808_mos,DNSMOS_mos_sig,DNSMOS_mos_bak,DNSMOS_mos_ovr
p104_rainbow_03_highpitch,WF_p104_rainbow_03_highpitch_fold10_200786-5-1-4_SNR0dB.wav,16000,1.0548774003982544,2.2716338634490967,0.6765928864479065,2.493370008468628,2.1027906417573137,2.382077891089819,1.6712642359043506
