clean_file,enhanced_file,sampling_rate,PESQ,SI_SDR,STOI,DNSMOS_p808_mos,DNSMOS_mos_sig,DNSMOS_mos_bak,DNSMOS_mos_ovr
p102_emo_realization_sentences,WF_p102_emo_realization_sentences_fold10_15544-5-0-5_SNR0dB.wav,16000,1.2153681516647339,4.997769832611084,0.758720874786377,2.584112207094828,2.644134979144994,2.037348318143077,1.812635570153227
