clean_file,enhanced_file,sampling_rate,PESQ,SI_SDR,STOI,DNSMOS_p808_mos,DNSMOS_mos_sig,DNSMOS_mos_bak,DNSMOS_mos_ovr
p105_emo_pride_freeform,WF_p105_emo_pride_freeform_fold10_71312-3-0-4_SNR0dB.wav,16000,1.3023408651351929,-0.008002249523997307,0.6123448014259338,3.0107992376599992,3.9413398781880664,1.7992124235940794,2.2642374509006733
