clean_file,enhanced_file,sampling_rate,PESQ,SI_SDR,STOI,DNSMOS_p808_mos,DNSMOS_mos_sig,DNSMOS_mos_bak,DNSMOS_mos_ovr
p101_emo_embarassment_freeform,WF_p101_emo_embarassment_freeform_fold10_102857-5-0-11_SNR0dB.wav,16000,1.2773751020431519,7.625095844268799,0.7684019804000854,2.486581598009382,3.7969002162696777,2.472904174035212,2.621930314623531
