clean_file,enhanced_file,sampling_rate,PESQ,SI_SDR,STOI,DNSMOS_p808_mos,DNSMOS_mos_sig,DNSMOS_mos_bak,DNSMOS_mos_ovr
p104_sentences_02_slow,WF_p104_sentences_02_slow_fold10_27070-2-0-7_SNR0dB.wav,16000,1.1395138502120972,2.7735533714294434,0.7024747133255005,2.5663608142307828,4.200545061720976,2.025222014430929,2.5862498678287196
