clean_file,enhanced_file,sampling_rate,PESQ,SI_SDR,STOI,DNSMOS_p808_mos,DNSMOS_mos_sig,DNSMOS_mos_bak,DNSMOS_mos_ovr
p105_sentences_02_slow,WF_p105_sentences_02_slow_fold10_7965-3-3-0_SNR0dB.wav,16000,1.2597041130065918,1.8362177610397339,0.5322657823562622,2.9173910277230397,3.024370396823625,3.178314889818773,2.404406281172079
