clean_file,enhanced_file,sampling_rate,PESQ,SI_SDR,STOI,DNSMOS_p808_mos,DNSMOS_mos_sig,DNSMOS_mos_bak,DNSMOS_mos_ovr
p106_emo_disappointment_sentences,WF_p106_emo_disappointment_sentences_fold10_88121-8-2-0_SNR0dB.wav,16000,1.0731755495071411,0.5375247001647949,0.6429877877235413,2.9396872520446777,2.8257838243952995,1.871301694418494,1.6763752496096378
