clean_file,enhanced_file,sampling_rate,PESQ,SI_SDR,STOI,DNSMOS_p808_mos,DNSMOS_mos_sig,DNSMOS_mos_bak,DNSMOS_mos_ovr
p103_sentences_17_regular,WF_p103_sentences_17_regular_fold10_188497-2-0-23_SNR0dB.wav,16000,1.132624626159668,3.2775826454162598,0.5232144594192505,2.4372212205614363,1.6077888024957845,2.101059254494027,1.3187349427201707
