clean_file,enhanced_file,sampling_rate,PESQ,SI_SDR,STOI,DNSMOS_p808_mos,DNSMOS_mos_sig,DNSMOS_mos_bak,DNSMOS_mos_ovr
p106_emo_amazement_freeform,WF_p106_emo_amazement_freeform_fold10_84249-9-0-11_SNR0dB.wav,16000,1.083871603012085,1.5090985298156738,0.5920565128326416,2.3123775209699358,2.8704299522136827,1.7593841887365291,1.9705082118096386
