clean_file,enhanced_file,sampling_rate,PESQ,SI_SDR,STOI,DNSMOS_p808_mos,DNSMOS_mos_sig,DNSMOS_mos_bak,DNSMOS_mos_ovr
p104_sentences_02_highpitch,WF_p104_sentences_02_highpitch_fold10_27070-2-0-2_SNR0dB.wav,16000,1.0854259729385376,0.8770915865898132,0.7424956560134888,2.4619022607803345,3.702253439548489,1.9359589398839685,2.2994019667944037
