clean_file,enhanced_file,sampling_rate,PESQ,SI_SDR,STOI,DNSMOS_p808_mos,DNSMOS_mos_sig,DNSMOS_mos_bak,DNSMOS_mos_ovr
p105_rainbow_07_fast,WF_p105_rainbow_07_fast_fold10_74922-4-0-0_SNR0dB.wav,16000,1.0775669813156128,0.6178651452064514,0.667361855506897,2.3391453879220143,4.188689933107762,2.3683572562220454,2.8367153725163328
