clean_file,enhanced_file,sampling_rate,PESQ,SI_SDR,STOI,DNSMOS_p808_mos,DNSMOS_mos_sig,DNSMOS_mos_bak,DNSMOS_mos_ovr
p104_sentences_01_highpitch,WF_p104_sentences_01_highpitch_fold10_26255-3-0-0_SNR0dB.wav,16000,1.0488929748535156,1.9023404121398926,0.649604856967926,2.3906683921813965,4.086502072637247,1.8180265539946898,2.4013211373340546
