clean_file,enhanced_file,sampling_rate,PESQ,SI_SDR,STOI,DNSMOS_p808_mos,DNSMOS_mos_sig,DNSMOS_mos_bak,DNSMOS_mos_ovr
p105_emo_fear_sentences,WF_p105_emo_fear_sentences_fold10_59513-3-0-4_SNR0dB.wav,16000,1.6277410984039307,-1.1070905923843384,0.5211068391799927,3.328394969304403,3.0815287966809417,2.4170187845393567,2.122369634119676
