clean_file,enhanced_file,sampling_rate,PESQ,SI_SDR,STOI,DNSMOS_p808_mos,DNSMOS_mos_sig,DNSMOS_mos_bak,DNSMOS_mos_ovr
p103_rainbow_02_loud,WF_p103_rainbow_02_loud_fold10_178261-7-2-0_SNR0dB.wav,16000,1.069795846939087,2.7308549880981445,0.721582293510437,2.446666513170515,3.420432756239667,1.9259224564173714,2.163433143510217
