clean_file,enhanced_file,sampling_rate,PESQ,SI_SDR,STOI,DNSMOS_p808_mos,DNSMOS_mos_sig,DNSMOS_mos_bak,DNSMOS_mos_ovr
p101_emo_pain_sentences,WF_p101_emo_pain_sentences_fold10_102857-5-0-23_SNR0dB.wav,16000,1.602926254272461,8.951579093933105,0.8705028891563416,3.0150699956076488,3.965557127328719,2.514538468980566,2.8640602362177847
