clean_file,enhanced_file,sampling_rate,PESQ,SI_SDR,STOI,DNSMOS_p808_mos,DNSMOS_mos_sig,DNSMOS_mos_bak,DNSMOS_mos_ovr
p102_rainbow_01_regular,WF_p102_rainbow_01_regular_fold10_159742-8-0-13_SNR0dB.wav,16000,1.076544165611267,2.949075698852539,0.6344093084335327,2.9447269439697266,3.420485802936723,2.321314104631573,2.410683123512894
