clean_file,enhanced_file,sampling_rate,PESQ,SI_SDR,STOI,DNSMOS_p808_mos,DNSMOS_mos_sig,DNSMOS_mos_bak,DNSMOS_mos_ovr
p104_emo_pride_sentences,WF_p104_emo_pride_sentences_fold10_189985-0-0-5_SNR0dB.wav,16000,1.1692185401916504,5.251138687133789,0.6751997470855713,2.4570026795069375,2.6862096192164966,2.518378990134137,2.037035950178176
