clean_file,enhanced_file,sampling_rate,PESQ,SI_SDR,STOI,DNSMOS_p808_mos,DNSMOS_mos_sig,DNSMOS_mos_bak,DNSMOS_mos_ovr
p102_sentences_02_lowpitch,WF_p102_sentences_02_lowpitch_fold10_162134-7-8-4_SNR0dB.wav,16000,1.0523810386657715,2.071040391921997,0.6175738573074341,2.368335819244385,3.4496991618827244,1.6235010692081346,1.8666006519096832
