clean_file,enhanced_file,sampling_rate,PESQ,SI_SDR,STOI,DNSMOS_p808_mos,DNSMOS_mos_sig,DNSMOS_mos_bak,DNSMOS_mos_ovr
p102_rainbow_04_regular,WF_p102_rainbow_04_regular_fold10_162134-7-11-3_SNR0dB.wav,16000,1.0444869995117188,1.072120189666748,0.6182155013084412,2.332303524017334,3.8741260191980893,1.5894256845071346,2.0633006655393538
