clean_file,enhanced_file,sampling_rate,PESQ,SI_SDR,STOI,DNSMOS_p808_mos,DNSMOS_mos_sig,DNSMOS_mos_bak,DNSMOS_mos_ovr
p101_sentences_24_regular,WF_p101_sentences_24_regular_fold10_146244-4-0-0_SNR0dB.wav,16000,1.057236671447754,4.442890167236328,0.6276764869689941,2.4891891479492188,4.459301383627384,2.4916778957052106,3.0266542598051047
