clean_file,enhanced_file,sampling_rate,PESQ,SI_SDR,STOI,DNSMOS_p808_mos,DNSMOS_mos_sig,DNSMOS_mos_bak,DNSMOS_mos_ovr
p102_emo_disgust_sentences,WF_p102_emo_disgust_sentences_fold10_155280-2-0-3_SNR0dB.wav,16000,1.6479490995407104,5.334186553955078,0.8629494905471802,3.132314307349069,3.244854634907811,2.443444091721685,2.4032930080015014
