clean_file,enhanced_file,sampling_rate,PESQ,SI_SDR,STOI,DNSMOS_p808_mos,DNSMOS_mos_sig,DNSMOS_mos_bak,DNSMOS_mos_ovr
p104_rainbow_01_loud,WF_p104_rainbow_01_loud_fold10_199261-3-0-2_SNR0dB.wav,16000,1.5072298049926758,-0.2052728235721588,0.7989980578422546,3.93131160736084,3.8743474382548264,2.0478916391544524,2.357813370940357
