clean_file,enhanced_file,sampling_rate,PESQ,SI_SDR,STOI,DNSMOS_p808_mos,DNSMOS_mos_sig,DNSMOS_mos_bak,DNSMOS_mos_ovr
p105_emo_desire_freeform,WF_p105_emo_desire_freeform_fold10_41306-3-0-10_SNR0dB.wav,16000,1.0755184888839722,2.6184775829315186,0.6310762166976929,2.816100835800171,2.3012632667487187,3.5416457779416115,1.932273117770798
