clean_file,enhanced_file,sampling_rate,PESQ,SI_SDR,STOI,DNSMOS_p808_mos,DNSMOS_mos_sig,DNSMOS_mos_bak,DNSMOS_mos_ovr
p102_emo_extasy_sentences,WF_p102_emo_extasy_sentences_fold10_15544-5-0-1_SNR0dB.wav,16000,1.2137969732284546,6.4960246086120605,0.8082441091537476,2.407534224646432,2.394115499825674,1.9485372145496953,1.6213389625759536
