clean_file,enhanced_file,sampling_rate,PESQ,SI_SDR,STOI,DNSMOS_p808_mos,DNSMOS_mos_sig,DNSMOS_mos_bak,DNSMOS_mos_ovr
p102_rainbow_08_loud,WF_p102_rainbow_08_loud_fold10_162134-7-17-1_SNR0dB.wav,16000,1.040187120437622,2.595632314682007,0.6864615678787231,2.1205755301884244,2.593255054703096,1.5493787980062628,1.3726781925721387
