clean_file,enhanced_file,sampling_rate,PESQ,SI_SDR,STOI,DNSMOS_p808_mos,DNSMOS_mos_sig,DNSMOS_mos_bak,DNSMOS_mos_ovr
p105_rainbow_06_fast,WF_p105_rainbow_06_fast_fold10_74364-8-1-3_SNR0dB.wav,16000,1.0543667078018188,-0.8429937958717346,0.7578688859939575,2.8822453022003174,3.7947180528491176,2.2064360704885573,2.550013696295495
