clean_file,enhanced_file,sampling_rate,PESQ,SI_SDR,STOI,DNSMOS_p808_mos,DNSMOS_mos_sig,DNSMOS_mos_bak,DNSMOS_mos_ovr
p103_emo_disappointment_freeform,WF_p103_emo_disappointment_freeform_fold10_167464-0-0-16_SNR0dB.wav,16000,1.1421910524368286,3.845789670944214,0.6222719550132751,2.3645530939102173,2.095331856671486,2.5427358538340603,1.7779466017426002
