clean_file,enhanced_file,sampling_rate,PESQ,SI_SDR,STOI,DNSMOS_p808_mos,DNSMOS_mos_sig,DNSMOS_mos_bak,DNSMOS_mos_ovr
p103_nonverbal_yelling,WF_p103_nonverbal_yelling_fold10_174292-6-0-0_SNR0dB.wav,16000,1.4659276008605957,-0.009235053323209286,0.7551822662353516,2.216663496834891,3.9785355481657967,3.0847641316101915,3.0070374831053357
