clean_file,enhanced_file,sampling_rate,PESQ,SI_SDR,STOI,DNSMOS_p808_mos,DNSMOS_mos_sig,DNSMOS_mos_bak,DNSMOS_mos_ovr
p106_emo_guilt_sentences,WF_p106_emo_guilt_sentences_fold10_93567-8-0-19_SNR0dB.wav,16000,1.2012004852294922,0.6332170367240906,0.7179986238479614,2.5076849460601807,4.296114780778944,2.1860379883644234,2.7042155938932266
