clean_file,enhanced_file,sampling_rate,PESQ,SI_SDR,STOI,DNSMOS_p808_mos,DNSMOS_mos_sig,DNSMOS_mos_bak,DNSMOS_mos_ovr
p103_rainbow_05_highpitch,WF_p103_rainbow_05_highpitch_fold10_180127-4-0-1_SNR0dB.wav,16000,1.0508842468261719,1.4589346647262573,0.530827522277832,2.903344120298113,2.595396144048989,2.051332601134842,1.776471960752832
