clean_file,enhanced_file,sampling_rate,PESQ,SI_SDR,STOI,DNSMOS_p808_mos,DNSMOS_mos_sig,DNSMOS_mos_bak,DNSMOS_mos_ovr
p102_emo_guilt_sentences,WF_p102_emo_guilt_sentences_fold10_15544-5-0-13_SNR0dB.wav,16000,1.2019559144973755,4.751142501831055,0.7192226648330688,2.3735995292663574,3.442129248754347,2.0602289547154977,2.1736230425538916
