clean_file,enhanced_file,sampling_rate,PESQ,SI_SDR,STOI,DNSMOS_p808_mos,DNSMOS_mos_sig,DNSMOS_mos_bak,DNSMOS_mos_ovr
p104_sentences_07_slow,WF_p104_sentences_07_slow_fold10_28808-1-0-2_SNR0dB.wav,16000,1.1188868284225464,2.5617260932922363,0.6263836622238159,2.358584472111293,2.8928345528713164,2.029102357998337,1.9330131227718057
