clean_file,enhanced_file,sampling_rate,PESQ,SI_SDR,STOI,DNSMOS_p808_mos,DNSMOS_mos_sig,DNSMOS_mos_bak,DNSMOS_mos_ovr
p101_sentences_01_slow,WF_p101_sentences_01_slow_fold10_129750-2-0-45_SNR0dB.wav,16000,1.2205193042755127,-1.516378402709961,0.533169150352478,2.5605455807277133,1.5626417988821273,2.2705161180555313,1.2978554953273267
