clean_file,enhanced_file,sampling_rate,PESQ,SI_SDR,STOI,DNSMOS_p808_mos,DNSMOS_mos_sig,DNSMOS_mos_bak,DNSMOS_mos_ovr
p101_sentences_18_regular,WF_p101_sentences_18_regular_fold10_14470-2-0-21_SNR0dB.wav,16000,1.2517095804214478,-0.41674917936325073,0.6678265929222107,2.764658808708191,3.559387874797237,2.0856919571381436,2.316661465975007
