clean_file,enhanced_file,sampling_rate,PESQ,SI_SDR,STOI,DNSMOS_p808_mos,DNSMOS_mos_sig,DNSMOS_mos_bak,DNSMOS_mos_ovr
p105_interjection_greetings,WF_p105_interjection_greetings_fold10_73524-0-0-114_SNR0dB.wav,16000,1.5734386444091797,6.394802093505859,0.5910511016845703,2.4474772453308105,3.0625813091796874,2.0696484253661938,2.064088052617013
