clean_file,enhanced_file,sampling_rate,PESQ,SI_SDR,STOI,DNSMOS_p808_mos,DNSMOS_mos_sig,DNSMOS_mos_bak,DNSMOS_mos_ovr
p102_rainbow_07_slow,WF_p102_rainbow_07_slow_fold10_162134-7-15-4_SNR0dB.wav,16000,1.045436143875122,0.2847781479358673,0.6586600542068481,2.15838817187718,3.2662314613029184,1.7879271795682066,1.9421028636113586
