clean_file,enhanced_file,sampling_rate,PESQ,SI_SDR,STOI,DNSMOS_p808_mos,DNSMOS_mos_sig,DNSMOS_mos_bak,DNSMOS_mos_ovr
p105_sentences_21_regular,WF_p105_sentences_21_regular_fold10_83502-0-0-12_SNR0dB.wav,16000,1.1109026670455933,1.0154749155044556,0.44971951842308044,2.5312843322753906,3.5852821409223736,2.022621899599319,2.290157570436517
