clean_file,enhanced_file,sampling_rate,PESQ,SI_SDR,STOI,DNSMOS_p808_mos,DNSMOS_mos_sig,DNSMOS_mos_bak,DNSMOS_mos_ovr
p101_interjection_greetings,WF_p101_interjection_greetings_fold10_103438-5-0-0_SNR0dB.wav,16000,1.0890685319900513,5.746201515197754,0.788564920425415,2.2399185498555503,3.9687548468263323,1.6118291424450841,2.01775296081871
