clean_file,enhanced_file,sampling_rate,PESQ,SI_SDR,STOI,DNSMOS_p808_mos,DNSMOS_mos_sig,DNSMOS_mos_bak,DNSMOS_mos_ovr
p104_emo_fear_freeform,WF_p104_emo_fear_freeform_fold10_189982-0-0-42_SNR0dB.wav,16000,1.2408523559570312,6.127260208129883,0.6774621605873108,2.66561222076416,2.3594054058748375,2.15797734188284,1.7888315826658667
