clean_file,enhanced_file,sampling_rate,PESQ,SI_SDR,STOI,DNSMOS_p808_mos,DNSMOS_mos_sig,DNSMOS_mos_bak,DNSMOS_mos_ovr
p102_rainbow_02_fast,WF_p102_rainbow_02_fast_fold10_159742-8-0-3_SNR0dB.wav,16000,1.1383640766143799,0.2536068558692932,0.7677100896835327,2.559999942779541,3.414016507727248,2.077634717020406,2.3190733311003973
