clean_file,enhanced_file,sampling_rate,PESQ,SI_SDR,STOI,DNSMOS_p808_mos,DNSMOS_mos_sig,DNSMOS_mos_bak,DNSMOS_mos_ovr
p101_rainbow_01_whisper,WF_p101_rainbow_01_whisper_fold10_115241-9-0-9_SNR0dB.wav,16000,1.0432957410812378,-3.1299972534179688,0.6070167422294617,2.3573684692382812,2.5326177587635166,1.9662874902790022,1.7769111371570423
