clean_file,enhanced_file,sampling_rate,PESQ,SI_SDR,STOI,DNSMOS_p808_mos,DNSMOS_mos_sig,DNSMOS_mos_bak,DNSMOS_mos_ovr
p103_emo_amusement_freeform,WF_p103_emo_amusement_freeform_fold10_165166-8-0-8_SNR0dB.wav,16000,1.1866401433944702,0.3375920355319977,0.7567432522773743,2.6426522731781006,4.147280547648877,1.7244099400060644,2.208944072588995
