clean_file,enhanced_file,sampling_rate,PESQ,SI_SDR,STOI,DNSMOS_p808_mos,DNSMOS_mos_sig,DNSMOS_mos_bak,DNSMOS_mos_ovr
p104_emo_contentment_freeform,WF_p104_emo_contentment_freeform_fold10_189982-0-0-17_SNR0dB.wav,16000,1.1190061569213867,2.63957142829895,0.6654001474380493,2.5046355724334717,2.482845084680701,2.3408148560188833,1.7943916066674084
