clean_file,enhanced_file,sampling_rate,PESQ,SI_SDR,STOI,DNSMOS_p808_mos,DNSMOS_mos_sig,DNSMOS_mos_bak,DNSMOS_mos_ovr
p105_rainbow_02_regular,WF_p105_rainbow_02_regular_fold10_73524-0-0-92_SNR0dB.wav,16000,1.277523398399353,2.8219404220581055,0.6582376956939697,2.62381911277771,1.931474829438691,3.0296900581057558,1.639420183003968
