clean_file,enhanced_file,sampling_rate,PESQ,SI_SDR,STOI,DNSMOS_p808_mos,DNSMOS_mos_sig,DNSMOS_mos_bak,DNSMOS_mos_ovr
p101_sentences_02_highpitch,WF_p101_sentences_02_highpitch_fold10_136558-9-0-1_SNR0dB.wav,16000,1.1024984121322632,1.454819917678833,0.6387147903442383,2.4092283248901367,3.1839950371700287,1.5692248589780353,1.8414325332860602
