clean_file,enhanced_file,sampling_rate,PESQ,SI_SDR,STOI,DNSMOS_p808_mos,DNSMOS_mos_sig,DNSMOS_mos_bak,DNSMOS_mos_ovr
p101_sentences_02_slow,WF_p101_sentences_02_slow_fold10_136558-9-1-26_SNR0dB.wav,16000,1.0993250608444214,-2.0522968769073486,0.4665205478668213,2.221267053059169,2.1374143440392634,2.3701173132895126,1.6805879841675058
