clean_file,enhanced_file,sampling_rate,PESQ,SI_SDR,STOI,DNSMOS_p808_mos,DNSMOS_mos_sig,DNSMOS_mos_bak,DNSMOS_mos_ovr
p105_emo_pain_sentences,WF_p105_emo_pain_sentences_fold10_71312-3-0-2_SNR0dB.wav,16000,1.2766934633255005,0.06644829362630844,0.5893597602844238,2.810613473256429,3.7685831697144603,1.9590747928330863,2.3748776650103753
