clean_file,enhanced_file,sampling_rate,PESQ,SI_SDR,STOI,DNSMOS_p808_mos,DNSMOS_mos_sig,DNSMOS_mos_bak,DNSMOS_mos_ovr
p102_vegetative_eating,WF_p102_vegetative_eating_fold10_165166-8-0-0_SNR0dB.wav,16000,1.3330241441726685,-1.5339637994766235,0.5873735547065735,2.937552332878113,1.6057888785559005,2.176649458975408,1.3863114576838775
