clean_file,enhanced_file,sampling_rate,PESQ,SI_SDR,STOI,DNSMOS_p808_mos,DNSMOS_mos_sig,DNSMOS_mos_bak,DNSMOS_mos_ovr
p104_sentences_19_regular,WF_p104_sentences_19_regular_fold10_30344-3-0-1_SNR0dB.wav,16000,1.3442397117614746,-0.261293888092041,0.7251416444778442,3.5961494048436484,3.9506645877031876,2.650704297143191,2.838267721586082
