clean_file,enhanced_file,sampling_rate,PESQ,SI_SDR,STOI,DNSMOS_p808_mos,DNSMOS_mos_sig,DNSMOS_mos_bak,DNSMOS_mos_ovr
p101_sentences_02_regular,WF_p101_sentences_02_regular_fold10_136558-9-1-21_SNR0dB.wav,16000,1.1683074235916138,0.3713682293891907,0.6634164452552795,2.3367521166801453,3.2166615398470886,1.73320465766977,1.9066516745859832
