clean_file,enhanced_file,sampling_rate,PESQ,SI_SDR,STOI,DNSMOS_p808_mos,DNSMOS_mos_sig,DNSMOS_mos_bak,DNSMOS_mos_ovr
p105_emo_extasy_freeform,WF_p105_emo_extasy_freeform_fold10_59513-3-0-0_SNR0dB.wav,16000,1.7164368629455566,0.028551870957016945,0.7106977105140686,3.27199117342631,3.4750141672697565,2.2879293143322426,2.268184772016912
