clean_file,enhanced_file,sampling_rate,PESQ,SI_SDR,STOI,DNSMOS_p808_mos,DNSMOS_mos_sig,DNSMOS_mos_bak,DNSMOS_mos_ovr
p103_sentences_01_regular,WF_p103_sentences_01_regular_fold10_181624-4-6-0_SNR0dB.wav,16000,1.0797855854034424,-0.18235626816749573,0.6062394380569458,2.8083711692265103,4.507714040686093,2.8726664046107437,3.190942024786225
