clean_file,enhanced_file,sampling_rate,PESQ,SI_SDR,STOI,DNSMOS_p808_mos,DNSMOS_mos_sig,DNSMOS_mos_bak,DNSMOS_mos_ovr
p105_rainbow_05_lowpitch,WF_p105_rainbow_05_lowpitch_fold10_74364-8-1-24_SNR0dB.wav,16000,1.1215366125106812,-1.098559856414795,0.817415714263916,2.936793088912964,3.3126762493193027,2.1644206783932836,2.2705548971996774
