clean_file,enhanced_file,sampling_rate,PESQ,SI_SDR,STOI,DNSMOS_p808_mos,DNSMOS_mos_sig,DNSMOS_mos_bak,DNSMOS_mos_ovr
p103_sentences_22_regular,WF_p103_sentences_22_regular_fold10_188813-7-10-1_SNR0dB.wav,16000,1.1050370931625366,2.866377830505371,0.5914414525032043,2.3667506149836948,4.019519341377107,1.8653137445625698,2.4209494063331043
