clean_file,enhanced_file,sampling_rate,PESQ,SI_SDR,STOI,DNSMOS_p808_mos,DNSMOS_mos_sig,DNSMOS_mos_bak,DNSMOS_mos_ovr
p102_rainbow_02_regular,WF_p102_rainbow_02_regular_fold10_159742-8-0-7_SNR0dB.wav,16000,1.222101092338562,-0.11149734258651733,0.8138954043388367,3.8005193869272866,4.103622797604366,1.9438695038575198,2.495741537940233
