clean_file,enhanced_file,sampling_rate,PESQ,SI_SDR,STOI,DNSMOS_p808_mos,DNSMOS_mos_sig,DNSMOS_mos_bak,DNSMOS_mos_ovr
p104_emo_desire_sentences,WF_p104_emo_desire_sentences_fold10_189982-0-0-23_SNR0dB.wav,16000,1.1976327896118164,5.492503643035889,0.6874510645866394,2.498020052909851,2.595357539600122,2.105880955489869,1.832277698337894
