clean_file,enhanced_file,sampling_rate,PESQ,SI_SDR,STOI,DNSMOS_p808_mos,DNSMOS_mos_sig,DNSMOS_mos_bak,DNSMOS_mos_ovr
p104_emo_interest_freeform,WF_p104_emo_interest_freeform_fold10_189982-0-0-6_SNR0dB.wav,16000,1.0703251361846924,2.711355686187744,0.663003146648407,2.556498130162557,1.7831938917611303,2.2433829988851155,1.5411352772951694
