clean_file,enhanced_file,sampling_rate,PESQ,SI_SDR,STOI,DNSMOS_p808_mos,DNSMOS_mos_sig,DNSMOS_mos_bak,DNSMOS_mos_ovr
p101_rainbow_05_lowpitch,WF_p101_rainbow_05_lowpitch_fold10_118278-4-0-6_SNR0dB.wav,16000,1.1146595478057861,1.9188461303710938,0.628048300743103,2.127381165822347,2.3497434701371067,2.2806874238392307,1.7602560566732564
