clean_file,enhanced_file,sampling_rate,PESQ,SI_SDR,STOI,DNSMOS_p808_mos,DNSMOS_mos_sig,DNSMOS_mos_bak,DNSMOS_mos_ovr
p103_rainbow_06_highpitch,WF_p103_rainbow_06_highpitch_fold10_180127-4-0-15_SNR0dB.wav,16000,1.0956170558929443,6.479334831237793,0.5957602858543396,2.561331590016683,2.3687370276193054,2.4660224570414284,1.9430592356910195
