clean_file,enhanced_file,sampling_rate,PESQ,SI_SDR,STOI,DNSMOS_p808_mos,DNSMOS_mos_sig,DNSMOS_mos_bak,DNSMOS_mos_ovr
p105_sentences_01_lowpitch,WF_p105_sentences_01_lowpitch_fold10_77927-3-0-2_SNR0dB.wav,16000,1.29636549949646,-0.18796077370643616,0.6563218235969543,2.5368995666503906,3.9294463577011354,1.9017974385271026,2.3238869042901227
