clean_file,enhanced_file,sampling_rate,PESQ,SI_SDR,STOI,DNSMOS_p808_mos,DNSMOS_mos_sig,DNSMOS_mos_bak,DNSMOS_mos_ovr
p104_sentences_08_slow,WF_p104_sentences_08_slow_fold10_28808-1-0-3_SNR0dB.wav,16000,1.1140906810760498,1.5054640769958496,0.6138301491737366,2.3580048765454973,3.466230816254272,2.0734941876332025,2.273878663685483
