clean_file,enhanced_file,sampling_rate,PESQ,SI_SDR,STOI,DNSMOS_p808_mos,DNSMOS_mos_sig,DNSMOS_mos_bak,DNSMOS_mos_ovr
p102_emo_distress_freeform,WF_p102_emo_distress_freeform_fold10_155280-2-0-5_SNR0dB.wav,16000,1.2759153842926025,2.2834577560424805,0.8217682838439941,2.6129772663116455,3.1084276527784516,1.76541619765344,1.805991397946811
