clean_file,enhanced_file,sampling_rate,PESQ,SI_SDR,STOI,DNSMOS_p808_mos,DNSMOS_mos_sig,DNSMOS_mos_bak,DNSMOS_mos_ovr
p103_interjection_agreement,WF_p103_interjection_agreement_fold10_171478-9-0-58_SNR0dB.wav,16000,1.5685386657714844,2.4026756286621094,0.5317347645759583,2.662510429109846,2.9173757777793563,2.3978353989101167,2.2033800229019893
