clean_file,enhanced_file,sampling_rate,PESQ,SI_SDR,STOI,DNSMOS_p808_mos,DNSMOS_mos_sig,DNSMOS_mos_bak,DNSMOS_mos_ovr
p102_rainbow_07_fast,WF_p102_rainbow_07_fast_fold10_162134-7-14-2_SNR0dB.wav,16000,1.0332982540130615,0.9643498063087463,0.6393386125564575,2.1296603679656982,3.0996690048735656,1.7010340856650028,1.681502826899099
