clean_file,enhanced_file,sampling_rate,PESQ,SI_SDR,STOI,DNSMOS_p808_mos,DNSMOS_mos_sig,DNSMOS_mos_bak,DNSMOS_mos_ovr
p102_emo_amazement_freeform,WF_p102_emo_amazement_freeform_fold10_155241-9-0-56_SNR0dB.wav,16000,1.0933973789215088,1.2902112007141113,0.6799799203872681,2.458278715610504,1.9737733744613246,2.007445924230579,1.5199207986426995
