clean_file,enhanced_file,sampling_rate,PESQ,SI_SDR,STOI,DNSMOS_p808_mos,DNSMOS_mos_sig,DNSMOS_mos_bak,DNSMOS_mos_ovr
p101_melodic_happy_birthday,WF_p101_melodic_happy_birthday_fold10_103438-5-0-1_SNR0dB.wav,16000,1.093758463859558,4.34177303314209,0.4941622316837311,2.289224704106649,3.7192869857673894,1.465094461711529,1.787088252351971
