clean_file,enhanced_file,sampling_rate,PESQ,SI_SDR,STOI,DNSMOS_p808_mos,DNSMOS_mos_sig,DNSMOS_mos_bak,DNSMOS_mos_ovr
p102_rainbow_04_whisper,WF_p102_rainbow_04_whisper_fold10_162134-7-11-5_SNR0dB.wav,16000,1.028149962425232,1.843613862991333,0.4225616157054901,2.2160675525665283,1.1573018028969715,1.6735231388278031,0.9468392697869064
