clean_file,enhanced_file,sampling_rate,PESQ,SI_SDR,STOI,DNSMOS_p808_mos,DNSMOS_mos_sig,DNSMOS_mos_bak,DNSMOS_mos_ovr
p105_rainbow_06_slow,WF_p105_rainbow_06_slow_fold10_74364-8-1-8_SNR0dB.wav,16000,1.0644067525863647,-2.2545907497406006,0.6743936538696289,2.6999683380126953,2.438119642079719,2.5239389925843816,1.8563246068872066
