clean_file,enhanced_file,sampling_rate,PESQ,SI_SDR,STOI,DNSMOS_p808_mos,DNSMOS_mos_sig,DNSMOS_mos_bak,DNSMOS_mos_ovr
p105_rainbow_08_regular,WF_p105_rainbow_08_regular_fold10_77901-9-0-3_SNR0dB.wav,16000,1.0532037019729614,0.23171508312225342,0.5319762825965881,2.2155285562787737,2.795355172817927,2.0916189990352465,2.0314287149637953
