clean_file,enhanced_file,sampling_rate,PESQ,SI_SDR,STOI,DNSMOS_p808_mos,DNSMOS_mos_sig,DNSMOS_mos_bak,DNSMOS_mos_ovr
p101_nonverbal_yelling,WF_p101_nonverbal_yelling_fold10_106014-5-0-4_SNR0dB.wav,16000,1.1186009645462036,7.207846641540527,0.5881743431091309,2.1016860008239746,3.0345248271362895,1.5156643003717774,1.7041844941479312
