clean_file,enhanced_file,sampling_rate,PESQ,SI_SDR,STOI,DNSMOS_p808_mos,DNSMOS_mos_sig,DNSMOS_mos_bak,DNSMOS_mos_ovr
p102_emo_adoration_sentences,WF_p102_emo_adoration_sentences_fold10_155241-9-0-50_SNR0dB.wav,16000,1.1141029596328735,0.8056989312171936,0.6826972365379333,2.6448564529418945,2.5990795723888716,1.9793531465696275,1.6841459291530794
