clean_file,enhanced_file,sampling_rate,PESQ,SI_SDR,STOI,DNSMOS_p808_mos,DNSMOS_mos_sig,DNSMOS_mos_bak,DNSMOS_mos_ovr
p103_rainbow_08_whisper,WF_p103_rainbow_08_whisper_fold10_181624-4-10-0_SNR0dB.wav,16000,1.0383055210113525,-2.699347734451294,0.4464190900325775,2.704988956451416,2.7166565986649167,2.350750410581491,2.027312920909279
