clean_file,enhanced_file,sampling_rate,PESQ,SI_SDR,STOI,DNSMOS_p808_mos,DNSMOS_mos_sig,DNSMOS_mos_bak,DNSMOS_mos_ovr
p103_rainbow_07_whisper,WF_p103_rainbow_07_whisper_fold10_180127-4-0-6_SNR0dB.wav,16000,1.044264793395996,4.2037811279296875,0.3633216917514801,2.77928672518049,2.0675453817021974,3.455589158179987,1.6915617963007694
