clean_file,enhanced_file,sampling_rate,PESQ,SI_SDR,STOI,DNSMOS_p808_mos,DNSMOS_mos_sig,DNSMOS_mos_bak,DNSMOS_mos_ovr
p103_rainbow_05_whisper,WF_p103_rainbow_05_whisper_fold10_180127-4-0-13_SNR0dB.wav,16000,1.0764375925064087,2.709571361541748,0.3795560896396637,2.9837946551186696,1.9952400592127957,3.5412380601122146,1.6798846312553786
