clean_file,enhanced_file,sampling_rate,PESQ,SI_SDR,STOI,DNSMOS_p808_mos,DNSMOS_mos_sig,DNSMOS_mos_bak,DNSMOS_mos_ovr
p104_emo_adoration_sentences,WF_p104_emo_adoration_sentences_fold10_188813-7-4-0_SNR0dB.wav,16000,1.0556385517120361,0.739770233631134,0.6688351035118103,2.5245174884796144,4.217735467955373,1.6776016592345457,2.2565243151607426
