clean_file,enhanced_file,sampling_rate,PESQ,SI_SDR,STOI,DNSMOS_p808_mos,DNSMOS_mos_sig,DNSMOS_mos_bak,DNSMOS_mos_ovr
p102_emo_amusement_freeform,WF_p102_emo_amusement_freeform_fold10_155241-9-0-79_SNR0dB.wav,16000,1.094074010848999,1.6735570430755615,0.7237926125526428,2.3343568325042723,2.896994977885636,1.8251263914946194,1.7640471367101103
