clean_file,enhanced_file,sampling_rate,PESQ,SI_SDR,STOI,DNSMOS_p808_mos,DNSMOS_mos_sig,DNSMOS_mos_bak,DNSMOS_mos_ovr
p105_sentences_23_regular,WF_p105_sentences_23_regular_fold10_83502-0-0-2_SNR0dB.wav,16000,1.0885719060897827,1.629666805267334,0.45775043964385986,2.782003504889352,3.511942022115083,2.2708067598490254,2.4059976728712984
