clean_file,enhanced_file,sampling_rate,PESQ,SI_SDR,STOI,DNSMOS_p808_mos,DNSMOS_mos_sig,DNSMOS_mos_bak,DNSMOS_mos_ovr
p105_sentences_16_regular,WF_p105_sentences_16_regular_fold10_83195-9-0-7_SNR0dB.wav,16000,1.197946548461914,-0.23683002591133118,0.42275553941726685,2.3514901229313443,2.9509092391901066,1.9273676125417953,1.9563122371737702
