clean_file,enhanced_file,sampling_rate,PESQ,SI_SDR,STOI,DNSMOS_p808_mos,DNSMOS_mos_sig,DNSMOS_mos_bak,DNSMOS_mos_ovr
p102_nonverbal_laughter_open,WF_p102_nonverbal_laughter_open_fold10_157800-6-0-0_SNR0dB.wav,16000,1.211756944656372,0.45074406266212463,0.8122258186340332,2.5300371646881104,3.603431614011294,2.710273462949666,2.682056589222931
