clean_file,enhanced_file,sampling_rate,PESQ,SI_SDR,STOI,DNSMOS_p808_mos,DNSMOS_mos_sig,DNSMOS_mos_bak,DNSMOS_mos_ovr
p102_rainbow_06_fast,WF_p102_rainbow_06_fast_fold10_162134-7-13-0_SNR0dB.wav,16000,1.0403118133544922,1.630584478378296,0.6596051454544067,2.1720170974731445,3.3761112058149885,1.6130578748879936,1.8311760158599955
