clean_file,enhanced_file,sampling_rate,PESQ,SI_SDR,STOI,DNSMOS_p808_mos,DNSMOS_mos_sig,DNSMOS_mos_bak,DNSMOS_mos_ovr
p101_sentences_19_regular,WF_p101_sentences_19_regular_fold10_14470-2-0-4_SNR0dB.wav,16000,1.1314594745635986,-0.35452035069465637,0.6097373366355896,2.380728006362915,3.564244927541934,1.8217159834247116,2.195843608909351
