clean_file,enhanced_file,sampling_rate,PESQ,SI_SDR,STOI,DNSMOS_p808_mos,DNSMOS_mos_sig,DNSMOS_mos_bak,DNSMOS_mos_ovr
p102_rainbow_03_loud,WF_p102_rainbow_03_loud_fold10_162134-7-0-2_SNR0dB.wav,16000,1.0448734760284424,3.1943411827087402,0.7129044532775879,2.1727681954701743,3.575165228666927,1.4869041650004868,1.579460801495788
