clean_file,enhanced_file,sampling_rate,PESQ,SI_SDR,STOI,DNSMOS_p808_mos,DNSMOS_mos_sig,DNSMOS_mos_bak,DNSMOS_mos_ovr
p101_sentences_01_highpitch,WF_p101_sentences_01_highpitch_fold10_129750-2-0-34_SNR0dB.wav,16000,1.117384433746338,0.543324887752533,0.6461067199707031,2.4586377143859863,2.9670650738165074,1.6631925234154294,1.7000135626570354
