clean_file,enhanced_file,sampling_rate,PESQ,SI_SDR,STOI,DNSMOS_p808_mos,DNSMOS_mos_sig,DNSMOS_mos_bak,DNSMOS_mos_ovr
p105_rainbow_05_highpitch,WF_p105_rainbow_05_highpitch_fold10_74364-8-1-22_SNR0dB.wav,16000,1.0340911149978638,-0.6361598968505859,0.7575246691703796,2.8713141850062778,3.6542006274522483,1.8812160776330253,2.092413968879634
