clean_file,enhanced_file,sampling_rate,PESQ,SI_SDR,STOI,DNSMOS_p808_mos,DNSMOS_mos_sig,DNSMOS_mos_bak,DNSMOS_mos_ovr
p105_rainbow_02_slow,WF_p105_rainbow_02_slow_fold10_73524-0-0-98_SNR0dB.wav,16000,1.168073296546936,1.369357705116272,0.6110308170318604,2.661227055958339,1.9801357219597213,2.8251975155719617,1.6037909294419352
