clean_file,enhanced_file,sampling_rate,PESQ,SI_SDR,STOI,DNSMOS_p808_mos,DNSMOS_mos_sig,DNSMOS_mos_bak,DNSMOS_mos_ovr
p101_sentences_12_highpitch,WF_p101_sentences_12_highpitch_fold10_14468-3-0-2_SNR0dB.wav,16000,1.13967764377594,0.6754136085510254,0.6403997540473938,2.294782876968384,3.269669716471908,1.885779580230627,1.9222505290796137
