clean_file,enhanced_file,sampling_rate,PESQ,SI_SDR,STOI,DNSMOS_p808_mos,DNSMOS_mos_sig,DNSMOS_mos_bak,DNSMOS_mos_ovr
p101_rainbow_03_highpitch,WF_p101_rainbow_03_highpitch_fold10_117889-9-0-12_SNR0dB.wav,16000,1.1211940050125122,0.5923522114753723,0.6789041757583618,2.3767082691192627,2.9586887319964825,1.5162406037247855,1.486867910825465
