clean_file,enhanced_file,sampling_rate,PESQ,SI_SDR,STOI,DNSMOS_p808_mos,DNSMOS_mos_sig,DNSMOS_mos_bak,DNSMOS_mos_ovr
p101_emo_neutral_sentences,WF_p101_emo_neutral_sentences_fold10_102857-5-0-21_SNR0dB.wav,16000,1.350388765335083,7.019223690032959,0.7815779447555542,2.5187902450561523,3.701104039774373,2.57693444428919,2.5995089105808717
