clean_file,enhanced_file,sampling_rate,PESQ,SI_SDR,STOI,DNSMOS_p808_mos,DNSMOS_mos_sig,DNSMOS_mos_bak,DNSMOS_mos_ovr
p105_sentences_12_highpitch,WF_p105_sentences_12_highpitch_fold10_83195-9-0-14_SNR0dB.wav,16000,1.0730578899383545,2.2882165908813477,0.3645996153354645,2.2263144084385464,1.7433185460868403,1.966255045365162,1.3650729475113101
