clean_file,enhanced_file,sampling_rate,PESQ,SI_SDR,STOI,DNSMOS_p808_mos,DNSMOS_mos_sig,DNSMOS_mos_bak,DNSMOS_mos_ovr
p102_emo_adoration_freeform,WF_p102_emo_adoration_freeform_fold10_147491-9-2-6_SNR0dB.wav,16000,1.1782252788543701,3.3134589195251465,0.6094498634338379,2.6884334683418274,2.733220703699027,2.4331247584711155,2.0718830338527203
