clean_file,enhanced_file,sampling_rate,PESQ,SI_SDR,STOI,DNSMOS_p808_mos,DNSMOS_mos_sig,DNSMOS_mos_bak,DNSMOS_mos_ovr
p104_rainbow_05_highpitch,WF_p104_rainbow_05_highpitch_fold10_205013-6-0-0_SNR0dB.wav,16000,1.1355750560760498,0.23905940353870392,0.7689977884292603,2.9091671307881675,3.47061884360145,2.024890953704171,2.178664526808658
