clean_file,enhanced_file,sampling_rate,PESQ,SI_SDR,STOI,DNSMOS_p808_mos,DNSMOS_mos_sig,DNSMOS_mos_bak,DNSMOS_mos_ovr
p103_emo_amusement_sentences,WF_p103_emo_amusement_sentences_fold10_165640-4-0-0_SNR0dB.wav,16000,1.1452659368515015,0.2055048644542694,0.560341477394104,2.8406500021616616,4.024862910730384,1.5914993988563613,1.9814802157600397
