clean_file,enhanced_file,sampling_rate,PESQ,SI_SDR,STOI,DNSMOS_p808_mos,DNSMOS_mos_sig,DNSMOS_mos_bak,DNSMOS_mos_ovr
p105_rainbow_03_fast,WF_p105_rainbow_03_fast_fold10_74364-8-1-0_SNR0dB.wav,16000,1.0693211555480957,-1.0283564329147339,0.6774613261222839,2.628762364387512,2.907633921318774,2.0435822368867,1.9604033546441635
