clean_file,enhanced_file,sampling_rate,PESQ,SI_SDR,STOI,DNSMOS_p808_mos,DNSMOS_mos_sig,DNSMOS_mos_bak,DNSMOS_mos_ovr
p103_emo_embarassment_sentences,WF_p103_emo_embarassment_sentences_fold10_167464-0-0-22_SNR0dB.wav,16000,1.2749037742614746,2.677936315536499,0.6947385668754578,2.8416966438293456,2.612585932034457,2.3892237242940055,1.9684624601782452
