clean_file,enhanced_file,sampling_rate,PESQ,SI_SDR,STOI,DNSMOS_p808_mos,DNSMOS_mos_sig,DNSMOS_mos_bak,DNSMOS_mos_ovr
p101_rainbow_02_fast,WF_p101_rainbow_02_fast_fold10_115418-9-0-11_SNR0dB.wav,16000,1.1566410064697266,0.21439093351364136,0.683175265789032,2.5752546787261963,3.896316444917593,1.7635589623804964,2.2628996985855796
