clean_file,enhanced_file,sampling_rate,PESQ,SI_SDR,STOI,DNSMOS_p808_mos,DNSMOS_mos_sig,DNSMOS_mos_bak,DNSMOS_mos_ovr
p103_rainbow_07_regular,WF_p103_rainbow_07_regular_fold10_180127-4-0-5_SNR0dB.wav,16000,1.1441397666931152,5.01206111907959,0.7053162455558777,2.9997469697679793,2.6390215517539546,2.5362305468391577,1.9919513279777896
