clean_file,enhanced_file,sampling_rate,PESQ,SI_SDR,STOI,DNSMOS_p808_mos,DNSMOS_mos_sig,DNSMOS_mos_bak,DNSMOS_mos_ovr
p103_emo_pride_freeform,WF_p103_emo_pride_freeform_fold10_167750-4-3-0_SNR0dB.wav,16000,1.0646220445632935,-0.033323947340250015,0.6600894331932068,2.683674192428589,4.080288060073201,1.792598944241226,2.1471964624262596
