clean_file,enhanced_file,sampling_rate,PESQ,SI_SDR,STOI,DNSMOS_p808_mos,DNSMOS_mos_sig,DNSMOS_mos_bak,DNSMOS_mos_ovr
p101_rainbow_01_lowpitch,WF_p101_rainbow_01_lowpitch_fold10_115241-9-0-20_SNR0dB.wav,16000,1.079358458518982,0.1711152195930481,0.6018957495689392,2.4773473739624023,3.035215467411159,2.168174994150523,2.1694056029320277
