clean_file,enhanced_file,sampling_rate,PESQ,SI_SDR,STOI,DNSMOS_p808_mos,DNSMOS_mos_sig,DNSMOS_mos_bak,DNSMOS_mos_ovr
p102_melodic_happy_birthday,WF_p102_melodic_happy_birthday_fold10_157207-6-6-0_SNR0dB.wav,16000,1.1895840167999268,1.173254132270813,0.7565045356750488,2.709146499633789,3.973531683926484,1.9245295249935157,2.4026271504343515
