clean_file,enhanced_file,sampling_rate,PESQ,SI_SDR,STOI,DNSMOS_p808_mos,DNSMOS_mos_sig,DNSMOS_mos_bak,DNSMOS_mos_ovr
p101_rainbow_05_whisper,WF_p101_rainbow_05_whisper_fold10_118278-4-0-9_SNR0dB.wav,16000,1.0890007019042969,1.203336477279663,0.5833549499511719,2.2469231128692626,2.4275035624147,2.3031030079001074,1.749423935371469
