clean_file,enhanced_file,sampling_rate,PESQ,SI_SDR,STOI,DNSMOS_p808_mos,DNSMOS_mos_sig,DNSMOS_mos_bak,DNSMOS_mos_ovr
p102_rainbow_08_regular,WF_p102_rainbow_08_regular_fold10_162134-7-17-3_SNR0dB.wav,16000,1.034961462020874,1.8685418367385864,0.6429480910301208,2.07187751361302,3.3003584352997963,1.7017773420932667,1.888343439574556
