clean_file,enhanced_file,sampling_rate,PESQ,SI_SDR,STOI,DNSMOS_p808_mos,DNSMOS_mos_sig,DNSMOS_mos_bak,DNSMOS_mos_ovr
p106_rainbow_01_highpitch,WF_p106_rainbow_01_highpitch_fold10_99192-4-0-48_SNR0dB.wav,16000,1.0466848611831665,4.597014427185059,0.542514443397522,2.3717325925827026,3.146107415505007,1.7257353766640091,1.7668546973456558
