clean_file,enhanced_file,sampling_rate,PESQ,SI_SDR,STOI,DNSMOS_p808_mos,DNSMOS_mos_sig,DNSMOS_mos_bak,DNSMOS_mos_ovr
p102_sentences_21_regular,WF_p102_sentences_21_regular_fold10_164377-9-1-36_SNR0dB.wav,16000,1.1407912969589233,1.2618582248687744,0.6240025758743286,2.690372586250305,3.118788092839159,2.0113976337786466,1.9943167497276644
