clean_file,enhanced_file,sampling_rate,PESQ,SI_SDR,STOI,DNSMOS_p808_mos,DNSMOS_mos_sig,DNSMOS_mos_bak,DNSMOS_mos_ovr
p101_rainbow_08_lowpitch,WF_p101_rainbow_08_lowpitch_fold10_128470-3-0-0_SNR0dB.wav,16000,1.4620248079299927,-0.13803675770759583,0.7427626252174377,3.07193010193961,4.364049513903284,1.8843344504888067,2.542285568785998
