clean_file,enhanced_file,sampling_rate,PESQ,SI_SDR,STOI,DNSMOS_p808_mos,DNSMOS_mos_sig,DNSMOS_mos_bak,DNSMOS_mos_ovr
p103_sentences_01_fast,WF_p103_sentences_01_fast_fold10_181624-4-2-0_SNR0dB.wav,16000,1.0701054334640503,6.066623687744141,0.8253217339515686,2.3621699810028076,3.9953328420673397,1.8298652179282804,2.4113271381857113
