clean_file,enhanced_file,sampling_rate,PESQ,SI_SDR,STOI,DNSMOS_p808_mos,DNSMOS_mos_sig,DNSMOS_mos_bak,DNSMOS_mos_ovr
p101_rainbow_05_slow,WF_p101_rainbow_05_slow_fold10_118278-4-0-8_SNR0dB.wav,16000,1.1110460758209229,1.4717352390289307,0.5704814791679382,2.213458606175014,2.1275960944782937,2.3390546463141257,1.5606128251880498
