clean_file,enhanced_file,sampling_rate,PESQ,SI_SDR,STOI,DNSMOS_p808_mos,DNSMOS_mos_sig,DNSMOS_mos_bak,DNSMOS_mos_ovr
p102_sentences_07_slow,WF_p102_sentences_07_slow_fold10_162134-7-9-4_SNR0dB.wav,16000,1.0545884370803833,2.4566075801849365,0.6175560355186462,2.082168936729431,3.0384246001841286,1.6295703219386206,1.7063242658470053
