clean_file,enhanced_file,sampling_rate,PESQ,SI_SDR,STOI,DNSMOS_p808_mos,DNSMOS_mos_sig,DNSMOS_mos_bak,DNSMOS_mos_ovr
p105_emo_desire_sentences,WF_p105_emo_desire_sentences_fold10_41306-3-0-13_SNR0dB.wav,16000,1.183931827545166,1.8041026592254639,0.5535947680473328,2.9368032217025757,3.2677591387702694,2.814234072650353,2.4215272853280276
