clean_file,enhanced_file,sampling_rate,PESQ,SI_SDR,STOI,DNSMOS_p808_mos,DNSMOS_mos_sig,DNSMOS_mos_bak,DNSMOS_mos_ovr
p105_rainbow_07_lowpitch,WF_p105_rainbow_07_lowpitch_fold10_74922-4-0-3_SNR0dB.wav,16000,1.0676238536834717,4.363543510437012,0.658704936504364,2.3567308698381697,4.074156974695048,2.0266593307112455,2.53405980090029
