clean_file,enhanced_file,sampling_rate,PESQ,SI_SDR,STOI,DNSMOS_p808_mos,DNSMOS_mos_sig,DNSMOS_mos_bak,DNSMOS_mos_ovr
p104_emo_confusion_freeform,WF_p104_emo_confusion_freeform_fold10_189982-0-0-13_SNR0dB.wav,16000,1.1465567350387573,4.293509483337402,0.6940463781356812,2.7744421561559043,2.242517952928418,2.4740191062873094,1.7297376500713668
