clean_file,enhanced_file,sampling_rate,PESQ,SI_SDR,STOI,DNSMOS_p808_mos,DNSMOS_mos_sig,DNSMOS_mos_bak,DNSMOS_mos_ovr
p103_sentences_06_loud,WF_p103_sentences_06_loud_fold10_187863-4-0-1_SNR0dB.wav,16000,1.0674729347229004,0.4337230920791626,0.6159268021583557,2.392024414879935,3.2230789227296333,1.7411716474920287,1.8521536053626377
