clean_file,enhanced_file,sampling_rate,PESQ,SI_SDR,STOI,DNSMOS_p808_mos,DNSMOS_mos_sig,DNSMOS_mos_bak,DNSMOS_mos_ovr
p105_rainbow_02_highpitch,WF_p105_rainbow_02_highpitch_fold10_73524-0-0-73_SNR0dB.wav,16000,1.1406923532485962,3.2671079635620117,0.7116350531578064,2.822935199737549,2.5013326605152653,2.401695124849858,1.848875669917542
