clean_file,enhanced_file,sampling_rate,PESQ,SI_SDR,STOI,DNSMOS_p808_mos,DNSMOS_mos_sig,DNSMOS_mos_bak,DNSMOS_mos_ovr
p106_emo_confusion_freeform,WF_p106_emo_confusion_freeform_fold10_85574-3-0-12_SNR0dB.wav,16000,1.219041347503662,4.753854751586914,0.7129831314086914,2.7049869128635953,3.2920331721282543,2.4506709973908807,2.3351271436121954
