clean_file,enhanced_file,sampling_rate,PESQ,SI_SDR,STOI,DNSMOS_p808_mos,DNSMOS_mos_sig,DNSMOS_mos_bak,DNSMOS_mos_ovr
p102_rainbow_06_highpitch,WF_p102_rainbow_06_highpitch_fold10_162134-7-13-1_SNR0dB.wav,16000,1.0436006784439087,3.0932812690734863,0.613990068435669,2.1299713850021362,2.6326179241549594,1.3085243860127114,1.3135901265458996
