clean_file,enhanced_file,sampling_rate,PESQ,SI_SDR,STOI,DNSMOS_p808_mos,DNSMOS_mos_sig,DNSMOS_mos_bak,DNSMOS_mos_ovr
p106_emo_distress_freeform,WF_p106_emo_distress_freeform_fold10_93567-8-0-10_SNR0dB.wav,16000,1.076025366783142,2.6999926567077637,0.6790431141853333,2.8388270309993198,2.815442438721296,1.9737692474940138,1.777496919405749
