clean_file,enhanced_file,sampling_rate,PESQ,SI_SDR,STOI,DNSMOS_p808_mos,DNSMOS_mos_sig,DNSMOS_mos_bak,DNSMOS_mos_ovr
p101_sentences_09_fast,WF_p101_sentences_09_fast_fold10_141240-5-0-0_SNR0dB.wav,16000,1.2369102239608765,3.045078754425049,0.7957462072372437,2.621150016784668,2.9701805792313625,2.637252693720624,2.189252382391827
