clean_file,enhanced_file,sampling_rate,PESQ,SI_SDR,STOI,DNSMOS_p808_mos,DNSMOS_mos_sig,DNSMOS_mos_bak,DNSMOS_mos_ovr
p105_sentences_01_loud,WF_p105_sentences_01_loud_fold10_77927-3-0-1_SNR0dB.wav,16000,1.2403738498687744,-0.4575796127319336,0.7729512453079224,2.5444219589233397,4.069458076741881,1.7955546726123282,2.282752847071604
