clean_file,enhanced_file,sampling_rate,PESQ,SI_SDR,STOI,DNSMOS_p808_mos,DNSMOS_mos_sig,DNSMOS_mos_bak,DNSMOS_mos_ovr
p101_rainbow_05_loud,WF_p101_rainbow_05_loud_fold10_118278-4-0-5_SNR0dB.wav,16000,1.1204677820205688,2.698754072189331,0.7512724995613098,2.219600200653076,2.8416164503371215,2.115053947905033,1.971019304863624
