clean_file,enhanced_file,sampling_rate,PESQ,SI_SDR,STOI,DNSMOS_p808_mos,DNSMOS_mos_sig,DNSMOS_mos_bak,DNSMOS_mos_ovr
p106_emo_embarassment_sentences,WF_p106_emo_embarassment_sentences_fold10_93567-8-0-13_SNR0dB.wav,16000,1.1056164503097534,3.15327525138855,0.5874802470207214,2.5254019260406495,3.4536994151589817,1.726907196115412,1.8930945654924194
