clean_file,enhanced_file,sampling_rate,PESQ,SI_SDR,STOI,DNSMOS_p808_mos,DNSMOS_mos_sig,DNSMOS_mos_bak,DNSMOS_mos_ovr
p105_sentences_10_fast,WF_p105_sentences_10_fast_fold10_83191-9-0-6_SNR0dB.wav,16000,1.1713825464248657,2.7079854011535645,0.5887681245803833,2.4921698570251465,3.420484116925492,1.6976868561851828,1.9560054951936228
