clean_file,enhanced_file,sampling_rate,PESQ,SI_SDR,STOI,DNSMOS_p808_mos,DNSMOS_mos_sig,DNSMOS_mos_bak,DNSMOS_mos_ovr
p105_rainbow_01_highpitch,WF_p105_rainbow_01_highpitch_fold10_73524-0-0-31_SNR0dB.wav,16000,1.084814429283142,3.5805342197418213,0.7282696962356567,2.5142922401428223,1.999385128689769,2.5291180282650805,1.5575232576816624
