clean_file,enhanced_file,sampling_rate,PESQ,SI_SDR,STOI,DNSMOS_p808_mos,DNSMOS_mos_sig,DNSMOS_mos_bak,DNSMOS_mos_ovr
p103_emo_relief_freeform,WF_p103_emo_relief_freeform_fold10_171478-9-0-26_SNR0dB.wav,16000,1.0652077198028564,0.8674346208572388,0.6418259739875793,2.8836492538452148,2.7835873125098693,2.1156477058791165,1.9517842763089681
