clean_file,enhanced_file,sampling_rate,PESQ,SI_SDR,STOI,DNSMOS_p808_mos,DNSMOS_mos_sig,DNSMOS_mos_bak,DNSMOS_mos_ovr
p104_sentences_02_whisper,WF_p104_sentences_02_whisper_fold10_27070-2-0-8_SNR0dB.wav,16000,1.0918662548065186,1.259836196899414,0.6707307696342468,2.7658135890960693,4.271284980208773,2.4314299446541976,2.805008253696144
