clean_file,enhanced_file,sampling_rate,PESQ,SI_SDR,STOI,DNSMOS_p808_mos,DNSMOS_mos_sig,DNSMOS_mos_bak,DNSMOS_mos_ovr
p102_emo_pain_sentences,WF_p102_emo_pain_sentences_fold10_15544-5-0-19_SNR0dB.wav,16000,1.321173071861267,5.387599468231201,0.8217495083808899,2.4480001585824147,3.657219294052179,1.9619944370516262,2.2074113338423973
