clean_file,enhanced_file,sampling_rate,PESQ,SI_SDR,STOI,DNSMOS_p808_mos,DNSMOS_mos_sig,DNSMOS_mos_bak,DNSMOS_mos_ovr
p102_sentences_22_regular,WF_p102_sentences_22_regular_fold10_164377-9-1-43_SNR0dB.wav,16000,1.1095056533813477,1.829540729522705,0.6229875683784485,2.6515092055002847,2.437067874703597,2.1629662851646154,1.7448635491935132
