clean_file,enhanced_file,sampling_rate,PESQ,SI_SDR,STOI,DNSMOS_p808_mos,DNSMOS_mos_sig,DNSMOS_mos_bak,DNSMOS_mos_ovr
p104_emo_sadness_sentences,WF_p104_emo_sadness_sentences_fold10_196084-2-0-1_SNR0dB.wav,16000,1.3549546003341675,-0.3114147484302521,0.7314496636390686,3.831001043319702,4.003424292778871,1.9616027026193745,2.326982194016364
