clean_file,enhanced_file,sampling_rate,PESQ,SI_SDR,STOI,DNSMOS_p808_mos,DNSMOS_mos_sig,DNSMOS_mos_bak,DNSMOS_mos_ovr
p105_emo_contentment_sentences,WF_p105_emo_contentment_sentences_fold10_39847-5-0-8_SNR0dB.wav,16000,1.192382574081421,2.5366430282592773,0.4212307929992676,2.1521092653274536,1.8041150354198505,1.9527325309803651,1.274514162383255
