clean_file,enhanced_file,sampling_rate,PESQ,SI_SDR,STOI,DNSMOS_p808_mos,DNSMOS_mos_sig,DNSMOS_mos_bak,DNSMOS_mos_ovr
p103_rainbow_04_whisper,WF_p103_rainbow_04_whisper_fold10_179868-1-0-0_SNR0dB.wav,16000,1.067125678062439,-2.7803831100463867,0.3809697926044464,2.8843132087162564,2.58130616562508,2.7890803493746787,1.9765539745455543
