clean_file,enhanced_file,sampling_rate,PESQ,SI_SDR,STOI,DNSMOS_p808_mos,DNSMOS_mos_sig,DNSMOS_mos_bak,DNSMOS_mos_ovr
p105_emo_relief_freeform,WF_p105_emo_relief_freeform_fold10_72220-3-2-3_SNR0dB.wav,16000,1.1383086442947388,-0.4515184760093689,0.46572282910346985,2.6924777030944824,2.9218524494293354,2.0651007686572322,2.045931413472205
