clean_file,enhanced_file,sampling_rate,PESQ,SI_SDR,STOI,DNSMOS_p808_mos,DNSMOS_mos_sig,DNSMOS_mos_bak,DNSMOS_mos_ovr
p106_emo_desire_sentences,WF_p106_emo_desire_sentences_fold10_88121-8-0-3_SNR0dB.wav,16000,1.0715044736862183,0.286592572927475,0.6633816361427307,2.5591254234313965,3.6908372563523266,2.178810925327767,2.4724841533535256
