clean_file,enhanced_file,sampling_rate,PESQ,SI_SDR,STOI,DNSMOS_p808_mos,DNSMOS_mos_sig,DNSMOS_mos_bak,DNSMOS_mos_ovr
p103_rainbow_04_highpitch,WF_p103_rainbow_04_highpitch_fold10_178826-2-0-17_SNR0dB.wav,16000,1.0698490142822266,1.4099329710006714,0.5736612677574158,2.2687152453831265,3.1455942625298934,1.8765192177023773,1.8970782197994989
