clean_file,enhanced_file,sampling_rate,PESQ,SI_SDR,STOI,DNSMOS_p808_mos,DNSMOS_mos_sig,DNSMOS_mos_bak,DNSMOS_mos_ovr
p105_rainbow_04_slow,WF_p105_rainbow_04_slow_fold10_74364-8-1-2_SNR0dB.wav,16000,1.078023076057434,-1.7766706943511963,0.7200480103492737,2.964381694793701,3.4058589961057004,2.509640346591863,2.4196265264758963
