clean_file,enhanced_file,sampling_rate,PESQ,SI_SDR,STOI,DNSMOS_p808_mos,DNSMOS_mos_sig,DNSMOS_mos_bak,DNSMOS_mos_ovr
p105_sentences_06_loud,WF_p105_sentences_06_loud_fold10_83191-9-0-11_SNR0dB.wav,16000,1.2471239566802979,2.3350889682769775,0.6926673650741577,2.821935381208147,4.150454856021983,1.844498426268713,2.490706869251855
