clean_file,enhanced_file,sampling_rate,PESQ,SI_SDR,STOI,DNSMOS_p808_mos,DNSMOS_mos_sig,DNSMOS_mos_bak,DNSMOS_mos_ovr
p102_sentences_16_regular,WF_p102_sentences_16_regular_fold10_164194-2-0-29_SNR0dB.wav,16000,1.1889010667800903,0.440121591091156,0.6357266306877136,3.0011160373687744,3.7706052547817572,2.004264968424221,2.415730661030438
