clean_file,enhanced_file,sampling_rate,PESQ,SI_SDR,STOI,DNSMOS_p808_mos,DNSMOS_mos_sig,DNSMOS_mos_bak,DNSMOS_mos_ovr
p102_emo_anger_sentences,WF_p102_emo_anger_sentences_fold10_155262-2-0-101_SNR0dB.wav,16000,1.1091656684875488,1.1375062465667725,0.6790920495986938,2.5514674186706543,2.799476772459126,1.6646324014753904,1.6055379908584158
