clean_file,enhanced_file,sampling_rate,PESQ,SI_SDR,STOI,DNSMOS_p808_mos,DNSMOS_mos_sig,DNSMOS_mos_bak,DNSMOS_mos_ovr
p101_rainbow_03_whisper,WF_p101_rainbow_03_whisper_fold10_117889-9-0-40_SNR0dB.wav,16000,1.0378639698028564,-0.14650490880012512,0.62123703956604,2.7311103343963623,2.2652032107117868,2.759349673576369,1.829331949433299
