clean_file,enhanced_file,sampling_rate,PESQ,SI_SDR,STOI,DNSMOS_p808_mos,DNSMOS_mos_sig,DNSMOS_mos_bak,DNSMOS_mos_ovr
p103_emo_disgust_freeform,WF_p103_emo_disgust_freeform_fold10_167464-0-0-18_SNR0dB.wav,16000,1.2361562252044678,5.472707271575928,0.6620193719863892,2.516219070979527,2.908040732518058,2.2430497323652356,2.097873863850066
