clean_file,enhanced_file,sampling_rate,PESQ,SI_SDR,STOI,DNSMOS_p808_mos,DNSMOS_mos_sig,DNSMOS_mos_bak,DNSMOS_mos_ovr
p106_emo_disgust_freeform,WF_p106_emo_disgust_freeform_fold10_93567-8-0-0_SNR0dB.wav,16000,1.0786757469177246,2.8383305072784424,0.5887444019317627,2.4207983016967773,1.875874179863618,2.1171651800766917,1.6177891037018959
