clean_file,enhanced_file,sampling_rate,PESQ,SI_SDR,STOI,DNSMOS_p808_mos,DNSMOS_mos_sig,DNSMOS_mos_bak,DNSMOS_mos_ovr
p101_emo_realization_freeform,WF_p101_emo_realization_freeform_fold10_102857-5-0-26_SNR0dB.wav,16000,1.4230287075042725,6.995683193206787,0.7569536566734314,2.534516300473894,3.924309913145319,2.8610099043809387,2.8841231709201764
