clean_file,enhanced_file,sampling_rate,PESQ,SI_SDR,STOI,DNSMOS_p808_mos,DNSMOS_mos_sig,DNSMOS_mos_bak,DNSMOS_mos_ovr
p101_emo_distress_freeform,WF_p101_emo_distress_freeform_fold10_102857-5-0-1_SNR0dB.wav,16000,1.43773353099823,7.65506649017334,0.8075236082077026,2.7941695849100747,4.178968416909317,2.400201303504987,2.8536628557702657
