clean_file,enhanced_file,sampling_rate,PESQ,SI_SDR,STOI,DNSMOS_p808_mos,DNSMOS_mos_sig,DNSMOS_mos_bak,DNSMOS_mos_ovr
p101_emo_disgust_sentences,WF_p101_emo_disgust_sentences_fold10_102857-5-0-0_SNR0dB.wav,16000,1.6321094036102295,8.944385528564453,0.8278113603591919,2.5608321939195906,4.23023285663534,2.4095245213419845,2.8568654381716208
