clean_file,enhanced_file,sampling_rate,PESQ,SI_SDR,STOI,DNSMOS_p808_mos,DNSMOS_mos_sig,DNSMOS_mos_bak,DNSMOS_mos_ovr
p106_interjection_filler,WF_p106_interjection_filler_fold10_99192-4-0-28_SNR0dB.wav,16000,1.1319957971572876,0.6448863744735718,0.5010358095169067,2.4877450466156006,4.007559751164607,2.266593907305886,2.525968521760932
