clean_file,enhanced_file,sampling_rate,PESQ,SI_SDR,STOI,DNSMOS_p808_mos,DNSMOS_mos_sig,DNSMOS_mos_bak,DNSMOS_mos_ovr
p104_rainbow_08_slow,WF_p104_rainbow_08_slow_fold10_25037-6-0-0_SNR0dB.wav,16000,1.0950508117675781,-0.2908341884613037,0.6889276504516602,2.8326564516339983,2.80143466312454,2.0223737966673947,1.7397852114366945
