clean_file,enhanced_file,sampling_rate,PESQ,SI_SDR,STOI,DNSMOS_p808_mos,DNSMOS_mos_sig,DNSMOS_mos_bak,DNSMOS_mos_ovr
p102_interjection_congratulations,WF_p102_interjection_congratulations_fold10_157207-6-3-0_SNR0dB.wav,16000,1.1161237955093384,1.2352209091186523,0.7017039060592651,2.7689643246786937,3.7377468504654767,2.3287798037431253,2.5191384536366277
