clean_file,enhanced_file,sampling_rate,PESQ,SI_SDR,STOI,DNSMOS_p808_mos,DNSMOS_mos_sig,DNSMOS_mos_bak,DNSMOS_mos_ovr
p104_rainbow_03_regular,WF_p104_rainbow_03_regular_fold10_202334-9-0-106_SNR0dB.wav,16000,1.0524286031723022,0.4473126232624054,0.6252085566520691,2.46524749483381,3.1365830669280537,1.7926998668133831,1.7139462805689514
