clean_file,enhanced_file,sampling_rate,PESQ,SI_SDR,STOI,DNSMOS_p808_mos,DNSMOS_mos_sig,DNSMOS_mos_bak,DNSMOS_mos_ovr
p104_nonverbal_laughter_open,WF_p104_nonverbal_laughter_open_fold10_197554-2-0-69_SNR0dB.wav,16000,1.3381049633026123,0.6625676155090332,0.6848507523536682,2.2708822999681746,2.678607683040466,1.754730036460641,1.6705463415437936
