clean_file,enhanced_file,sampling_rate,PESQ,SI_SDR,STOI,DNSMOS_p808_mos,DNSMOS_mos_sig,DNSMOS_mos_bak,DNSMOS_mos_ovr
p102_emo_extasy_freeform,WF_p102_emo_extasy_freeform_fold10_15544-5-0-0_SNR0dB.wav,16000,1.2007758617401123,7.42446231842041,0.7451316118240356,2.4399914264678957,2.309537327869343,1.8390465766432018,1.4704087096106206
