clean_file,enhanced_file,sampling_rate,PESQ,SI_SDR,STOI,DNSMOS_p808_mos,DNSMOS_mos_sig,DNSMOS_mos_bak,DNSMOS_mos_ovr
p104_emo_embarassment_freeform,WF_p104_emo_embarassment_freeform_fold10_189982-0-0-36_SNR0dB.wav,16000,1.1939563751220703,6.904604911804199,0.586209237575531,2.4216153621673584,2.668628855856194,2.592266764273529,2.135914924333964
