clean_file,enhanced_file,sampling_rate,PESQ,SI_SDR,STOI,DNSMOS_p808_mos,DNSMOS_mos_sig,DNSMOS_mos_bak,DNSMOS_mos_ovr
p102_emo_fear_sentences,WF_p102_emo_fear_sentences_fold10_15544-5-0-11_SNR0dB.wav,16000,1.2771192789077759,5.795736312866211,0.8464018702507019,2.534126043319702,3.2716367849057977,1.5760850678004996,1.634260287773832
