clean_file,enhanced_file,sampling_rate,PESQ,SI_SDR,STOI,DNSMOS_p808_mos,DNSMOS_mos_sig,DNSMOS_mos_bak,DNSMOS_mos_ovr
p104_rainbow_08_whisper,WF_p104_rainbow_08_whisper_fold10_25037-6-1-0_SNR0dB.wav,16000,1.087314248085022,-1.8757833242416382,0.5254911780357361,3.00027905191694,1.657020291636482,2.445152677619151,1.2212804153207542
