clean_file,enhanced_file,sampling_rate,PESQ,SI_SDR,STOI,DNSMOS_p808_mos,DNSMOS_mos_sig,DNSMOS_mos_bak,DNSMOS_mos_ovr
p104_rainbow_03_whisper,WF_p104_rainbow_03_whisper_fold10_202334-9-0-202_SNR0dB.wav,16000,1.0532374382019043,-1.6516139507293701,0.5087158679962158,2.4373485020228793,2.2633514628048497,2.6303369288712495,1.9266487896392535
