clean_file,enhanced_file,sampling_rate,PESQ,SI_SDR,STOI,DNSMOS_p808_mos,DNSMOS_mos_sig,DNSMOS_mos_bak,DNSMOS_mos_ovr
p103_sentences_09_fast,WF_p103_sentences_09_fast_fold10_187863-4-0-4_SNR0dB.wav,16000,1.0723366737365723,0.0014198721619322896,0.6810815930366516,2.6199217319488524,4.070431659125932,1.926426899792108,2.300906034448075
