clean_file,enhanced_file,sampling_rate,PESQ,SI_SDR,STOI,DNSMOS_p808_mos,DNSMOS_mos_sig,DNSMOS_mos_bak,DNSMOS_mos_ovr
p101_rainbow_05_highpitch,WF_p101_rainbow_05_highpitch_fold10_118278-4-0-4_SNR0dB.wav,16000,1.1284606456756592,3.4129321575164795,0.7346347570419312,2.336701273918152,2.626679970191148,2.1240847879063747,1.7760165887703185
