clean_file,enhanced_file,sampling_rate,PESQ,SI_SDR,STOI,DNSMOS_p808_mos,DNSMOS_mos_sig,DNSMOS_mos_bak,DNSMOS_mos_ovr
p102_emo_amusement_sentences,WF_p102_emo_amusement_sentences_fold10_155241-9-0-8_SNR0dB.wav,16000,1.0834213495254517,2.336108922958374,0.6927812099456787,2.355676140104021,3.2179800044263085,1.5640112864648097,1.6349828176035295
