clean_file,enhanced_file,sampling_rate,PESQ,SI_SDR,STOI,DNSMOS_p808_mos,DNSMOS_mos_sig,DNSMOS_mos_bak,DNSMOS_mos_ovr
p101_rainbow_06_fast,WF_p101_rainbow_06_fast_fold10_118558-5-0-0_SNR0dB.wav,16000,1.150560975074768,3.8853297233581543,0.7194638252258301,2.4758624689919606,2.571080955526773,2.5023067401043915,1.9863685816742251
