clean_file,enhanced_file,sampling_rate,PESQ,SI_SDR,STOI,DNSMOS_p808_mos,DNSMOS_mos_sig,DNSMOS_mos_bak,DNSMOS_mos_ovr
p106_emo_extasy_sentences,WF_p106_emo_extasy_sentences_fold10_93567-8-0-15_SNR0dB.wav,16000,1.1662489175796509,2.9904632568359375,0.6419191360473633,2.666489362716675,4.0052060605468505,1.9986372797505259,2.463679689762693
