clean_file,enhanced_file,sampling_rate,PESQ,SI_SDR,STOI,DNSMOS_p808_mos,DNSMOS_mos_sig,DNSMOS_mos_bak,DNSMOS_mos_ovr
p106_emo_extasy_freeform,WF_p106_emo_extasy_freeform_fold10_93567-8-0-14_SNR0dB.wav,16000,1.0796796083450317,3.192155122756958,0.6131226420402527,2.6003788879939487,2.9607892884222413,1.6367356297267193,1.7832057566457227
