clean_file,enhanced_file,sampling_rate,PESQ,SI_SDR,STOI,DNSMOS_p808_mos,DNSMOS_mos_sig,DNSMOS_mos_bak,DNSMOS_mos_ovr
p105_emo_fear_freeform,WF_p105_emo_fear_freeform_fold10_59513-3-0-3_SNR0dB.wav,16000,1.6677275896072388,-2.1137948036193848,0.5383099317550659,2.9404115676879883,2.6439561600672516,3.453294528612082,2.2997827194503886
