clean_file,enhanced_file,sampling_rate,PESQ,SI_SDR,STOI,DNSMOS_p808_mos,DNSMOS_mos_sig,DNSMOS_mos_bak,DNSMOS_mos_ovr
p101_rainbow_02_lowpitch,WF_p101_rainbow_02_lowpitch_fold10_115418-9-0-20_SNR0dB.wav,16000,1.1161800622940063,0.8944300413131714,0.5401896834373474,2.5596649169921877,3.2972376670338157,2.0937406799941023,2.132855195888455
