clean_file,enhanced_file,sampling_rate,PESQ,SI_SDR,STOI,DNSMOS_p808_mos,DNSMOS_mos_sig,DNSMOS_mos_bak,DNSMOS_mos_ovr
p104_rainbow_02_loud,WF_p104_rainbow_02_loud_fold10_200460-6-5-0_SNR0dB.wav,16000,1.1399587392807007,-0.0255233496427536,0.8501765131950378,3.4173686504364014,3.746737925308009,2.3073735941963647,2.4764326323995656
