clean_file,enhanced_file,sampling_rate,PESQ,SI_SDR,STOI,DNSMOS_p808_mos,DNSMOS_mos_sig,DNSMOS_mos_bak,DNSMOS_mos_ovr
p106_emo_confusion_sentences,WF_p106_emo_confusion_sentences_fold10_85574-3-0-2_SNR0dB.wav,16000,1.2931163311004639,5.443017959594727,0.6834965348243713,3.0713157994406566,2.885644725380519,2.1709992624352465,2.0333344950544014
