clean_file,enhanced_file,sampling_rate,PESQ,SI_SDR,STOI,DNSMOS_p808_mos,DNSMOS_mos_sig,DNSMOS_mos_bak,DNSMOS_mos_ovr
p105_rainbow_04_highpitch,WF_p105_rainbow_04_highpitch_fold10_74364-8-1-16_SNR0dB.wav,16000,1.037337064743042,-1.1966710090637207,0.612927258014679,2.342169693538121,1.8003620921977774,1.904152780734533,1.3369609288869035
