clean_file,enhanced_file,sampling_rate,PESQ,SI_SDR,STOI,DNSMOS_p808_mos,DNSMOS_mos_sig,DNSMOS_mos_bak,DNSMOS_mos_ovr
p106_nonverbal_laughter_closed,WF_p106_nonverbal_laughter_closed_fold10_99192-4-0-38_SNR0dB.wav,16000,1.041617512702942,2.067499876022339,0.5486427545547485,2.393088420232137,2.4028105265750774,1.918562822801687,1.6234420862686283
