clean_file,enhanced_file,sampling_rate,PESQ,SI_SDR,STOI,DNSMOS_p808_mos,DNSMOS_mos_sig,DNSMOS_mos_bak,DNSMOS_mos_ovr
p105_sentences_02_regular,WF_p105_sentences_02_regular_fold10_7965-3-22-0_SNR0dB.wav,16000,1.3672322034835815,3.651935577392578,0.5350247621536255,2.960148402622768,2.649720365611184,3.011026012044393,2.1577153032156793
