clean_file,enhanced_file,sampling_rate,PESQ,SI_SDR,STOI,DNSMOS_p808_mos,DNSMOS_mos_sig,DNSMOS_mos_bak,DNSMOS_mos_ovr
p105_vegetative_yawning,WF_p105_vegetative_yawning_fold10_83502-0-0-8_SNR0dB.wav,16000,1.2187386751174927,3.0225815773010254,0.2459017038345337,2.5037174224853516,2.6036528291648984,1.8254769553542398,1.6168173739968368
