clean_file,enhanced_file,sampling_rate,PESQ,SI_SDR,STOI,DNSMOS_p808_mos,DNSMOS_mos_sig,DNSMOS_mos_bak,DNSMOS_mos_ovr
p101_interjection_filler,WF_p101_interjection_filler_fold10_102857-5-0-9_SNR0dB.wav,16000,1.9772868156433105,10.207414627075195,0.9165400266647339,2.3383262157440186,4.17009298219045,2.5999203509970985,2.9921332471237685
