clean_file,enhanced_file,sampling_rate,PESQ,SI_SDR,STOI,DNSMOS_p808_mos,DNSMOS_mos_sig,DNSMOS_mos_bak,DNSMOS_mos_ovr
p104_emo_distress_sentences,WF_p104_emo_distress_sentences_fold10_189982-0-0-35_SNR0dB.wav,16000,1.21705162525177,5.745702743530273,0.703178882598877,2.6831705570220947,2.058999984579804,2.3057465141159597,1.600257762295173
