clean_file,enhanced_file,sampling_rate,PESQ,SI_SDR,STOI,DNSMOS_p808_mos,DNSMOS_mos_sig,DNSMOS_mos_bak,DNSMOS_mos_ovr
p101_rainbow_01_slow,WF_p101_rainbow_01_slow_fold10_115241-9-0-8_SNR0dB.wav,16000,1.1202930212020874,-2.0941481590270996,0.5930038690567017,2.3966843287150064,2.968286669274223,2.0082465095583246,2.0949043093546558
