clean_file,enhanced_file,sampling_rate,PESQ,SI_SDR,STOI,DNSMOS_p808_mos,DNSMOS_mos_sig,DNSMOS_mos_bak,DNSMOS_mos_ovr
p103_emo_relief_sentences,WF_p103_emo_relief_sentences_fold10_171478-9-0-28_SNR0dB.wav,16000,1.0961544513702393,1.1281921863555908,0.5577981472015381,2.772174290248326,3.335793773317291,1.805084193940866,1.962235789564497
