clean_file,enhanced_file,sampling_rate,PESQ,SI_SDR,STOI,DNSMOS_p808_mos,DNSMOS_mos_sig,DNSMOS_mos_bak,DNSMOS_mos_ovr
p101_sentences_20_regular,WF_p101_sentences_20_regular_fold10_14470-2-0-56_SNR0dB.wav,16000,1.1550744771957397,0.6693501472473145,0.6066411733627319,2.218114137649536,2.5625164063879344,2.0441571728988475,1.7975249424484028
