clean_file,enhanced_file,sampling_rate,PESQ,SI_SDR,STOI,DNSMOS_p808_mos,DNSMOS_mos_sig,DNSMOS_mos_bak,DNSMOS_mos_ovr
p101_sentences_21_regular,WF_p101_sentences_21_regular_fold10_14470-2-0-65_SNR0dB.wav,16000,1.2225195169448853,0.575355052947998,0.5904009342193604,2.2810360193252563,2.0326377166670597,1.8718332666130313,1.396629737684513
