clean_file,enhanced_file,sampling_rate,PESQ,SI_SDR,STOI,DNSMOS_p808_mos,DNSMOS_mos_sig,DNSMOS_mos_bak,DNSMOS_mos_ovr
p104_rainbow_04_fast,WF_p104_rainbow_04_fast_fold10_202334-9-0-63_SNR0dB.wav,16000,1.0409114360809326,-0.15368549525737762,0.6286831498146057,2.3605241179466248,2.4920977738066252,1.9135542769197502,1.616372872806084
