clean_file,enhanced_file,sampling_rate,PESQ,SI_SDR,STOI,DNSMOS_p808_mos,DNSMOS_mos_sig,DNSMOS_mos_bak,DNSMOS_mos_ovr
p102_rainbow_06_loud,WF_p102_rainbow_06_loud_fold10_162134-7-13-2_SNR0dB.wav,16000,1.0479636192321777,2.637040615081787,0.6943533420562744,2.2826614379882812,3.823551117629247,1.4645332778491655,1.8398707612984637
