clean_file,enhanced_file,sampling_rate,PESQ,SI_SDR,STOI,DNSMOS_p808_mos,DNSMOS_mos_sig,DNSMOS_mos_bak,DNSMOS_mos_ovr
p104_rainbow_05_fast,WF_p104_rainbow_05_fast_fold10_203424-9-0-46_SNR0dB.wav,16000,1.058777928352356,0.818903923034668,0.6948137879371643,2.400732676188151,3.3470627940533135,1.8546909986228837,1.9463398971603212
