clean_file,enhanced_file,sampling_rate,PESQ,SI_SDR,STOI,DNSMOS_p808_mos,DNSMOS_mos_sig,DNSMOS_mos_bak,DNSMOS_mos_ovr
p101_rainbow_03_fast,WF_p101_rainbow_03_fast_fold10_11722-3-1-0_SNR0dB.wav,16000,1.403352975845337,-0.15595492720603943,0.8165596127510071,3.595427989959717,3.5425139718302465,1.6742727233450991,1.8464753662567253
