clean_file,enhanced_file,sampling_rate,PESQ,SI_SDR,STOI,DNSMOS_p808_mos,DNSMOS_mos_sig,DNSMOS_mos_bak,DNSMOS_mos_ovr
p106_rainbow_01_fast,WF_p106_rainbow_01_fast_fold10_99192-4-0-47_SNR0dB.wav,16000,1.044516921043396,0.5224356055259705,0.7581173777580261,2.640284742627825,4.132970481359144,1.902071078475572,2.4310426799408584
