clean_file,enhanced_file,sampling_rate,PESQ,SI_SDR,STOI,DNSMOS_p808_mos,DNSMOS_mos_sig,DNSMOS_mos_bak,DNSMOS_mos_ovr
p106_emo_embarassment_freeform,WF_p106_emo_embarassment_freeform_fold10_93567-8-0-12_SNR0dB.wav,16000,1.0988198518753052,3.9836254119873047,0.4951879680156708,2.434311968939645,2.7529270174571465,2.437972507842027,2.16324584776248
