clean_file,enhanced_file,sampling_rate,PESQ,SI_SDR,STOI,DNSMOS_p808_mos,DNSMOS_mos_sig,DNSMOS_mos_bak,DNSMOS_mos_ovr
p104_sentences_02_loud,WF_p104_sentences_02_loud_fold10_27070-2-0-3_SNR0dB.wav,16000,1.1077784299850464,2.61185622215271,0.7110227942466736,2.3068173612867082,3.8915423255871064,1.726555104615859,2.2249415343627144
