clean_file,enhanced_file,sampling_rate,PESQ,SI_SDR,STOI,DNSMOS_p808_mos,DNSMOS_mos_sig,DNSMOS_mos_bak,DNSMOS_mos_ovr
p105_rainbow_05_slow,WF_p105_rainbow_05_slow_fold10_74364-8-1-26_SNR0dB.wav,16000,1.0488531589508057,-1.3730392456054688,0.7206119894981384,2.756037712097168,3.8661996130791314,2.3163449036631967,2.6614240435342014
