clean_file,enhanced_file,sampling_rate,PESQ,SI_SDR,STOI,DNSMOS_p808_mos,DNSMOS_mos_sig,DNSMOS_mos_bak,DNSMOS_mos_ovr
p104_rainbow_07_slow,WF_p104_rainbow_07_slow_fold10_209672-3-8-0_SNR0dB.wav,16000,1.2960896492004395,-0.4129006266593933,0.8242620825767517,3.6137498446873257,4.3235994132603714,2.7956148663201295,3.0729756470187164
