clean_file,enhanced_file,sampling_rate,PESQ,SI_SDR,STOI,DNSMOS_p808_mos,DNSMOS_mos_sig,DNSMOS_mos_bak,DNSMOS_mos_ovr
p103_rainbow_07_fast,WF_p103_rainbow_07_fast_fold10_180127-4-0-20_SNR0dB.wav,16000,1.0988585948944092,4.440758228302002,0.7292743921279907,2.855442762374878,2.191554550190412,2.3436459494789093,1.6954826089703503
