clean_file,enhanced_file,sampling_rate,PESQ,SI_SDR,STOI,DNSMOS_p808_mos,DNSMOS_mos_sig,DNSMOS_mos_bak,DNSMOS_mos_ovr
p105_rainbow_04_regular,WF_p105_rainbow_04_regular_fold10_74364-8-1-19_SNR0dB.wav,16000,1.0575683116912842,-0.5920430421829224,0.7323164343833923,2.5095118454524448,4.0863643732347565,2.18994248956586,2.709598800312668
