clean_file,enhanced_file,sampling_rate,PESQ,SI_SDR,STOI,DNSMOS_p808_mos,DNSMOS_mos_sig,DNSMOS_mos_bak,DNSMOS_mos_ovr
p102_rainbow_06_regular,WF_p102_rainbow_06_regular_fold10_162134-7-13-4_SNR0dB.wav,16000,1.048556923866272,1.526724100112915,0.6512646675109863,2.3491263389587402,3.386218440709623,1.7469004017699343,1.984057227205146
