clean_file,enhanced_file,sampling_rate,PESQ,SI_SDR,STOI,DNSMOS_p808_mos,DNSMOS_mos_sig,DNSMOS_mos_bak,DNSMOS_mos_ovr
p104_rainbow_07_highpitch,WF_p104_rainbow_07_highpitch_fold10_208652-8-6-0_SNR0dB.wav,16000,1.0475921630859375,2.1469943523406982,0.7275798320770264,2.345534018107823,3.153750625010321,2.0815586830047086,2.04608081109004
