clean_file,enhanced_file,sampling_rate,PESQ,SI_SDR,STOI,DNSMOS_p808_mos,DNSMOS_mos_sig,DNSMOS_mos_bak,DNSMOS_mos_ovr
p101_rainbow_06_slow,WF_p101_rainbow_06_slow_fold10_118558-5-1-2_SNR0dB.wav,16000,1.440175175666809,5.079751491546631,0.6240875124931335,2.7139985220772878,2.923055151153725,3.1142639668857544,2.266382362546497
