clean_file,enhanced_file,sampling_rate,PESQ,SI_SDR,STOI,DNSMOS_p808_mos,DNSMOS_mos_sig,DNSMOS_mos_bak,DNSMOS_mos_ovr
p101_emo_disappointment_sentences,WF_p101_emo_disappointment_sentences_fold10_102103-3-0-0_SNR0dB.wav,16000,1.15326726436615,-0.0720144659280777,0.5505066514015198,2.4739022254943848,3.993500618223342,1.8401838220425313,2.3435720802966156
