clean_file,enhanced_file,sampling_rate,PESQ,SI_SDR,STOI,DNSMOS_p808_mos,DNSMOS_mos_sig,DNSMOS_mos_bak,DNSMOS_mos_ovr
p103_rainbow_02_slow,WF_p103_rainbow_02_slow_fold10_178261-7-3-2_SNR0dB.wav,16000,1.1238888502120972,4.45855712890625,0.5480234026908875,2.2965770023209706,3.367311019084101,1.9977305410304582,2.189858528511477
