clean_file,enhanced_file,sampling_rate,PESQ,SI_SDR,STOI,DNSMOS_p808_mos,DNSMOS_mos_sig,DNSMOS_mos_bak,DNSMOS_mos_ovr
p102_rainbow_03_highpitch,WF_p102_rainbow_03_highpitch_fold10_162134-7-0-1_SNR0dB.wav,16000,1.0374990701675415,2.8406081199645996,0.6172400116920471,2.1147292852401733,3.042321773314175,1.4691966235290774,1.496998896445446
