clean_file,enhanced_file,sampling_rate,PESQ,SI_SDR,STOI,DNSMOS_p808_mos,DNSMOS_mos_sig,DNSMOS_mos_bak,DNSMOS_mos_ovr
p103_vegetative_eating,WF_p103_vegetative_eating_fold10_188813-7-11-1_SNR0dB.wav,16000,1.1131937503814697,-1.1906789541244507,0.3117908239364624,2.1507703236171176,1.7206881637451474,1.745785880780872,1.0385252557566076
