clean_file,enhanced_file,sampling_rate,PESQ,SI_SDR,STOI,DNSMOS_p808_mos,DNSMOS_mos_sig,DNSMOS_mos_bak,DNSMOS_mos_ovr
p104_sentences_02_lowpitch,WF_p104_sentences_02_lowpitch_fold10_27070-2-0-4_SNR0dB.wav,16000,1.0776512622833252,1.9399583339691162,0.7118850946426392,2.410896437508719,4.095568291615496,2.1182713779232714,2.6256055200925204
