clean_file,enhanced_file,sampling_rate,PESQ,SI_SDR,STOI,DNSMOS_p808_mos,DNSMOS_mos_sig,DNSMOS_mos_bak,DNSMOS_mos_ovr
p101_emo_confusion_sentences,WF_p101_emo_confusion_sentences_fold10_101382-2-0-10_SNR0dB.wav,16000,1.2463148832321167,0.4338936507701874,0.4405941963195801,2.5237726143428256,3.8712741512633824,1.64458928106711,2.049075805147703
