clean_file,enhanced_file,sampling_rate,PESQ,SI_SDR,STOI,DNSMOS_p808_mos,DNSMOS_mos_sig,DNSMOS_mos_bak,DNSMOS_mos_ovr
p101_sentences_01_lowpitch,WF_p101_sentences_01_lowpitch_fold10_129750-2-0-37_SNR0dB.wav,16000,1.1785507202148438,0.1308775693178177,0.71439528465271,2.3436107635498047,3.605425292565525,1.5778042395524436,1.8568315782223133
