clean_file,enhanced_file,sampling_rate,PESQ,SI_SDR,STOI,DNSMOS_p808_mos,DNSMOS_mos_sig,DNSMOS_mos_bak,DNSMOS_mos_ovr
p101_rainbow_02_highpitch,WF_p101_rainbow_02_highpitch_fold10_115418-9-0-12_SNR0dB.wav,16000,1.1207687854766846,0.9241589903831482,0.7474618554115295,2.2970244884490967,3.6462601104474395,1.751303257274088,2.0810966489287925
