clean_file,enhanced_file,sampling_rate,PESQ,SI_SDR,STOI,DNSMOS_p808_mos,DNSMOS_mos_sig,DNSMOS_mos_bak,DNSMOS_mos_ovr
p104_rainbow_08_loud,WF_p104_rainbow_08_loud_fold10_23218-5-0-0_SNR0dB.wav,16000,1.0660043954849243,3.06695556640625,0.7499754428863525,2.341650996889387,2.743094161785088,1.8586167058312983,1.7010391109215177
