clean_file,enhanced_file,sampling_rate,PESQ,SI_SDR,STOI,DNSMOS_p808_mos,DNSMOS_mos_sig,DNSMOS_mos_bak,DNSMOS_mos_ovr
p102_rainbow_02_lowpitch,WF_p102_rainbow_02_lowpitch_fold10_159742-8-0-6_SNR0dB.wav,16000,1.3076919317245483,-0.05650069937109947,0.8147895932197571,3.6312266985575357,4.450410340530237,1.849680562130246,2.545909039187863
