clean_file,enhanced_file,sampling_rate,PESQ,SI_SDR,STOI,DNSMOS_p808_mos,DNSMOS_mos_sig,DNSMOS_mos_bak,DNSMOS_mos_ovr
p103_interjection_filler,WF_p103_interjection_filler_fold10_172519-9-0-49_SNR0dB.wav,16000,1.1758487224578857,2.131730794906616,0.34847915172576904,2.4001526151384627,2.1500004932580956,1.8489237576549535,1.4978624082611567
