clean_file,enhanced_file,sampling_rate,PESQ,SI_SDR,STOI,DNSMOS_p808_mos,DNSMOS_mos_sig,DNSMOS_mos_bak,DNSMOS_mos_ovr
p103_sentences_03_whisper,WF_p103_sentences_03_whisper_fold10_187110-2-0-6_SNR0dB.wav,16000,1.2495737075805664,-1.5885703563690186,0.32902079820632935,2.595513548169817,1.6343955279874651,2.6817167993745263,1.543334972723621
