clean_file,enhanced_file,sampling_rate,PESQ,SI_SDR,STOI,DNSMOS_p808_mos,DNSMOS_mos_sig,DNSMOS_mos_bak,DNSMOS_mos_ovr
p101_rainbow_04_highpitch,WF_p101_rainbow_04_highpitch_fold10_118278-4-0-1_SNR0dB.wav,16000,1.117748737335205,1.8143675327301025,0.6647734642028809,2.177953839302063,2.9650962072237808,1.5193302863600984,1.5747972221999813
