clean_file,enhanced_file,sampling_rate,PESQ,SI_SDR,STOI,DNSMOS_p808_mos,DNSMOS_mos_sig,DNSMOS_mos_bak,DNSMOS_mos_ovr
p104_sentences_02_regular,WF_p104_sentences_02_regular_fold10_27070-2-0-5_SNR0dB.wav,16000,1.10227370262146,1.0195306539535522,0.7317473888397217,2.630235024860927,4.25972601828951,1.7497363415596527,2.3898879403944773
