clean_file,enhanced_file,sampling_rate,PESQ,SI_SDR,STOI,DNSMOS_p808_mos,DNSMOS_mos_sig,DNSMOS_mos_bak,DNSMOS_mos_ovr
p104_rainbow_02_regular,WF_p104_rainbow_02_regular_fold10_200786-5-1-0_SNR0dB.wav,16000,1.0584306716918945,2.325122117996216,0.6387151479721069,2.4811813490731374,2.168594360580111,2.2641073751276224,1.6767751538551643
