clean_file,enhanced_file,sampling_rate,PESQ,SI_SDR,STOI,DNSMOS_p808_mos,DNSMOS_mos_sig,DNSMOS_mos_bak,DNSMOS_mos_ovr
p101_rainbow_08_whisper,WF_p101_rainbow_08_whisper_fold10_128470-3-0-8_SNR0dB.wav,16000,1.228205680847168,-1.7251938581466675,0.635990560054779,2.720877238682338,4.162762453913596,1.9554034498729143,2.487694665650785
