clean_file,enhanced_file,sampling_rate,PESQ,SI_SDR,STOI,DNSMOS_p808_mos,DNSMOS_mos_sig,DNSMOS_mos_bak,DNSMOS_mos_ovr
p105_rainbow_08_fast,WF_p105_rainbow_08_fast_fold10_74922-4-0-7_SNR0dB.wav,16000,1.0593767166137695,1.3230230808258057,0.6620929837226868,2.3883468082972934,4.036895165016472,1.984076437521183,2.540251903856668
