clean_file,enhanced_file,sampling_rate,PESQ,SI_SDR,STOI,DNSMOS_p808_mos,DNSMOS_mos_sig,DNSMOS_mos_bak,DNSMOS_mos_ovr
p101_rainbow_08_highpitch,WF_p101_rainbow_08_highpitch_fold10_128240-3-0-39_SNR0dB.wav,16000,1.210716724395752,-0.03069481812417507,0.7479474544525146,2.760394334793091,4.084313925636118,1.7733164235854524,2.324718351237339
