clean_file,enhanced_file,sampling_rate,PESQ,SI_SDR,STOI,DNSMOS_p808_mos,DNSMOS_mos_sig,DNSMOS_mos_bak,DNSMOS_mos_ovr
p102_rainbow_01_lowpitch,WF_p102_rainbow_01_lowpitch_fold10_159742-8-0-12_SNR0dB.wav,16000,1.1073702573776245,2.1318466663360596,0.7480205297470093,3.227618455886841,3.049994205259958,2.231221162500977,2.214162450889846
