clean_file,enhanced_file,sampling_rate,PESQ,SI_SDR,STOI,DNSMOS_p808_mos,DNSMOS_mos_sig,DNSMOS_mos_bak,DNSMOS_mos_ovr
p103_emo_pain_freeform,WF_p103_emo_pain_freeform_fold10_167750-4-1-0_SNR0dB.wav,16000,1.047333836555481,0.29318666458129883,0.536587655544281,2.61722503389631,3.6538058980479664,1.5974147081525776,1.7874316401122619
