clean_file,enhanced_file,sampling_rate,PESQ,SI_SDR,STOI,DNSMOS_p808_mos,DNSMOS_mos_sig,DNSMOS_mos_bak,DNSMOS_mos_ovr
p101_sentences_16_regular,WF_p101_sentences_16_regular_fold10_14470-2-0-10_SNR0dB.wav,16000,1.136073112487793,-1.009487509727478,0.6057237982749939,2.604127441133772,3.2508041208684673,1.6650488434463573,1.787347867120919
