clean_file,enhanced_file,sampling_rate,PESQ,SI_SDR,STOI,DNSMOS_p808_mos,DNSMOS_mos_sig,DNSMOS_mos_bak,DNSMOS_mos_ovr
p101_emo_contentment_freeform,WF_p101_emo_contentment_freeform_fold10_101382-2-0-12_SNR0dB.wav,16000,1.124617576599121,-0.7366268634796143,0.6525054574012756,2.66092688696725,4.207327653058068,1.9374232097270243,2.4373480055470793
