clean_file,enhanced_file,sampling_rate,PESQ,SI_SDR,STOI,DNSMOS_p808_mos,DNSMOS_mos_sig,DNSMOS_mos_bak,DNSMOS_mos_ovr
p104_sentences_01_loud,WF_p104_sentences_01_loud_fold10_26255-3-13-1_SNR0dB.wav,16000,1.0889984369277954,1.7794917821884155,0.7042901515960693,2.4661471048990884,2.346588975431431,2.0272708305209117,1.6458142480430247
