clean_file,enhanced_file,sampling_rate,PESQ,SI_SDR,STOI,DNSMOS_p808_mos,DNSMOS_mos_sig,DNSMOS_mos_bak,DNSMOS_mos_ovr
p101_emo_pain_freeform,WF_p101_emo_pain_freeform_fold10_102857-5-0-22_SNR0dB.wav,16000,1.4294408559799194,11.18716812133789,0.7879732847213745,2.4375617504119873,3.830389146591564,2.427775927258736,2.6284459796747988
