clean_file,enhanced_file,sampling_rate,PESQ,SI_SDR,STOI,DNSMOS_p808_mos,DNSMOS_mos_sig,DNSMOS_mos_bak,DNSMOS_mos_ovr
p106_emo_pain_sentences,WF_p106_emo_pain_sentences_fold10_93567-8-0-7_SNR0dB.wav,16000,1.0936349630355835,3.2380876541137695,0.5591227412223816,2.4199989438056946,2.1664395271365837,2.349138308992153,1.8821451092365078
