clean_file,enhanced_file,sampling_rate,PESQ,SI_SDR,STOI,DNSMOS_p808_mos,DNSMOS_mos_sig,DNSMOS_mos_bak,DNSMOS_mos_ovr
p103_sentences_13_lowpitch,WF_p103_sentences_13_lowpitch_fold10_188497-2-0-11_SNR0dB.wav,16000,1.1040351390838623,2.2666220664978027,0.6262666583061218,2.305099759783064,2.4395560980082536,1.9857138787672202,1.689058800188206
