clean_file,enhanced_file,sampling_rate,PESQ,SI_SDR,STOI,DNSMOS_p808_mos,DNSMOS_mos_sig,DNSMOS_mos_bak,DNSMOS_mos_ovr
p106_emo_serenity_freeform,WF_p106_emo_serenity_freeform_fold10_99192-4-0-18_SNR0dB.wav,16000,1.1174651384353638,-1.1802853345870972,0.5577549338340759,2.4026345184871127,4.074808225023673,2.6910293649434394,2.6888274644800196
