clean_file,enhanced_file,sampling_rate,PESQ,SI_SDR,STOI,DNSMOS_p808_mos,DNSMOS_mos_sig,DNSMOS_mos_bak,DNSMOS_mos_ovr
p104_rainbow_01_highpitch,WF_p104_rainbow_01_highpitch_fold10_199261-3-0-1_SNR0dB.wav,16000,1.370882272720337,-0.2880480885505676,0.7861045598983765,3.6020402908325195,4.10614072729037,3.0334104742611787,3.0770090468065026
