clean_file,enhanced_file,sampling_rate,PESQ,SI_SDR,STOI,DNSMOS_p808_mos,DNSMOS_mos_sig,DNSMOS_mos_bak,DNSMOS_mos_ovr
p105_emo_realization_freeform,WF_p105_emo_realization_freeform_fold10_72220-3-0-0_SNR0dB.wav,16000,1.099747896194458,1.4361470937728882,0.5301116704940796,2.359043916066488,3.7280925749091307,1.6184985960783427,2.0726983936153833
