clean_file,enhanced_file,sampling_rate,PESQ,SI_SDR,STOI,DNSMOS_p808_mos,DNSMOS_mos_sig,DNSMOS_mos_bak,DNSMOS_mos_ovr
p101_emo_distress_sentences,WF_p101_emo_distress_sentences_fold10_102857-5-0-10_SNR0dB.wav,16000,1.4123488664627075,9.478302001953125,0.8603444695472717,2.6827014923095702,3.2141682073376066,2.0681745596087473,2.163097847439881
