clean_file,enhanced_file,sampling_rate,PESQ,SI_SDR,STOI,DNSMOS_p808_mos,DNSMOS_mos_sig,DNSMOS_mos_bak,DNSMOS_mos_ovr
p104_sentences_05_loud,WF_p104_sentences_05_loud_fold10_28808-1-0-10_SNR0dB.wav,16000,1.1630219221115112,0.6389629244804382,0.7258264422416687,2.767454147338867,3.7280967341942177,1.8213155928511426,2.027098372661959
