clean_file,enhanced_file,sampling_rate,PESQ,SI_SDR,STOI,DNSMOS_p808_mos,DNSMOS_mos_sig,DNSMOS_mos_bak,DNSMOS_mos_ovr
p103_emo_embarassment_freeform,WF_p103_emo_embarassment_freeform_fold10_167464-0-0-21_SNR0dB.wav,16000,1.1911094188690186,4.548229217529297,0.6828547716140747,2.564893436431885,1.7440630569274909,2.4387159371862026,1.553023828567752
