clean_file,enhanced_file,sampling_rate,PESQ,SI_SDR,STOI,DNSMOS_p808_mos,DNSMOS_mos_sig,DNSMOS_mos_bak,DNSMOS_mos_ovr
p105_sentences_11_highpitch,WF_p105_sentences_11_highpitch_fold10_83195-9-0-11_SNR0dB.wav,16000,1.1532161235809326,1.4194855690002441,0.471248984336853,2.3537189279283797,2.616365189119178,1.897737688730875,1.6534175215745477
