clean_file,enhanced_file,sampling_rate,PESQ,SI_SDR,STOI,DNSMOS_p808_mos,DNSMOS_mos_sig,DNSMOS_mos_bak,DNSMOS_mos_ovr
p103_rainbow_05_regular,WF_p103_rainbow_05_regular_fold10_180127-4-0-12_SNR0dB.wav,16000,1.1709330081939697,4.600949287414551,0.7084499001502991,3.042177779333932,2.5728046525999515,2.875654474331021,2.0202251819160275
