clean_file,enhanced_file,sampling_rate,PESQ,SI_SDR,STOI,DNSMOS_p808_mos,DNSMOS_mos_sig,DNSMOS_mos_bak,DNSMOS_mos_ovr
p104_sentences_01_lowpitch,WF_p104_sentences_01_lowpitch_fold10_26255-3-6-0_SNR0dB.wav,16000,1.064558506011963,2.9368112087249756,0.7317924499511719,2.7816389560699464,4.139739446022142,2.0615545156227304,2.586497681086879
