clean_file,enhanced_file,sampling_rate,PESQ,SI_SDR,STOI,DNSMOS_p808_mos,DNSMOS_mos_sig,DNSMOS_mos_bak,DNSMOS_mos_ovr
p103_emo_sadness_sentences,WF_p103_emo_sadness_sentences_fold10_171478-9-0-4_SNR0dB.wav,16000,1.1594487428665161,2.761547088623047,0.4762396514415741,2.5406828267233714,2.167667653637696,2.2690370469776786,1.6358461619855917
