clean_file,enhanced_file,sampling_rate,PESQ,SI_SDR,STOI,DNSMOS_p808_mos,DNSMOS_mos_sig,DNSMOS_mos_bak,DNSMOS_mos_ovr
p102_sentences_02_slow,WF_p102_sentences_02_slow_fold10_162134-7-8-6_SNR0dB.wav,16000,1.0494229793548584,1.526273488998413,0.6277417540550232,2.0695536817823137,3.5460291471654877,1.6649937165680064,2.000314261855817
