clean_file,enhanced_file,sampling_rate,PESQ,SI_SDR,STOI,DNSMOS_p808_mos,DNSMOS_mos_sig,DNSMOS_mos_bak,DNSMOS_mos_ovr
p102_rainbow_06_whisper,WF_p102_rainbow_06_whisper_fold10_162134-7-14-1_SNR0dB.wav,16000,1.0395665168762207,1.1642653942108154,0.45443207025527954,2.3951820135116577,1.6976141083032714,1.6332949481533126,1.1561841537782174
