clean_file,enhanced_file,sampling_rate,PESQ,SI_SDR,STOI,DNSMOS_p808_mos,DNSMOS_mos_sig,DNSMOS_mos_bak,DNSMOS_mos_ovr
p105_rainbow_04_fast,WF_p105_rainbow_04_fast_fold10_74364-8-1-15_SNR0dB.wav,16000,1.032132625579834,0.12343540787696838,0.7558198571205139,2.795452833175659,4.140601689396812,2.0868220012931955,2.5738723103846604
