clean_file,enhanced_file,sampling_rate,PESQ,SI_SDR,STOI,DNSMOS_p808_mos,DNSMOS_mos_sig,DNSMOS_mos_bak,DNSMOS_mos_ovr
p104_sentences_03_whisper,WF_p104_sentences_03_whisper_fold10_28808-1-0-0_SNR0dB.wav,16000,1.0972864627838135,0.23137885332107544,0.4678613543510437,2.3399576459612166,2.6758156577642436,2.2123764144365436,1.8469427858626866
