clean_file,enhanced_file,sampling_rate,PESQ,SI_SDR,STOI,DNSMOS_p808_mos,DNSMOS_mos_sig,DNSMOS_mos_bak,DNSMOS_mos_ovr
p101_emo_desire_sentences,WF_p101_emo_desire_sentences_fold10_101382-2-0-42_SNR0dB.wav,16000,1.1892786026000977,0.00047420503688044846,0.6543974876403809,2.203031744275774,3.855302470299828,1.681018030093872,2.1261873689459327
