clean_file,enhanced_file,sampling_rate,PESQ,SI_SDR,STOI,DNSMOS_p808_mos,DNSMOS_mos_sig,DNSMOS_mos_bak,DNSMOS_mos_ovr
p102_emo_neutral_freeform,WF_p102_emo_neutral_freeform_fold10_15544-5-0-16_SNR0dB.wav,16000,1.1424049139022827,3.6257827281951904,0.638801097869873,2.7342316627502443,2.554684009991292,2.348355819923691,1.8133346874372502
