clean_file,enhanced_file,sampling_rate,PESQ,SI_SDR,STOI,DNSMOS_p808_mos,DNSMOS_mos_sig,DNSMOS_mos_bak,DNSMOS_mos_ovr
p106_interjection_agreement,WF_p106_interjection_agreement_fold10_99192-4-0-24_SNR0dB.wav,16000,1.172560453414917,1.3309729099273682,0.6715841889381409,2.4295507272084556,3.7831049320752825,1.7122996894334692,2.004443047416359
