clean_file,enhanced_file,sampling_rate,PESQ,SI_SDR,STOI,DNSMOS_p808_mos,DNSMOS_mos_sig,DNSMOS_mos_bak,DNSMOS_mos_ovr
p105_rainbow_06_loud,WF_p105_rainbow_06_loud_fold10_74364-8-1-5_SNR0dB.wav,16000,1.1140005588531494,-0.010759877972304821,0.7371541857719421,2.361594820022583,4.23512332162929,2.3282655960798087,2.85486026591493
