clean_file,enhanced_file,sampling_rate,PESQ,SI_SDR,STOI,DNSMOS_p808_mos,DNSMOS_mos_sig,DNSMOS_mos_bak,DNSMOS_mos_ovr
p103_sentences_01_loud,WF_p103_sentences_01_loud_fold10_181624-4-4-0_SNR0dB.wav,16000,1.057573914527893,0.27552586793899536,0.748003363609314,2.7132300989968434,4.191441253552626,1.4928425208148108,1.9679472606417947
