clean_file,enhanced_file,sampling_rate,PESQ,SI_SDR,STOI,DNSMOS_p808_mos,DNSMOS_mos_sig,DNSMOS_mos_bak,DNSMOS_mos_ovr
p101_sentences_11_highpitch,WF_p101_sentences_11_highpitch_fold10_142641-3-0-0_SNR0dB.wav,16000,1.0767240524291992,0.4436741769313812,0.6271671652793884,2.6693453788757324,2.922002707510517,1.4612256494070328,1.4624328882748059
