clean_file,enhanced_file,sampling_rate,PESQ,SI_SDR,STOI,DNSMOS_p808_mos,DNSMOS_mos_sig,DNSMOS_mos_bak,DNSMOS_mos_ovr
p102_rainbow_02_loud,WF_p102_rainbow_02_loud_fold10_159742-8-0-5_SNR0dB.wav,16000,1.1133347749710083,0.15973544120788574,0.8032218217849731,3.043419122695923,4.106309406743636,1.7031412267047172,2.239766018821436
