clean_file,enhanced_file,sampling_rate,PESQ,SI_SDR,STOI,DNSMOS_p808_mos,DNSMOS_mos_sig,DNSMOS_mos_bak,DNSMOS_mos_ovr
p102_sentences_24_regular,WF_p102_sentences_24_regular_fold10_164377-9-1-92_SNR0dB.wav,16000,1.224522590637207,1.8562637567520142,0.6101357340812683,2.7060961723327637,3.035252831354532,2.2092046394973703,2.1392730463298077
