clean_file,enhanced_file,sampling_rate,PESQ,SI_SDR,STOI,DNSMOS_p808_mos,DNSMOS_mos_sig,DNSMOS_mos_bak,DNSMOS_mos_ovr
p105_rainbow_01_fast,WF_p105_rainbow_01_fast_fold10_73524-0-0-30_SNR0dB.wav,16000,1.2048083543777466,2.6011059284210205,0.7032503485679626,2.641265074412028,2.867101836388184,2.8554875146152594,2.259945217438116
