clean_file,enhanced_file,sampling_rate,PESQ,SI_SDR,STOI,DNSMOS_p808_mos,DNSMOS_mos_sig,DNSMOS_mos_bak,DNSMOS_mos_ovr
p101_sentences_03_whisper,WF_p101_sentences_03_whisper_fold10_138017-9-0-2_SNR0dB.wav,16000,1.064356803894043,-1.644677996635437,0.3724716007709503,2.4525307019551597,1.7555825140037271,2.663455063561543,1.3667508572211826
