clean_file,enhanced_file,sampling_rate,PESQ,SI_SDR,STOI,DNSMOS_p808_mos,DNSMOS_mos_sig,DNSMOS_mos_bak,DNSMOS_mos_ovr
p103_rainbow_06_whisper,WF_p103_rainbow_06_whisper_fold10_180127-4-0-2_SNR0dB.wav,16000,1.0413575172424316,-2.4607207775115967,0.3305056393146515,2.907760238647461,2.2834898321733523,3.4124124592507945,1.8400195934408579
