clean_file,enhanced_file,sampling_rate,PESQ,SI_SDR,STOI,DNSMOS_p808_mos,DNSMOS_mos_sig,DNSMOS_mos_bak,DNSMOS_mos_ovr
p104_rainbow_04_slow,WF_p104_rainbow_04_slow_fold10_203424-9-0-34_SNR0dB.wav,16000,1.045146107673645,-0.2559880018234253,0.628961980342865,2.4638029847826277,3.3129513385851865,1.8910348091234657,1.8864425544794599
