clean_file,enhanced_file,sampling_rate,PESQ,SI_SDR,STOI,DNSMOS_p808_mos,DNSMOS_mos_sig,DNSMOS_mos_bak,DNSMOS_mos_ovr
p102_sentences_19_regular,WF_p102_sentences_19_regular_fold10_164377-9-1-15_SNR0dB.wav,16000,1.1172561645507812,0.9164365530014038,0.6715810298919678,3.0292478799819946,3.0374944448020464,1.8146884915212103,1.7688130122385033
