clean_file,enhanced_file,sampling_rate,PESQ,SI_SDR,STOI,DNSMOS_p808_mos,DNSMOS_mos_sig,DNSMOS_mos_bak,DNSMOS_mos_ovr
p105_rainbow_01_loud,WF_p105_rainbow_01_loud_fold10_73524-0-0-32_SNR0dB.wav,16000,1.283887505531311,3.4913442134857178,0.7590386271476746,2.901148557662964,2.710073978411958,2.555995857878136,2.1130907655403175
