clean_file,enhanced_file,sampling_rate,PESQ,SI_SDR,STOI,DNSMOS_p808_mos,DNSMOS_mos_sig,DNSMOS_mos_bak,DNSMOS_mos_ovr
p104_emo_disgust_sentences,WF_p104_emo_disgust_sentences_fold10_189982-0-0-30_SNR0dB.wav,16000,1.2394529581069946,5.5681633949279785,0.6319167017936707,2.8297506173451743,2.858994668217701,2.5276579381792117,2.1618807691854944
