clean_file,enhanced_file,sampling_rate,PESQ,SI_SDR,STOI,DNSMOS_p808_mos,DNSMOS_mos_sig,DNSMOS_mos_bak,DNSMOS_mos_ovr
p102_sentences_17_regular,WF_p102_sentences_17_regular_fold10_164194-2-0-7_SNR0dB.wav,16000,1.2096188068389893,2.0542221069335938,0.6183342337608337,2.4606409072875977,2.6382857371942245,2.049131648101055,1.8832083799600376
