clean_file,enhanced_file,sampling_rate,PESQ,SI_SDR,STOI,DNSMOS_p808_mos,DNSMOS_mos_sig,DNSMOS_mos_bak,DNSMOS_mos_ovr
p106_emo_adoration_sentences,WF_p106_emo_adoration_sentences_fold10_84249-9-0-10_SNR0dB.wav,16000,1.1098991632461548,2.0495498180389404,0.5745754241943359,2.3111124833424888,3.314278447185346,1.8683533738289568,1.9723054199215577
