clean_file,enhanced_file,sampling_rate,PESQ,SI_SDR,STOI,DNSMOS_p808_mos,DNSMOS_mos_sig,DNSMOS_mos_bak,DNSMOS_mos_ovr
p104_rainbow_04_regular,WF_p104_rainbow_04_regular_fold10_203424-9-0-26_SNR0dB.wav,16000,1.0657447576522827,0.1384383887052536,0.640744149684906,2.4361796379089355,3.759810938674279,1.899417941272906,2.1769335937833802
