clean_file,enhanced_file,sampling_rate,PESQ,SI_SDR,STOI,DNSMOS_p808_mos,DNSMOS_mos_sig,DNSMOS_mos_bak,DNSMOS_mos_ovr
p101_sentences_01_fast,WF_p101_sentences_01_fast_fold10_129750-2-0-3_SNR0dB.wav,16000,1.2564622163772583,0.024434790015220642,0.7779494524002075,2.6039696420942033,4.063622859655703,1.9179885725314294,2.43823700185503
