clean_file,enhanced_file,sampling_rate,PESQ,SI_SDR,STOI,DNSMOS_p808_mos,DNSMOS_mos_sig,DNSMOS_mos_bak,DNSMOS_mos_ovr
p105_emo_pain_freeform,WF_p105_emo_pain_freeform_fold10_71312-3-0-1_SNR0dB.wav,16000,1.1159850358963013,-0.37932032346725464,0.5712153911590576,2.8285937309265137,3.7295611837681863,1.871002274776436,2.1483665260188065
