clean_file,enhanced_file,sampling_rate,PESQ,SI_SDR,STOI,DNSMOS_p808_mos,DNSMOS_mos_sig,DNSMOS_mos_bak,DNSMOS_mos_ovr
p102_rainbow_03_slow,WF_p102_rainbow_03_slow_fold10_162134-7-10-1_SNR0dB.wav,16000,1.038582682609558,1.0374419689178467,0.6499044895172119,2.194643576939901,3.7622167508125943,1.6720169396363156,2.0445849084842194
