clean_file,enhanced_file,sampling_rate,PESQ,SI_SDR,STOI,DNSMOS_p808_mos,DNSMOS_mos_sig,DNSMOS_mos_bak,DNSMOS_mos_ovr
p101_rainbow_07_loud,WF_p101_rainbow_07_loud_fold10_118558-5-2-3_SNR0dB.wav,16000,1.2588344812393188,5.812516689300537,0.7628492712974548,2.380321820576986,3.226033067508027,2.4157058340709887,2.3240363930064682
