clean_file,enhanced_file,sampling_rate,PESQ,SI_SDR,STOI,DNSMOS_p808_mos,DNSMOS_mos_sig,DNSMOS_mos_bak,DNSMOS_mos_ovr
p101_rainbow_01_fast,WF_p101_rainbow_01_fast_fold10_115241-9-0-1_SNR0dB.wav,16000,1.0665571689605713,-1.1141936779022217,0.6368502974510193,2.357923303331648,3.400675101925495,1.9137819892514432,2.1926275292871344
