clean_file,enhanced_file,sampling_rate,PESQ,SI_SDR,STOI,DNSMOS_p808_mos,DNSMOS_mos_sig,DNSMOS_mos_bak,DNSMOS_mos_ovr
p103_emo_serenity_sentences,WF_p103_emo_serenity_sentences_fold10_171478-9-0-57_SNR0dB.wav,16000,1.340417742729187,0.30600136518478394,0.5426863431930542,2.8231178283691407,3.444788404446444,2.670968619978814,2.325090107775017
