clean_file,enhanced_file,sampling_rate,PESQ,SI_SDR,STOI,DNSMOS_p808_mos,DNSMOS_mos_sig,DNSMOS_mos_bak,DNSMOS_mos_ovr
p105_emo_sadness_sentences,WF_p105_emo_sadness_sentences_fold10_72538-3-0-1_SNR0dB.wav,16000,1.516606330871582,-0.2687861919403076,0.5587677955627441,3.3944584846496584,3.80409275048646,2.3252713285092392,2.4601681729165423
