clean_file,enhanced_file,sampling_rate,PESQ,SI_SDR,STOI,DNSMOS_p808_mos,DNSMOS_mos_sig,DNSMOS_mos_bak,DNSMOS_mos_ovr
p106_emo_desire_freeform,WF_p106_emo_desire_freeform_fold10_88121-8-0-2_SNR0dB.wav,16000,1.1093124151229858,0.308748334646225,0.5865815281867981,2.509740012032645,3.1904893188490453,2.4327063787426773,2.4106941828886654
