clean_file,enhanced_file,sampling_rate,PESQ,SI_SDR,STOI,DNSMOS_p808_mos,DNSMOS_mos_sig,DNSMOS_mos_bak,DNSMOS_mos_ovr
p105_emo_disappointment_sentences,WF_p105_emo_disappointment_sentences_fold10_51024-3-0-16_SNR0dB.wav,16000,1.1716028451919556,-0.34455224871635437,0.46401023864746094,2.647538185119629,2.7450156650653614,2.013465389506629,1.8322213497645337
