clean_file,enhanced_file,sampling_rate,PESQ,SI_SDR,STOI,DNSMOS_p808_mos,DNSMOS_mos_sig,DNSMOS_mos_bak,DNSMOS_mos_ovr
p101_sentences_04_whisper,WF_p101_sentences_04_whisper_fold10_138017-9-0-9_SNR0dB.wav,16000,1.0400066375732422,-2.3424623012542725,0.3967728018760681,2.39639949798584,1.4454366431765262,2.6236012500367867,1.2615956042359378
