clean_file,enhanced_file,sampling_rate,PESQ,SI_SDR,STOI,DNSMOS_p808_mos,DNSMOS_mos_sig,DNSMOS_mos_bak,DNSMOS_mos_ovr
p103_sentences_11_highpitch,WF_p103_sentences_11_highpitch_fold10_188497-2-0-0_SNR0dB.wav,16000,1.1213042736053467,4.084953308105469,0.4621877372264862,2.299507999420166,2.0245202291825612,2.1403870707712134,1.7280930823410714
