clean_file,enhanced_file,sampling_rate,PESQ,SI_SDR,STOI,DNSMOS_p808_mos,DNSMOS_mos_sig,DNSMOS_mos_bak,DNSMOS_mos_ovr
p106_interjection_greetings,WF_p106_interjection_greetings_fold10_99192-4-0-3_SNR0dB.wav,16000,1.0620695352554321,1.6633778810501099,0.5544765591621399,2.3767402172088623,3.254499531235656,1.428268088326914,1.634959089263763
