clean_file,enhanced_file,sampling_rate,PESQ,SI_SDR,STOI,DNSMOS_p808_mos,DNSMOS_mos_sig,DNSMOS_mos_bak,DNSMOS_mos_ovr
p102_rainbow_07_loud,WF_p102_rainbow_07_loud_fold10_162134-7-15-1_SNR0dB.wav,16000,1.0395499467849731,2.261634588241577,0.6623600125312805,2.13038831949234,3.0324867025376765,1.5029679944555459,1.55878158657623
