clean_file,enhanced_file,sampling_rate,PESQ,SI_SDR,STOI,DNSMOS_p808_mos,DNSMOS_mos_sig,DNSMOS_mos_bak,DNSMOS_mos_ovr
p104_rainbow_07_fast,WF_p104_rainbow_07_fast_fold10_208652-8-4-0_SNR0dB.wav,16000,1.065637469291687,1.6407504081726074,0.7133809328079224,2.404560020991734,3.4581545313994266,2.126183886321722,2.2613541136501616
