clean_file,enhanced_file,sampling_rate,PESQ,SI_SDR,STOI,DNSMOS_p808_mos,DNSMOS_mos_sig,DNSMOS_mos_bak,DNSMOS_mos_ovr
p104_vegetative_throat,WF_p104_vegetative_throat_fold10_34050-7-6-0_SNR0dB.wav,16000,1.1287273168563843,1.904194951057434,0.592322587966919,2.212874242237636,1.8534658604231424,1.8166283841233972,1.295055333570854
