clean_file,enhanced_file,sampling_rate,PESQ,SI_SDR,STOI,DNSMOS_p808_mos,DNSMOS_mos_sig,DNSMOS_mos_bak,DNSMOS_mos_ovr
p102_emo_interest_freeform,WF_p102_emo_interest_freeform_fold10_15544-5-0-14_SNR0dB.wav,16000,1.224196434020996,3.40737247467041,0.724859356880188,3.054100547518049,3.620219583693231,2.0618048862204126,2.3232297909828996
