clean_file,enhanced_file,sampling_rate,PESQ,SI_SDR,STOI,DNSMOS_p808_mos,DNSMOS_mos_sig,DNSMOS_mos_bak,DNSMOS_mos_ovr
p106_rainbow_01_whisper,WF_p106_rainbow_01_whisper_fold10_99192-4-0-55_SNR0dB.wav,16000,1.0263090133666992,-1.727595329284668,0.2992859482765198,2.4258720874786377,2.3044275280802364,3.37110426806076,1.9229533296018633
