clean_file,enhanced_file,sampling_rate,PESQ,SI_SDR,STOI,DNSMOS_p808_mos,DNSMOS_mos_sig,DNSMOS_mos_bak,DNSMOS_mos_ovr
p105_sentences_05_loud,WF_p105_sentences_05_loud_fold10_83191-9-0-0_SNR0dB.wav,16000,1.2978435754776,-0.06540532410144806,0.5910446643829346,2.879091944013323,4.104036035321928,1.9754705824606302,2.4685188973960424
