clean_file,enhanced_file,sampling_rate,PESQ,SI_SDR,STOI,DNSMOS_p808_mos,DNSMOS_mos_sig,DNSMOS_mos_bak,DNSMOS_mos_ovr
p102_emo_pride_sentences,WF_p102_emo_pride_sentences_fold10_15544-5-0-3_SNR0dB.wav,16000,1.2701585292816162,4.7182536125183105,0.6826971769332886,2.4675512313842773,2.3781925744203565,2.23126122459733,1.7540665479560729
