clean_file,enhanced_file,sampling_rate,PESQ,SI_SDR,STOI,DNSMOS_p808_mos,DNSMOS_mos_sig,DNSMOS_mos_bak,DNSMOS_mos_ovr
p105_sentences_02_highpitch,WF_p105_sentences_02_highpitch_fold10_7913-3-3-0_SNR0dB.wav,16000,1.26038658618927,-0.128334179520607,0.6070538759231567,3.246554510934012,4.233934287506104,2.235316131166034,2.654681682972215
