clean_file,enhanced_file,sampling_rate,PESQ,SI_SDR,STOI,DNSMOS_p808_mos,DNSMOS_mos_sig,DNSMOS_mos_bak,DNSMOS_mos_ovr
p102_emo_fear_freeform,WF_p102_emo_fear_freeform_fold10_15544-5-0-10_SNR0dB.wav,16000,1.218593716621399,5.685111045837402,0.7898055911064148,2.756618118286133,3.4108557313498773,1.8756797288536848,2.0059093290903265
