clean_file,enhanced_file,sampling_rate,PESQ,SI_SDR,STOI,DNSMOS_p808_mos,DNSMOS_mos_sig,DNSMOS_mos_bak,DNSMOS_mos_ovr
p103_vegetative_yawning,WF_p103_vegetative_yawning_fold10_188813-7-2-0_SNR0dB.wav,16000,1.3180679082870483,0.1362835019826889,0.21819227933883667,2.3063064018885293,3.358398269751312,1.5699655459358322,1.8846951931981657
