clean_file,enhanced_file,sampling_rate,PESQ,SI_SDR,STOI,DNSMOS_p808_mos,DNSMOS_mos_sig,DNSMOS_mos_bak,DNSMOS_mos_ovr
p103_rainbow_02_whisper,WF_p103_rainbow_02_whisper_fold10_178261-7-3-3_SNR0dB.wav,16000,1.029727816581726,1.2941848039627075,0.3725343346595764,2.247305359159197,1.293680964395903,2.031273507902781,0.9885292704485187
