clean_file,enhanced_file,sampling_rate,PESQ,SI_SDR,STOI,DNSMOS_p808_mos,DNSMOS_mos_sig,DNSMOS_mos_bak,DNSMOS_mos_ovr
p105_nonverbal_yelling,WF_p105_nonverbal_yelling_fold10_73524-0-0-23_SNR0dB.wav,16000,1.2665023803710938,8.14785099029541,0.7609182596206665,2.2880020141601562,3.8081675631917644,1.6793724319161667,1.9763638822243368
