clean_file,enhanced_file,sampling_rate,PESQ,SI_SDR,STOI,DNSMOS_p808_mos,DNSMOS_mos_sig,DNSMOS_mos_bak,DNSMOS_mos_ovr
p106_emo_serenity_sentences,WF_p106_emo_serenity_sentences_fold10_99192-4-0-20_SNR0dB.wav,16000,1.0565534830093384,2.5963339805603027,0.5606284141540527,2.200490856170654,3.061515059494311,2.094648251062364,1.9328545115159934
