clean_file,enhanced_file,sampling_rate,PESQ,SI_SDR,STOI,DNSMOS_p808_mos,DNSMOS_mos_sig,DNSMOS_mos_bak,DNSMOS_mos_ovr
p101_sentences_02_lowpitch,WF_p101_sentences_02_lowpitch_fold10_136558-9-1-10_SNR0dB.wav,16000,1.0737731456756592,-0.2592267394065857,0.6043866276741028,2.337626099586487,3.990731119959488,1.6879150008811212,2.0704851688934394
