clean_file,enhanced_file,sampling_rate,PESQ,SI_SDR,STOI,DNSMOS_p808_mos,DNSMOS_mos_sig,DNSMOS_mos_bak,DNSMOS_mos_ovr
p105_emo_anger_freeform,WF_p105_emo_anger_freeform_fold10_39847-5-0-3_SNR0dB.wav,16000,1.079849123954773,2.861711025238037,0.6022796630859375,2.2065134048461914,3.4278230409394874,1.672115122120121,1.832165946129249
