clean_file,enhanced_file,sampling_rate,PESQ,SI_SDR,STOI,DNSMOS_p808_mos,DNSMOS_mos_sig,DNSMOS_mos_bak,DNSMOS_mos_ovr
p101_rainbow_06_loud,WF_p101_rainbow_06_loud_fold10_118558-5-0-2_SNR0dB.wav,16000,1.1740643978118896,5.830986499786377,0.7242006659507751,2.478546142578125,3.5433527209958484,2.2442042084760363,2.3803441126694422
