clean_file,enhanced_file,sampling_rate,PESQ,SI_SDR,STOI,DNSMOS_p808_mos,DNSMOS_mos_sig,DNSMOS_mos_bak,DNSMOS_mos_ovr
p104_vegetative_sneezing,WF_p104_vegetative_sneezing_fold10_34050-7-5-0_SNR0dB.wav,16000,1.1730966567993164,2.62536883354187,0.4266904592514038,2.4289315144220986,2.3842724048004573,1.7604309239694966,1.5153400250247107
