clean_file,enhanced_file,sampling_rate,PESQ,SI_SDR,STOI,DNSMOS_p808_mos,DNSMOS_mos_sig,DNSMOS_mos_bak,DNSMOS_mos_ovr
p102_rainbow_05_whisper,WF_p102_rainbow_05_whisper_fold10_162134-7-12-4_SNR0dB.wav,16000,1.0332767963409424,0.4732176661491394,0.41409096121788025,2.310827096303304,1.398812491646674,1.614730485576913,1.054469893767924
