clean_file,enhanced_file,sampling_rate,PESQ,SI_SDR,STOI,DNSMOS_p808_mos,DNSMOS_mos_sig,DNSMOS_mos_bak,DNSMOS_mos_ovr
p104_emo_contentment_sentences,WF_p104_emo_contentment_sentences_fold10_189982-0-0-18_SNR0dB.wav,16000,1.15790855884552,3.919004201889038,0.6071776747703552,2.547555685043335,1.8478475674258876,2.5965351580507545,1.5310888806001288
