clean_file,enhanced_file,sampling_rate,PESQ,SI_SDR,STOI,DNSMOS_p808_mos,DNSMOS_mos_sig,DNSMOS_mos_bak,DNSMOS_mos_ovr
p103_emo_anger_sentences,WF_p103_emo_anger_sentences_fold10_165640-4-0-2_SNR0dB.wav,16000,1.1190954446792603,1.3302888870239258,0.6216862797737122,2.783602135522025,4.023255178703254,1.8722647609904635,2.379633053734839
