clean_file,enhanced_file,sampling_rate,PESQ,SI_SDR,STOI,DNSMOS_p808_mos,DNSMOS_mos_sig,DNSMOS_mos_bak,DNSMOS_mos_ovr
p101_rainbow_06_whisper,WF_p101_rainbow_06_whisper_fold10_118558-5-2-0_SNR0dB.wav,16000,1.2330067157745361,3.057166337966919,0.7778478860855103,2.9355196952819824,3.0035972149556893,3.214815370650253,2.4771200230501487
