clean_file,enhanced_file,sampling_rate,PESQ,SI_SDR,STOI,DNSMOS_p808_mos,DNSMOS_mos_sig,DNSMOS_mos_bak,DNSMOS_mos_ovr
p105_rainbow_06_highpitch,WF_p105_rainbow_06_highpitch_fold10_74364-8-1-4_SNR0dB.wav,16000,1.044830560684204,0.2046317607164383,0.6413127779960632,2.4887521862983704,3.3544631504041096,2.4543913928361407,2.4497152747513136
