clean_file,enhanced_file,sampling_rate,PESQ,SI_SDR,STOI,DNSMOS_p808_mos,DNSMOS_mos_sig,DNSMOS_mos_bak,DNSMOS_mos_ovr
p104_nonverbal_yelling,WF_p104_nonverbal_yelling_fold10_197554-2-0-82_SNR0dB.wav,16000,1.469673991203308,1.812212586402893,0.8024572730064392,2.5011065006256104,3.8527260398105376,2.3338891212809743,2.596510733718689
