clean_file,enhanced_file,sampling_rate,PESQ,SI_SDR,STOI,DNSMOS_p808_mos,DNSMOS_mos_sig,DNSMOS_mos_bak,DNSMOS_mos_ovr
p104_rainbow_06_highpitch,WF_p104_rainbow_06_highpitch_fold10_207213-2-0-52_SNR0dB.wav,16000,1.1912287473678589,-0.19422590732574463,0.7927964925765991,2.839436411857605,3.886021050494822,1.6402442299944298,2.0525667853784153
