clean_file,enhanced_file,sampling_rate,PESQ,SI_SDR,STOI,DNSMOS_p808_mos,DNSMOS_mos_sig,DNSMOS_mos_bak,DNSMOS_mos_ovr
p103_rainbow_06_slow,WF_p103_rainbow_06_slow_fold10_180127-4-0-19_SNR0dB.wav,16000,1.1689667701721191,6.615817546844482,0.5798442363739014,2.5792697535620794,2.9468908254833424,2.3763888243128655,2.1013230580836133
