clean_file,enhanced_file,sampling_rate,PESQ,SI_SDR,STOI,DNSMOS_p808_mos,DNSMOS_mos_sig,DNSMOS_mos_bak,DNSMOS_mos_ovr
p102_vegetative_coughing,WF_p102_vegetative_coughing_fold10_164646-6-0-0_SNR0dB.wav,16000,1.254688024520874,0.222966730594635,0.6252115964889526,2.5931835855756487,2.1372226028842336,2.1433874812531792,1.586746788067536
