clean_file,enhanced_file,sampling_rate,PESQ,SI_SDR,STOI,DNSMOS_p808_mos,DNSMOS_mos_sig,DNSMOS_mos_bak,DNSMOS_mos_ovr
p105_rainbow_02_fast,WF_p105_rainbow_02_fast_fold10_73524-0-0-63_SNR0dB.wav,16000,1.1790200471878052,2.1481337547302246,0.6951682567596436,2.596981406211853,2.285536754864169,2.527797681558972,1.792340758133746
