clean_file,enhanced_file,sampling_rate,PESQ,SI_SDR,STOI,DNSMOS_p808_mos,DNSMOS_mos_sig,DNSMOS_mos_bak,DNSMOS_mos_ovr
p102_sentences_02_whisper,WF_p102_sentences_02_whisper_fold10_162134-7-8-7_SNR0dB.wav,16000,1.033584713935852,1.206987738609314,0.36384233832359314,2.19130277633667,1.5643791394484616,1.5460105516610951,1.0238732904878052
