clean_file,enhanced_file,sampling_rate,PESQ,SI_SDR,STOI,DNSMOS_p808_mos,DNSMOS_mos_sig,DNSMOS_mos_bak,DNSMOS_mos_ovr
p101_sentences_02_loud,WF_p101_sentences_02_loud_fold10_136558-9-0-2_SNR0dB.wav,16000,1.311976671218872,0.07191308587789536,0.8327887654304504,2.5586344401041665,3.770623199909828,1.300645716665904,1.489911037903098
