clean_file,enhanced_file,sampling_rate,PESQ,SI_SDR,STOI,DNSMOS_p808_mos,DNSMOS_mos_sig,DNSMOS_mos_bak,DNSMOS_mos_ovr
p106_emo_disappointment_freeform,WF_p106_emo_disappointment_freeform_fold10_88121-8-1-0_SNR0dB.wav,16000,1.116433024406433,0.2193509042263031,0.739715576171875,2.7804266725267683,3.5823678977994438,2.0277726901497046,2.111509287405018
