clean_file,enhanced_file,sampling_rate,PESQ,SI_SDR,STOI,DNSMOS_p808_mos,DNSMOS_mos_sig,DNSMOS_mos_bak,DNSMOS_mos_ovr
p104_emo_anger_freeform,WF_p104_emo_anger_freeform_fold10_188813-7-9-0_SNR0dB.wav,16000,1.0489226579666138,0.6399553418159485,0.7151928544044495,2.2743515968322754,3.33434406418488,1.3219048186416802,1.5558952046134396
