clean_file,enhanced_file,sampling_rate,PESQ,SI_SDR,STOI,DNSMOS_p808_mos,DNSMOS_mos_sig,DNSMOS_mos_bak,DNSMOS_mos_ovr
p103_emo_pride_sentences,WF_p103_emo_pride_sentences_fold10_169261-6-0-0_SNR0dB.wav,16000,1.337664246559143,0.19687765836715698,0.6688603758811951,3.2026751382010326,4.058173976723901,2.101773204263966,2.6313132273046054
