clean_file,enhanced_file,sampling_rate,PESQ,SI_SDR,STOI,DNSMOS_p808_mos,DNSMOS_mos_sig,DNSMOS_mos_bak,DNSMOS_mos_ovr
p105_emo_interest_freeform,WF_p105_emo_interest_freeform_fold10_69661-3-0-14_SNR0dB.wav,16000,1.189645767211914,-0.7318901419639587,0.5281280279159546,3.1748437881469727,3.7677210772537277,2.0659922557786334,2.3036703974122146
