clean_file,enhanced_file,sampling_rate,PESQ,SI_SDR,STOI,DNSMOS_p808_mos,DNSMOS_mos_sig,DNSMOS_mos_bak,DNSMOS_mos_ovr
p105_sentences_09_fast,WF_p105_sentences_09_fast_fold10_83191-9-0-4_SNR0dB.wav,16000,1.2024714946746826,3.0429301261901855,0.5941949486732483,2.418395383017404,3.2120562323233033,2.0326968264345253,2.1699167517559568
