clean_file,enhanced_file,sampling_rate,PESQ,SI_SDR,STOI,DNSMOS_p808_mos,DNSMOS_mos_sig,DNSMOS_mos_bak,DNSMOS_mos_ovr
p103_rainbow_06_lowpitch,WF_p103_rainbow_06_lowpitch_fold10_180127-4-0-17_SNR0dB.wav,16000,1.1332825422286987,5.8906025886535645,0.6779482364654541,2.7341516494750975,3.0680480527895964,2.482082790372418,2.2193811074225716
