clean_file,enhanced_file,sampling_rate,PESQ,SI_SDR,STOI,DNSMOS_p808_mos,DNSMOS_mos_sig,DNSMOS_mos_bak,DNSMOS_mos_ovr
p104_sentences_12_highpitch,WF_p104_sentences_12_highpitch_fold10_28808-1-0-7_SNR0dB.wav,16000,1.184002161026001,0.16719144582748413,0.6568793058395386,2.678478854043143,3.572342815768874,1.5199781767335072,1.7140055194651593
