clean_file,enhanced_file,sampling_rate,PESQ,SI_SDR,STOI,DNSMOS_p808_mos,DNSMOS_mos_sig,DNSMOS_mos_bak,DNSMOS_mos_ovr
p101_sentences_17_regular,WF_p101_sentences_17_regular_fold10_14470-2-0-14_SNR0dB.wav,16000,1.1057331562042236,-0.29850271344184875,0.5959200263023376,2.7836870352427163,3.540452143100861,1.8524613920730257,2.230574629666504
