clean_file,enhanced_file,sampling_rate,PESQ,SI_SDR,STOI,DNSMOS_p808_mos,DNSMOS_mos_sig,DNSMOS_mos_bak,DNSMOS_mos_ovr
p105_emo_pride_sentences,WF_p105_emo_pride_sentences_fold10_71312-3-0-5_SNR0dB.wav,16000,1.2489351034164429,-0.09296413511037827,0.7084453105926514,2.942519119807652,3.5455194546828355,1.9554861925175475,2.2277262151636554
