clean_file,enhanced_file,sampling_rate,PESQ,SI_SDR,STOI,DNSMOS_p808_mos,DNSMOS_mos_sig,DNSMOS_mos_bak,DNSMOS_mos_ovr
p105_emo_distress_sentences,WF_p105_emo_distress_sentences_fold10_54086-1-0-0_SNR0dB.wav,16000,1.2554333209991455,1.6492336988449097,0.7183318138122559,2.94754695892334,4.208902562569518,2.0410376583865917,2.541018254690205
