clean_file,enhanced_file,sampling_rate,PESQ,SI_SDR,STOI,DNSMOS_p808_mos,DNSMOS_mos_sig,DNSMOS_mos_bak,DNSMOS_mos_ovr
p103_rainbow_07_highpitch,WF_p103_rainbow_07_highpitch_fold10_180127-4-0-21_SNR0dB.wav,16000,1.095520257949829,6.766197204589844,0.5901550650596619,2.733586311340332,2.4088895361399194,2.3748384789200307,1.9444985151062555
