clean_file,enhanced_file,sampling_rate,PESQ,SI_SDR,STOI,DNSMOS_p808_mos,DNSMOS_mos_sig,DNSMOS_mos_bak,DNSMOS_mos_ovr
p105_rainbow_03_slow,WF_p105_rainbow_03_slow_fold10_74364-8-1-13_SNR0dB.wav,16000,1.0316765308380127,-2.440021276473999,0.5926139950752258,2.5774703366415843,2.8199251638315146,2.3030198454265043,2.079764520593034
