clean_file,enhanced_file,sampling_rate,PESQ,SI_SDR,STOI,DNSMOS_p808_mos,DNSMOS_mos_sig,DNSMOS_mos_bak,DNSMOS_mos_ovr
p105_sentences_17_regular,WF_p105_sentences_17_regular_fold10_83502-0-0-0_SNR0dB.wav,16000,1.1406224966049194,1.6609758138656616,0.5056634545326233,2.4699508803231374,3.3845629969861433,2.2153890204246123,2.1888858576168904
