clean_file,enhanced_file,sampling_rate,PESQ,SI_SDR,STOI,DNSMOS_p808_mos,DNSMOS_mos_sig,DNSMOS_mos_bak,DNSMOS_mos_ovr
p103_interjection_anger,WF_p103_interjection_anger_fold10_172519-9-0-10_SNR0dB.wav,16000,1.2456797361373901,4.236431121826172,0.5325237512588501,2.3614296913146973,2.2130145621723516,1.7821404392652869,1.4171269644733857
