clean_file,enhanced_file,sampling_rate,PESQ,SI_SDR,STOI,DNSMOS_p808_mos,DNSMOS_mos_sig,DNSMOS_mos_bak,DNSMOS_mos_ovr
p104_sentences_11_highpitch,WF_p104_sentences_11_highpitch_fold10_28808-1-0-6_SNR0dB.wav,16000,1.158310890197754,-0.09915056824684143,0.7009883522987366,2.5184192657470703,3.9602945221592405,1.66999143202885,1.9657019132696079
