clean_file,enhanced_file,sampling_rate,PESQ,SI_SDR,STOI,DNSMOS_p808_mos,DNSMOS_mos_sig,DNSMOS_mos_bak,DNSMOS_mos_ovr
p104_sentences_17_regular,WF_p104_sentences_17_regular_fold10_2937-1-0-0_SNR0dB.wav,16000,1.196213960647583,6.098639965057373,0.727171003818512,2.7575946875980923,3.0856293425456442,1.6364074170131435,1.6171472366404103
