clean_file,enhanced_file,sampling_rate,PESQ,SI_SDR,STOI,DNSMOS_p808_mos,DNSMOS_mos_sig,DNSMOS_mos_bak,DNSMOS_mos_ovr
p103_rainbow_08_fast,WF_p103_rainbow_08_fast_fold10_180127-4-0-7_SNR0dB.wav,16000,1.1306594610214233,3.6930999755859375,0.7402832508087158,3.096682684762137,2.559341283199276,2.4481361360956675,1.881966511105438
