clean_file,enhanced_file,sampling_rate,PESQ,SI_SDR,STOI,DNSMOS_p808_mos,DNSMOS_mos_sig,DNSMOS_mos_bak,DNSMOS_mos_ovr
p104_rainbow_08_fast,WF_p104_rainbow_08_fast_fold10_22973-3-0-1_SNR0dB.wav,16000,1.0602010488510132,1.7483891248703003,0.7472020387649536,2.676630973815918,4.190117891227296,2.0514009850651727,2.503723375435013
