clean_file,enhanced_file,sampling_rate,PESQ,SI_SDR,STOI,DNSMOS_p808_mos,DNSMOS_mos_sig,DNSMOS_mos_bak,DNSMOS_mos_ovr
p101_emo_guilt_sentences,WF_p101_emo_guilt_sentences_fold10_102857-5-0-18_SNR0dB.wav,16000,1.7003891468048096,9.412914276123047,0.7283912301063538,2.730782079696655,3.7365388926699366,2.488335423636715,2.6281418497965845
