clean_file,enhanced_file,sampling_rate,PESQ,SI_SDR,STOI,DNSMOS_p808_mos,DNSMOS_mos_sig,DNSMOS_mos_bak,DNSMOS_mos_ovr
p101_rainbow_03_slow,WF_p101_rainbow_03_slow_fold10_117889-9-0-39_SNR0dB.wav,16000,1.0475980043411255,0.14114852249622345,0.6084222793579102,2.4612675110499063,2.493260568190299,2.6346450152510505,1.8487634454873423
