clean_file,enhanced_file,sampling_rate,PESQ,SI_SDR,STOI,DNSMOS_p808_mos,DNSMOS_mos_sig,DNSMOS_mos_bak,DNSMOS_mos_ovr
p105_rainbow_08_loud,WF_p105_rainbow_08_loud_fold10_77901-9-0-1_SNR0dB.wav,16000,1.0578981637954712,0.43268710374832153,0.577942430973053,2.2200113364628384,3.2188333324656715,1.88522245231489,2.0287177653826833
