clean_file,enhanced_file,sampling_rate,PESQ,SI_SDR,STOI,DNSMOS_p808_mos,DNSMOS_mos_sig,DNSMOS_mos_bak,DNSMOS_mos_ovr
p104_interjection_congratulations,WF_p104_interjection_congratulations_fold10_196127-3-0-3_SNR0dB.wav,16000,1.3825085163116455,0.007923193275928497,0.7718560099601746,2.8548149381365096,4.16898805497736,2.189095472527891,2.676757872264414
