clean_file,enhanced_file,sampling_rate,PESQ,SI_SDR,STOI,DNSMOS_p808_mos,DNSMOS_mos_sig,DNSMOS_mos_bak,DNSMOS_mos_ovr
p105_emo_adoration_freeform,WF_p105_emo_adoration_freeform_fold10_39847-5-0-0_SNR0dB.wav,16000,1.1306394338607788,0.8474772572517395,0.39734750986099243,2.103672981262207,1.3245996310287094,2.0267091617720556,1.0615320709440192
