clean_file,enhanced_file,sampling_rate,PESQ,SI_SDR,STOI,DNSMOS_p808_mos,DNSMOS_mos_sig,DNSMOS_mos_bak,DNSMOS_mos_ovr
p104_emo_cuteness_freeform,WF_p104_emo_cuteness_freeform_fold10_189982-0-0-19_SNR0dB.wav,16000,1.1473332643508911,5.823592185974121,0.6562758088111877,2.248998999595642,3.0882793538139204,2.2272693799057883,2.1541959008905702
