clean_file,enhanced_file,sampling_rate,PESQ,SI_SDR,STOI,DNSMOS_p808_mos,DNSMOS_mos_sig,DNSMOS_mos_bak,DNSMOS_mos_ovr
p102_sentences_20_regular,WF_p102_sentences_20_regular_fold10_164377-9-1-3_SNR0dB.wav,16000,1.084618330001831,0.07319764792919159,0.6373880505561829,3.0349485874176025,2.227847708637944,2.0867630041283864,1.5603125283720563
