clean_file,enhanced_file,sampling_rate,PESQ,SI_SDR,STOI,DNSMOS_p808_mos,DNSMOS_mos_sig,DNSMOS_mos_bak,DNSMOS_mos_ovr
p105_emo_amazement_sentences,WF_p105_emo_amazement_sentences_fold10_39847-5-0-11_SNR0dB.wav,16000,1.1571707725524902,2.7014307975769043,0.5004404783248901,2.078611373901367,2.5452099712253133,1.7524345629851217,1.6312487838635676
