clean_file,enhanced_file,sampling_rate,PESQ,SI_SDR,STOI,DNSMOS_p808_mos,DNSMOS_mos_sig,DNSMOS_mos_bak,DNSMOS_mos_ovr
p103_emo_anger_freeform,WF_p103_emo_anger_freeform_fold10_165640-4-0-1_SNR0dB.wav,16000,1.1721724271774292,7.786106586456299,0.7640262842178345,2.5674925645192466,3.223509283532714,1.6799166514821715,1.7520641724171995
