clean_file,enhanced_file,sampling_rate,PESQ,SI_SDR,STOI,DNSMOS_p808_mos,DNSMOS_mos_sig,DNSMOS_mos_bak,DNSMOS_mos_ovr
p102_rainbow_03_fast,WF_p102_rainbow_03_fast_fold10_162134-7-0-0_SNR0dB.wav,16000,1.0451600551605225,0.6743530035018921,0.6580018401145935,2.222515821456909,3.5895601709730385,1.7239327754386633,1.9885463531327274
