clean_file,enhanced_file,sampling_rate,PESQ,SI_SDR,STOI,DNSMOS_p808_mos,DNSMOS_mos_sig,DNSMOS_mos_bak,DNSMOS_mos_ovr
p104_rainbow_07_whisper,WF_p104_rainbow_07_whisper_fold10_22973-3-0-0_SNR0dB.wav,16000,1.035109043121338,-0.9319323301315308,0.5040160417556763,2.5452935014452254,1.7979967478414098,2.1199148556526892,1.439780605087474
