clean_file,enhanced_file,sampling_rate,PESQ,SI_SDR,STOI,DNSMOS_p808_mos,DNSMOS_mos_sig,DNSMOS_mos_bak,DNSMOS_mos_ovr
p102_nonverbal_cheering,WF_p102_nonverbal_cheering_fold10_157207-6-7-0_SNR0dB.wav,16000,1.0814305543899536,0.7205004096031189,0.6319546103477478,2.630086660385132,3.5467267277187227,1.557280130691836,1.904580620590675
