clean_file,enhanced_file,sampling_rate,PESQ,SI_SDR,STOI,DNSMOS_p808_mos,DNSMOS_mos_sig,DNSMOS_mos_bak,DNSMOS_mos_ovr
p101_rainbow_03_lowpitch,WF_p101_rainbow_03_lowpitch_fold10_117889-9-0-30_SNR0dB.wav,16000,1.1433191299438477,1.7180973291397095,0.7024552822113037,2.5929665565490723,2.8478748505922473,2.037628822702947,1.9286000763121054
