clean_file,enhanced_file,sampling_rate,PESQ,SI_SDR,STOI,DNSMOS_p808_mos,DNSMOS_mos_sig,DNSMOS_mos_bak,DNSMOS_mos_ovr
p103_vegetative_coughing,WF_p103_vegetative_coughing_fold10_188813-7-11-0_SNR0dB.wav,16000,1.2340461015701294,3.3546926975250244,0.6431286334991455,2.384584426879883,2.801538756944019,1.667825502680449,1.7634394381740601
