clean_file,enhanced_file,sampling_rate,PESQ,SI_SDR,STOI,DNSMOS_p808_mos,DNSMOS_mos_sig,DNSMOS_mos_bak,DNSMOS_mos_ovr
p105_emo_confusion_freeform,WF_p105_emo_confusion_freeform_fold10_39847-5-0-5_SNR0dB.wav,16000,1.1003994941711426,1.2805140018463135,0.46686315536499023,2.1547745295933316,1.0952453319189726,1.9368754698187196,0.9835891929216486
