clean_file,enhanced_file,sampling_rate,PESQ,SI_SDR,STOI,DNSMOS_p808_mos,DNSMOS_mos_sig,DNSMOS_mos_bak,DNSMOS_mos_ovr
p103_sentences_19_regular,WF_p103_sentences_19_regular_fold10_188813-7-0-0_SNR0dB.wav,16000,1.0985051393508911,3.321131467819214,0.6116913557052612,2.4975881576538086,4.081435725662962,1.797888803542518,2.3446170398011232
