clean_file,enhanced_file,sampling_rate,PESQ,SI_SDR,STOI,DNSMOS_p808_mos,DNSMOS_mos_sig,DNSMOS_mos_bak,DNSMOS_mos_ovr
p105_vegetative_coughing,WF_p105_vegetative_coughing_fold10_83502-0-0-4_SNR0dB.wav,16000,1.236893892288208,3.9419057369232178,0.7120967507362366,2.635904312133789,2.8020349306119203,1.6918968598566706,1.6266437561495088
