clean_file,enhanced_file,sampling_rate,PESQ,SI_SDR,STOI,DNSMOS_p808_mos,DNSMOS_mos_sig,DNSMOS_mos_bak,DNSMOS_mos_ovr
p104_sentences_01_slow,WF_p104_sentences_01_slow_fold10_26344-4-0-0_SNR0dB.wav,16000,1.1301562786102295,0.409333735704422,0.6220728754997253,2.7306481770106723,4.289695765178782,2.009052446010663,2.5392947357798996
