clean_file,enhanced_file,sampling_rate,PESQ,SI_SDR,STOI,DNSMOS_p808_mos,DNSMOS_mos_sig,DNSMOS_mos_bak,DNSMOS_mos_ovr
p102_sentences_01_regular,WF_p102_sentences_01_regular_fold10_162134-7-7-0_SNR0dB.wav,16000,1.0943825244903564,0.5148208141326904,0.5793315172195435,2.354670226573944,3.8682665479503298,1.6321891396919725,2.0742180812646724
