clean_file,enhanced_file,sampling_rate,PESQ,SI_SDR,STOI,DNSMOS_p808_mos,DNSMOS_mos_sig,DNSMOS_mos_bak,DNSMOS_mos_ovr
p105_rainbow_03_regular,WF_p105_rainbow_03_regular_fold10_74364-8-1-12_SNR0dB.wav,16000,1.150266408920288,-0.4592633843421936,0.7031204700469971,2.9180466447557722,3.5845755123251735,1.9904115826425568,2.256831155177792
