clean_file,enhanced_file,sampling_rate,PESQ,SI_SDR,STOI,DNSMOS_p808_mos,DNSMOS_mos_sig,DNSMOS_mos_bak,DNSMOS_mos_ovr
p104_rainbow_02_highpitch,WF_p104_rainbow_02_highpitch_fold10_200460-6-4-0_SNR0dB.wav,16000,1.1418532133102417,0.0603930726647377,0.8472892045974731,3.2505363623301187,4.214114076647285,2.729198960494331,3.0604864829622236
