clean_file,enhanced_file,sampling_rate,PESQ,SI_SDR,STOI,DNSMOS_p808_mos,DNSMOS_mos_sig,DNSMOS_mos_bak,DNSMOS_mos_ovr
p104_rainbow_08_highpitch,WF_p104_rainbow_08_highpitch_fold10_22973-3-0-2_SNR0dB.wav,16000,1.0643309354782104,0.9173771739006042,0.7545596361160278,2.4828720773969377,4.141004252763517,1.7450298329903131,2.2354169508865556
