clean_file,enhanced_file,sampling_rate,PESQ,SI_SDR,STOI,DNSMOS_p808_mos,DNSMOS_mos_sig,DNSMOS_mos_bak,DNSMOS_mos_ovr
p102_emo_desire_sentences,WF_p102_emo_desire_sentences_fold10_155280-2-0-10_SNR0dB.wav,16000,1.402010440826416,0.5002888441085815,0.8608444333076477,3.307584524154663,3.5987160401979263,2.7148500119351757,2.6717788974080765
