clean_file,enhanced_file,sampling_rate,PESQ,SI_SDR,STOI,DNSMOS_p808_mos,DNSMOS_mos_sig,DNSMOS_mos_bak,DNSMOS_mos_ovr
p105_rainbow_02_loud,WF_p105_rainbow_02_loud_fold10_73524-0-0-74_SNR0dB.wav,16000,1.3281304836273193,3.557866096496582,0.7157788276672363,2.8390117713383267,3.0364483734410266,2.462560154320001,2.1888130299094892
