clean_file,enhanced_file,sampling_rate,PESQ,SI_SDR,STOI,DNSMOS_p808_mos,DNSMOS_mos_sig,DNSMOS_mos_bak,DNSMOS_mos_ovr
p103_rainbow_04_regular,WF_p103_rainbow_04_regular_fold10_178826-2-0-39_SNR0dB.wav,16000,1.0913163423538208,1.6433895826339722,0.7196816802024841,2.557249205453055,3.827702415451032,1.8737113610256908,2.1925933145339043
