clean_file,enhanced_file,sampling_rate,PESQ,SI_SDR,STOI,DNSMOS_p808_mos,DNSMOS_mos_sig,DNSMOS_mos_bak,DNSMOS_mos_ovr
p102_emo_anger_freeform,WF_p102_emo_anger_freeform_fold10_155241-9-0-88_SNR0dB.wav,16000,1.074033260345459,3.5533809661865234,0.7541429400444031,2.4657075064522878,3.678931007145222,1.5764831459124635,1.9202025009518806
