clean_file,enhanced_file,sampling_rate,PESQ,SI_SDR,STOI,DNSMOS_p808_mos,DNSMOS_mos_sig,DNSMOS_mos_bak,DNSMOS_mos_ovr
p106_emo_adoration_freeform,WF_p106_emo_adoration_freeform_fold10_83502-0-0-9_SNR0dB.wav,16000,1.0305237770080566,0.5860811471939087,0.5913039445877075,2.3473232814243863,3.1668015095489244,1.9928114515489201,1.976553500815481
