clean_file,enhanced_file,sampling_rate,PESQ,SI_SDR,STOI,DNSMOS_p808_mos,DNSMOS_mos_sig,DNSMOS_mos_bak,DNSMOS_mos_ovr
p104_rainbow_04_loud,WF_p104_rainbow_04_loud_fold10_203424-9-0-15_SNR0dB.wav,16000,1.0465713739395142,0.29612213373184204,0.6401877403259277,2.458878721509661,2.5745831372777146,1.8270179456674638,1.6429761244275374
