clean_file,enhanced_file,sampling_rate,PESQ,SI_SDR,STOI,DNSMOS_p808_mos,DNSMOS_mos_sig,DNSMOS_mos_bak,DNSMOS_mos_ovr
p105_rainbow_01_slow,WF_p105_rainbow_01_slow_fold10_73524-0-0-54_SNR0dB.wav,16000,1.1037877798080444,1.1184002161026,0.6471114754676819,2.2493294874827066,2.15004334204775,2.8608738213278273,1.8086105041802563
