clean_file,enhanced_file,sampling_rate,PESQ,SI_SDR,STOI,DNSMOS_p808_mos,DNSMOS_mos_sig,DNSMOS_mos_bak,DNSMOS_mos_ovr
p105_rainbow_07_loud,WF_p105_rainbow_07_loud_fold10_74922-4-0-2_SNR0dB.wav,16000,1.0670135021209717,4.7494049072265625,0.6885120868682861,2.5313121250697543,4.075788975361301,2.0713859659173743,2.5825259124222595
