clean_file,enhanced_file,sampling_rate,PESQ,SI_SDR,STOI,DNSMOS_p808_mos,DNSMOS_mos_sig,DNSMOS_mos_bak,DNSMOS_mos_ovr
p103_sentences_14_lowpitch,WF_p103_sentences_14_lowpitch_fold10_188497-2-0-17_SNR0dB.wav,16000,1.1383247375488281,2.6827170848846436,0.5955634713172913,2.3687029225485667,2.4185222003233915,2.0549991707929833,1.7544431295222451
