clean_file,enhanced_file,sampling_rate,PESQ,SI_SDR,STOI,DNSMOS_p808_mos,DNSMOS_mos_sig,DNSMOS_mos_bak,DNSMOS_mos_ovr
p102_rainbow_05_regular,WF_p102_rainbow_05_regular_fold10_162134-7-12-2_SNR0dB.wav,16000,1.0419299602508545,1.0909919738769531,0.6145408749580383,2.049795055389404,3.3834145632191137,1.7833488717856176,1.9171473682045204
