clean_file,enhanced_file,sampling_rate,PESQ,SI_SDR,STOI,DNSMOS_p808_mos,DNSMOS_mos_sig,DNSMOS_mos_bak,DNSMOS_mos_ovr
p104_rainbow_06_fast,WF_p104_rainbow_06_fast_fold10_207213-2-0-41_SNR0dB.wav,16000,1.0726318359375,0.9570873379707336,0.6858895421028137,2.2557599544525146,1.7196332889693988,1.9732640712855245,1.4642523286828886
