clean_file,enhanced_file,sampling_rate,PESQ,SI_SDR,STOI,DNSMOS_p808_mos,DNSMOS_mos_sig,DNSMOS_mos_bak,DNSMOS_mos_ovr
p103_rainbow_05_lowpitch,WF_p103_rainbow_05_lowpitch_fold10_180127-4-0-11_SNR0dB.wav,16000,1.1596561670303345,5.303950309753418,0.6826419234275818,2.7665231227874756,2.9932334765713446,2.4793298854421306,2.2096259302469052
