clean_file,enhanced_file,sampling_rate,PESQ,SI_SDR,STOI,DNSMOS_p808_mos,DNSMOS_mos_sig,DNSMOS_mos_bak,DNSMOS_mos_ovr
p105_sentences_15_regular,WF_p105_sentences_15_regular_fold10_83195-9-0-6_SNR0dB.wav,16000,1.1568464040756226,0.07211676985025406,0.4425692856311798,2.3618364334106445,3.4955605302530195,2.0310528860703227,2.2241036671781242
