clean_file,enhanced_file,sampling_rate,PESQ,SI_SDR,STOI,DNSMOS_p808_mos,DNSMOS_mos_sig,DNSMOS_mos_bak,DNSMOS_mos_ovr
p101_rainbow_02_regular,WF_p101_rainbow_02_regular_fold10_115418-9-0-29_SNR0dB.wav,16000,1.137785792350769,0.5508867502212524,0.6630614399909973,2.444297194480896,2.9606444378087793,1.978725329495293,2.025984204133011
