clean_file,enhanced_file,sampling_rate,PESQ,SI_SDR,STOI,DNSMOS_p808_mos,DNSMOS_mos_sig,DNSMOS_mos_bak,DNSMOS_mos_ovr
p102_rainbow_02_whisper,WF_p102_rainbow_02_whisper_fold10_159742-8-0-9_SNR0dB.wav,16000,1.7868913412094116,-0.8449561595916748,0.6424316763877869,3.1114864349365234,2.004234012449313,2.218986394017268,1.7218217872781683
