clean_file,enhanced_file,sampling_rate,PESQ,SI_SDR,STOI,DNSMOS_p808_mos,DNSMOS_mos_sig,DNSMOS_mos_bak,DNSMOS_mos_ovr
p101_rainbow_08_regular,WF_p101_rainbow_08_regular_fold10_128470-3-0-1_SNR0dB.wav,16000,1.5076591968536377,0.3443143367767334,0.8456769585609436,3.2071891171591624,4.137378456290617,1.9998168753600356,2.5340502477538656
