clean_file,enhanced_file,sampling_rate,PESQ,SI_SDR,STOI,DNSMOS_p808_mos,DNSMOS_mos_sig,DNSMOS_mos_bak,DNSMOS_mos_ovr
p104_sentences_22_regular,WF_p104_sentences_22_regular_fold10_34050-7-0-0_SNR0dB.wav,16000,1.091198205947876,2.758728504180908,0.5431402325630188,2.3522211483546664,2.3608785794161458,1.979951003985118,1.6426561346187725
