clean_file,enhanced_file,sampling_rate,PESQ,SI_SDR,STOI,DNSMOS_p808_mos,DNSMOS_mos_sig,DNSMOS_mos_bak,DNSMOS_mos_ovr
p103_interjection_congratulations,WF_p103_interjection_congratulations_fold10_172519-9-0-13_SNR0dB.wav,16000,1.0995702743530273,1.6563619375228882,0.5261673927307129,2.294814944267273,2.735250599353291,1.8729068116879337,1.7990674278402716
