clean_file,enhanced_file,sampling_rate,PESQ,SI_SDR,STOI,DNSMOS_p808_mos,DNSMOS_mos_sig,DNSMOS_mos_bak,DNSMOS_mos_ovr
p102_sentences_06_loud,WF_p102_sentences_06_loud_fold10_162134-7-9-3_SNR0dB.wav,16000,1.0666972398757935,2.336291551589966,0.664411723613739,2.354370559964861,3.64784921544222,1.5489931110857416,1.872076391980231
