clean_file,enhanced_file,sampling_rate,PESQ,SI_SDR,STOI,DNSMOS_p808_mos,DNSMOS_mos_sig,DNSMOS_mos_bak,DNSMOS_mos_ovr
p105_rainbow_03_highpitch,WF_p105_rainbow_03_highpitch_fold10_74364-8-1-1_SNR0dB.wav,16000,1.1116993427276611,-0.4405372738838196,0.7711160778999329,3.0315605912889754,3.8446972631361156,2.2234992198291565,2.4674107065683146
