clean_file,enhanced_file,sampling_rate,PESQ,SI_SDR,STOI,DNSMOS_p808_mos,DNSMOS_mos_sig,DNSMOS_mos_bak,DNSMOS_mos_ovr
p102_nonverbal_laughter_closed,WF_p102_nonverbal_laughter_closed_fold10_157207-6-9-0_SNR0dB.wav,16000,1.289520263671875,0.2403131127357483,0.7799166440963745,2.64196507136027,2.4221174515134183,2.7253258551992565,1.979230590862258
