clean_file,enhanced_file,sampling_rate,PESQ,SI_SDR,STOI,DNSMOS_p808_mos,DNSMOS_mos_sig,DNSMOS_mos_bak,DNSMOS_mos_ovr
p102_emo_distress_sentences,WF_p102_emo_distress_sentences_fold10_155280-2-0-6_SNR0dB.wav,16000,1.3063914775848389,2.011964797973633,0.7933079600334167,2.919858932495117,3.8309187697387648,2.0700806843216095,2.461486882602569
