clean_file,enhanced_file,sampling_rate,PESQ,SI_SDR,STOI,DNSMOS_p808_mos,DNSMOS_mos_sig,DNSMOS_mos_bak,DNSMOS_mos_ovr
p103_sentences_20_regular,WF_p103_sentences_20_regular_fold10_188813-7-1-0_SNR0dB.wav,16000,1.0736521482467651,2.8005120754241943,0.6151306629180908,2.368252788271223,4.100622352681724,1.6792149777372902,2.3212089220163112
