clean_file,enhanced_file,sampling_rate,PESQ,SI_SDR,STOI,DNSMOS_p808_mos,DNSMOS_mos_sig,DNSMOS_mos_bak,DNSMOS_mos_ovr
p105_nonverbal_crying,WF_p105_nonverbal_crying_fold10_73524-0-0-128_SNR0dB.wav,16000,1.1876604557037354,4.9575419425964355,0.6280150413513184,2.425612074988229,2.1405544328887154,2.256622114721593,1.5637874523961164
