clean_file,enhanced_file,sampling_rate,PESQ,SI_SDR,STOI,DNSMOS_p808_mos,DNSMOS_mos_sig,DNSMOS_mos_bak,DNSMOS_mos_ovr
p105_rainbow_04_loud,WF_p105_rainbow_04_loud_fold10_74364-8-1-17_SNR0dB.wav,16000,1.0634033679962158,-0.2825961709022522,0.7317036390304565,2.4645881993430003,4.0382393210743635,2.044095562342385,2.5448211560550034
