clean_file,enhanced_file,sampling_rate,PESQ,SI_SDR,STOI,DNSMOS_p808_mos,DNSMOS_mos_sig,DNSMOS_mos_bak,DNSMOS_mos_ovr
p103_melodic_happy_birthday,WF_p103_melodic_happy_birthday_fold10_172519-9-0-67_SNR0dB.wav,16000,1.074249267578125,1.4065773487091064,0.6576737761497498,2.489410025732858,2.8263443180458734,1.8084362103435325,1.7128081304223994
