clean_file,enhanced_file,sampling_rate,PESQ,SI_SDR,STOI,DNSMOS_p808_mos,DNSMOS_mos_sig,DNSMOS_mos_bak,DNSMOS_mos_ovr
p102_rainbow_05_slow,WF_p102_rainbow_05_slow_fold10_162134-7-12-3_SNR0dB.wav,16000,1.0434138774871826,1.4108448028564453,0.643354058265686,2.1177624225616456,3.505855969665247,1.7108750496549863,1.9585502503579957
