clean_file,enhanced_file,sampling_rate,PESQ,SI_SDR,STOI,DNSMOS_p808_mos,DNSMOS_mos_sig,DNSMOS_mos_bak,DNSMOS_mos_ovr
p105_sentences_01_fast,WF_p105_sentences_01_fast_fold10_77901-9-0-7_SNR0dB.wav,16000,1.057139277458191,1.5776762962341309,0.6300144195556641,2.4388256072998047,3.458190877024953,1.863631766417194,2.0440444887917426
