clean_file,enhanced_file,sampling_rate,PESQ,SI_SDR,STOI,DNSMOS_p808_mos,DNSMOS_mos_sig,DNSMOS_mos_bak,DNSMOS_mos_ovr
p104_emo_sadness_freeform,WF_p104_emo_sadness_freeform_fold10_196084-2-0-0_SNR0dB.wav,16000,1.172169804573059,-0.029235947877168655,0.7253707051277161,3.4755260348320007,3.2724351909106324,1.8783577237288107,1.941957768406163
