clean_file,enhanced_file,sampling_rate,PESQ,SI_SDR,STOI,DNSMOS_p808_mos,DNSMOS_mos_sig,DNSMOS_mos_bak,DNSMOS_mos_ovr
p106_emo_fear_sentences,WF_p106_emo_fear_sentences_fold10_93567-8-0-17_SNR0dB.wav,16000,1.210365653038025,2.0979912281036377,0.5976743698120117,2.5337257385253906,3.572958666216337,2.1751148906316686,2.415924789276012
