clean_file,enhanced_file,sampling_rate,PESQ,SI_SDR,STOI,DNSMOS_p808_mos,DNSMOS_mos_sig,DNSMOS_mos_bak,DNSMOS_mos_ovr
p104_emo_serenity_sentences,WF_p104_emo_serenity_sentences_fold10_196086-2-0-0_SNR0dB.wav,16000,1.3189408779144287,-0.12805236876010895,0.711556077003479,3.4846842288970947,3.763366714156496,1.9618998182729617,2.150131150158132
