clean_file,enhanced_file,sampling_rate,PESQ,SI_SDR,STOI,DNSMOS_p808_mos,DNSMOS_mos_sig,DNSMOS_mos_bak,DNSMOS_mos_ovr
p102_sentences_02_fast,WF_p102_sentences_02_fast_fold10_162134-7-8-1_SNR0dB.wav,16000,1.055546522140503,1.9226858615875244,0.680960476398468,2.304722309112549,3.923002457318316,1.5799955590721835,2.032499773517307
