clean_file,enhanced_file,sampling_rate,PESQ,SI_SDR,STOI,DNSMOS_p808_mos,DNSMOS_mos_sig,DNSMOS_mos_bak,DNSMOS_mos_ovr
p103_nonverbal_laughter_open,WF_p103_nonverbal_laughter_open_fold10_174289-6-2-0_SNR0dB.wav,16000,1.46383535861969,0.5464252233505249,0.7537513971328735,2.3680459771837508,2.580587250673712,2.4560818441372474,1.9658482037049723
