clean_file,enhanced_file,sampling_rate,PESQ,SI_SDR,STOI,DNSMOS_p808_mos,DNSMOS_mos_sig,DNSMOS_mos_bak,DNSMOS_mos_ovr
p105_rainbow_08_slow,WF_p105_rainbow_08_slow_fold10_77901-9-0-4_SNR0dB.wav,16000,1.0421549081802368,-1.234757423400879,0.44161462783813477,2.229537384850638,2.378607965000865,2.2948117306992306,1.827583375431843
