clean_file,enhanced_file,sampling_rate,PESQ,SI_SDR,STOI,DNSMOS_p808_mos,DNSMOS_mos_sig,DNSMOS_mos_bak,DNSMOS_mos_ovr
p106_nonverbal_laughter_open,WF_p106_nonverbal_laughter_open_fold10_99192-4-0-40_SNR0dB.wav,16000,1.0574623346328735,0.009143129922449589,0.49460268020629883,2.4633913040161133,2.3292000479955215,1.764667411528782,1.5896350907304284
