clean_file,enhanced_file,sampling_rate,PESQ,SI_SDR,STOI,DNSMOS_p808_mos,DNSMOS_mos_sig,DNSMOS_mos_bak,DNSMOS_mos_ovr
p105_sentences_02_lowpitch,WF_p105_sentences_02_lowpitch_fold10_7965-3-16-0_SNR0dB.wav,16000,1.2979457378387451,3.512042760848999,0.6711028218269348,2.863980872290475,3.123205317505337,2.325149653002839,2.243758542147781
