clean_file,enhanced_file,sampling_rate,PESQ,SI_SDR,STOI,DNSMOS_p808_mos,DNSMOS_mos_sig,DNSMOS_mos_bak,DNSMOS_mos_ovr
p104_sentences_09_fast,WF_p104_sentences_09_fast_fold10_28808-1-0-4_SNR0dB.wav,16000,1.1432044506072998,1.5329201221466064,0.6526172757148743,2.6317205088479176,3.1316618598145345,1.9671058997818984,2.0281102269211524
