clean_file,enhanced_file,sampling_rate,PESQ,SI_SDR,STOI,DNSMOS_p808_mos,DNSMOS_mos_sig,DNSMOS_mos_bak,DNSMOS_mos_ovr
p101_emo_extasy_freeform,WF_p101_emo_extasy_freeform_fold10_102857-5-0-13_SNR0dB.wav,16000,1.8560864925384521,11.26809310913086,0.7092816829681396,2.48482608795166,3.9032389698876724,1.8164588202171126,2.3005050562776472
