clean_file,enhanced_file,sampling_rate,PESQ,SI_SDR,STOI,DNSMOS_p808_mos,DNSMOS_mos_sig,DNSMOS_mos_bak,DNSMOS_mos_ovr
p106_emo_sadness_freeform,WF_p106_emo_sadness_freeform_fold10_99192-4-0-15_SNR0dB.wav,16000,1.0475232601165771,0.24306470155715942,0.6067776679992676,2.3041266202926636,3.6732630701599267,2.3060839554600214,2.198712497641686
