clean_file,enhanced_file,sampling_rate,PESQ,SI_SDR,STOI,DNSMOS_p808_mos,DNSMOS_mos_sig,DNSMOS_mos_bak,DNSMOS_mos_ovr
p105_rainbow_05_regular,WF_p105_rainbow_05_regular_fold10_74364-8-1-25_SNR0dB.wav,16000,1.1350754499435425,-0.7909509539604187,0.713509738445282,2.581909554345267,3.854303429527564,1.8552148244337892,2.260226932588828
