clean_file,enhanced_file,sampling_rate,PESQ,SI_SDR,STOI,DNSMOS_p808_mos,DNSMOS_mos_sig,DNSMOS_mos_bak,DNSMOS_mos_ovr
p104_sentences_24_regular,WF_p104_sentences_24_regular_fold10_34050-7-2-0_SNR0dB.wav,16000,1.078242540359497,2.9723241329193115,0.5963473320007324,2.289334399359567,2.9490500292755257,1.7865241740324047,1.7829209133594865
