clean_file,enhanced_file,sampling_rate,PESQ,SI_SDR,STOI,DNSMOS_p808_mos,DNSMOS_mos_sig,DNSMOS_mos_bak,DNSMOS_mos_ovr
p102_emo_interest_sentences,WF_p102_emo_interest_sentences_fold10_15544-5-0-15_SNR0dB.wav,16000,1.2517573833465576,4.2884674072265625,0.6780098676681519,2.7946251233418784,2.4023970682633364,2.320854233852092,1.8291782242116688
