clean_file,enhanced_file,sampling_rate,PESQ,SI_SDR,STOI,DNSMOS_p808_mos,DNSMOS_mos_sig,DNSMOS_mos_bak,DNSMOS_mos_ovr
p101_rainbow_04_lowpitch,WF_p101_rainbow_04_lowpitch_fold10_118278-4-0-11_SNR0dB.wav,16000,1.0777244567871094,2.565033197402954,0.5881728529930115,2.108831524848938,2.5718784683192557,2.3459906251051037,1.926699601814535
