clean_file,enhanced_file,sampling_rate,PESQ,SI_SDR,STOI,DNSMOS_p808_mos,DNSMOS_mos_sig,DNSMOS_mos_bak,DNSMOS_mos_ovr
p103_rainbow_01_fast,WF_p103_rainbow_01_fast_fold10_174292-6-1-0_SNR0dB.wav,16000,1.103861927986145,-0.8993616104125977,0.8290442228317261,2.939527988433838,3.8869412311947507,1.9588117071673556,2.16712056676377
