clean_file,enhanced_file,sampling_rate,PESQ,SI_SDR,STOI,DNSMOS_p808_mos,DNSMOS_mos_sig,DNSMOS_mos_bak,DNSMOS_mos_ovr
p106_nonverbal_cheering,WF_p106_nonverbal_cheering_fold10_99192-4-0-32_SNR0dB.wav,16000,1.0666191577911377,0.8302453756332397,0.41741636395454407,2.2421430349349976,3.529621762477796,1.4421265130698446,1.7650785577613526
