clean_file,enhanced_file,sampling_rate,PESQ,SI_SDR,STOI,DNSMOS_p808_mos,DNSMOS_mos_sig,DNSMOS_mos_bak,DNSMOS_mos_ovr
p103_rainbow_02_lowpitch,WF_p103_rainbow_02_lowpitch_fold10_178261-7-3-0_SNR0dB.wav,16000,1.0607023239135742,3.1780195236206055,0.6666807532310486,2.2068252904074535,3.515114170519572,2.0374016088425155,2.2939009104652444
