clean_file,enhanced_file,sampling_rate,PESQ,SI_SDR,STOI,DNSMOS_p808_mos,DNSMOS_mos_sig,DNSMOS_mos_bak,DNSMOS_mos_ovr
p102_emo_relief_sentences,WF_p102_emo_relief_sentences_fold10_15544-5-0-7_SNR0dB.wav,16000,1.233329176902771,5.1051788330078125,0.6940016150474548,2.461263656616211,3.6012028434852805,2.3042391015279824,2.528931397293238
