clean_file,enhanced_file,sampling_rate,PESQ,SI_SDR,STOI,DNSMOS_p808_mos,DNSMOS_mos_sig,DNSMOS_mos_bak,DNSMOS_mos_ovr
p101_emo_anger_sentences,WF_p101_emo_anger_sentences_fold10_100795-3-1-1_SNR0dB.wav,16000,1.2731213569641113,0.04842057451605797,0.8121916055679321,3.3782784257616316,3.8516578882397963,2.0520480746633005,2.396726482059632
