clean_file,enhanced_file,sampling_rate,PESQ,SI_SDR,STOI,DNSMOS_p808_mos,DNSMOS_mos_sig,DNSMOS_mos_bak,DNSMOS_mos_ovr
p101_emo_fear_freeform,WF_p101_emo_fear_freeform_fold10_102857-5-0-15_SNR0dB.wav,16000,1.4792954921722412,8.726058006286621,0.7907001972198486,2.7630529403686523,3.9629579928271217,2.3227484788715467,2.6365128077261564
