clean_file,enhanced_file,sampling_rate,PESQ,SI_SDR,STOI,DNSMOS_p808_mos,DNSMOS_mos_sig,DNSMOS_mos_bak,DNSMOS_mos_ovr
p102_nonverbal_yelling,WF_p102_nonverbal_yelling_fold10_159742-8-0-0_SNR0dB.wav,16000,1.1176261901855469,3.3077430725097656,0.694658100605011,2.3852734565734863,3.729315409730227,1.5739463988829927,1.865924870366864
