clean_file,enhanced_file,sampling_rate,PESQ,SI_SDR,STOI,DNSMOS_p808_mos,DNSMOS_mos_sig,DNSMOS_mos_bak,DNSMOS_mos_ovr
p106_emo_contentment_sentences,WF_p106_emo_contentment_sentences_fold10_85665-3-0-0_SNR0dB.wav,16000,1.2774441242218018,-0.2781183123588562,0.7398436069488525,3.609797239303589,4.145066829148304,2.8228292472162324,2.8338314253297874
