clean_file,enhanced_file,sampling_rate,PESQ,SI_SDR,STOI,DNSMOS_p808_mos,DNSMOS_mos_sig,DNSMOS_mos_bak,DNSMOS_mos_ovr
p101_emo_interest_freeform,WF_p101_emo_interest_freeform_fold10_102857-5-0-19_SNR0dB.wav,16000,1.4009451866149902,6.946036338806152,0.7172240018844604,2.7687875543321883,3.567965290566209,2.7299806108500455,2.5516104872644836
