clean_file,enhanced_file,sampling_rate,PESQ,SI_SDR,STOI,DNSMOS_p808_mos,DNSMOS_mos_sig,DNSMOS_mos_bak,DNSMOS_mos_ovr
p104_rainbow_03_lowpitch,WF_p104_rainbow_03_lowpitch_fold10_202334-9-0-105_SNR0dB.wav,16000,1.0500597953796387,0.25209611654281616,0.6367365717887878,2.5994533470698764,2.176542500534348,1.9286507708228977,1.5209971063305103
