clean_file,enhanced_file,sampling_rate,PESQ,SI_SDR,STOI,DNSMOS_p808_mos,DNSMOS_mos_sig,DNSMOS_mos_bak,DNSMOS_mos_ovr
p104_rainbow_05_whisper,WF_p104_rainbow_05_whisper_fold10_207213-2-0-134_SNR0dB.wav,16000,1.213197946548462,-1.4422798156738281,0.746275782585144,2.8734116554260254,2.7326209181432963,2.5065268521111888,2.0668251569335854
