clean_file,enhanced_file,sampling_rate,PESQ,SI_SDR,STOI,DNSMOS_p808_mos,DNSMOS_mos_sig,DNSMOS_mos_bak,DNSMOS_mos_ovr
p104_rainbow_06_slow,WF_p104_rainbow_06_slow_fold10_208652-8-0-0_SNR0dB.wav,16000,1.0632511377334595,2.29706072807312,0.7452483773231506,2.4361863136291504,3.742715175248077,2.10676136761571,2.378116025544238
