clean_file,enhanced_file,sampling_rate,PESQ,SI_SDR,STOI,DNSMOS_p808_mos,DNSMOS_mos_sig,DNSMOS_mos_bak,DNSMOS_mos_ovr
p102_rainbow_03_lowpitch,WF_p102_rainbow_03_lowpitch_fold10_162134-7-1-0_SNR0dB.wav,16000,1.0603986978530884,0.19454418122768402,0.6492564082145691,2.52968031167984,3.7262327683120677,1.899461822845312,2.2946307517490667
