clean_file,enhanced_file,sampling_rate,PESQ,SI_SDR,STOI,DNSMOS_p808_mos,DNSMOS_mos_sig,DNSMOS_mos_bak,DNSMOS_mos_ovr
p105_emo_neutral_sentences,WF_p105_emo_neutral_sentences_fold10_7062-6-0-0_SNR0dB.wav,16000,1.144673466682434,-0.1579246073961258,0.5187936425209045,2.6994556188583374,3.547112133824669,2.679152787896598,2.531685904912522
