clean_file,enhanced_file,sampling_rate,PESQ,SI_SDR,STOI,DNSMOS_p808_mos,DNSMOS_mos_sig,DNSMOS_mos_bak,DNSMOS_mos_ovr
p106_emo_anger_freeform,WF_p106_emo_anger_freeform_fold10_84249-9-0-8_SNR0dB.wav,16000,1.083193302154541,2.581631660461426,0.5425164103507996,2.210093927383423,2.104756490234292,1.6906999311082374,1.394602971366406
