clean_file,enhanced_file,sampling_rate,PESQ,SI_SDR,STOI,DNSMOS_p808_mos,DNSMOS_mos_sig,DNSMOS_mos_bak,DNSMOS_mos_ovr
p102_sentences_12_highpitch,WF_p102_sentences_12_highpitch_fold10_164194-2-0-14_SNR0dB.wav,16000,1.066353440284729,0.48383650183677673,0.6307124495506287,2.5052404403686523,3.8125749319921596,1.6153976960118757,2.100190951191275
