clean_file,enhanced_file,sampling_rate,PESQ,SI_SDR,STOI,DNSMOS_p808_mos,DNSMOS_mos_sig,DNSMOS_mos_bak,DNSMOS_mos_ovr
p102_emo_amazement_sentences,WF_p102_emo_amazement_sentences_fold10_155241-9-0-69_SNR0dB.wav,16000,1.088303565979004,1.9234697818756104,0.7031859755516052,2.429408311843872,1.9422407600971856,1.5238088975564894,1.1892954839686063
