clean_file,enhanced_file,sampling_rate,PESQ,SI_SDR,STOI,DNSMOS_p808_mos,DNSMOS_mos_sig,DNSMOS_mos_bak,DNSMOS_mos_ovr
p102_rainbow_07_whisper,WF_p102_rainbow_07_whisper_fold10_162134-7-16-0_SNR0dB.wav,16000,1.027085781097412,0.702643096446991,0.4075482189655304,2.389654517173767,1.4910629343571502,1.5490091487682356,1.0374849269449982
