clean_file,enhanced_file,sampling_rate,PESQ,SI_SDR,STOI,DNSMOS_p808_mos,DNSMOS_mos_sig,DNSMOS_mos_bak,DNSMOS_mos_ovr
p103_emo_realization_freeform,WF_p103_emo_realization_freeform_fold10_17074-1-0-0_SNR0dB.wav,16000,1.5696582794189453,5.1686506271362305,0.5289496183395386,2.6936869280678883,2.641164546531578,2.702189722900584,1.9699730009660172
