clean_file,enhanced_file,sampling_rate,PESQ,SI_SDR,STOI,DNSMOS_p808_mos,DNSMOS_mos_sig,DNSMOS_mos_bak,DNSMOS_mos_ovr
p103_emo_pain_sentences,WF_p103_emo_pain_sentences_fold10_167750-4-2-0_SNR0dB.wav,16000,1.065474271774292,0.27140793204307556,0.4735700786113739,2.493683397769928,3.9053175426456894,1.7819881270019398,1.978240608179024
