clean_file,enhanced_file,sampling_rate,PESQ,SI_SDR,STOI,DNSMOS_p808_mos,DNSMOS_mos_sig,DNSMOS_mos_bak,DNSMOS_mos_ovr
p104_emo_relief_freeform,WF_p104_emo_relief_freeform_fold10_195063-4-1-0_SNR0dB.wav,16000,1.088249683380127,0.47927868366241455,0.7301494479179382,2.409081776936849,4.1923138109441584,1.5518359468875313,1.9613921026558128
