clean_file,enhanced_file,sampling_rate,PESQ,SI_SDR,STOI,DNSMOS_p808_mos,DNSMOS_mos_sig,DNSMOS_mos_bak,DNSMOS_mos_ovr
p106_emo_sadness_sentences,WF_p106_emo_sadness_sentences_fold10_99192-4-0-17_SNR0dB.wav,16000,1.101921558380127,1.0622622966766357,0.614710807800293,2.2554882367451987,3.5346520921693556,1.7931945192469254,1.8950494405576597
