clean_file,enhanced_file,sampling_rate,PESQ,SI_SDR,STOI,DNSMOS_p808_mos,DNSMOS_mos_sig,DNSMOS_mos_bak,DNSMOS_mos_ovr
p103_rainbow_03_highpitch,WF_p103_rainbow_03_highpitch_fold10_178261-7-3-5_SNR0dB.wav,16000,1.0621778964996338,5.649422645568848,0.5771970748901367,2.116099754969279,2.6086703462307823,1.8745615271720626,1.6666534541918567
