clean_file,enhanced_file,sampling_rate,PESQ,SI_SDR,STOI,DNSMOS_p808_mos,DNSMOS_mos_sig,DNSMOS_mos_bak,DNSMOS_mos_ovr
p102_rainbow_04_highpitch,WF_p102_rainbow_04_highpitch_fold10_162134-7-11-0_SNR0dB.wav,16000,1.028861403465271,1.7033969163894653,0.5790247321128845,2.16344420115153,3.156040604569908,1.322799439496001,1.381220455509488
