clean_file,enhanced_file,sampling_rate,PESQ,SI_SDR,STOI,DNSMOS_p808_mos,DNSMOS_mos_sig,DNSMOS_mos_bak,DNSMOS_mos_ovr
p105_rainbow_05_whisper,WF_p105_rainbow_05_whisper_fold10_74364-8-1-27_SNR0dB.wav,16000,1.0507875680923462,-1.2765096426010132,0.6685358285903931,2.6436147689819336,3.0812684929589205,2.234736335115424,2.1844414994403603
