clean_file,enhanced_file,sampling_rate,PESQ,SI_SDR,STOI,DNSMOS_p808_mos,DNSMOS_mos_sig,DNSMOS_mos_bak,DNSMOS_mos_ovr
p103_emo_cuteness_sentences,WF_p103_emo_cuteness_sentences_fold10_167464-0-0-13_SNR0dB.wav,16000,1.2272603511810303,4.632572174072266,0.5484896898269653,2.9654695987701416,2.7311527407553435,2.421849228961459,2.0705355623973265
