clean_file,enhanced_file,sampling_rate,PESQ,SI_SDR,STOI,DNSMOS_p808_mos,DNSMOS_mos_sig,DNSMOS_mos_bak,DNSMOS_mos_ovr
p104_rainbow_06_lowpitch,WF_p104_rainbow_06_lowpitch_fold10_207213-2-0-81_SNR0dB.wav,16000,1.0850390195846558,0.47659531235694885,0.6519820094108582,2.4992549419403076,2.844822188374225,2.1352570972102582,1.946765274524708
