clean_file,enhanced_file,sampling_rate,PESQ,SI_SDR,STOI,DNSMOS_p808_mos,DNSMOS_mos_sig,DNSMOS_mos_bak,DNSMOS_mos_ovr
p102_rainbow_08_highpitch,WF_p102_rainbow_08_highpitch_fold10_162134-7-17-0_SNR0dB.wav,16000,1.0280609130859375,2.255099058151245,0.6316952705383301,2.1643289157322476,2.9834267030008883,1.443002349408094,1.6486831125930255
