clean_file,enhanced_file,sampling_rate,PESQ,SI_SDR,STOI,DNSMOS_p808_mos,DNSMOS_mos_sig,DNSMOS_mos_bak,DNSMOS_mos_ovr
p106_emo_fear_freeform,WF_p106_emo_fear_freeform_fold10_93567-8-0-16_SNR0dB.wav,16000,1.1737877130508423,2.731017589569092,0.5920677185058594,2.8519402503967286,3.9536405040869544,2.2787067564531354,2.6529843209378017
