clean_file,enhanced_file,sampling_rate,PESQ,SI_SDR,STOI,DNSMOS_p808_mos,DNSMOS_mos_sig,DNSMOS_mos_bak,DNSMOS_mos_ovr
p101_sentences_02_whisper,WF_p101_sentences_02_whisper_fold10_136558-9-1-39_SNR0dB.wav,16000,1.0877721309661865,-1.3874996900558472,0.4421232044696808,2.2039042949676513,1.5369525003825548,2.056685150129269,1.3386936105386067
