clean_file,enhanced_file,sampling_rate,PESQ,SI_SDR,STOI,DNSMOS_p808_mos,DNSMOS_mos_sig,DNSMOS_mos_bak,DNSMOS_mos_ovr
p103_sentences_08_slow,WF_p103_sentences_08_slow_fold10_187863-4-0-3_SNR0dB.wav,16000,1.1124796867370605,0.044231075793504715,0.6001255512237549,2.364612117409706,3.988322901743227,1.8001430966202072,2.1600919036296395
