clean_file,enhanced_file,sampling_rate,PESQ,SI_SDR,STOI,DNSMOS_p808_mos,DNSMOS_mos_sig,DNSMOS_mos_bak,DNSMOS_mos_ovr
p103_rainbow_06_regular,WF_p103_rainbow_06_regular_fold10_180127-4-0-18_SNR0dB.wav,16000,1.1493734121322632,5.5023040771484375,0.7383016347885132,2.753947639465332,1.955628694540359,2.452664451764995,1.4596473711351887
