clean_file,enhanced_file,sampling_rate,PESQ,SI_SDR,STOI,DNSMOS_p808_mos,DNSMOS_mos_sig,DNSMOS_mos_bak,DNSMOS_mos_ovr
p101_rainbow_08_loud,WF_p101_rainbow_08_loud_fold10_128240-3-0-42_SNR0dB.wav,16000,1.1997188329696655,-0.06948438286781311,0.7674516439437866,3.1018487215042114,3.9996925462956945,1.525227439160858,1.9598924193202876
