clean_file,enhanced_file,sampling_rate,PESQ,SI_SDR,STOI,DNSMOS_p808_mos,DNSMOS_mos_sig,DNSMOS_mos_bak,DNSMOS_mos_ovr
p104_emo_guilt_freeform,WF_p104_emo_guilt_freeform_fold10_189982-0-0-44_SNR0dB.wav,16000,1.15176522731781,4.2393717765808105,0.7119934558868408,2.732952654361725,3.233213846963586,2.312802840665915,2.1717088974468934
