clean_file,enhanced_file,sampling_rate,PESQ,SI_SDR,STOI,DNSMOS_p808_mos,DNSMOS_mos_sig,DNSMOS_mos_bak,DNSMOS_mos_ovr
p101_rainbow_07_whisper,WF_p101_rainbow_07_whisper_fold10_128240-3-0-1_SNR0dB.wav,16000,1.2284719944000244,-1.3607383966445923,0.7507702112197876,2.7158708572387695,3.650900821832331,1.8858291619443375,2.1461482192639183
