clean_file,enhanced_file,sampling_rate,PESQ,SI_SDR,STOI,DNSMOS_p808_mos,DNSMOS_mos_sig,DNSMOS_mos_bak,DNSMOS_mos_ovr
p103_sentences_05_loud,WF_p103_sentences_05_loud_fold10_187863-4-0-0_SNR0dB.wav,16000,1.0958303213119507,0.9860148429870605,0.6643459796905518,2.2737863063812256,3.1683239001536547,1.7824591090941837,1.8132859696815935
