clean_file,enhanced_file,sampling_rate,PESQ,SI_SDR,STOI,DNSMOS_p808_mos,DNSMOS_mos_sig,DNSMOS_mos_bak,DNSMOS_mos_ovr
p103_sentences_07_slow,WF_p103_sentences_07_slow_fold10_187863-4-0-2_SNR0dB.wav,16000,1.1129058599472046,0.08668020367622375,0.6367811560630798,2.4137587785720824,3.705451843610036,1.636395946740712,1.911885552452159
