clean_file,enhanced_file,sampling_rate,PESQ,SI_SDR,STOI,DNSMOS_p808_mos,DNSMOS_mos_sig,DNSMOS_mos_bak,DNSMOS_mos_ovr
p102_sentences_15_regular,WF_p102_sentences_15_regular_fold10_164194-2-0-26_SNR0dB.wav,16000,1.1725149154663086,0.7166396975517273,0.5824891924858093,2.4413825273513794,2.7959556979286586,1.736269335297767,1.699152162860801
