clean_file,enhanced_file,sampling_rate,PESQ,SI_SDR,STOI,DNSMOS_p808_mos,DNSMOS_mos_sig,DNSMOS_mos_bak,DNSMOS_mos_ovr
p103_rainbow_03_slow,WF_p103_rainbow_03_slow_fold10_178826-2-0-12_SNR0dB.wav,16000,1.1784292459487915,2.6366934776306152,0.6057687401771545,2.412418857216835,3.5675262896505453,1.9043049515959383,2.209173980141669
