clean_file,enhanced_file,sampling_rate,PESQ,SI_SDR,STOI,DNSMOS_p808_mos,DNSMOS_mos_sig,DNSMOS_mos_bak,DNSMOS_mos_ovr
p103_emo_adoration_sentences,WF_p103_emo_adoration_sentences_fold10_165166-8-0-5_SNR0dB.wav,16000,1.2735717296600342,-0.13540785014629364,0.6015598177909851,2.4036410876682828,4.117844715175151,2.0398979914510447,2.483973651846668
