clean_file,enhanced_file,sampling_rate,PESQ,SI_SDR,STOI,DNSMOS_p808_mos,DNSMOS_mos_sig,DNSMOS_mos_bak,DNSMOS_mos_ovr
p102_emo_serenity_sentences,WF_p102_emo_serenity_sentences_fold10_157207-6-1-0_SNR0dB.wav,16000,1.7747268676757812,0.07505331188440323,0.6880209445953369,3.422664260864258,4.147654598145952,2.491298427225955,2.842676411611549
