clean_file,enhanced_file,sampling_rate,PESQ,SI_SDR,STOI,DNSMOS_p808_mos,DNSMOS_mos_sig,DNSMOS_mos_bak,DNSMOS_mos_ovr
p102_emo_confusion_sentences,WF_p102_emo_confusion_sentences_fold10_155262-2-0-15_SNR0dB.wav,16000,1.2192959785461426,4.708746433258057,0.6773717403411865,2.4155067205429077,1.6941117581321383,1.8725742362188604,1.243013473814014
