clean_file,enhanced_file,sampling_rate,PESQ,SI_SDR,STOI,DNSMOS_p808_mos,DNSMOS_mos_sig,DNSMOS_mos_bak,DNSMOS_mos_ovr
p102_emo_embarassment_sentences,WF_p102_emo_embarassment_sentences_fold10_155311-3-0-0_SNR0dB.wav,16000,1.2531709671020508,-0.06028660386800766,0.7116070985794067,3.4918386936187744,3.924487981098066,1.8276549970550644,2.1967526328780544
