clean_file,enhanced_file,sampling_rate,PESQ,SI_SDR,STOI,DNSMOS_p808_mos,DNSMOS_mos_sig,DNSMOS_mos_bak,DNSMOS_mos_ovr
p102_rainbow_04_loud,WF_p102_rainbow_04_loud_fold10_162134-7-11-1_SNR0dB.wav,16000,1.0420355796813965,1.1554979085922241,0.683699905872345,2.1157167752583823,3.648615887309141,1.3416041448076144,1.622666633356867
