clean_file,enhanced_file,sampling_rate,PESQ,SI_SDR,STOI,DNSMOS_p808_mos,DNSMOS_mos_sig,DNSMOS_mos_bak,DNSMOS_mos_ovr
p104_rainbow_01_lowpitch,WF_p104_rainbow_01_lowpitch_fold10_199261-3-0-4_SNR0dB.wav,16000,1.6690902709960938,-0.32395440340042114,0.8395140767097473,3.869470477104187,4.25305534658394,3.0536875271933033,3.1756795782517786
