clean_file,enhanced_file,sampling_rate,PESQ,SI_SDR,STOI,DNSMOS_p808_mos,DNSMOS_mos_sig,DNSMOS_mos_bak,DNSMOS_mos_ovr
p102_rainbow_03_regular,WF_p102_rainbow_03_regular_fold10_162134-7-10-0_SNR0dB.wav,16000,1.0481858253479004,0.9393572211265564,0.6028488278388977,2.2801828384399414,3.8137119891543647,1.496182747593242,1.743308838217341
