clean_file,enhanced_file,sampling_rate,PESQ,SI_SDR,STOI,DNSMOS_p808_mos,DNSMOS_mos_sig,DNSMOS_mos_bak,DNSMOS_mos_ovr
p102_sentences_02_regular,WF_p102_sentences_02_regular_fold10_162134-7-8-5_SNR0dB.wav,16000,1.0538272857666016,1.7322418689727783,0.608331024646759,2.4221307277679442,3.141459644387026,1.5031316733572746,1.636182134670232
