clean_file,enhanced_file,sampling_rate,PESQ,SI_SDR,STOI,DNSMOS_p808_mos,DNSMOS_mos_sig,DNSMOS_mos_bak,DNSMOS_mos_ovr
p106_emo_anger_sentences,WF_p106_emo_anger_sentences_fold10_85574-3-0-0_SNR0dB.wav,16000,1.1298385858535767,0.12961798906326294,0.7917652726173401,2.801743268966675,4.225358971241911,2.053704489573663,2.553615844232123
