clean_file,enhanced_file,sampling_rate,PESQ,SI_SDR,STOI,DNSMOS_p808_mos,DNSMOS_mos_sig,DNSMOS_mos_bak,DNSMOS_mos_ovr
p104_emo_guilt_sentences,WF_p104_emo_guilt_sentences_fold10_189982-0-0-45_SNR0dB.wav,16000,1.1736828088760376,4.944314002990723,0.648765504360199,2.6453697681427,2.39840889345246,2.406096681095807,1.7098358690372906
