clean_file,enhanced_file,sampling_rate,PESQ,SI_SDR,STOI,DNSMOS_p808_mos,DNSMOS_mos_sig,DNSMOS_mos_bak,DNSMOS_mos_ovr
p104_rainbow_03_slow,WF_p104_rainbow_03_slow_fold10_202334-9-0-137_SNR0dB.wav,16000,1.0565602779388428,0.07090777158737183,0.6201053261756897,2.6420743465423584,3.2510785277369356,2.122316858144924,2.112247970344519
