clean_file,enhanced_file,sampling_rate,PESQ,SI_SDR,STOI,DNSMOS_p808_mos,DNSMOS_mos_sig,DNSMOS_mos_bak,DNSMOS_mos_ovr
p104_rainbow_06_regular,WF_p104_rainbow_06_regular_fold10_207213-2-0-85_SNR0dB.wav,16000,1.1203311681747437,0.021895496174693108,0.7061188220977783,2.6404048601786294,3.3999583930157544,1.7111655145595341,1.896075652398358
