clean_file,enhanced_file,sampling_rate,PESQ,SI_SDR,STOI,DNSMOS_p808_mos,DNSMOS_mos_sig,DNSMOS_mos_bak,DNSMOS_mos_ovr
p102_rainbow_07_highpitch,WF_p102_rainbow_07_highpitch_fold10_162134-7-15-0_SNR0dB.wav,16000,1.0315628051757812,2.5449986457824707,0.6100095510482788,2.129793326059977,2.4577448186667437,1.2809132044628386,1.2818444028804181
