clean_file,enhanced_file,sampling_rate,PESQ,SI_SDR,STOI,DNSMOS_p808_mos,DNSMOS_mos_sig,DNSMOS_mos_bak,DNSMOS_mos_ovr
p102_sentences_02_loud,WF_p102_sentences_02_loud_fold10_162134-7-8-3_SNR0dB.wav,16000,1.0512607097625732,2.9399571418762207,0.6687816381454468,2.11551696062088,3.602950572317778,1.5701638721795732,1.8384874573668162
