clean_file,enhanced_file,sampling_rate,PESQ,SI_SDR,STOI,DNSMOS_p808_mos,DNSMOS_mos_sig,DNSMOS_mos_bak,DNSMOS_mos_ovr
p103_rainbow_08_regular,WF_p103_rainbow_08_regular_fold10_181624-4-1-0_SNR0dB.wav,16000,1.0705807209014893,4.033198356628418,0.7949290871620178,2.309446777616228,4.222926920133685,1.8683730772357154,2.508317680849291
