clean_file,enhanced_file,sampling_rate,PESQ,SI_SDR,STOI,DNSMOS_p808_mos,DNSMOS_mos_sig,DNSMOS_mos_bak,DNSMOS_mos_ovr
p102_emo_disappointment_sentences,WF_p102_emo_disappointment_sentences_fold10_155280-2-0-13_SNR0dB.wav,16000,1.3611356019973755,1.6259862184524536,0.615079402923584,3.05855655670166,2.5307938788256004,2.049154152010094,1.6923466638700684
