clean_file,enhanced_file,sampling_rate,PESQ,SI_SDR,STOI,DNSMOS_p808_mos,DNSMOS_mos_sig,DNSMOS_mos_bak,DNSMOS_mos_ovr
p104_sentences_01_regular,WF_p104_sentences_01_regular_fold10_26255-3-8-0_SNR0dB.wav,16000,1.1432207822799683,5.980130195617676,0.5961562991142273,2.685704060963222,3.9964899934672777,2.018289492855778,2.4496624168476973
