clean_file,enhanced_file,sampling_rate,PESQ,SI_SDR,STOI,DNSMOS_p808_mos,DNSMOS_mos_sig,DNSMOS_mos_bak,DNSMOS_mos_ovr
p101_emo_guilt_freeform,WF_p101_emo_guilt_freeform_fold10_102857-5-0-17_SNR0dB.wav,16000,1.3483976125717163,8.106141090393066,0.8154841065406799,2.638410210609436,3.5376579038801053,2.4576391961434987,2.505236211684
