clean_file,enhanced_file,sampling_rate,PESQ,SI_SDR,STOI,DNSMOS_p808_mos,DNSMOS_mos_sig,DNSMOS_mos_bak,DNSMOS_mos_ovr
p105_vegetative_eating,WF_p105_vegetative_eating_fold10_83502-0-0-5_SNR0dB.wav,16000,1.0169854164123535,-0.6674071550369263,0.3287929594516754,2.351266622543335,1.95524427172711,2.3119586092773794,1.254629765566273
