clean_file,enhanced_file,sampling_rate,PESQ,SI_SDR,STOI,DNSMOS_p808_mos,DNSMOS_mos_sig,DNSMOS_mos_bak,DNSMOS_mos_ovr
p105_sentences_13_lowpitch,WF_p105_sentences_13_lowpitch_fold10_83195-9-0-2_SNR0dB.wav,16000,1.156294584274292,1.4035714864730835,0.5090508460998535,2.309666463306972,2.318169060108047,1.8320541913494173,1.595579507527799
