clean_file,enhanced_file,sampling_rate,PESQ,SI_SDR,STOI,DNSMOS_p808_mos,DNSMOS_mos_sig,DNSMOS_mos_bak,DNSMOS_mos_ovr
p103_emo_fear_freeform,WF_p103_emo_fear_freeform_fold10_167464-0-0-3_SNR0dB.wav,16000,1.134843349456787,4.4248046875,0.5947356820106506,2.549079316002982,1.9308460260952252,2.1958479171988485,1.512076176385554
