clean_file,enhanced_file,sampling_rate,PESQ,SI_SDR,STOI,DNSMOS_p808_mos,DNSMOS_mos_sig,DNSMOS_mos_bak,DNSMOS_mos_ovr
p101_rainbow_04_whisper,WF_p101_rainbow_04_whisper_fold10_118278-4-0-2_SNR0dB.wav,16000,1.0396684408187866,1.103978157043457,0.6204437613487244,2.30342435836792,2.999506987785055,2.6799038738883807,2.3712984153585004
