clean_file,enhanced_file,sampling_rate,PESQ,SI_SDR,STOI,DNSMOS_p808_mos,DNSMOS_mos_sig,DNSMOS_mos_bak,DNSMOS_mos_ovr
p104_sentences_14_lowpitch,WF_p104_sentences_14_lowpitch_fold10_28808-1-0-9_SNR0dB.wav,16000,1.1561946868896484,-0.07049429416656494,0.6907747983932495,2.8731142044067384,3.978471890764319,1.9106800850928614,2.3342164536193986
