clean_file,enhanced_file,sampling_rate,PESQ,SI_SDR,STOI,DNSMOS_p808_mos,DNSMOS_mos_sig,DNSMOS_mos_bak,DNSMOS_mos_ovr
p102_interjection_anger,WF_p102_interjection_anger_fold10_157207-6-2-0_SNR0dB.wav,16000,1.2427431344985962,0.8698468804359436,0.7458621859550476,3.185980955759684,3.924059018112112,1.6421745455567616,2.06081122234018
