clean_file,enhanced_file,sampling_rate,PESQ,SI_SDR,STOI,DNSMOS_p808_mos,DNSMOS_mos_sig,DNSMOS_mos_bak,DNSMOS_mos_ovr
p106_interjection_congratulations,WF_p106_interjection_congratulations_fold10_99192-4-0-27_SNR0dB.wav,16000,1.052913784980774,0.25627246499061584,0.5267218351364136,2.368417194911412,3.81049697723794,1.6251482975958904,2.133025542662559
