clean_file,enhanced_file,sampling_rate,PESQ,SI_SDR,STOI,DNSMOS_p808_mos,DNSMOS_mos_sig,DNSMOS_mos_bak,DNSMOS_mos_ovr
p105_melodic_happy_birthday,WF_p105_melodic_happy_birthday_fold10_73524-0-0-126_SNR0dB.wav,16000,1.1769930124282837,2.331958293914795,0.6026050448417664,2.3251192569732666,2.467096080870173,2.1667266391378135,1.7240701228807875
