clean_file,enhanced_file,sampling_rate,PESQ,SI_SDR,STOI,DNSMOS_p808_mos,DNSMOS_mos_sig,DNSMOS_mos_bak,DNSMOS_mos_ovr
p105_rainbow_03_whisper,WF_p105_rainbow_03_whisper_fold10_74364-8-1-14_SNR0dB.wav,16000,1.1049309968948364,-2.268561840057373,0.6011031866073608,2.6330078669956754,3.3742338757049635,2.345930173614171,2.4524449712914054
