clean_file,enhanced_file,sampling_rate,PESQ,SI_SDR,STOI,DNSMOS_p808_mos,DNSMOS_mos_sig,DNSMOS_mos_bak,DNSMOS_mos_ovr
p102_emo_relief_freeform,WF_p102_emo_relief_freeform_fold10_15544-5-0-6_SNR0dB.wav,16000,1.2399194240570068,6.238255977630615,0.7596125602722168,2.479533036549886,3.429025237924779,2.1248532960841713,2.253789181408421
