clean_file,enhanced_file,sampling_rate,PESQ,SI_SDR,STOI,DNSMOS_p808_mos,DNSMOS_mos_sig,DNSMOS_mos_bak,DNSMOS_mos_ovr
p105_interjection_congratulations,WF_p105_interjection_congratulations_fold10_73524-0-0-105_SNR0dB.wav,16000,1.4779605865478516,6.404496192932129,0.5836692452430725,2.373708827154977,2.7543376041396423,2.056954158282537,1.8806799206800966
