clean_file,enhanced_file,sampling_rate,PESQ,SI_SDR,STOI,DNSMOS_p808_mos,DNSMOS_mos_sig,DNSMOS_mos_bak,DNSMOS_mos_ovr
p104_rainbow_06_loud,WF_p104_rainbow_06_loud_fold10_207213-2-0-73_SNR0dB.wav,16000,1.1285595893859863,0.11109624803066254,0.7043928503990173,2.4214142163594565,2.360116832499166,1.874840708462455,1.5265284935521983
