clean_file,enhanced_file,sampling_rate,PESQ,SI_SDR,STOI,DNSMOS_p808_mos,DNSMOS_mos_sig,DNSMOS_mos_bak,DNSMOS_mos_ovr
p104_interjection_agreement,WF_p104_interjection_agreement_fold10_196127-3-0-0_SNR0dB.wav,16000,1.4677672386169434,0.10500496625900269,0.6735469698905945,2.8093841473261514,3.515937391225666,1.8411139759790418,1.9803165530540523
