{
  "test_mse": 4.215465152679775,
  "test_mae": 1.6803219810021475,
  "test_rel_err": -34.381689776826505
}