{
  "test_mse": 0.32847382256541036,
  "test_mae": 0.4425259510910343,
  "test_rel_err": 152.67874849208508
}